year_month,day_type,hour,transport_type,station_code,tap_in_volume,tap_out_volume,total_volume,hour_label
2026-08-01,weekday,0,TRAIN,BP10,0,1,1,00:00
2026-08-01,weekday,5,TRAIN,BP10,3330,280,3610,05:00
2026-08-01,weekday,6,TRAIN,BP10,9360,1317,10677,06:00
2026-08-01,weekday,7,TRAIN,BP10,12126,3175,15301,07:00
2026-08-01,weekday,8,TRAIN,BP10,7720,2260,9980,08:00
2026-08-01,weekday,9,TRAIN,BP10,4358,1996,6354,09:00
2026-08-01,weekday,10,TRAIN,BP10,3210,1936,5146,10:00
2026-08-01,weekday,11,TRAIN,BP10,3128,2116,5244,11:00
2026-08-01,weekday,12,TRAIN,BP10,3276,2643,5919,12:00
2026-08-01,weekday,13,TRAIN,BP10,3015,3204,6219,13:00
2026-08-01,weekday,14,TRAIN,BP10,2475,3521,5996,14:00
2026-08-01,weekday,15,TRAIN,BP10,2172,3647,5819,15:00
2026-08-01,weekday,16,TRAIN,BP10,2582,4344,6926,16:00
2026-08-01,weekday,17,TRAIN,BP10,3453,6144,9597,17:00
2026-08-01,weekday,18,TRAIN,BP10,3438,10045,13483,18:00
2026-08-01,weekday,19,TRAIN,BP10,2041,8330,10371,19:00
2026-08-01,weekday,20,TRAIN,BP10,1298,4925,6223,20:00
2026-08-01,weekday,21,TRAIN,BP10,955,4007,4962,21:00
2026-08-01,weekday,22,TRAIN,BP10,610,3007,3617,22:00
2026-08-01,weekday,23,TRAIN,BP10,239,1225,1464,23:00
2026-08-01,weekends/holiday,5,TRAIN,BP10,774,127,901,05:00
2026-08-01,weekends/holiday,6,TRAIN,BP10,1264,297,1561,06:00
2026-08-01,weekends/holiday,7,TRAIN,BP10,1661,690,2351,07:00
2026-08-01,weekends/holiday,8,TRAIN,BP10,2119,1165,3284,08:00
2026-08-01,weekends/holiday,9,TRAIN,BP10,2267,1358,3625,09:00
2026-08-01,weekends/holiday,10,TRAIN,BP10,2114,1410,3524,10:00
2026-08-01,weekends/holiday,11,TRAIN,BP10,2212,1488,3700,11:00
2026-08-01,weekends/holiday,12,TRAIN,BP10,2253,1726,3979,12:00
2026-08-01,weekends/holiday,13,TRAIN,BP10,1767,1897,3664,13:00
2026-08-01,weekends/holiday,14,TRAIN,BP10,1763,1864,3627,14:00
2026-08-01,weekends/holiday,15,TRAIN,BP10,1546,1747,3293,15:00
2026-08-01,weekends/holiday,16,TRAIN,BP10,1526,1752,3278,16:00
2026-08-01,weekends/holiday,17,TRAIN,BP10,1700,1912,3612,17:00
2026-08-01,weekends/holiday,18,TRAIN,BP10,1569,2320,3889,18:00
2026-08-01,weekends/holiday,19,TRAIN,BP10,1105,2272,3377,19:00
2026-08-01,weekends/holiday,20,TRAIN,BP10,811,2061,2872,20:00
2026-08-01,weekends/holiday,21,TRAIN,BP10,576,1816,2392,21:00
2026-08-01,weekends/holiday,22,TRAIN,BP10,353,1634,1987,22:00
2026-08-01,weekends/holiday,23,TRAIN,BP10,146,712,858,23:00
2026-08-01,weekday,5,TRAIN,BP11,4047,273,4320,05:00
2026-08-01,weekday,6,TRAIN,BP11,12220,1022,13242,06:00
2026-08-01,weekday,7,TRAIN,BP11,18842,2203,21045,07:00
2026-08-01,weekday,8,TRAIN,BP11,10480,1749,12229,08:00
2026-08-01,weekday,9,TRAIN,BP11,5124,1735,6859,09:00
2026-08-01,weekday,10,TRAIN,BP11,3425,1311,4736,10:00
2026-08-01,weekday,11,TRAIN,BP11,3000,1885,4885,11:00
2026-08-01,weekday,12,TRAIN,BP11,3310,2187,5497,12:00
2026-08-01,weekday,13,TRAIN,BP11,3074,2913,5987,13:00
2026-08-01,weekday,14,TRAIN,BP11,2645,3015,5660,14:00
2026-08-01,weekday,15,TRAIN,BP11,2163,3687,5850,15:00
2026-08-01,weekday,16,TRAIN,BP11,2822,4251,7073,16:00
2026-08-01,weekday,17,TRAIN,BP11,3381,6230,9611,17:00
2026-08-01,weekday,18,TRAIN,BP11,3338,10869,14207,18:00
2026-08-01,weekday,19,TRAIN,BP11,2095,10186,12281,19:00
2026-08-01,weekday,20,TRAIN,BP11,1215,5275,6490,20:00
2026-08-01,weekday,21,TRAIN,BP11,1063,4251,5314,21:00
2026-08-01,weekday,22,TRAIN,BP11,632,3290,3922,22:00
2026-08-01,weekday,23,TRAIN,BP11,109,1239,1348,23:00
2026-08-01,weekends/holiday,5,TRAIN,BP11,938,62,1000,05:00
2026-08-01,weekends/holiday,6,TRAIN,BP11,1266,168,1434,06:00
2026-08-01,weekends/holiday,7,TRAIN,BP11,1828,440,2268,07:00
2026-08-01,weekends/holiday,8,TRAIN,BP11,2711,920,3631,08:00
2026-08-01,weekends/holiday,9,TRAIN,BP11,2909,1024,3933,09:00
2026-08-01,weekends/holiday,10,TRAIN,BP11,2783,1043,3826,10:00
2026-08-01,weekends/holiday,11,TRAIN,BP11,2624,1337,3961,11:00
2026-08-01,weekends/holiday,12,TRAIN,BP11,2541,1693,4234,12:00
2026-08-01,weekends/holiday,13,TRAIN,BP11,2304,1868,4172,13:00
2026-08-01,weekends/holiday,14,TRAIN,BP11,1924,1739,3663,14:00
2026-08-01,weekends/holiday,15,TRAIN,BP11,1832,1715,3547,15:00
2026-08-01,weekends/holiday,16,TRAIN,BP11,1749,1878,3627,16:00
2026-08-01,weekends/holiday,17,TRAIN,BP11,1929,1973,3902,17:00
2026-08-01,weekends/holiday,18,TRAIN,BP11,1683,2335,4018,18:00
2026-08-01,weekends/holiday,19,TRAIN,BP11,1125,2427,3552,19:00
2026-08-01,weekends/holiday,20,TRAIN,BP11,802,2295,3097,20:00
2026-08-01,weekends/holiday,21,TRAIN,BP11,639,2114,2753,21:00
2026-08-01,weekends/holiday,22,TRAIN,BP11,337,1818,2155,22:00
2026-08-01,weekends/holiday,23,TRAIN,BP11,89,774,863,23:00
2026-08-01,weekday,0,TRAIN,BP12,0,2,2,00:00
2026-08-01,weekday,5,TRAIN,BP12,2903,160,3063,05:00
2026-08-01,weekday,6,TRAIN,BP12,8497,1963,10460,06:00
2026-08-01,weekday,7,TRAIN,BP12,12413,8985,21398,07:00
2026-08-01,weekday,8,TRAIN,BP12,8305,3141,11446,08:00
2026-08-01,weekday,9,TRAIN,BP12,4371,1382,5753,09:00
2026-08-01,weekday,10,TRAIN,BP12,3297,1172,4469,10:00
2026-08-01,weekday,11,TRAIN,BP12,2694,1432,4126,11:00
2026-08-01,weekday,12,TRAIN,BP12,3770,1646,5416,12:00
2026-08-01,weekday,13,TRAIN,BP12,4202,2234,6436,13:00
2026-08-01,weekday,14,TRAIN,BP12,4256,2473,6729,14:00
2026-08-01,weekday,15,TRAIN,BP12,3131,2455,5586,15:00
2026-08-01,weekday,16,TRAIN,BP12,3187,2722,5909,16:00
2026-08-01,weekday,17,TRAIN,BP12,3932,4281,8213,17:00
2026-08-01,weekday,18,TRAIN,BP12,3605,7737,11342,18:00
2026-08-01,weekday,19,TRAIN,BP12,1897,6456,8353,19:00
2026-08-01,weekday,20,TRAIN,BP12,991,3415,4406,20:00
2026-08-01,weekday,21,TRAIN,BP12,938,3224,4162,21:00
2026-08-01,weekday,22,TRAIN,BP12,416,2390,2806,22:00
2026-08-01,weekday,23,TRAIN,BP12,94,888,982,23:00
2026-08-01,weekends/holiday,5,TRAIN,BP12,710,57,767,05:00
2026-08-01,weekends/holiday,6,TRAIN,BP12,1238,138,1376,06:00
2026-08-01,weekends/holiday,7,TRAIN,BP12,1408,446,1854,07:00
2026-08-01,weekends/holiday,8,TRAIN,BP12,2133,702,2835,08:00
2026-08-01,weekends/holiday,9,TRAIN,BP12,1937,801,2738,09:00
2026-08-01,weekends/holiday,10,TRAIN,BP12,1880,789,2669,10:00
2026-08-01,weekends/holiday,11,TRAIN,BP12,1908,1003,2911,11:00
2026-08-01,weekends/holiday,12,TRAIN,BP12,1781,1203,2984,12:00
2026-08-01,weekends/holiday,13,TRAIN,BP12,1537,1146,2683,13:00
2026-08-01,weekends/holiday,14,TRAIN,BP12,1299,1339,2638,14:00
2026-08-01,weekends/holiday,15,TRAIN,BP12,1305,1274,2579,15:00
2026-08-01,weekends/holiday,16,TRAIN,BP12,1432,1105,2537,16:00
2026-08-01,weekends/holiday,17,TRAIN,BP12,1414,1316,2730,17:00
2026-08-01,weekends/holiday,18,TRAIN,BP12,1240,1615,2855,18:00
2026-08-01,weekends/holiday,19,TRAIN,BP12,919,1383,2302,19:00
2026-08-01,weekends/holiday,20,TRAIN,BP12,583,1471,2054,20:00
2026-08-01,weekends/holiday,21,TRAIN,BP12,441,1465,1906,21:00
2026-08-01,weekends/holiday,22,TRAIN,BP12,276,1168,1444,22:00
2026-08-01,weekends/holiday,23,TRAIN,BP12,64,493,557,23:00
2026-08-01,weekday,5,TRAIN,BP13,1342,161,1503,05:00
2026-08-01,weekday,6,TRAIN,BP13,3893,421,4314,06:00
2026-08-01,weekday,7,TRAIN,BP13,4349,1257,5606,07:00
2026-08-01,weekday,8,TRAIN,BP13,2934,760,3694,08:00
2026-08-01,weekday,9,TRAIN,BP13,1918,695,2613,09:00
2026-08-01,weekday,10,TRAIN,BP13,1494,733,2227,10:00
2026-08-01,weekday,11,TRAIN,BP13,1391,849,2240,11:00
2026-08-01,weekday,12,TRAIN,BP13,1311,985,2296,12:00
2026-08-01,weekday,13,TRAIN,BP13,1339,1259,2598,13:00
2026-08-01,weekday,14,TRAIN,BP13,1009,1339,2348,14:00
2026-08-01,weekday,15,TRAIN,BP13,967,1227,2194,15:00
2026-08-01,weekday,16,TRAIN,BP13,1225,1340,2565,16:00
2026-08-01,weekday,17,TRAIN,BP13,1264,1850,3114,17:00
2026-08-01,weekday,18,TRAIN,BP13,1175,3196,4371,18:00
2026-08-01,weekday,19,TRAIN,BP13,811,2613,3424,19:00
2026-08-01,weekday,20,TRAIN,BP13,429,1589,2018,20:00
2026-08-01,weekday,21,TRAIN,BP13,416,1350,1766,21:00
2026-08-01,weekday,22,TRAIN,BP13,152,1028,1180,22:00
2026-08-01,weekday,23,TRAIN,BP13,37,306,343,23:00
2026-08-01,weekends/holiday,5,TRAIN,BP13,353,24,377,05:00
2026-08-01,weekends/holiday,6,TRAIN,BP13,514,127,641,06:00
2026-08-01,weekends/holiday,7,TRAIN,BP13,689,204,893,07:00
2026-08-01,weekends/holiday,8,TRAIN,BP13,948,340,1288,08:00
2026-08-01,weekends/holiday,9,TRAIN,BP13,1076,589,1665,09:00
2026-08-01,weekends/holiday,10,TRAIN,BP13,986,515,1501,10:00
2026-08-01,weekends/holiday,11,TRAIN,BP13,1048,599,1647,11:00
2026-08-01,weekends/holiday,12,TRAIN,BP13,756,615,1371,12:00
2026-08-01,weekends/holiday,13,TRAIN,BP13,776,625,1401,13:00
2026-08-01,weekends/holiday,14,TRAIN,BP13,578,708,1286,14:00
2026-08-01,weekends/holiday,15,TRAIN,BP13,674,608,1282,15:00
2026-08-01,weekends/holiday,16,TRAIN,BP13,696,641,1337,16:00
2026-08-01,weekends/holiday,17,TRAIN,BP13,717,667,1384,17:00
2026-08-01,weekends/holiday,18,TRAIN,BP13,584,695,1279,18:00
2026-08-01,weekends/holiday,19,TRAIN,BP13,439,646,1085,19:00
2026-08-01,weekends/holiday,20,TRAIN,BP13,308,657,965,20:00
2026-08-01,weekends/holiday,21,TRAIN,BP13,199,604,803,21:00
2026-08-01,weekends/holiday,22,TRAIN,BP13,105,576,681,22:00
2026-08-01,weekends/holiday,23,TRAIN,BP13,33,192,225,23:00
2026-08-01,weekday,5,TRAIN,BP2,2153,406,2559,05:00
2026-08-01,weekday,6,TRAIN,BP2,7465,1408,8873,06:00
2026-08-01,weekday,7,TRAIN,BP2,15761,2435,18196,07:00
2026-08-01,weekday,8,TRAIN,BP2,10825,1623,12448,08:00
2026-08-01,weekday,9,TRAIN,BP2,4767,1116,5883,09:00
2026-08-01,weekday,10,TRAIN,BP2,2947,992,3939,10:00
2026-08-01,weekday,11,TRAIN,BP2,2480,1135,3615,11:00
2026-08-01,weekday,12,TRAIN,BP2,2138,1532,3670,12:00
2026-08-01,weekday,13,TRAIN,BP2,3037,2151,5188,13:00
2026-08-01,weekday,14,TRAIN,BP2,1842,2409,4251,14:00
2026-08-01,weekday,15,TRAIN,BP2,1822,2677,4499,15:00
2026-08-01,weekday,16,TRAIN,BP2,2015,3090,5105,16:00
2026-08-01,weekday,17,TRAIN,BP2,2776,4343,7119,17:00
2026-08-01,weekday,18,TRAIN,BP2,3157,7826,10983,18:00
2026-08-01,weekday,19,TRAIN,BP2,1995,7325,9320,19:00
2026-08-01,weekday,20,TRAIN,BP2,1212,4412,5624,20:00
2026-08-01,weekday,21,TRAIN,BP2,863,3701,4564,21:00
2026-08-01,weekday,22,TRAIN,BP2,395,2932,3327,22:00
2026-08-01,weekday,23,TRAIN,BP2,98,845,943,23:00
2026-08-01,weekends/holiday,5,TRAIN,BP2,520,87,607,05:00
2026-08-01,weekends/holiday,6,TRAIN,BP2,1057,170,1227,06:00
2026-08-01,weekends/holiday,7,TRAIN,BP2,1712,323,2035,07:00
2026-08-01,weekends/holiday,8,TRAIN,BP2,2158,661,2819,08:00
2026-08-01,weekends/holiday,9,TRAIN,BP2,2072,825,2897,09:00
2026-08-01,weekends/holiday,10,TRAIN,BP2,2127,797,2924,10:00
2026-08-01,weekends/holiday,11,TRAIN,BP2,2126,1006,3132,11:00
2026-08-01,weekends/holiday,12,TRAIN,BP2,1932,1103,3035,12:00
2026-08-01,weekends/holiday,13,TRAIN,BP2,1554,1327,2881,13:00
2026-08-01,weekends/holiday,14,TRAIN,BP2,1514,1297,2811,14:00
2026-08-01,weekends/holiday,15,TRAIN,BP2,1431,1330,2761,15:00
2026-08-01,weekends/holiday,16,TRAIN,BP2,1487,1279,2766,16:00
2026-08-01,weekends/holiday,17,TRAIN,BP2,1483,1368,2851,17:00
2026-08-01,weekends/holiday,18,TRAIN,BP2,1401,1642,3043,18:00
2026-08-01,weekends/holiday,19,TRAIN,BP2,975,1729,2704,19:00
2026-08-01,weekends/holiday,20,TRAIN,BP2,662,1797,2459,20:00
2026-08-01,weekends/holiday,21,TRAIN,BP2,410,1903,2313,21:00
2026-08-01,weekends/holiday,22,TRAIN,BP2,269,1600,1869,22:00
2026-08-01,weekends/holiday,23,TRAIN,BP2,75,503,578,23:00
2026-08-01,weekday,5,TRAIN,BP3,2604,220,2824,05:00
2026-08-01,weekday,6,TRAIN,BP3,12559,1249,13808,06:00
2026-08-01,weekday,7,TRAIN,BP3,21088,2475,23563,07:00
2026-08-01,weekday,8,TRAIN,BP3,14164,2400,16564,08:00
2026-08-01,weekday,9,TRAIN,BP3,5668,1624,7292,09:00
2026-08-01,weekday,10,TRAIN,BP3,3819,1463,5282,10:00
2026-08-01,weekday,11,TRAIN,BP3,3763,2025,5788,11:00
2026-08-01,weekday,12,TRAIN,BP3,3548,2341,5889,12:00
2026-08-01,weekday,13,TRAIN,BP3,3033,3353,6386,13:00
2026-08-01,weekday,14,TRAIN,BP3,2900,3979,6879,14:00
2026-08-01,weekday,15,TRAIN,BP3,2647,4160,6807,15:00
2026-08-01,weekday,16,TRAIN,BP3,3134,4439,7573,16:00
2026-08-01,weekday,17,TRAIN,BP3,4461,7004,11465,17:00
2026-08-01,weekday,18,TRAIN,BP3,4371,13915,18286,18:00
2026-08-01,weekday,19,TRAIN,BP3,2811,11904,14715,19:00
2026-08-01,weekday,20,TRAIN,BP3,1941,7204,9145,20:00
2026-08-01,weekday,21,TRAIN,BP3,1704,5628,7332,21:00
2026-08-01,weekday,22,TRAIN,BP3,1008,3594,4602,22:00
2026-08-01,weekday,23,TRAIN,BP3,302,1262,1564,23:00
2026-08-01,weekends/holiday,5,TRAIN,BP3,802,57,859,05:00
2026-08-01,weekends/holiday,6,TRAIN,BP3,1620,276,1896,06:00
2026-08-01,weekends/holiday,7,TRAIN,BP3,1978,696,2674,07:00
2026-08-01,weekends/holiday,8,TRAIN,BP3,2815,916,3731,08:00
2026-08-01,weekends/holiday,9,TRAIN,BP3,3019,870,3889,09:00
2026-08-01,weekends/holiday,10,TRAIN,BP3,3047,980,4027,10:00
2026-08-01,weekends/holiday,11,TRAIN,BP3,2997,1313,4310,11:00
2026-08-01,weekends/holiday,12,TRAIN,BP3,2604,1688,4292,12:00
2026-08-01,weekends/holiday,13,TRAIN,BP3,2450,2232,4682,13:00
2026-08-01,weekends/holiday,14,TRAIN,BP3,2147,2215,4362,14:00
2026-08-01,weekends/holiday,15,TRAIN,BP3,2001,2155,4156,15:00
2026-08-01,weekends/holiday,16,TRAIN,BP3,2099,2140,4239,16:00
2026-08-01,weekends/holiday,17,TRAIN,BP3,2465,2432,4897,17:00
2026-08-01,weekends/holiday,18,TRAIN,BP3,2110,2617,4727,18:00
2026-08-01,weekends/holiday,19,TRAIN,BP3,1437,2704,4141,19:00
2026-08-01,weekends/holiday,20,TRAIN,BP3,1042,2855,3897,20:00
2026-08-01,weekends/holiday,21,TRAIN,BP3,792,2698,3490,21:00
2026-08-01,weekends/holiday,22,TRAIN,BP3,491,1985,2476,22:00
2026-08-01,weekends/holiday,23,TRAIN,BP3,143,730,873,23:00
2026-08-01,weekday,5,TRAIN,BP4,1421,272,1693,05:00
2026-08-01,weekday,6,TRAIN,BP4,4727,726,5453,06:00
2026-08-01,weekday,7,TRAIN,BP4,6822,8552,15374,07:00
2026-08-01,weekday,8,TRAIN,BP4,4885,18293,23178,08:00
2026-08-01,weekday,9,TRAIN,BP4,2467,14394,16861,09:00
2026-08-01,weekday,10,TRAIN,BP4,2642,7001,9643,10:00
2026-08-01,weekday,11,TRAIN,BP4,9811,2902,12713,11:00
2026-08-01,weekday,12,TRAIN,BP4,6120,7442,13562,12:00
2026-08-01,weekday,13,TRAIN,BP4,3533,6227,9760,13:00
2026-08-01,weekday,14,TRAIN,BP4,5886,2792,8678,14:00
2026-08-01,weekday,15,TRAIN,BP4,9437,2328,11765,15:00
2026-08-01,weekday,16,TRAIN,BP4,15482,2521,18003,16:00
2026-08-01,weekday,17,TRAIN,BP4,11099,3561,14660,17:00
2026-08-01,weekday,18,TRAIN,BP4,4251,5623,9874,18:00
2026-08-01,weekday,19,TRAIN,BP4,2110,4740,6850,19:00
2026-08-01,weekday,20,TRAIN,BP4,1900,2771,4671,20:00
2026-08-01,weekday,21,TRAIN,BP4,2030,2375,4405,21:00
2026-08-01,weekday,22,TRAIN,BP4,1210,1814,3024,22:00
2026-08-01,weekday,23,TRAIN,BP4,154,539,693,23:00
2026-08-01,weekends/holiday,5,TRAIN,BP4,371,82,453,05:00
2026-08-01,weekends/holiday,6,TRAIN,BP4,802,97,899,06:00
2026-08-01,weekends/holiday,7,TRAIN,BP4,908,452,1360,07:00
2026-08-01,weekends/holiday,8,TRAIN,BP4,1064,536,1600,08:00
2026-08-01,weekends/holiday,9,TRAIN,BP4,1106,582,1688,09:00
2026-08-01,weekends/holiday,10,TRAIN,BP4,1086,549,1635,10:00
2026-08-01,weekends/holiday,11,TRAIN,BP4,1132,620,1752,11:00
2026-08-01,weekends/holiday,12,TRAIN,BP4,1038,785,1823,12:00
2026-08-01,weekends/holiday,13,TRAIN,BP4,906,921,1827,13:00
2026-08-01,weekends/holiday,14,TRAIN,BP4,874,870,1744,14:00
2026-08-01,weekends/holiday,15,TRAIN,BP4,922,870,1792,15:00
2026-08-01,weekends/holiday,16,TRAIN,BP4,981,850,1831,16:00
2026-08-01,weekends/holiday,17,TRAIN,BP4,964,995,1959,17:00
2026-08-01,weekends/holiday,18,TRAIN,BP4,962,1150,2112,18:00
2026-08-01,weekends/holiday,19,TRAIN,BP4,784,1180,1964,19:00
2026-08-01,weekends/holiday,20,TRAIN,BP4,485,1107,1592,20:00
2026-08-01,weekends/holiday,21,TRAIN,BP4,351,1173,1524,21:00
2026-08-01,weekends/holiday,22,TRAIN,BP4,210,986,1196,22:00
2026-08-01,weekends/holiday,23,TRAIN,BP4,70,371,441,23:00
2026-08-01,weekday,0,TRAIN,BP5,2,1,3,00:00
2026-08-01,weekday,5,TRAIN,BP5,881,342,1223,05:00
2026-08-01,weekday,6,TRAIN,BP5,4503,1389,5892,06:00
2026-08-01,weekday,7,TRAIN,BP5,6542,3025,9567,07:00
2026-08-01,weekday,8,TRAIN,BP5,4009,2472,6481,08:00
2026-08-01,weekday,9,TRAIN,BP5,2521,1639,4160,09:00
2026-08-01,weekday,10,TRAIN,BP5,1864,1338,3202,10:00
2026-08-01,weekday,11,TRAIN,BP5,1851,1560,3411,11:00
2026-08-01,weekday,12,TRAIN,BP5,2130,1583,3713,12:00
2026-08-01,weekday,13,TRAIN,BP5,1880,2028,3908,13:00
2026-08-01,weekday,14,TRAIN,BP5,1981,2224,4205,14:00
2026-08-01,weekday,15,TRAIN,BP5,1979,1991,3970,15:00
2026-08-01,weekday,16,TRAIN,BP5,2136,2240,4376,16:00
2026-08-01,weekday,17,TRAIN,BP5,3118,2980,6098,17:00
2026-08-01,weekday,18,TRAIN,BP5,3028,4275,7303,18:00
2026-08-01,weekday,19,TRAIN,BP5,2135,3600,5735,19:00
2026-08-01,weekday,20,TRAIN,BP5,1352,2465,3817,20:00
2026-08-01,weekday,21,TRAIN,BP5,956,1970,2926,21:00
2026-08-01,weekday,22,TRAIN,BP5,702,1221,1923,22:00
2026-08-01,weekday,23,TRAIN,BP5,301,337,638,23:00
2026-08-01,weekends/holiday,5,TRAIN,BP5,253,130,383,05:00
2026-08-01,weekends/holiday,6,TRAIN,BP5,554,348,902,06:00
2026-08-01,weekends/holiday,7,TRAIN,BP5,839,477,1316,07:00
2026-08-01,weekends/holiday,8,TRAIN,BP5,1037,885,1922,08:00
2026-08-01,weekends/holiday,9,TRAIN,BP5,1244,931,2175,09:00
2026-08-01,weekends/holiday,10,TRAIN,BP5,1398,1069,2467,10:00
2026-08-01,weekends/holiday,11,TRAIN,BP5,1395,1066,2461,11:00
2026-08-01,weekends/holiday,12,TRAIN,BP5,1562,1173,2735,12:00
2026-08-01,weekends/holiday,13,TRAIN,BP5,1252,1241,2493,13:00
2026-08-01,weekends/holiday,14,TRAIN,BP5,1213,1196,2409,14:00
2026-08-01,weekends/holiday,15,TRAIN,BP5,1046,1050,2096,15:00
2026-08-01,weekends/holiday,16,TRAIN,BP5,1196,981,2177,16:00
2026-08-01,weekends/holiday,17,TRAIN,BP5,1256,1076,2332,17:00
2026-08-01,weekends/holiday,18,TRAIN,BP5,1079,1322,2401,18:00
2026-08-01,weekends/holiday,19,TRAIN,BP5,1014,1236,2250,19:00
2026-08-01,weekends/holiday,20,TRAIN,BP5,663,1083,1746,20:00
2026-08-01,weekends/holiday,21,TRAIN,BP5,534,940,1474,21:00
2026-08-01,weekends/holiday,22,TRAIN,BP5,400,590,990,22:00
2026-08-01,weekends/holiday,23,TRAIN,BP5,147,200,347,23:00
2026-08-01,weekday,0,TRAIN,BP6/DT1,0,4493,4493,00:00
2026-08-01,weekday,5,TRAIN,BP6/DT1,12820,9784,22604,05:00
2026-08-01,weekday,6,TRAIN,BP6/DT1,57614,25440,83054,06:00
2026-08-01,weekday,7,TRAIN,BP6/DT1,140381,66634,207015,07:00
2026-08-01,weekday,8,TRAIN,BP6/DT1,141391,54990,196381,08:00
2026-08-01,weekday,9,TRAIN,BP6/DT1,61767,27054,88821,09:00
2026-08-01,weekday,10,TRAIN,BP6/DT1,33609,20216,53825,10:00
2026-08-01,weekday,11,TRAIN,BP6/DT1,29721,25558,55279,11:00
2026-08-01,weekday,12,TRAIN,BP6/DT1,32917,29473,62390,12:00
2026-08-01,weekday,13,TRAIN,BP6/DT1,32502,30534,63036,13:00
2026-08-01,weekday,14,TRAIN,BP6/DT1,27728,33603,61331,14:00
2026-08-01,weekday,15,TRAIN,BP6/DT1,28138,36963,65101,15:00
2026-08-01,weekday,16,TRAIN,BP6/DT1,31136,45859,76995,16:00
2026-08-01,weekday,17,TRAIN,BP6/DT1,45027,76705,121732,17:00
2026-08-01,weekday,18,TRAIN,BP6/DT1,59363,136037,195400,18:00
2026-08-01,weekday,19,TRAIN,BP6/DT1,46911,101666,148577,19:00
2026-08-01,weekday,20,TRAIN,BP6/DT1,27443,56603,84046,20:00
2026-08-01,weekday,21,TRAIN,BP6/DT1,23411,44770,68181,21:00
2026-08-01,weekday,22,TRAIN,BP6/DT1,13839,37235,51074,22:00
2026-08-01,weekday,23,TRAIN,BP6/DT1,3677,18564,22241,23:00
2026-08-01,weekends/holiday,0,TRAIN,BP6/DT1,1,3300,3301,00:00
2026-08-01,weekends/holiday,5,TRAIN,BP6/DT1,1334,1726,3060,05:00
2026-08-01,weekends/holiday,6,TRAIN,BP6/DT1,5148,3340,8488,06:00
2026-08-01,weekends/holiday,7,TRAIN,BP6/DT1,8035,6164,14199,07:00
2026-08-01,weekends/holiday,8,TRAIN,BP6/DT1,20404,11020,31424,08:00
2026-08-01,weekends/holiday,9,TRAIN,BP6/DT1,25458,13721,39179,09:00
2026-08-01,weekends/holiday,10,TRAIN,BP6/DT1,25646,14729,40375,10:00
2026-08-01,weekends/holiday,11,TRAIN,BP6/DT1,25364,17642,43006,11:00
2026-08-01,weekends/holiday,12,TRAIN,BP6/DT1,25565,19354,44919,12:00
2026-08-01,weekends/holiday,13,TRAIN,BP6/DT1,24615,20777,45392,13:00
2026-08-01,weekends/holiday,14,TRAIN,BP6/DT1,22177,20023,42200,14:00
2026-08-01,weekends/holiday,15,TRAIN,BP6/DT1,21554,21149,42703,15:00
2026-08-01,weekends/holiday,16,TRAIN,BP6/DT1,20890,22718,43608,16:00
2026-08-01,weekends/holiday,17,TRAIN,BP6/DT1,21922,26212,48134,17:00
2026-08-01,weekends/holiday,18,TRAIN,BP6/DT1,21085,29682,50767,18:00
2026-08-01,weekends/holiday,19,TRAIN,BP6/DT1,17142,26709,43851,19:00
2026-08-01,weekends/holiday,20,TRAIN,BP6/DT1,13696,24611,38307,20:00
2026-08-01,weekends/holiday,21,TRAIN,BP6/DT1,12412,24762,37174,21:00
2026-08-01,weekends/holiday,22,TRAIN,BP6/DT1,8649,23173,31822,22:00
2026-08-01,weekends/holiday,23,TRAIN,BP6/DT1,2432,12626,15058,23:00
2026-08-01,weekday,5,TRAIN,BP7,949,331,1280,05:00
2026-08-01,weekday,6,TRAIN,BP7,3602,745,4347,06:00
2026-08-01,weekday,7,TRAIN,BP7,4452,2509,6961,07:00
2026-08-01,weekday,8,TRAIN,BP7,2815,906,3721,08:00
2026-08-01,weekday,9,TRAIN,BP7,1412,786,2198,09:00
2026-08-01,weekday,10,TRAIN,BP7,1143,650,1793,10:00
2026-08-01,weekday,11,TRAIN,BP7,920,776,1696,11:00
2026-08-01,weekday,12,TRAIN,BP7,1121,903,2024,12:00
2026-08-01,weekday,13,TRAIN,BP7,1034,922,1956,13:00
2026-08-01,weekday,14,TRAIN,BP7,820,1174,1994,14:00
2026-08-01,weekday,15,TRAIN,BP7,1093,1186,2279,15:00
2026-08-01,weekday,16,TRAIN,BP7,823,1293,2116,16:00
2026-08-01,weekday,17,TRAIN,BP7,1338,2073,3411,17:00
2026-08-01,weekday,18,TRAIN,BP7,1184,3352,4536,18:00
2026-08-01,weekday,19,TRAIN,BP7,859,2207,3066,19:00
2026-08-01,weekday,20,TRAIN,BP7,544,1343,1887,20:00
2026-08-01,weekday,21,TRAIN,BP7,473,1278,1751,21:00
2026-08-01,weekday,22,TRAIN,BP7,223,895,1118,22:00
2026-08-01,weekday,23,TRAIN,BP7,56,324,380,23:00
2026-08-01,weekends/holiday,5,TRAIN,BP7,244,97,341,05:00
2026-08-01,weekends/holiday,6,TRAIN,BP7,448,70,518,06:00
2026-08-01,weekends/holiday,7,TRAIN,BP7,619,267,886,07:00
2026-08-01,weekends/holiday,8,TRAIN,BP7,682,364,1046,08:00
2026-08-01,weekends/holiday,9,TRAIN,BP7,731,377,1108,09:00
2026-08-01,weekends/holiday,10,TRAIN,BP7,643,477,1120,10:00
2026-08-01,weekends/holiday,11,TRAIN,BP7,754,592,1346,11:00
2026-08-01,weekends/holiday,12,TRAIN,BP7,643,607,1250,12:00
2026-08-01,weekends/holiday,13,TRAIN,BP7,554,684,1238,13:00
2026-08-01,weekends/holiday,14,TRAIN,BP7,467,602,1069,14:00
2026-08-01,weekends/holiday,15,TRAIN,BP7,502,675,1177,15:00
2026-08-01,weekends/holiday,16,TRAIN,BP7,459,650,1109,16:00
2026-08-01,weekends/holiday,17,TRAIN,BP7,655,629,1284,17:00
2026-08-01,weekends/holiday,18,TRAIN,BP7,627,718,1345,18:00
2026-08-01,weekends/holiday,19,TRAIN,BP7,497,728,1225,19:00
2026-08-01,weekends/holiday,20,TRAIN,BP7,298,669,967,20:00
2026-08-01,weekends/holiday,21,TRAIN,BP7,200,596,796,21:00
2026-08-01,weekends/holiday,22,TRAIN,BP7,130,437,567,22:00
2026-08-01,weekends/holiday,23,TRAIN,BP7,33,178,211,23:00
2026-08-01,weekday,5,TRAIN,BP8,1724,700,2424,05:00
2026-08-01,weekday,6,TRAIN,BP8,3557,3503,7060,06:00
2026-08-01,weekday,7,TRAIN,BP8,5406,5643,11049,07:00
2026-08-01,weekday,8,TRAIN,BP8,2987,3790,6777,08:00
2026-08-01,weekday,9,TRAIN,BP8,1764,2075,3839,09:00
2026-08-01,weekday,10,TRAIN,BP8,1459,1448,2907,10:00
2026-08-01,weekday,11,TRAIN,BP8,1541,1345,2886,11:00
2026-08-01,weekday,12,TRAIN,BP8,1712,1792,3504,12:00
2026-08-01,weekday,13,TRAIN,BP8,2516,1863,4379,13:00
2026-08-01,weekday,14,TRAIN,BP8,1832,1827,3659,14:00
2026-08-01,weekday,15,TRAIN,BP8,1867,1786,3653,15:00
2026-08-01,weekday,16,TRAIN,BP8,2061,1930,3991,16:00
2026-08-01,weekday,17,TRAIN,BP8,3232,2743,5975,17:00
2026-08-01,weekday,18,TRAIN,BP8,4186,3996,8182,18:00
2026-08-01,weekday,19,TRAIN,BP8,2495,3579,6074,19:00
2026-08-01,weekday,20,TRAIN,BP8,1583,2039,3622,20:00
2026-08-01,weekday,21,TRAIN,BP8,1459,1502,2961,21:00
2026-08-01,weekday,22,TRAIN,BP8,1301,1215,2516,22:00
2026-08-01,weekday,23,TRAIN,BP8,293,409,702,23:00
2026-08-01,weekends/holiday,5,TRAIN,BP8,426,175,601,05:00
2026-08-01,weekends/holiday,6,TRAIN,BP8,521,531,1052,06:00
2026-08-01,weekends/holiday,7,TRAIN,BP8,626,873,1499,07:00
2026-08-01,weekends/holiday,8,TRAIN,BP8,977,960,1937,08:00
2026-08-01,weekends/holiday,9,TRAIN,BP8,959,987,1946,09:00
2026-08-01,weekends/holiday,10,TRAIN,BP8,1015,961,1976,10:00
2026-08-01,weekends/holiday,11,TRAIN,BP8,1053,981,2034,11:00
2026-08-01,weekends/holiday,12,TRAIN,BP8,1127,942,2069,12:00
2026-08-01,weekends/holiday,13,TRAIN,BP8,1167,1105,2272,13:00
2026-08-01,weekends/holiday,14,TRAIN,BP8,1075,964,2039,14:00
2026-08-01,weekends/holiday,15,TRAIN,BP8,916,971,1887,15:00
2026-08-01,weekends/holiday,16,TRAIN,BP8,1017,967,1984,16:00
2026-08-01,weekends/holiday,17,TRAIN,BP8,1162,1156,2318,17:00
2026-08-01,weekends/holiday,18,TRAIN,BP8,1194,1062,2256,18:00
2026-08-01,weekends/holiday,19,TRAIN,BP8,986,1019,2005,19:00
2026-08-01,weekends/holiday,20,TRAIN,BP8,771,926,1697,20:00
2026-08-01,weekends/holiday,21,TRAIN,BP8,721,806,1527,21:00
2026-08-01,weekends/holiday,22,TRAIN,BP8,598,651,1249,22:00
2026-08-01,weekends/holiday,23,TRAIN,BP8,157,293,450,23:00
2026-08-01,weekday,5,TRAIN,BP9,1654,841,2495,05:00
2026-08-01,weekday,6,TRAIN,BP9,4645,1391,6036,06:00
2026-08-01,weekday,7,TRAIN,BP9,6730,3050,9780,07:00
2026-08-01,weekday,8,TRAIN,BP9,4245,2542,6787,08:00
2026-08-01,weekday,9,TRAIN,BP9,3264,2401,5665,09:00
2026-08-01,weekday,10,TRAIN,BP9,2879,1570,4449,10:00
2026-08-01,weekday,11,TRAIN,BP9,2685,1912,4597,11:00
2026-08-01,weekday,12,TRAIN,BP9,2501,2335,4836,12:00
2026-08-01,weekday,13,TRAIN,BP9,2853,2584,5437,13:00
2026-08-01,weekday,14,TRAIN,BP9,1926,2215,4141,14:00
2026-08-01,weekday,15,TRAIN,BP9,1590,2488,4078,15:00
2026-08-01,weekday,16,TRAIN,BP9,1825,2724,4549,16:00
2026-08-01,weekday,17,TRAIN,BP9,2484,3987,6471,17:00
2026-08-01,weekday,18,TRAIN,BP9,2348,5413,7761,18:00
2026-08-01,weekday,19,TRAIN,BP9,1965,4606,6571,19:00
2026-08-01,weekday,20,TRAIN,BP9,1489,2584,4073,20:00
2026-08-01,weekday,21,TRAIN,BP9,810,2023,2833,21:00
2026-08-01,weekday,22,TRAIN,BP9,412,1313,1725,22:00
2026-08-01,weekday,23,TRAIN,BP9,80,641,721,23:00
2026-08-01,weekends/holiday,5,TRAIN,BP9,359,323,682,05:00
2026-08-01,weekends/holiday,6,TRAIN,BP9,691,458,1149,06:00
2026-08-01,weekends/holiday,7,TRAIN,BP9,1037,1004,2041,07:00
2026-08-01,weekends/holiday,8,TRAIN,BP9,1697,1791,3488,08:00
2026-08-01,weekends/holiday,9,TRAIN,BP9,2143,1708,3851,09:00
2026-08-01,weekends/holiday,10,TRAIN,BP9,2196,1433,3629,10:00
2026-08-01,weekends/holiday,11,TRAIN,BP9,2657,1583,4240,11:00
2026-08-01,weekends/holiday,12,TRAIN,BP9,2094,1406,3500,12:00
2026-08-01,weekends/holiday,13,TRAIN,BP9,1621,1183,2804,13:00
2026-08-01,weekends/holiday,14,TRAIN,BP9,1325,1256,2581,14:00
2026-08-01,weekends/holiday,15,TRAIN,BP9,1112,1146,2258,15:00
2026-08-01,weekends/holiday,16,TRAIN,BP9,1075,1200,2275,16:00
2026-08-01,weekends/holiday,17,TRAIN,BP9,1143,1327,2470,17:00
2026-08-01,weekends/holiday,18,TRAIN,BP9,1034,1356,2390,18:00
2026-08-01,weekends/holiday,19,TRAIN,BP9,945,1447,2392,19:00
2026-08-01,weekends/holiday,20,TRAIN,BP9,560,1187,1747,20:00
2026-08-01,weekends/holiday,21,TRAIN,BP9,385,1034,1419,21:00
2026-08-01,weekends/holiday,22,TRAIN,BP9,293,770,1063,22:00
2026-08-01,weekends/holiday,23,TRAIN,BP9,45,377,422,23:00
2026-08-01,weekday,0,TRAIN,CC10/DT26,162,1171,1333,00:00
2026-08-01,weekday,5,TRAIN,CC10/DT26,4203,514,4717,05:00
2026-08-01,weekday,6,TRAIN,CC10/DT26,21799,8075,29874,06:00
2026-08-01,weekday,7,TRAIN,CC10/DT26,38074,26115,64189,07:00
2026-08-01,weekday,8,TRAIN,CC10/DT26,43425,58964,102389,08:00
2026-08-01,weekday,9,TRAIN,CC10/DT26,24791,31266,56057,09:00
2026-08-01,weekday,10,TRAIN,CC10/DT26,15011,12831,27842,10:00
2026-08-01,weekday,11,TRAIN,CC10/DT26,15329,9310,24639,11:00
2026-08-01,weekday,12,TRAIN,CC10/DT26,16742,12240,28982,12:00
2026-08-01,weekday,13,TRAIN,CC10/DT26,13995,17283,31278,13:00
2026-08-01,weekday,14,TRAIN,CC10/DT26,12329,13934,26263,14:00
2026-08-01,weekday,15,TRAIN,CC10/DT26,12476,13754,26230,15:00
2026-08-01,weekday,16,TRAIN,CC10/DT26,17316,15777,33093,16:00
2026-08-01,weekday,17,TRAIN,CC10/DT26,44193,24557,68750,17:00
2026-08-01,weekday,18,TRAIN,CC10/DT26,64359,42191,106550,18:00
2026-08-01,weekday,19,TRAIN,CC10/DT26,25454,31518,56972,19:00
2026-08-01,weekday,20,TRAIN,CC10/DT26,13411,20941,34352,20:00
2026-08-01,weekday,21,TRAIN,CC10/DT26,10472,20128,30600,21:00
2026-08-01,weekday,22,TRAIN,CC10/DT26,8299,16588,24887,22:00
2026-08-01,weekday,23,TRAIN,CC10/DT26,2809,8195,11004,23:00
2026-08-01,weekends/holiday,0,TRAIN,CC10/DT26,132,961,1093,00:00
2026-08-01,weekends/holiday,5,TRAIN,CC10/DT26,1034,131,1165,05:00
2026-08-01,weekends/holiday,6,TRAIN,CC10/DT26,7182,2782,9964,06:00
2026-08-01,weekends/holiday,7,TRAIN,CC10/DT26,9481,6279,15760,07:00
2026-08-01,weekends/holiday,8,TRAIN,CC10/DT26,10246,7268,17514,08:00
2026-08-01,weekends/holiday,9,TRAIN,CC10/DT26,10194,7700,17894,09:00
2026-08-01,weekends/holiday,10,TRAIN,CC10/DT26,10373,7196,17569,10:00
2026-08-01,weekends/holiday,11,TRAIN,CC10/DT26,10802,7042,17844,11:00
2026-08-01,weekends/holiday,12,TRAIN,CC10/DT26,11440,8429,19869,12:00
2026-08-01,weekends/holiday,13,TRAIN,CC10/DT26,11240,10204,21444,13:00
2026-08-01,weekends/holiday,14,TRAIN,CC10/DT26,9569,9346,18915,14:00
2026-08-01,weekends/holiday,15,TRAIN,CC10/DT26,9968,9641,19609,15:00
2026-08-01,weekends/holiday,16,TRAIN,CC10/DT26,11835,9857,21692,16:00
2026-08-01,weekends/holiday,17,TRAIN,CC10/DT26,12967,10518,23485,17:00
2026-08-01,weekends/holiday,18,TRAIN,CC10/DT26,11805,10387,22192,18:00
2026-08-01,weekends/holiday,19,TRAIN,CC10/DT26,8387,10308,18695,19:00
2026-08-01,weekends/holiday,20,TRAIN,CC10/DT26,6116,10679,16795,20:00
2026-08-01,weekends/holiday,21,TRAIN,CC10/DT26,4922,11384,16306,21:00
2026-08-01,weekends/holiday,22,TRAIN,CC10/DT26,3904,9846,13750,22:00
2026-08-01,weekends/holiday,23,TRAIN,CC10/DT26,1562,5521,7083,23:00
2026-08-01,weekday,0,TRAIN,CC11,167,398,565,00:00
2026-08-01,weekday,5,TRAIN,CC11,1422,1106,2528,05:00
2026-08-01,weekday,6,TRAIN,CC11,10229,23908,34137,06:00
2026-08-01,weekday,7,TRAIN,CC11,15019,61642,76661,07:00
2026-08-01,weekday,8,TRAIN,CC11,12282,116527,128809,08:00
2026-08-01,weekday,9,TRAIN,CC11,7390,72018,79408,09:00
2026-08-01,weekday,10,TRAIN,CC11,5885,20276,26161,10:00
2026-08-01,weekday,11,TRAIN,CC11,10536,12743,23279,11:00
2026-08-01,weekday,12,TRAIN,CC11,15736,13100,28836,12:00
2026-08-01,weekday,13,TRAIN,CC11,13768,15789,29557,13:00
2026-08-01,weekday,14,TRAIN,CC11,12597,11882,24479,14:00
2026-08-01,weekday,15,TRAIN,CC11,16069,9843,25912,15:00
2026-08-01,weekday,16,TRAIN,CC11,26818,9567,36385,16:00
2026-08-01,weekday,17,TRAIN,CC11,86594,15247,101841,17:00
2026-08-01,weekday,18,TRAIN,CC11,111456,26096,137552,18:00
2026-08-01,weekday,19,TRAIN,CC11,47293,21026,68319,19:00
2026-08-01,weekday,20,TRAIN,CC11,23500,10173,33673,20:00
2026-08-01,weekday,21,TRAIN,CC11,17065,8453,25518,21:00
2026-08-01,weekday,22,TRAIN,CC11,10585,6538,17123,22:00
2026-08-01,weekday,23,TRAIN,CC11,3680,2532,6212,23:00
2026-08-01,weekends/holiday,0,TRAIN,CC11,81,398,479,00:00
2026-08-01,weekends/holiday,5,TRAIN,CC11,412,164,576,05:00
2026-08-01,weekends/holiday,6,TRAIN,CC11,3770,4978,8748,06:00
2026-08-01,weekends/holiday,7,TRAIN,CC11,4774,7165,11939,07:00
2026-08-01,weekends/holiday,8,TRAIN,CC11,3369,10194,13563,08:00
2026-08-01,weekends/holiday,9,TRAIN,CC11,2957,10451,13408,09:00
2026-08-01,weekends/holiday,10,TRAIN,CC11,3796,8842,12638,10:00
2026-08-01,weekends/holiday,11,TRAIN,CC11,5662,6663,12325,11:00
2026-08-01,weekends/holiday,12,TRAIN,CC11,8369,7738,16107,12:00
2026-08-01,weekends/holiday,13,TRAIN,CC11,10297,8104,18401,13:00
2026-08-01,weekends/holiday,14,TRAIN,CC11,9260,7038,16298,14:00
2026-08-01,weekends/holiday,15,TRAIN,CC11,9959,6522,16481,15:00
2026-08-01,weekends/holiday,16,TRAIN,CC11,11512,6478,17990,16:00
2026-08-01,weekends/holiday,17,TRAIN,CC11,13110,7796,20906,17:00
2026-08-01,weekends/holiday,18,TRAIN,CC11,11641,7912,19553,18:00
2026-08-01,weekends/holiday,19,TRAIN,CC11,10105,7500,17605,19:00
2026-08-01,weekends/holiday,20,TRAIN,CC11,7718,5965,13683,20:00
2026-08-01,weekends/holiday,21,TRAIN,CC11,6585,5421,12006,21:00
2026-08-01,weekends/holiday,22,TRAIN,CC11,3601,3963,7564,22:00
2026-08-01,weekends/holiday,23,TRAIN,CC11,1538,2051,3589,23:00
2026-08-01,weekday,0,TRAIN,CC12,31,568,599,00:00
2026-08-01,weekday,5,TRAIN,CC12,968,148,1116,05:00
2026-08-01,weekday,6,TRAIN,CC12,11401,8694,20095,06:00
2026-08-01,weekday,7,TRAIN,CC12,24357,25463,49820,07:00
2026-08-01,weekday,8,TRAIN,CC12,32843,8341,41184,08:00
2026-08-01,weekday,9,TRAIN,CC12,16916,4821,21737,09:00
2026-08-01,weekday,10,TRAIN,CC12,9037,3128,12165,10:00
2026-08-01,weekday,11,TRAIN,CC12,9041,3655,12696,11:00
2026-08-01,weekday,12,TRAIN,CC12,8178,5147,13325,12:00
2026-08-01,weekday,13,TRAIN,CC12,17701,7903,25604,13:00
2026-08-01,weekday,14,TRAIN,CC12,12725,8538,21263,14:00
2026-08-01,weekday,15,TRAIN,CC12,10380,7879,18259,15:00
2026-08-01,weekday,16,TRAIN,CC12,10504,8387,18891,16:00
2026-08-01,weekday,17,TRAIN,CC12,14693,14529,29222,17:00
2026-08-01,weekday,18,TRAIN,CC12,14563,25442,40005,18:00
2026-08-01,weekday,19,TRAIN,CC12,6652,19835,26487,19:00
2026-08-01,weekday,20,TRAIN,CC12,3993,11911,15904,20:00
2026-08-01,weekday,21,TRAIN,CC12,2889,10194,13083,21:00
2026-08-01,weekday,22,TRAIN,CC12,1830,7255,9085,22:00
2026-08-01,weekday,23,TRAIN,CC12,686,2712,3398,23:00
2026-08-01,weekends/holiday,0,TRAIN,CC12,27,494,521,00:00
2026-08-01,weekends/holiday,5,TRAIN,CC12,198,12,210,05:00
2026-08-01,weekends/holiday,6,TRAIN,CC12,1463,603,2066,06:00
2026-08-01,weekends/holiday,7,TRAIN,CC12,2636,1510,4146,07:00
2026-08-01,weekends/holiday,8,TRAIN,CC12,4232,1985,6217,08:00
2026-08-01,weekends/holiday,9,TRAIN,CC12,5294,2250,7544,09:00
2026-08-01,weekends/holiday,10,TRAIN,CC12,5851,2769,8620,10:00
2026-08-01,weekends/holiday,11,TRAIN,CC12,5692,3266,8958,11:00
2026-08-01,weekends/holiday,12,TRAIN,CC12,6170,3814,9984,12:00
2026-08-01,weekends/holiday,13,TRAIN,CC12,5656,4367,10023,13:00
2026-08-01,weekends/holiday,14,TRAIN,CC12,4203,4673,8876,14:00
2026-08-01,weekends/holiday,15,TRAIN,CC12,4605,4251,8856,15:00
2026-08-01,weekends/holiday,16,TRAIN,CC12,5165,4499,9664,16:00
2026-08-01,weekends/holiday,17,TRAIN,CC12,5541,4702,10243,17:00
2026-08-01,weekends/holiday,18,TRAIN,CC12,4982,4948,9930,18:00
2026-08-01,weekends/holiday,19,TRAIN,CC12,3269,5071,8340,19:00
2026-08-01,weekends/holiday,20,TRAIN,CC12,1915,5452,7367,20:00
2026-08-01,weekends/holiday,21,TRAIN,CC12,1610,5650,7260,21:00
2026-08-01,weekends/holiday,22,TRAIN,CC12,1141,3807,4948,22:00
2026-08-01,weekends/holiday,23,TRAIN,CC12,500,1644,2144,23:00
2026-08-01,weekday,0,TRAIN,CC14,25,493,518,00:00
2026-08-01,weekday,5,TRAIN,CC14,1048,235,1283,05:00
2026-08-01,weekday,6,TRAIN,CC14,7626,5409,13035,06:00
2026-08-01,weekday,7,TRAIN,CC14,18658,22691,41349,07:00
2026-08-01,weekday,8,TRAIN,CC14,21207,31593,52800,08:00
2026-08-01,weekday,9,TRAIN,CC14,10906,8269,19175,09:00
2026-08-01,weekday,10,TRAIN,CC14,6766,3654,10420,10:00
2026-08-01,weekday,11,TRAIN,CC14,8241,3317,11558,11:00
2026-08-01,weekday,12,TRAIN,CC14,7841,5067,12908,12:00
2026-08-01,weekday,13,TRAIN,CC14,8997,8412,17409,13:00
2026-08-01,weekday,14,TRAIN,CC14,7971,8366,16337,14:00
2026-08-01,weekday,15,TRAIN,CC14,13920,7848,21768,15:00
2026-08-01,weekday,16,TRAIN,CC14,14281,8296,22577,16:00
2026-08-01,weekday,17,TRAIN,CC14,19966,11443,31409,17:00
2026-08-01,weekday,18,TRAIN,CC14,19820,18313,38133,18:00
2026-08-01,weekday,19,TRAIN,CC14,10171,14074,24245,19:00
2026-08-01,weekday,20,TRAIN,CC14,4278,7707,11985,20:00
2026-08-01,weekday,21,TRAIN,CC14,4031,6629,10660,21:00
2026-08-01,weekday,22,TRAIN,CC14,2796,4971,7767,22:00
2026-08-01,weekday,23,TRAIN,CC14,612,2105,2717,23:00
2026-08-01,weekends/holiday,0,TRAIN,CC14,31,223,254,00:00
2026-08-01,weekends/holiday,5,TRAIN,CC14,272,28,300,05:00
2026-08-01,weekends/holiday,6,TRAIN,CC14,937,695,1632,06:00
2026-08-01,weekends/holiday,7,TRAIN,CC14,1983,2448,4431,07:00
2026-08-01,weekends/holiday,8,TRAIN,CC14,3427,1798,5225,08:00
2026-08-01,weekends/holiday,9,TRAIN,CC14,4277,2184,6461,09:00
2026-08-01,weekends/holiday,10,TRAIN,CC14,4474,2800,7274,10:00
2026-08-01,weekends/holiday,11,TRAIN,CC14,4474,3081,7555,11:00
2026-08-01,weekends/holiday,12,TRAIN,CC14,4404,3463,7867,12:00
2026-08-01,weekends/holiday,13,TRAIN,CC14,4801,4181,8982,13:00
2026-08-01,weekends/holiday,14,TRAIN,CC14,3798,3789,7587,14:00
2026-08-01,weekends/holiday,15,TRAIN,CC14,3428,3808,7236,15:00
2026-08-01,weekends/holiday,16,TRAIN,CC14,4186,3964,8150,16:00
2026-08-01,weekends/holiday,17,TRAIN,CC14,4591,3980,8571,17:00
2026-08-01,weekends/holiday,18,TRAIN,CC14,4796,4161,8957,18:00
2026-08-01,weekends/holiday,19,TRAIN,CC14,2998,3824,6822,19:00
2026-08-01,weekends/holiday,20,TRAIN,CC14,1886,3342,5228,20:00
2026-08-01,weekends/holiday,21,TRAIN,CC14,1584,3386,4970,21:00
2026-08-01,weekends/holiday,22,TRAIN,CC14,1187,2838,4025,22:00
2026-08-01,weekends/holiday,23,TRAIN,CC14,418,1319,1737,23:00
2026-08-01,weekday,0,TRAIN,CC16,52,372,424,00:00
2026-08-01,weekday,5,TRAIN,CC16,1272,197,1469,05:00
2026-08-01,weekday,6,TRAIN,CC16,6852,4541,11393,06:00
2026-08-01,weekday,7,TRAIN,CC16,15392,35143,50535,07:00
2026-08-01,weekday,8,TRAIN,CC16,19296,22079,41375,08:00
2026-08-01,weekday,9,TRAIN,CC16,10626,12284,22910,09:00
2026-08-01,weekday,10,TRAIN,CC16,6496,5070,11566,10:00
2026-08-01,weekday,11,TRAIN,CC16,6924,3861,10785,11:00
2026-08-01,weekday,12,TRAIN,CC16,7392,4504,11896,12:00
2026-08-01,weekday,13,TRAIN,CC16,7750,6775,14525,13:00
2026-08-01,weekday,14,TRAIN,CC16,7689,6167,13856,14:00
2026-08-01,weekday,15,TRAIN,CC16,9407,6382,15789,15:00
2026-08-01,weekday,16,TRAIN,CC16,11295,6572,17867,16:00
2026-08-01,weekday,17,TRAIN,CC16,20314,10800,31114,17:00
2026-08-01,weekday,18,TRAIN,CC16,22925,17580,40505,18:00
2026-08-01,weekday,19,TRAIN,CC16,10208,13408,23616,19:00
2026-08-01,weekday,20,TRAIN,CC16,6408,7429,13837,20:00
2026-08-01,weekday,21,TRAIN,CC16,4463,6167,10630,21:00
2026-08-01,weekday,22,TRAIN,CC16,3603,4802,8405,22:00
2026-08-01,weekday,23,TRAIN,CC16,763,2029,2792,23:00
2026-08-01,weekends/holiday,0,TRAIN,CC16,33,212,245,00:00
2026-08-01,weekends/holiday,5,TRAIN,CC16,274,21,295,05:00
2026-08-01,weekends/holiday,6,TRAIN,CC16,1036,858,1894,06:00
2026-08-01,weekends/holiday,7,TRAIN,CC16,1884,3780,5664,07:00
2026-08-01,weekends/holiday,8,TRAIN,CC16,2960,4117,7077,08:00
2026-08-01,weekends/holiday,9,TRAIN,CC16,3511,4383,7894,09:00
2026-08-01,weekends/holiday,10,TRAIN,CC16,3752,3645,7397,10:00
2026-08-01,weekends/holiday,11,TRAIN,CC16,4392,2897,7289,11:00
2026-08-01,weekends/holiday,12,TRAIN,CC16,4969,2722,7691,12:00
2026-08-01,weekends/holiday,13,TRAIN,CC16,4726,3358,8084,13:00
2026-08-01,weekends/holiday,14,TRAIN,CC16,4138,3302,7440,14:00
2026-08-01,weekends/holiday,15,TRAIN,CC16,3754,3334,7088,15:00
2026-08-01,weekends/holiday,16,TRAIN,CC16,4060,3319,7379,16:00
2026-08-01,weekends/holiday,17,TRAIN,CC16,4601,3622,8223,17:00
2026-08-01,weekends/holiday,18,TRAIN,CC16,4087,3701,7788,18:00
2026-08-01,weekends/holiday,19,TRAIN,CC16,2781,3553,6334,19:00
2026-08-01,weekends/holiday,20,TRAIN,CC16,2235,3276,5511,20:00
2026-08-01,weekends/holiday,21,TRAIN,CC16,1746,3379,5125,21:00
2026-08-01,weekends/holiday,22,TRAIN,CC16,1265,2711,3976,22:00
2026-08-01,weekends/holiday,23,TRAIN,CC16,394,1208,1602,23:00
2026-08-01,weekday,0,TRAIN,CC17/TE9,53,771,824,00:00
2026-08-01,weekday,5,TRAIN,CC17/TE9,2310,279,2589,05:00
2026-08-01,weekday,6,TRAIN,CC17/TE9,12294,6618,18912,06:00
2026-08-01,weekday,7,TRAIN,CC17/TE9,25988,28589,54577,07:00
2026-08-01,weekday,8,TRAIN,CC17/TE9,25690,27330,53020,08:00
2026-08-01,weekday,9,TRAIN,CC17/TE9,13573,11045,24618,09:00
2026-08-01,weekday,10,TRAIN,CC17/TE9,6922,3963,10885,10:00
2026-08-01,weekday,11,TRAIN,CC17/TE9,6505,4013,10518,11:00
2026-08-01,weekday,12,TRAIN,CC17/TE9,8924,4838,13762,12:00
2026-08-01,weekday,13,TRAIN,CC17/TE9,12236,8292,20528,13:00
2026-08-01,weekday,14,TRAIN,CC17/TE9,7714,8014,15728,14:00
2026-08-01,weekday,15,TRAIN,CC17/TE9,23631,7030,30661,15:00
2026-08-01,weekday,16,TRAIN,CC17/TE9,13892,8155,22047,16:00
2026-08-01,weekday,17,TRAIN,CC17/TE9,19002,14623,33625,17:00
2026-08-01,weekday,18,TRAIN,CC17/TE9,23518,23582,47100,18:00
2026-08-01,weekday,19,TRAIN,CC17/TE9,8293,14622,22915,19:00
2026-08-01,weekday,20,TRAIN,CC17/TE9,3946,8536,12482,20:00
2026-08-01,weekday,21,TRAIN,CC17/TE9,3311,7435,10746,21:00
2026-08-01,weekday,22,TRAIN,CC17/TE9,2208,6286,8494,22:00
2026-08-01,weekday,23,TRAIN,CC17/TE9,868,2679,3547,23:00
2026-08-01,weekends/holiday,0,TRAIN,CC17/TE9,26,647,673,00:00
2026-08-01,weekends/holiday,5,TRAIN,CC17/TE9,490,34,524,05:00
2026-08-01,weekends/holiday,6,TRAIN,CC17/TE9,2012,805,2817,06:00
2026-08-01,weekends/holiday,7,TRAIN,CC17/TE9,2882,2468,5350,07:00
2026-08-01,weekends/holiday,8,TRAIN,CC17/TE9,3644,3411,7055,08:00
2026-08-01,weekends/holiday,9,TRAIN,CC17/TE9,4266,2883,7149,09:00
2026-08-01,weekends/holiday,10,TRAIN,CC17/TE9,4320,2653,6973,10:00
2026-08-01,weekends/holiday,11,TRAIN,CC17/TE9,4331,2499,6830,11:00
2026-08-01,weekends/holiday,12,TRAIN,CC17/TE9,4327,2908,7235,12:00
2026-08-01,weekends/holiday,13,TRAIN,CC17/TE9,3580,3410,6990,13:00
2026-08-01,weekends/holiday,14,TRAIN,CC17/TE9,3129,3330,6459,14:00
2026-08-01,weekends/holiday,15,TRAIN,CC17/TE9,3136,3469,6605,15:00
2026-08-01,weekends/holiday,16,TRAIN,CC17/TE9,3932,3641,7573,16:00
2026-08-01,weekends/holiday,17,TRAIN,CC17/TE9,4628,3683,8311,17:00
2026-08-01,weekends/holiday,18,TRAIN,CC17/TE9,4074,3687,7761,18:00
2026-08-01,weekends/holiday,19,TRAIN,CC17/TE9,2674,3501,6175,19:00
2026-08-01,weekends/holiday,20,TRAIN,CC17/TE9,1746,3713,5459,20:00
2026-08-01,weekends/holiday,21,TRAIN,CC17/TE9,1554,4012,5566,21:00
2026-08-01,weekends/holiday,22,TRAIN,CC17/TE9,1164,3389,4553,22:00
2026-08-01,weekends/holiday,23,TRAIN,CC17/TE9,540,1693,2233,23:00
2026-08-01,weekday,0,TRAIN,CC19/DT9,58,317,375,00:00
2026-08-01,weekday,5,TRAIN,CC19/DT9,268,536,804,05:00
2026-08-01,weekday,6,TRAIN,CC19/DT9,3405,4726,8131,06:00
2026-08-01,weekday,7,TRAIN,CC19/DT9,9320,11873,21193,07:00
2026-08-01,weekday,8,TRAIN,CC19/DT9,12176,14568,26744,08:00
2026-08-01,weekday,9,TRAIN,CC19/DT9,8574,10237,18811,09:00
2026-08-01,weekday,10,TRAIN,CC19/DT9,5542,7440,12982,10:00
2026-08-01,weekday,11,TRAIN,CC19/DT9,7012,7122,14134,11:00
2026-08-01,weekday,12,TRAIN,CC19/DT9,7528,7042,14570,12:00
2026-08-01,weekday,13,TRAIN,CC19/DT9,7272,6890,14162,13:00
2026-08-01,weekday,14,TRAIN,CC19/DT9,7265,7000,14265,14:00
2026-08-01,weekday,15,TRAIN,CC19/DT9,7307,7727,15034,15:00
2026-08-01,weekday,16,TRAIN,CC19/DT9,8238,7747,15985,16:00
2026-08-01,weekday,17,TRAIN,CC19/DT9,12792,10405,23197,17:00
2026-08-01,weekday,18,TRAIN,CC19/DT9,14494,14628,29122,18:00
2026-08-01,weekday,19,TRAIN,CC19/DT9,9263,9236,18499,19:00
2026-08-01,weekday,20,TRAIN,CC19/DT9,4947,4973,9920,20:00
2026-08-01,weekday,21,TRAIN,CC19/DT9,4141,4185,8326,21:00
2026-08-01,weekday,22,TRAIN,CC19/DT9,3129,3078,6207,22:00
2026-08-01,weekday,23,TRAIN,CC19/DT9,1052,1224,2276,23:00
2026-08-01,weekends/holiday,0,TRAIN,CC19/DT9,34,199,233,00:00
2026-08-01,weekends/holiday,5,TRAIN,CC19/DT9,126,82,208,05:00
2026-08-01,weekends/holiday,6,TRAIN,CC19/DT9,1046,1905,2951,06:00
2026-08-01,weekends/holiday,7,TRAIN,CC19/DT9,2412,4771,7183,07:00
2026-08-01,weekends/holiday,8,TRAIN,CC19/DT9,3104,5338,8442,08:00
2026-08-01,weekends/holiday,9,TRAIN,CC19/DT9,3761,6664,10425,09:00
2026-08-01,weekends/holiday,10,TRAIN,CC19/DT9,4881,7547,12428,10:00
2026-08-01,weekends/holiday,11,TRAIN,CC19/DT9,6527,7210,13737,11:00
2026-08-01,weekends/holiday,12,TRAIN,CC19/DT9,6620,6114,12734,12:00
2026-08-01,weekends/holiday,13,TRAIN,CC19/DT9,7017,6176,13193,13:00
2026-08-01,weekends/holiday,14,TRAIN,CC19/DT9,5964,6314,12278,14:00
2026-08-01,weekends/holiday,15,TRAIN,CC19/DT9,5922,6137,12059,15:00
2026-08-01,weekends/holiday,16,TRAIN,CC19/DT9,6312,7065,13377,16:00
2026-08-01,weekends/holiday,17,TRAIN,CC19/DT9,6933,7399,14332,17:00
2026-08-01,weekends/holiday,18,TRAIN,CC19/DT9,7200,5357,12557,18:00
2026-08-01,weekends/holiday,19,TRAIN,CC19/DT9,7821,3601,11422,19:00
2026-08-01,weekends/holiday,20,TRAIN,CC19/DT9,3731,2565,6296,20:00
2026-08-01,weekends/holiday,21,TRAIN,CC19/DT9,2267,2266,4533,21:00
2026-08-01,weekends/holiday,22,TRAIN,CC19/DT9,1509,1744,3253,22:00
2026-08-01,weekends/holiday,23,TRAIN,CC19/DT9,624,780,1404,23:00
2026-08-01,weekday,0,TRAIN,CC2,0,29,29,00:00
2026-08-01,weekday,5,TRAIN,CC2,110,2,112,05:00
2026-08-01,weekday,6,TRAIN,CC2,396,1871,2267,06:00
2026-08-01,weekday,7,TRAIN,CC2,1087,8266,9353,07:00
2026-08-01,weekday,8,TRAIN,CC2,2687,16048,18735,08:00
2026-08-01,weekday,9,TRAIN,CC2,2841,13072,15913,09:00
2026-08-01,weekday,10,TRAIN,CC2,2922,6870,9792,10:00
2026-08-01,weekday,11,TRAIN,CC2,5187,8941,14128,11:00
2026-08-01,weekday,12,TRAIN,CC2,5293,6242,11535,12:00
2026-08-01,weekday,13,TRAIN,CC2,4853,7070,11923,13:00
2026-08-01,weekday,14,TRAIN,CC2,4514,5650,10164,14:00
2026-08-01,weekday,15,TRAIN,CC2,6737,5414,12151,15:00
2026-08-01,weekday,16,TRAIN,CC2,6876,3816,10692,16:00
2026-08-01,weekday,17,TRAIN,CC2,12540,4707,17247,17:00
2026-08-01,weekday,18,TRAIN,CC2,18247,7841,26088,18:00
2026-08-01,weekday,19,TRAIN,CC2,8586,5092,13678,19:00
2026-08-01,weekday,20,TRAIN,CC2,5297,3158,8455,20:00
2026-08-01,weekday,21,TRAIN,CC2,6389,3021,9410,21:00
2026-08-01,weekday,22,TRAIN,CC2,6005,2405,8410,22:00
2026-08-01,weekday,23,TRAIN,CC2,1605,762,2367,23:00
2026-08-01,weekends/holiday,0,TRAIN,CC2,1,129,130,00:00
2026-08-01,weekends/holiday,5,TRAIN,CC2,46,2,48,05:00
2026-08-01,weekends/holiday,6,TRAIN,CC2,181,388,569,06:00
2026-08-01,weekends/holiday,7,TRAIN,CC2,481,1190,1671,07:00
2026-08-01,weekends/holiday,8,TRAIN,CC2,860,2606,3466,08:00
2026-08-01,weekends/holiday,9,TRAIN,CC2,1524,3256,4780,09:00
2026-08-01,weekends/holiday,10,TRAIN,CC2,1965,3111,5076,10:00
2026-08-01,weekends/holiday,11,TRAIN,CC2,2635,2585,5220,11:00
2026-08-01,weekends/holiday,12,TRAIN,CC2,3282,2553,5835,12:00
2026-08-01,weekends/holiday,13,TRAIN,CC2,2790,3234,6024,13:00
2026-08-01,weekends/holiday,14,TRAIN,CC2,2711,3143,5854,14:00
2026-08-01,weekends/holiday,15,TRAIN,CC2,3096,3110,6206,15:00
2026-08-01,weekends/holiday,16,TRAIN,CC2,3804,2983,6787,16:00
2026-08-01,weekends/holiday,17,TRAIN,CC2,4376,2828,7204,17:00
2026-08-01,weekends/holiday,18,TRAIN,CC2,4234,2069,6303,18:00
2026-08-01,weekends/holiday,19,TRAIN,CC2,3724,2482,6206,19:00
2026-08-01,weekends/holiday,20,TRAIN,CC2,2182,2245,4427,20:00
2026-08-01,weekends/holiday,21,TRAIN,CC2,2346,2380,4726,21:00
2026-08-01,weekends/holiday,22,TRAIN,CC2,1764,1625,3389,22:00
2026-08-01,weekends/holiday,23,TRAIN,CC2,632,810,1442,23:00
2026-08-01,weekday,0,TRAIN,CC20,17,251,268,00:00
2026-08-01,weekday,5,TRAIN,CC20,500,294,794,05:00
2026-08-01,weekday,6,TRAIN,CC20,4986,4819,9805,06:00
2026-08-01,weekday,7,TRAIN,CC20,13795,13316,27111,07:00
2026-08-01,weekday,8,TRAIN,CC20,15154,8330,23484,08:00
2026-08-01,weekday,9,TRAIN,CC20,9152,4700,13852,09:00
2026-08-01,weekday,10,TRAIN,CC20,5188,3168,8356,10:00
2026-08-01,weekday,11,TRAIN,CC20,5245,3276,8521,11:00
2026-08-01,weekday,12,TRAIN,CC20,4682,4262,8944,12:00
2026-08-01,weekday,13,TRAIN,CC20,6801,5128,11929,13:00
2026-08-01,weekday,14,TRAIN,CC20,9440,5604,15044,14:00
2026-08-01,weekday,15,TRAIN,CC20,5852,7101,12953,15:00
2026-08-01,weekday,16,TRAIN,CC20,6592,7475,14067,16:00
2026-08-01,weekday,17,TRAIN,CC20,9423,10848,20271,17:00
2026-08-01,weekday,18,TRAIN,CC20,10919,14976,25895,18:00
2026-08-01,weekday,19,TRAIN,CC20,5840,11283,17123,19:00
2026-08-01,weekday,20,TRAIN,CC20,3240,6361,9601,20:00
2026-08-01,weekday,21,TRAIN,CC20,2653,5565,8218,21:00
2026-08-01,weekday,22,TRAIN,CC20,1529,3504,5033,22:00
2026-08-01,weekday,23,TRAIN,CC20,369,1514,1883,23:00
2026-08-01,weekends/holiday,0,TRAIN,CC20,17,134,151,00:00
2026-08-01,weekends/holiday,5,TRAIN,CC20,100,48,148,05:00
2026-08-01,weekends/holiday,6,TRAIN,CC20,777,706,1483,06:00
2026-08-01,weekends/holiday,7,TRAIN,CC20,1582,1841,3423,07:00
2026-08-01,weekends/holiday,8,TRAIN,CC20,2725,2417,5142,08:00
2026-08-01,weekends/holiday,9,TRAIN,CC20,3615,2503,6118,09:00
2026-08-01,weekends/holiday,10,TRAIN,CC20,3852,2896,6748,10:00
2026-08-01,weekends/holiday,11,TRAIN,CC20,3853,3060,6913,11:00
2026-08-01,weekends/holiday,12,TRAIN,CC20,4195,2855,7050,12:00
2026-08-01,weekends/holiday,13,TRAIN,CC20,3935,3003,6938,13:00
2026-08-01,weekends/holiday,14,TRAIN,CC20,2773,3064,5837,14:00
2026-08-01,weekends/holiday,15,TRAIN,CC20,2772,3372,6144,15:00
2026-08-01,weekends/holiday,16,TRAIN,CC20,3092,3404,6496,16:00
2026-08-01,weekends/holiday,17,TRAIN,CC20,3928,3829,7757,17:00
2026-08-01,weekends/holiday,18,TRAIN,CC20,3373,3420,6793,18:00
2026-08-01,weekends/holiday,19,TRAIN,CC20,3023,3499,6522,19:00
2026-08-01,weekends/holiday,20,TRAIN,CC20,1696,2996,4692,20:00
2026-08-01,weekends/holiday,21,TRAIN,CC20,1187,2715,3902,21:00
2026-08-01,weekends/holiday,22,TRAIN,CC20,757,2033,2790,22:00
2026-08-01,weekends/holiday,23,TRAIN,CC20,208,939,1147,23:00
2026-08-01,weekday,0,TRAIN,CC21,107,260,367,00:00
2026-08-01,weekday,5,TRAIN,CC21,1044,247,1291,05:00
2026-08-01,weekday,6,TRAIN,CC21,5312,3459,8771,06:00
2026-08-01,weekday,7,TRAIN,CC21,11467,13463,24930,07:00
2026-08-01,weekday,8,TRAIN,CC21,15076,14449,29525,08:00
2026-08-01,weekday,9,TRAIN,CC21,10788,12777,23565,09:00
2026-08-01,weekday,10,TRAIN,CC21,7210,10740,17950,10:00
2026-08-01,weekday,11,TRAIN,CC21,8101,12917,21018,11:00
2026-08-01,weekday,12,TRAIN,CC21,10670,17007,27677,12:00
2026-08-01,weekday,13,TRAIN,CC21,16943,10561,27504,13:00
2026-08-01,weekday,14,TRAIN,CC21,11030,10350,21380,14:00
2026-08-01,weekday,15,TRAIN,CC21,13442,11991,25433,15:00
2026-08-01,weekday,16,TRAIN,CC21,12439,13939,26378,16:00
2026-08-01,weekday,17,TRAIN,CC21,15504,20508,36012,17:00
2026-08-01,weekday,18,TRAIN,CC21,16286,33684,49970,18:00
2026-08-01,weekday,19,TRAIN,CC21,15451,21550,37001,19:00
2026-08-01,weekday,20,TRAIN,CC21,15362,9507,24869,20:00
2026-08-01,weekday,21,TRAIN,CC21,15944,7357,23301,21:00
2026-08-01,weekday,22,TRAIN,CC21,11024,5235,16259,22:00
2026-08-01,weekday,23,TRAIN,CC21,3232,2175,5407,23:00
2026-08-01,weekends/holiday,0,TRAIN,CC21,77,182,259,00:00
2026-08-01,weekends/holiday,5,TRAIN,CC21,264,32,296,05:00
2026-08-01,weekends/holiday,6,TRAIN,CC21,1003,938,1941,06:00
2026-08-01,weekends/holiday,7,TRAIN,CC21,1378,2567,3945,07:00
2026-08-01,weekends/holiday,8,TRAIN,CC21,2665,4395,7060,08:00
2026-08-01,weekends/holiday,9,TRAIN,CC21,3685,6815,10500,09:00
2026-08-01,weekends/holiday,10,TRAIN,CC21,4554,7916,12470,10:00
2026-08-01,weekends/holiday,11,TRAIN,CC21,5636,8242,13878,11:00
2026-08-01,weekends/holiday,12,TRAIN,CC21,7106,8220,15326,12:00
2026-08-01,weekends/holiday,13,TRAIN,CC21,7806,8191,15997,13:00
2026-08-01,weekends/holiday,14,TRAIN,CC21,8403,6601,15004,14:00
2026-08-01,weekends/holiday,15,TRAIN,CC21,7998,6143,14141,15:00
2026-08-01,weekends/holiday,16,TRAIN,CC21,7678,6882,14560,16:00
2026-08-01,weekends/holiday,17,TRAIN,CC21,7689,8414,16103,17:00
2026-08-01,weekends/holiday,18,TRAIN,CC21,7406,9143,16549,18:00
2026-08-01,weekends/holiday,19,TRAIN,CC21,7627,7362,14989,19:00
2026-08-01,weekends/holiday,20,TRAIN,CC21,7573,4943,12516,20:00
2026-08-01,weekends/holiday,21,TRAIN,CC21,7576,4211,11787,21:00
2026-08-01,weekends/holiday,22,TRAIN,CC21,6198,3168,9366,22:00
2026-08-01,weekends/holiday,23,TRAIN,CC21,1879,1573,3452,23:00
2026-08-01,weekday,0,TRAIN,CC23,46,169,215,00:00
2026-08-01,weekday,5,TRAIN,CC23,262,796,1058,05:00
2026-08-01,weekday,6,TRAIN,CC23,949,13943,14892,06:00
2026-08-01,weekday,7,TRAIN,CC23,3784,38029,41813,07:00
2026-08-01,weekday,8,TRAIN,CC23,5359,81249,86608,08:00
2026-08-01,weekday,9,TRAIN,CC23,3916,90762,94678,09:00
2026-08-01,weekday,10,TRAIN,CC23,4152,28421,32573,10:00
2026-08-01,weekday,11,TRAIN,CC23,12027,12344,24371,11:00
2026-08-01,weekday,12,TRAIN,CC23,17825,14851,32676,12:00
2026-08-01,weekday,13,TRAIN,CC23,14305,18307,32612,13:00
2026-08-01,weekday,14,TRAIN,CC23,10433,11080,21513,14:00
2026-08-01,weekday,15,TRAIN,CC23,15281,5734,21015,15:00
2026-08-01,weekday,16,TRAIN,CC23,25224,5369,30593,16:00
2026-08-01,weekday,17,TRAIN,CC23,71102,7881,78983,17:00
2026-08-01,weekday,18,TRAIN,CC23,93358,10700,104058,18:00
2026-08-01,weekday,19,TRAIN,CC23,42711,5839,48550,19:00
2026-08-01,weekday,20,TRAIN,CC23,17551,2582,20133,20:00
2026-08-01,weekday,21,TRAIN,CC23,9601,2322,11923,21:00
2026-08-01,weekday,22,TRAIN,CC23,4562,1435,5997,22:00
2026-08-01,weekday,23,TRAIN,CC23,1510,580,2090,23:00
2026-08-01,weekends/holiday,0,TRAIN,CC23,13,105,118,00:00
2026-08-01,weekends/holiday,5,TRAIN,CC23,58,46,104,05:00
2026-08-01,weekends/holiday,6,TRAIN,CC23,183,1313,1496,06:00
2026-08-01,weekends/holiday,7,TRAIN,CC23,817,2906,3723,07:00
2026-08-01,weekends/holiday,8,TRAIN,CC23,894,3313,4207,08:00
2026-08-01,weekends/holiday,9,TRAIN,CC23,1102,3313,4415,09:00
2026-08-01,weekends/holiday,10,TRAIN,CC23,1825,2835,4660,10:00
2026-08-01,weekends/holiday,11,TRAIN,CC23,2619,2529,5148,11:00
2026-08-01,weekends/holiday,12,TRAIN,CC23,3336,2748,6084,12:00
2026-08-01,weekends/holiday,13,TRAIN,CC23,3255,3071,6326,13:00
2026-08-01,weekends/holiday,14,TRAIN,CC23,3063,2567,5630,14:00
2026-08-01,weekends/holiday,15,TRAIN,CC23,2721,1962,4683,15:00
2026-08-01,weekends/holiday,16,TRAIN,CC23,3065,1853,4918,16:00
2026-08-01,weekends/holiday,17,TRAIN,CC23,3877,2106,5983,17:00
2026-08-01,weekends/holiday,18,TRAIN,CC23,3382,2201,5583,18:00
2026-08-01,weekends/holiday,19,TRAIN,CC23,2942,1726,4668,19:00
2026-08-01,weekends/holiday,20,TRAIN,CC23,2516,1178,3694,20:00
2026-08-01,weekends/holiday,21,TRAIN,CC23,2327,1320,3647,21:00
2026-08-01,weekends/holiday,22,TRAIN,CC23,1442,896,2338,22:00
2026-08-01,weekends/holiday,23,TRAIN,CC23,376,339,715,23:00
2026-08-01,weekday,0,TRAIN,CC24,87,171,258,00:00
2026-08-01,weekday,5,TRAIN,CC24,272,856,1128,05:00
2026-08-01,weekday,6,TRAIN,CC24,1444,20913,22357,06:00
2026-08-01,weekday,7,TRAIN,CC24,6304,79053,85357,07:00
2026-08-01,weekday,8,TRAIN,CC24,10244,128066,138310,08:00
2026-08-01,weekday,9,TRAIN,CC24,11654,97214,108868,09:00
2026-08-01,weekday,10,TRAIN,CC24,16232,42158,58390,10:00
2026-08-01,weekday,11,TRAIN,CC24,26644,38372,65016,11:00
2026-08-01,weekday,12,TRAIN,CC24,32627,29407,62034,12:00
2026-08-01,weekday,13,TRAIN,CC24,27569,35066,62635,13:00
2026-08-01,weekday,14,TRAIN,CC24,28298,26141,54439,14:00
2026-08-01,weekday,15,TRAIN,CC24,38316,19045,57361,15:00
2026-08-01,weekday,16,TRAIN,CC24,54737,13935,68672,16:00
2026-08-01,weekday,17,TRAIN,CC24,113276,19096,132372,17:00
2026-08-01,weekday,18,TRAIN,CC24,118986,23113,142099,18:00
2026-08-01,weekday,19,TRAIN,CC24,55186,12285,67471,19:00
2026-08-01,weekday,20,TRAIN,CC24,38224,6721,44945,20:00
2026-08-01,weekday,21,TRAIN,CC24,34365,5642,40007,21:00
2026-08-01,weekday,22,TRAIN,CC24,14356,4236,18592,22:00
2026-08-01,weekday,23,TRAIN,CC24,3228,1642,4870,23:00
2026-08-01,weekends/holiday,0,TRAIN,CC24,37,96,133,00:00
2026-08-01,weekends/holiday,5,TRAIN,CC24,119,55,174,05:00
2026-08-01,weekends/holiday,6,TRAIN,CC24,444,4255,4699,06:00
2026-08-01,weekends/holiday,7,TRAIN,CC24,2086,8220,10306,07:00
2026-08-01,weekends/holiday,8,TRAIN,CC24,2682,7642,10324,08:00
2026-08-01,weekends/holiday,9,TRAIN,CC24,2661,6323,8984,09:00
2026-08-01,weekends/holiday,10,TRAIN,CC24,3406,5845,9251,10:00
2026-08-01,weekends/holiday,11,TRAIN,CC24,4941,6891,11832,11:00
2026-08-01,weekends/holiday,12,TRAIN,CC24,7058,7382,14440,12:00
2026-08-01,weekends/holiday,13,TRAIN,CC24,7414,6647,14061,13:00
2026-08-01,weekends/holiday,14,TRAIN,CC24,7756,6209,13965,14:00
2026-08-01,weekends/holiday,15,TRAIN,CC24,8254,5654,13908,15:00
2026-08-01,weekends/holiday,16,TRAIN,CC24,9292,5356,14648,16:00
2026-08-01,weekends/holiday,17,TRAIN,CC24,11256,5292,16548,17:00
2026-08-01,weekends/holiday,18,TRAIN,CC24,9228,5567,14795,18:00
2026-08-01,weekends/holiday,19,TRAIN,CC24,8673,4592,13265,19:00
2026-08-01,weekends/holiday,20,TRAIN,CC24,7149,3950,11099,20:00
2026-08-01,weekends/holiday,21,TRAIN,CC24,6070,4149,10219,21:00
2026-08-01,weekends/holiday,22,TRAIN,CC24,2822,3105,5927,22:00
2026-08-01,weekends/holiday,23,TRAIN,CC24,841,1244,2085,23:00
2026-08-01,weekday,0,TRAIN,CC25,25,206,231,00:00
2026-08-01,weekday,5,TRAIN,CC25,1011,245,1256,05:00
2026-08-01,weekday,6,TRAIN,CC25,5120,8427,13547,06:00
2026-08-01,weekday,7,TRAIN,CC25,11689,15570,27259,07:00
2026-08-01,weekday,8,TRAIN,CC25,13732,25696,39428,08:00
2026-08-01,weekday,9,TRAIN,CC25,9345,12760,22105,09:00
2026-08-01,weekday,10,TRAIN,CC25,5745,4800,10545,10:00
2026-08-01,weekday,11,TRAIN,CC25,6205,3315,9520,11:00
2026-08-01,weekday,12,TRAIN,CC25,5856,4176,10032,12:00
2026-08-01,weekday,13,TRAIN,CC25,5339,5001,10340,13:00
2026-08-01,weekday,14,TRAIN,CC25,4914,5195,10109,14:00
2026-08-01,weekday,15,TRAIN,CC25,5920,4986,10906,15:00
2026-08-01,weekday,16,TRAIN,CC25,8932,5809,14741,16:00
2026-08-01,weekday,17,TRAIN,CC25,24243,8436,32679,17:00
2026-08-01,weekday,18,TRAIN,CC25,25809,13636,39445,18:00
2026-08-01,weekday,19,TRAIN,CC25,13423,9985,23408,19:00
2026-08-01,weekday,20,TRAIN,CC25,5474,7277,12751,20:00
2026-08-01,weekday,21,TRAIN,CC25,4507,6600,11107,21:00
2026-08-01,weekday,22,TRAIN,CC25,2847,4404,7251,22:00
2026-08-01,weekday,23,TRAIN,CC25,991,2062,3053,23:00
2026-08-01,weekends/holiday,0,TRAIN,CC25,18,163,181,00:00
2026-08-01,weekends/holiday,5,TRAIN,CC25,369,53,422,05:00
2026-08-01,weekends/holiday,6,TRAIN,CC25,1355,2371,3726,06:00
2026-08-01,weekends/holiday,7,TRAIN,CC25,2454,3072,5526,07:00
2026-08-01,weekends/holiday,8,TRAIN,CC25,2414,2755,5169,08:00
2026-08-01,weekends/holiday,9,TRAIN,CC25,3107,2460,5567,09:00
2026-08-01,weekends/holiday,10,TRAIN,CC25,3937,2047,5984,10:00
2026-08-01,weekends/holiday,11,TRAIN,CC25,3833,1921,5754,11:00
2026-08-01,weekends/holiday,12,TRAIN,CC25,4589,2175,6764,12:00
2026-08-01,weekends/holiday,13,TRAIN,CC25,3561,2517,6078,13:00
2026-08-01,weekends/holiday,14,TRAIN,CC25,3245,2830,6075,14:00
2026-08-01,weekends/holiday,15,TRAIN,CC25,3464,2540,6004,15:00
2026-08-01,weekends/holiday,16,TRAIN,CC25,4026,2753,6779,16:00
2026-08-01,weekends/holiday,17,TRAIN,CC25,4954,2948,7902,17:00
2026-08-01,weekends/holiday,18,TRAIN,CC25,4465,4037,8502,18:00
2026-08-01,weekends/holiday,19,TRAIN,CC25,4893,3606,8499,19:00
2026-08-01,weekends/holiday,20,TRAIN,CC25,2098,3377,5475,20:00
2026-08-01,weekends/holiday,21,TRAIN,CC25,1961,4031,5992,21:00
2026-08-01,weekends/holiday,22,TRAIN,CC25,1376,2925,4301,22:00
2026-08-01,weekends/holiday,23,TRAIN,CC25,486,1263,1749,23:00
2026-08-01,weekday,0,TRAIN,CC26,9,203,212,00:00
2026-08-01,weekday,5,TRAIN,CC26,224,333,557,05:00
2026-08-01,weekday,6,TRAIN,CC26,1957,14715,16672,06:00
2026-08-01,weekday,7,TRAIN,CC26,7758,23484,31242,07:00
2026-08-01,weekday,8,TRAIN,CC26,7801,28835,36636,08:00
2026-08-01,weekday,9,TRAIN,CC26,4944,15023,19967,09:00
2026-08-01,weekday,10,TRAIN,CC26,3118,3978,7096,10:00
2026-08-01,weekday,11,TRAIN,CC26,4968,2668,7636,11:00
2026-08-01,weekday,12,TRAIN,CC26,6155,3953,10108,12:00
2026-08-01,weekday,13,TRAIN,CC26,3862,6022,9884,13:00
2026-08-01,weekday,14,TRAIN,CC26,3071,4294,7365,14:00
2026-08-01,weekday,15,TRAIN,CC26,4094,3196,7290,15:00
2026-08-01,weekday,16,TRAIN,CC26,7611,3568,11179,16:00
2026-08-01,weekday,17,TRAIN,CC26,28028,5953,33981,17:00
2026-08-01,weekday,18,TRAIN,CC26,28618,11338,39956,18:00
2026-08-01,weekday,19,TRAIN,CC26,15673,7595,23268,19:00
2026-08-01,weekday,20,TRAIN,CC26,7211,4553,11764,20:00
2026-08-01,weekday,21,TRAIN,CC26,3218,3641,6859,21:00
2026-08-01,weekday,22,TRAIN,CC26,2989,2219,5208,22:00
2026-08-01,weekday,23,TRAIN,CC26,820,994,1814,23:00
2026-08-01,weekends/holiday,0,TRAIN,CC26,3,110,113,00:00
2026-08-01,weekends/holiday,5,TRAIN,CC26,84,45,129,05:00
2026-08-01,weekends/holiday,6,TRAIN,CC26,528,3667,4195,06:00
2026-08-01,weekends/holiday,7,TRAIN,CC26,2783,3482,6265,07:00
2026-08-01,weekends/holiday,8,TRAIN,CC26,2127,1904,4031,08:00
2026-08-01,weekends/holiday,9,TRAIN,CC26,1685,2000,3685,09:00
2026-08-01,weekends/holiday,10,TRAIN,CC26,1796,1339,3135,10:00
2026-08-01,weekends/holiday,11,TRAIN,CC26,1840,1061,2901,11:00
2026-08-01,weekends/holiday,12,TRAIN,CC26,2131,1360,3491,12:00
2026-08-01,weekends/holiday,13,TRAIN,CC26,1901,1885,3786,13:00
2026-08-01,weekends/holiday,14,TRAIN,CC26,1659,1879,3538,14:00
2026-08-01,weekends/holiday,15,TRAIN,CC26,2035,1639,3674,15:00
2026-08-01,weekends/holiday,16,TRAIN,CC26,2051,1622,3673,16:00
2026-08-01,weekends/holiday,17,TRAIN,CC26,3438,2423,5861,17:00
2026-08-01,weekends/holiday,18,TRAIN,CC26,2689,3978,6667,18:00
2026-08-01,weekends/holiday,19,TRAIN,CC26,4639,2803,7442,19:00
2026-08-01,weekends/holiday,20,TRAIN,CC26,2114,2259,4373,20:00
2026-08-01,weekends/holiday,21,TRAIN,CC26,1104,2369,3473,21:00
2026-08-01,weekends/holiday,22,TRAIN,CC26,1013,1387,2400,22:00
2026-08-01,weekends/holiday,23,TRAIN,CC26,378,673,1051,23:00
2026-08-01,weekday,0,TRAIN,CC27,6,8,14,00:00
2026-08-01,weekday,5,TRAIN,CC27,120,122,242,05:00
2026-08-01,weekday,6,TRAIN,CC27,811,5168,5979,06:00
2026-08-01,weekday,7,TRAIN,CC27,1697,20030,21727,07:00
2026-08-01,weekday,8,TRAIN,CC27,1872,70287,72159,08:00
2026-08-01,weekday,9,TRAIN,CC27,1800,49854,51654,09:00
2026-08-01,weekday,10,TRAIN,CC27,1663,12619,14282,10:00
2026-08-01,weekday,11,TRAIN,CC27,6034,5401,11435,11:00
2026-08-01,weekday,12,TRAIN,CC27,7834,5539,13373,12:00
2026-08-01,weekday,13,TRAIN,CC27,4960,9080,14040,13:00
2026-08-01,weekday,14,TRAIN,CC27,4523,5656,10179,14:00
2026-08-01,weekday,15,TRAIN,CC27,6360,2716,9076,15:00
2026-08-01,weekday,16,TRAIN,CC27,12749,2484,15233,16:00
2026-08-01,weekday,17,TRAIN,CC27,45013,3240,48253,17:00
2026-08-01,weekday,18,TRAIN,CC27,65411,5171,70582,18:00
2026-08-01,weekday,19,TRAIN,CC27,25966,2966,28932,19:00
2026-08-01,weekday,20,TRAIN,CC27,11006,1401,12407,20:00
2026-08-01,weekday,21,TRAIN,CC27,6186,1091,7277,21:00
2026-08-01,weekday,22,TRAIN,CC27,2902,793,3695,22:00
2026-08-01,weekday,23,TRAIN,CC27,787,273,1060,23:00
2026-08-01,weekends/holiday,0,TRAIN,CC27,7,14,21,00:00
2026-08-01,weekends/holiday,5,TRAIN,CC27,44,8,52,05:00
2026-08-01,weekends/holiday,6,TRAIN,CC27,220,476,696,06:00
2026-08-01,weekends/holiday,7,TRAIN,CC27,417,1430,1847,07:00
2026-08-01,weekends/holiday,8,TRAIN,CC27,446,2358,2804,08:00
2026-08-01,weekends/holiday,9,TRAIN,CC27,553,2022,2575,09:00
2026-08-01,weekends/holiday,10,TRAIN,CC27,825,1772,2597,10:00
2026-08-01,weekends/holiday,11,TRAIN,CC27,1067,1542,2609,11:00
2026-08-01,weekends/holiday,12,TRAIN,CC27,1464,1396,2860,12:00
2026-08-01,weekends/holiday,13,TRAIN,CC27,1614,1507,3121,13:00
2026-08-01,weekends/holiday,14,TRAIN,CC27,1774,1368,3142,14:00
2026-08-01,weekends/holiday,15,TRAIN,CC27,1825,1275,3100,15:00
2026-08-01,weekends/holiday,16,TRAIN,CC27,1896,1484,3380,16:00
2026-08-01,weekends/holiday,17,TRAIN,CC27,2127,1628,3755,17:00
2026-08-01,weekends/holiday,18,TRAIN,CC27,2068,1291,3359,18:00
2026-08-01,weekends/holiday,19,TRAIN,CC27,1883,1069,2952,19:00
2026-08-01,weekends/holiday,20,TRAIN,CC27,1388,750,2138,20:00
2026-08-01,weekends/holiday,21,TRAIN,CC27,1287,739,2026,21:00
2026-08-01,weekends/holiday,22,TRAIN,CC27,871,531,1402,22:00
2026-08-01,weekends/holiday,23,TRAIN,CC27,233,161,394,23:00
2026-08-01,weekday,0,TRAIN,CC28,1,86,87,00:00
2026-08-01,weekday,5,TRAIN,CC28,1244,53,1297,05:00
2026-08-01,weekday,6,TRAIN,CC28,6286,2144,8430,06:00
2026-08-01,weekday,7,TRAIN,CC28,10802,6818,17620,07:00
2026-08-01,weekday,8,TRAIN,CC28,14179,10959,25138,08:00
2026-08-01,weekday,9,TRAIN,CC28,8953,8277,17230,09:00
2026-08-01,weekday,10,TRAIN,CC28,4819,3233,8052,10:00
2026-08-01,weekday,11,TRAIN,CC28,4421,2329,6750,11:00
2026-08-01,weekday,12,TRAIN,CC28,4235,3361,7596,12:00
2026-08-01,weekday,13,TRAIN,CC28,3912,3476,7388,13:00
2026-08-01,weekday,14,TRAIN,CC28,3162,3703,6865,14:00
2026-08-01,weekday,15,TRAIN,CC28,2811,4243,7054,15:00
2026-08-01,weekday,16,TRAIN,CC28,3620,5024,8644,16:00
2026-08-01,weekday,17,TRAIN,CC28,6919,7930,14849,17:00
2026-08-01,weekday,18,TRAIN,CC28,9765,12964,22729,18:00
2026-08-01,weekday,19,TRAIN,CC28,5064,9916,14980,19:00
2026-08-01,weekday,20,TRAIN,CC28,2836,6887,9723,20:00
2026-08-01,weekday,21,TRAIN,CC28,1975,6269,8244,21:00
2026-08-01,weekday,22,TRAIN,CC28,1275,5050,6325,22:00
2026-08-01,weekday,23,TRAIN,CC28,305,2259,2564,23:00
2026-08-01,weekends/holiday,0,TRAIN,CC28,1,88,89,00:00
2026-08-01,weekends/holiday,5,TRAIN,CC28,254,9,263,05:00
2026-08-01,weekends/holiday,6,TRAIN,CC28,1098,486,1584,06:00
2026-08-01,weekends/holiday,7,TRAIN,CC28,1704,1295,2999,07:00
2026-08-01,weekends/holiday,8,TRAIN,CC28,2313,1473,3786,08:00
2026-08-01,weekends/holiday,9,TRAIN,CC28,3249,1315,4564,09:00
2026-08-01,weekends/holiday,10,TRAIN,CC28,3327,1413,4740,10:00
2026-08-01,weekends/holiday,11,TRAIN,CC28,3177,1654,4831,11:00
2026-08-01,weekends/holiday,12,TRAIN,CC28,3004,1834,4838,12:00
2026-08-01,weekends/holiday,13,TRAIN,CC28,2871,2236,5107,13:00
2026-08-01,weekends/holiday,14,TRAIN,CC28,2518,2460,4978,14:00
2026-08-01,weekends/holiday,15,TRAIN,CC28,2633,2480,5113,15:00
2026-08-01,weekends/holiday,16,TRAIN,CC28,2823,2590,5413,16:00
2026-08-01,weekends/holiday,17,TRAIN,CC28,3128,2948,6076,17:00
2026-08-01,weekends/holiday,18,TRAIN,CC28,3091,2993,6084,18:00
2026-08-01,weekends/holiday,19,TRAIN,CC28,2224,3178,5402,19:00
2026-08-01,weekends/holiday,20,TRAIN,CC28,1518,3532,5050,20:00
2026-08-01,weekends/holiday,21,TRAIN,CC28,984,3970,4954,21:00
2026-08-01,weekends/holiday,22,TRAIN,CC28,771,3187,3958,22:00
2026-08-01,weekends/holiday,23,TRAIN,CC28,213,1449,1662,23:00
2026-08-01,weekday,0,TRAIN,CC3,0,16,16,00:00
2026-08-01,weekday,5,TRAIN,CC3,58,14,72,05:00
2026-08-01,weekday,6,TRAIN,CC3,225,3494,3719,06:00
2026-08-01,weekday,7,TRAIN,CC3,574,7464,8038,07:00
2026-08-01,weekday,8,TRAIN,CC3,1783,19659,21442,08:00
2026-08-01,weekday,9,TRAIN,CC3,1870,22609,24479,09:00
2026-08-01,weekday,10,TRAIN,CC3,2461,12269,14730,10:00
2026-08-01,weekday,11,TRAIN,CC3,4230,8535,12765,11:00
2026-08-01,weekday,12,TRAIN,CC3,5457,8383,13840,12:00
2026-08-01,weekday,13,TRAIN,CC3,7197,6953,14150,13:00
2026-08-01,weekday,14,TRAIN,CC3,6894,6130,13024,14:00
2026-08-01,weekday,15,TRAIN,CC3,7540,5669,13209,15:00
2026-08-01,weekday,16,TRAIN,CC3,8911,5722,14633,16:00
2026-08-01,weekday,17,TRAIN,CC3,16688,6935,23623,17:00
2026-08-01,weekday,18,TRAIN,CC3,25282,12277,37559,18:00
2026-08-01,weekday,19,TRAIN,CC3,15338,8017,23355,19:00
2026-08-01,weekday,20,TRAIN,CC3,12885,3479,16364,20:00
2026-08-01,weekday,21,TRAIN,CC3,13766,2559,16325,21:00
2026-08-01,weekday,22,TRAIN,CC3,12130,1594,13724,22:00
2026-08-01,weekday,23,TRAIN,CC3,3986,568,4554,23:00
2026-08-01,weekends/holiday,0,TRAIN,CC3,1,38,39,00:00
2026-08-01,weekends/holiday,5,TRAIN,CC3,17,3,20,05:00
2026-08-01,weekends/holiday,6,TRAIN,CC3,176,1089,1265,06:00
2026-08-01,weekends/holiday,7,TRAIN,CC3,336,2507,2843,07:00
2026-08-01,weekends/holiday,8,TRAIN,CC3,555,3528,4083,08:00
2026-08-01,weekends/holiday,9,TRAIN,CC3,1377,7205,8582,09:00
2026-08-01,weekends/holiday,10,TRAIN,CC3,1976,8738,10714,10:00
2026-08-01,weekends/holiday,11,TRAIN,CC3,2682,8263,10945,11:00
2026-08-01,weekends/holiday,12,TRAIN,CC3,5106,8447,13553,12:00
2026-08-01,weekends/holiday,13,TRAIN,CC3,6122,8769,14891,13:00
2026-08-01,weekends/holiday,14,TRAIN,CC3,7009,7281,14290,14:00
2026-08-01,weekends/holiday,15,TRAIN,CC3,9087,6917,16004,15:00
2026-08-01,weekends/holiday,16,TRAIN,CC3,10525,7936,18461,16:00
2026-08-01,weekends/holiday,17,TRAIN,CC3,10288,7237,17525,17:00
2026-08-01,weekends/holiday,18,TRAIN,CC3,10473,6380,16853,18:00
2026-08-01,weekends/holiday,19,TRAIN,CC3,10893,4616,15509,19:00
2026-08-01,weekends/holiday,20,TRAIN,CC3,9460,3009,12469,20:00
2026-08-01,weekends/holiday,21,TRAIN,CC3,10586,2570,13156,21:00
2026-08-01,weekends/holiday,22,TRAIN,CC3,8201,1216,9417,22:00
2026-08-01,weekends/holiday,23,TRAIN,CC3,2287,619,2906,23:00
2026-08-01,weekday,0,TRAIN,CC30,1,2,3,00:00
2026-08-01,weekday,5,TRAIN,CC30,8,1,9,05:00
2026-08-01,weekday,6,TRAIN,CC30,138,98,236,06:00
2026-08-01,weekday,7,TRAIN,CC30,578,291,869,07:00
2026-08-01,weekday,8,TRAIN,CC30,287,290,577,08:00
2026-08-01,weekday,9,TRAIN,CC30,145,116,261,09:00
2026-08-01,weekday,10,TRAIN,CC30,124,116,240,10:00
2026-08-01,weekday,11,TRAIN,CC30,128,99,227,11:00
2026-08-01,weekday,12,TRAIN,CC30,113,173,286,12:00
2026-08-01,weekday,13,TRAIN,CC30,144,139,283,13:00
2026-08-01,weekday,14,TRAIN,CC30,190,181,371,14:00
2026-08-01,weekday,15,TRAIN,CC30,170,141,311,15:00
2026-08-01,weekday,16,TRAIN,CC30,188,133,321,16:00
2026-08-01,weekday,17,TRAIN,CC30,300,152,452,17:00
2026-08-01,weekday,18,TRAIN,CC30,521,273,794,18:00
2026-08-01,weekday,19,TRAIN,CC30,258,161,419,19:00
2026-08-01,weekday,20,TRAIN,CC30,106,152,258,20:00
2026-08-01,weekday,21,TRAIN,CC30,74,101,175,21:00
2026-08-01,weekday,22,TRAIN,CC30,64,73,137,22:00
2026-08-01,weekday,23,TRAIN,CC30,32,47,79,23:00
2026-08-01,weekends/holiday,0,TRAIN,CC30,1,5,6,00:00
2026-08-01,weekends/holiday,5,TRAIN,CC30,5,2,7,05:00
2026-08-01,weekends/holiday,6,TRAIN,CC30,51,33,84,06:00
2026-08-01,weekends/holiday,7,TRAIN,CC30,121,134,255,07:00
2026-08-01,weekends/holiday,8,TRAIN,CC30,42,65,107,08:00
2026-08-01,weekends/holiday,9,TRAIN,CC30,46,66,112,09:00
2026-08-01,weekends/holiday,10,TRAIN,CC30,107,86,193,10:00
2026-08-01,weekends/holiday,11,TRAIN,CC30,149,117,266,11:00
2026-08-01,weekends/holiday,12,TRAIN,CC30,99,114,213,12:00
2026-08-01,weekends/holiday,13,TRAIN,CC30,175,167,342,13:00
2026-08-01,weekends/holiday,14,TRAIN,CC30,147,138,285,14:00
2026-08-01,weekends/holiday,15,TRAIN,CC30,187,164,351,15:00
2026-08-01,weekends/holiday,16,TRAIN,CC30,169,171,340,16:00
2026-08-01,weekends/holiday,17,TRAIN,CC30,182,150,332,17:00
2026-08-01,weekends/holiday,18,TRAIN,CC30,254,126,380,18:00
2026-08-01,weekends/holiday,19,TRAIN,CC30,111,80,191,19:00
2026-08-01,weekends/holiday,20,TRAIN,CC30,82,106,188,20:00
2026-08-01,weekends/holiday,21,TRAIN,CC30,78,132,210,21:00
2026-08-01,weekends/holiday,22,TRAIN,CC30,45,59,104,22:00
2026-08-01,weekends/holiday,23,TRAIN,CC30,17,28,45,23:00
2026-08-01,weekday,0,TRAIN,CC31,0,4,4,00:00
2026-08-01,weekday,5,TRAIN,CC31,148,9,157,05:00
2026-08-01,weekday,6,TRAIN,CC31,1808,189,1997,06:00
2026-08-01,weekday,7,TRAIN,CC31,3502,1487,4989,07:00
2026-08-01,weekday,8,TRAIN,CC31,6099,2275,8374,08:00
2026-08-01,weekday,9,TRAIN,CC31,4437,2119,6556,09:00
2026-08-01,weekday,10,TRAIN,CC31,2284,1231,3515,10:00
2026-08-01,weekday,11,TRAIN,CC31,2188,1294,3482,11:00
2026-08-01,weekday,12,TRAIN,CC31,2334,1777,4111,12:00
2026-08-01,weekday,13,TRAIN,CC31,2262,2428,4690,13:00
2026-08-01,weekday,14,TRAIN,CC31,1730,2294,4024,14:00
2026-08-01,weekday,15,TRAIN,CC31,1899,2284,4183,15:00
2026-08-01,weekday,16,TRAIN,CC31,2096,2525,4621,16:00
2026-08-01,weekday,17,TRAIN,CC31,3750,3690,7440,17:00
2026-08-01,weekday,18,TRAIN,CC31,4875,5683,10558,18:00
2026-08-01,weekday,19,TRAIN,CC31,2711,4627,7338,19:00
2026-08-01,weekday,20,TRAIN,CC31,1268,3341,4609,20:00
2026-08-01,weekday,21,TRAIN,CC31,891,3321,4212,21:00
2026-08-01,weekday,22,TRAIN,CC31,724,2965,3689,22:00
2026-08-01,weekday,23,TRAIN,CC31,282,1231,1513,23:00
2026-08-01,weekends/holiday,0,TRAIN,CC31,1,9,10,00:00
2026-08-01,weekends/holiday,5,TRAIN,CC31,34,0,34,05:00
2026-08-01,weekends/holiday,6,TRAIN,CC31,486,39,525,06:00
2026-08-01,weekends/holiday,7,TRAIN,CC31,746,335,1081,07:00
2026-08-01,weekends/holiday,8,TRAIN,CC31,1236,510,1746,08:00
2026-08-01,weekends/holiday,9,TRAIN,CC31,1478,669,2147,09:00
2026-08-01,weekends/holiday,10,TRAIN,CC31,1734,881,2615,10:00
2026-08-01,weekends/holiday,11,TRAIN,CC31,1704,1042,2746,11:00
2026-08-01,weekends/holiday,12,TRAIN,CC31,1786,1435,3221,12:00
2026-08-01,weekends/holiday,13,TRAIN,CC31,1781,1920,3701,13:00
2026-08-01,weekends/holiday,14,TRAIN,CC31,1595,2234,3829,14:00
2026-08-01,weekends/holiday,15,TRAIN,CC31,1768,1964,3732,15:00
2026-08-01,weekends/holiday,16,TRAIN,CC31,2347,1843,4190,16:00
2026-08-01,weekends/holiday,17,TRAIN,CC31,2422,1803,4225,17:00
2026-08-01,weekends/holiday,18,TRAIN,CC31,2141,1654,3795,18:00
2026-08-01,weekends/holiday,19,TRAIN,CC31,1621,1818,3439,19:00
2026-08-01,weekends/holiday,20,TRAIN,CC31,754,1981,2735,20:00
2026-08-01,weekends/holiday,21,TRAIN,CC31,604,2399,3003,21:00
2026-08-01,weekends/holiday,22,TRAIN,CC31,363,1889,2252,22:00
2026-08-01,weekends/holiday,23,TRAIN,CC31,197,860,1057,23:00
2026-08-01,weekday,0,TRAIN,CC32,0,8,8,00:00
2026-08-01,weekday,5,TRAIN,CC32,10,4,14,05:00
2026-08-01,weekday,6,TRAIN,CC32,183,372,555,06:00
2026-08-01,weekday,7,TRAIN,CC32,752,1919,2671,07:00
2026-08-01,weekday,8,TRAIN,CC32,1549,7218,8767,08:00
2026-08-01,weekday,9,TRAIN,CC32,1319,6648,7967,09:00
2026-08-01,weekday,10,TRAIN,CC32,1110,2149,3259,10:00
2026-08-01,weekday,11,TRAIN,CC32,2271,1124,3395,11:00
2026-08-01,weekday,12,TRAIN,CC32,2172,1795,3967,12:00
2026-08-01,weekday,13,TRAIN,CC32,1587,2541,4128,13:00
2026-08-01,weekday,14,TRAIN,CC32,1436,1795,3231,14:00
2026-08-01,weekday,15,TRAIN,CC32,1196,1238,2434,15:00
2026-08-01,weekday,16,TRAIN,CC32,1974,1252,3226,16:00
2026-08-01,weekday,17,TRAIN,CC32,7062,2148,9210,17:00
2026-08-01,weekday,18,TRAIN,CC32,11207,3582,14789,18:00
2026-08-01,weekday,19,TRAIN,CC32,4103,2194,6297,19:00
2026-08-01,weekday,20,TRAIN,CC32,1640,1710,3350,20:00
2026-08-01,weekday,21,TRAIN,CC32,1223,1796,3019,21:00
2026-08-01,weekday,22,TRAIN,CC32,845,1111,1956,22:00
2026-08-01,weekday,23,TRAIN,CC32,251,430,681,23:00
2026-08-01,weekends/holiday,0,TRAIN,CC32,0,5,5,00:00
2026-08-01,weekends/holiday,5,TRAIN,CC32,2,1,3,05:00
2026-08-01,weekends/holiday,6,TRAIN,CC32,68,36,104,06:00
2026-08-01,weekends/holiday,7,TRAIN,CC32,107,197,304,07:00
2026-08-01,weekends/holiday,8,TRAIN,CC32,261,329,590,08:00
2026-08-01,weekends/holiday,9,TRAIN,CC32,503,334,837,09:00
2026-08-01,weekends/holiday,10,TRAIN,CC32,800,470,1270,10:00
2026-08-01,weekends/holiday,11,TRAIN,CC32,928,513,1441,11:00
2026-08-01,weekends/holiday,12,TRAIN,CC32,837,766,1603,12:00
2026-08-01,weekends/holiday,13,TRAIN,CC32,791,811,1602,13:00
2026-08-01,weekends/holiday,14,TRAIN,CC32,905,978,1883,14:00
2026-08-01,weekends/holiday,15,TRAIN,CC32,941,951,1892,15:00
2026-08-01,weekends/holiday,16,TRAIN,CC32,963,911,1874,16:00
2026-08-01,weekends/holiday,17,TRAIN,CC32,1118,1161,2279,17:00
2026-08-01,weekends/holiday,18,TRAIN,CC32,1041,1077,2118,18:00
2026-08-01,weekends/holiday,19,TRAIN,CC32,911,911,1822,19:00
2026-08-01,weekends/holiday,20,TRAIN,CC32,521,1247,1768,20:00
2026-08-01,weekends/holiday,21,TRAIN,CC32,495,1344,1839,21:00
2026-08-01,weekends/holiday,22,TRAIN,CC32,342,847,1189,22:00
2026-08-01,weekends/holiday,23,TRAIN,CC32,99,349,448,23:00
2026-08-01,weekday,0,TRAIN,CC34/DT16,1638,698,2336,00:00
2026-08-01,weekday,5,TRAIN,CC34/DT16,1380,274,1654,05:00
2026-08-01,weekday,6,TRAIN,CC34/DT16,6975,24633,31608,06:00
2026-08-01,weekday,7,TRAIN,CC34/DT16,11501,30205,41706,07:00
2026-08-01,weekday,8,TRAIN,CC34/DT16,11303,43985,55288,08:00
2026-08-01,weekday,9,TRAIN,CC34/DT16,8342,40628,48970,09:00
2026-08-01,weekday,10,TRAIN,CC34/DT16,10841,36552,47393,10:00
2026-08-01,weekday,11,TRAIN,CC34/DT16,17336,37947,55283,11:00
2026-08-01,weekday,12,TRAIN,CC34/DT16,21145,40566,61711,12:00
2026-08-01,weekday,13,TRAIN,CC34/DT16,27145,40455,67600,13:00
2026-08-01,weekday,14,TRAIN,CC34/DT16,28579,38433,67012,14:00
2026-08-01,weekday,15,TRAIN,CC34/DT16,36345,32038,68383,15:00
2026-08-01,weekday,16,TRAIN,CC34/DT16,38107,31572,69679,16:00
2026-08-01,weekday,17,TRAIN,CC34/DT16,53144,39476,92620,17:00
2026-08-01,weekday,18,TRAIN,CC34/DT16,57935,52098,110033,18:00
2026-08-01,weekday,19,TRAIN,CC34/DT16,50170,53942,104112,19:00
2026-08-01,weekday,20,TRAIN,CC34/DT16,89238,33853,123091,20:00
2026-08-01,weekday,21,TRAIN,CC34/DT16,86174,21604,107778,21:00
2026-08-01,weekday,22,TRAIN,CC34/DT16,63132,16502,79634,22:00
2026-08-01,weekday,23,TRAIN,CC34/DT16,38277,6067,44344,23:00
2026-08-01,weekends/holiday,0,TRAIN,CC34/DT16,1687,873,2560,00:00
2026-08-01,weekends/holiday,5,TRAIN,CC34/DT16,413,69,482,05:00
2026-08-01,weekends/holiday,6,TRAIN,CC34/DT16,6982,9896,16878,06:00
2026-08-01,weekends/holiday,7,TRAIN,CC34/DT16,7190,11626,18816,07:00
2026-08-01,weekends/holiday,8,TRAIN,CC34/DT16,6492,17840,24332,08:00
2026-08-01,weekends/holiday,9,TRAIN,CC34/DT16,5021,21577,26598,09:00
2026-08-01,weekends/holiday,10,TRAIN,CC34/DT16,10357,28386,38743,10:00
2026-08-01,weekends/holiday,11,TRAIN,CC34/DT16,12358,35768,48126,11:00
2026-08-01,weekends/holiday,12,TRAIN,CC34/DT16,14878,33320,48198,12:00
2026-08-01,weekends/holiday,13,TRAIN,CC34/DT16,25187,38667,63854,13:00
2026-08-01,weekends/holiday,14,TRAIN,CC34/DT16,26290,39368,65658,14:00
2026-08-01,weekends/holiday,15,TRAIN,CC34/DT16,34906,35905,70811,15:00
2026-08-01,weekends/holiday,16,TRAIN,CC34/DT16,38889,35874,74763,16:00
2026-08-01,weekends/holiday,17,TRAIN,CC34/DT16,40905,39115,80020,17:00
2026-08-01,weekends/holiday,18,TRAIN,CC34/DT16,40211,40736,80947,18:00
2026-08-01,weekends/holiday,19,TRAIN,CC34/DT16,42144,41059,83203,19:00
2026-08-01,weekends/holiday,20,TRAIN,CC34/DT16,76566,26916,103482,20:00
2026-08-01,weekends/holiday,21,TRAIN,CC34/DT16,70459,16743,87202,21:00
2026-08-01,weekends/holiday,22,TRAIN,CC34/DT16,52048,11570,63618,22:00
2026-08-01,weekends/holiday,23,TRAIN,CC34/DT16,28931,5446,34377,23:00
2026-08-01,weekday,0,TRAIN,CC4/DT15,292,164,456,00:00
2026-08-01,weekday,5,TRAIN,CC4/DT15,227,282,509,05:00
2026-08-01,weekday,6,TRAIN,CC4/DT15,761,9312,10073,06:00
2026-08-01,weekday,7,TRAIN,CC4/DT15,2088,24506,26594,07:00
2026-08-01,weekday,8,TRAIN,CC4/DT15,4325,78246,82571,08:00
2026-08-01,weekday,9,TRAIN,CC4/DT15,5325,78487,83812,09:00
2026-08-01,weekday,10,TRAIN,CC4/DT15,7268,28965,36233,10:00
2026-08-01,weekday,11,TRAIN,CC4/DT15,14267,26542,40809,11:00
2026-08-01,weekday,12,TRAIN,CC4/DT15,20310,32309,52619,12:00
2026-08-01,weekday,13,TRAIN,CC4/DT15,26360,27169,53529,13:00
2026-08-01,weekday,14,TRAIN,CC4/DT15,19470,21381,40851,14:00
2026-08-01,weekday,15,TRAIN,CC4/DT15,19560,17959,37519,15:00
2026-08-01,weekday,16,TRAIN,CC4/DT15,25259,17321,42580,16:00
2026-08-01,weekday,17,TRAIN,CC4/DT15,58830,23237,82067,17:00
2026-08-01,weekday,18,TRAIN,CC4/DT15,94612,37430,132042,18:00
2026-08-01,weekday,19,TRAIN,CC4/DT15,46314,20478,66792,19:00
2026-08-01,weekday,20,TRAIN,CC4/DT15,34631,9068,43699,20:00
2026-08-01,weekday,21,TRAIN,CC4/DT15,37263,5225,42488,21:00
2026-08-01,weekday,22,TRAIN,CC4/DT15,24848,3205,28053,22:00
2026-08-01,weekday,23,TRAIN,CC4/DT15,7855,1272,9127,23:00
2026-08-01,weekends/holiday,0,TRAIN,CC4/DT15,280,247,527,00:00
2026-08-01,weekends/holiday,5,TRAIN,CC4/DT15,53,28,81,05:00
2026-08-01,weekends/holiday,6,TRAIN,CC4/DT15,363,1975,2338,06:00
2026-08-01,weekends/holiday,7,TRAIN,CC4/DT15,724,3955,4679,07:00
2026-08-01,weekends/holiday,8,TRAIN,CC4/DT15,1128,6326,7454,08:00
2026-08-01,weekends/holiday,9,TRAIN,CC4/DT15,2112,10773,12885,09:00
2026-08-01,weekends/holiday,10,TRAIN,CC4/DT15,3225,14848,18073,10:00
2026-08-01,weekends/holiday,11,TRAIN,CC4/DT15,4857,18361,23218,11:00
2026-08-01,weekends/holiday,12,TRAIN,CC4/DT15,7270,20797,28067,12:00
2026-08-01,weekends/holiday,13,TRAIN,CC4/DT15,10821,22001,32822,13:00
2026-08-01,weekends/holiday,14,TRAIN,CC4/DT15,14360,20088,34448,14:00
2026-08-01,weekends/holiday,15,TRAIN,CC4/DT15,17831,19238,37069,15:00
2026-08-01,weekends/holiday,16,TRAIN,CC4/DT15,20235,19627,39862,16:00
2026-08-01,weekends/holiday,17,TRAIN,CC4/DT15,20941,20051,40992,17:00
2026-08-01,weekends/holiday,18,TRAIN,CC4/DT15,20830,16869,37699,18:00
2026-08-01,weekends/holiday,19,TRAIN,CC4/DT15,21132,11858,32990,19:00
2026-08-01,weekends/holiday,20,TRAIN,CC4/DT15,22054,8731,30785,20:00
2026-08-01,weekends/holiday,21,TRAIN,CC4/DT15,27351,5608,32959,21:00
2026-08-01,weekends/holiday,22,TRAIN,CC4/DT15,17210,2553,19763,22:00
2026-08-01,weekends/holiday,23,TRAIN,CC4/DT15,5795,1014,6809,23:00
2026-08-01,weekday,0,TRAIN,CC5,25,86,111,00:00
2026-08-01,weekday,5,TRAIN,CC5,673,49,722,05:00
2026-08-01,weekday,6,TRAIN,CC5,2304,1734,4038,06:00
2026-08-01,weekday,7,TRAIN,CC5,3352,6553,9905,07:00
2026-08-01,weekday,8,TRAIN,CC5,4193,18086,22279,08:00
2026-08-01,weekday,9,TRAIN,CC5,3521,12342,15863,09:00
2026-08-01,weekday,10,TRAIN,CC5,2796,5426,8222,10:00
2026-08-01,weekday,11,TRAIN,CC5,5456,4912,10368,11:00
2026-08-01,weekday,12,TRAIN,CC5,5304,6557,11861,12:00
2026-08-01,weekday,13,TRAIN,CC5,6231,5383,11614,13:00
2026-08-01,weekday,14,TRAIN,CC5,5272,4516,9788,14:00
2026-08-01,weekday,15,TRAIN,CC5,4386,3999,8385,15:00
2026-08-01,weekday,16,TRAIN,CC5,5438,4160,9598,16:00
2026-08-01,weekday,17,TRAIN,CC5,13372,5344,18716,17:00
2026-08-01,weekday,18,TRAIN,CC5,16936,8671,25607,18:00
2026-08-01,weekday,19,TRAIN,CC5,8855,6226,15081,19:00
2026-08-01,weekday,20,TRAIN,CC5,5682,4420,10102,20:00
2026-08-01,weekday,21,TRAIN,CC5,4660,3865,8525,21:00
2026-08-01,weekday,22,TRAIN,CC5,3890,2938,6828,22:00
2026-08-01,weekday,23,TRAIN,CC5,1106,1733,2839,23:00
2026-08-01,weekends/holiday,0,TRAIN,CC5,27,67,94,00:00
2026-08-01,weekends/holiday,5,TRAIN,CC5,109,12,121,05:00
2026-08-01,weekends/holiday,6,TRAIN,CC5,882,459,1341,06:00
2026-08-01,weekends/holiday,7,TRAIN,CC5,941,1054,1995,07:00
2026-08-01,weekends/holiday,8,TRAIN,CC5,1008,1339,2347,08:00
2026-08-01,weekends/holiday,9,TRAIN,CC5,1372,2126,3498,09:00
2026-08-01,weekends/holiday,10,TRAIN,CC5,1765,2981,4746,10:00
2026-08-01,weekends/holiday,11,TRAIN,CC5,2149,3583,5732,11:00
2026-08-01,weekends/holiday,12,TRAIN,CC5,2620,4317,6937,12:00
2026-08-01,weekends/holiday,13,TRAIN,CC5,3647,4773,8420,13:00
2026-08-01,weekends/holiday,14,TRAIN,CC5,3349,4101,7450,14:00
2026-08-01,weekends/holiday,15,TRAIN,CC5,4295,4461,8756,15:00
2026-08-01,weekends/holiday,16,TRAIN,CC5,5200,5644,10844,16:00
2026-08-01,weekends/holiday,17,TRAIN,CC5,5503,7715,13218,17:00
2026-08-01,weekends/holiday,18,TRAIN,CC5,4778,9716,14494,18:00
2026-08-01,weekends/holiday,19,TRAIN,CC5,5142,10622,15764,19:00
2026-08-01,weekends/holiday,20,TRAIN,CC5,12915,4535,17450,20:00
2026-08-01,weekends/holiday,21,TRAIN,CC5,7210,2971,10181,21:00
2026-08-01,weekends/holiday,22,TRAIN,CC5,3002,2094,5096,22:00
2026-08-01,weekends/holiday,23,TRAIN,CC5,1038,1270,2308,23:00
2026-08-01,weekday,0,TRAIN,CC6,83,58,141,00:00
2026-08-01,weekday,5,TRAIN,CC6,411,39,450,05:00
2026-08-01,weekday,6,TRAIN,CC6,1419,2794,4213,06:00
2026-08-01,weekday,7,TRAIN,CC6,2446,5139,7585,07:00
2026-08-01,weekday,8,TRAIN,CC6,4444,11166,15610,08:00
2026-08-01,weekday,9,TRAIN,CC6,3698,10460,14158,09:00
2026-08-01,weekday,10,TRAIN,CC6,3003,5440,8443,10:00
2026-08-01,weekday,11,TRAIN,CC6,4508,5099,9607,11:00
2026-08-01,weekday,12,TRAIN,CC6,7071,6499,13570,12:00
2026-08-01,weekday,13,TRAIN,CC6,5994,7632,13626,13:00
2026-08-01,weekday,14,TRAIN,CC6,4896,7539,12435,14:00
2026-08-01,weekday,15,TRAIN,CC6,4789,7119,11908,15:00
2026-08-01,weekday,16,TRAIN,CC6,6864,8072,14936,16:00
2026-08-01,weekday,17,TRAIN,CC6,10163,10780,20943,17:00
2026-08-01,weekday,18,TRAIN,CC6,15604,21109,36713,18:00
2026-08-01,weekday,19,TRAIN,CC6,11102,13343,24445,19:00
2026-08-01,weekday,20,TRAIN,CC6,11576,3838,15414,20:00
2026-08-01,weekday,21,TRAIN,CC6,14276,1996,16272,21:00
2026-08-01,weekday,22,TRAIN,CC6,8157,1099,9256,22:00
2026-08-01,weekday,23,TRAIN,CC6,7151,474,7625,23:00
2026-08-01,weekends/holiday,0,TRAIN,CC6,214,67,281,00:00
2026-08-01,weekends/holiday,5,TRAIN,CC6,116,17,133,05:00
2026-08-01,weekends/holiday,6,TRAIN,CC6,654,3183,3837,06:00
2026-08-01,weekends/holiday,7,TRAIN,CC6,681,6938,7619,07:00
2026-08-01,weekends/holiday,8,TRAIN,CC6,1373,7423,8796,08:00
2026-08-01,weekends/holiday,9,TRAIN,CC6,2962,7813,10775,09:00
2026-08-01,weekends/holiday,10,TRAIN,CC6,5065,8111,13176,10:00
2026-08-01,weekends/holiday,11,TRAIN,CC6,6750,9647,16397,11:00
2026-08-01,weekends/holiday,12,TRAIN,CC6,7307,8123,15430,12:00
2026-08-01,weekends/holiday,13,TRAIN,CC6,7076,9217,16293,13:00
2026-08-01,weekends/holiday,14,TRAIN,CC6,7168,12313,19481,14:00
2026-08-01,weekends/holiday,15,TRAIN,CC6,7535,20930,28465,15:00
2026-08-01,weekends/holiday,16,TRAIN,CC6,8718,39985,48703,16:00
2026-08-01,weekends/holiday,17,TRAIN,CC6,10009,31519,41528,17:00
2026-08-01,weekends/holiday,18,TRAIN,CC6,9211,23087,32298,18:00
2026-08-01,weekends/holiday,19,TRAIN,CC6,13285,19399,32684,19:00
2026-08-01,weekends/holiday,20,TRAIN,CC6,41793,5052,46845,20:00
2026-08-01,weekends/holiday,21,TRAIN,CC6,33582,1757,35339,21:00
2026-08-01,weekends/holiday,22,TRAIN,CC6,16993,1055,18048,22:00
2026-08-01,weekends/holiday,23,TRAIN,CC6,14257,375,14632,23:00
2026-08-01,weekday,0,TRAIN,CC7,25,571,596,00:00
2026-08-01,weekday,5,TRAIN,CC7,1301,161,1462,05:00
2026-08-01,weekday,6,TRAIN,CC7,7444,2426,9870,06:00
2026-08-01,weekday,7,TRAIN,CC7,13729,12192,25921,07:00
2026-08-01,weekday,8,TRAIN,CC7,13686,9299,22985,08:00
2026-08-01,weekday,9,TRAIN,CC7,7462,5347,12809,09:00
2026-08-01,weekday,10,TRAIN,CC7,4833,3190,8023,10:00
2026-08-01,weekday,11,TRAIN,CC7,4539,2958,7497,11:00
2026-08-01,weekday,12,TRAIN,CC7,6326,4132,10458,12:00
2026-08-01,weekday,13,TRAIN,CC7,5370,5322,10692,13:00
2026-08-01,weekday,14,TRAIN,CC7,5976,5786,11762,14:00
2026-08-01,weekday,15,TRAIN,CC7,6478,5594,12072,15:00
2026-08-01,weekday,16,TRAIN,CC7,7211,6440,13651,16:00
2026-08-01,weekday,17,TRAIN,CC7,9237,9627,18864,17:00
2026-08-01,weekday,18,TRAIN,CC7,11030,16824,27854,18:00
2026-08-01,weekday,19,TRAIN,CC7,6084,14270,20354,19:00
2026-08-01,weekday,20,TRAIN,CC7,4035,9125,13160,20:00
2026-08-01,weekday,21,TRAIN,CC7,3889,8065,11954,21:00
2026-08-01,weekday,22,TRAIN,CC7,3650,6334,9984,22:00
2026-08-01,weekday,23,TRAIN,CC7,1152,3055,4207,23:00
2026-08-01,weekends/holiday,0,TRAIN,CC7,47,535,582,00:00
2026-08-01,weekends/holiday,5,TRAIN,CC7,282,35,317,05:00
2026-08-01,weekends/holiday,6,TRAIN,CC7,1837,925,2762,06:00
2026-08-01,weekends/holiday,7,TRAIN,CC7,2920,1877,4797,07:00
2026-08-01,weekends/holiday,8,TRAIN,CC7,3188,2634,5822,08:00
2026-08-01,weekends/holiday,9,TRAIN,CC7,3753,2605,6358,09:00
2026-08-01,weekends/holiday,10,TRAIN,CC7,4061,2850,6911,10:00
2026-08-01,weekends/holiday,11,TRAIN,CC7,4297,3090,7387,11:00
2026-08-01,weekends/holiday,12,TRAIN,CC7,4777,3431,8208,12:00
2026-08-01,weekends/holiday,13,TRAIN,CC7,4192,3864,8056,13:00
2026-08-01,weekends/holiday,14,TRAIN,CC7,3813,4371,8184,14:00
2026-08-01,weekends/holiday,15,TRAIN,CC7,4229,4470,8699,15:00
2026-08-01,weekends/holiday,16,TRAIN,CC7,5898,4635,10533,16:00
2026-08-01,weekends/holiday,17,TRAIN,CC7,6077,5082,11159,17:00
2026-08-01,weekends/holiday,18,TRAIN,CC7,4994,5343,10337,18:00
2026-08-01,weekends/holiday,19,TRAIN,CC7,4118,5603,9721,19:00
2026-08-01,weekends/holiday,20,TRAIN,CC7,4102,5790,9892,20:00
2026-08-01,weekends/holiday,21,TRAIN,CC7,7747,5516,13263,21:00
2026-08-01,weekends/holiday,22,TRAIN,CC7,2861,4258,7119,22:00
2026-08-01,weekends/holiday,23,TRAIN,CC7,1137,2218,3355,23:00
2026-08-01,weekday,0,TRAIN,CC8,24,411,435,00:00
2026-08-01,weekday,5,TRAIN,CC8,986,148,1134,05:00
2026-08-01,weekday,6,TRAIN,CC8,8574,8045,16619,06:00
2026-08-01,weekday,7,TRAIN,CC8,18175,18966,37141,07:00
2026-08-01,weekday,8,TRAIN,CC8,22878,7805,30683,08:00
2026-08-01,weekday,9,TRAIN,CC8,12356,5499,17855,09:00
2026-08-01,weekday,10,TRAIN,CC8,7501,4380,11881,10:00
2026-08-01,weekday,11,TRAIN,CC8,7303,4420,11723,11:00
2026-08-01,weekday,12,TRAIN,CC8,7811,5612,13423,12:00
2026-08-01,weekday,13,TRAIN,CC8,9275,6622,15897,13:00
2026-08-01,weekday,14,TRAIN,CC8,13849,7215,21064,14:00
2026-08-01,weekday,15,TRAIN,CC8,10119,7070,17189,15:00
2026-08-01,weekday,16,TRAIN,CC8,8558,7427,15985,16:00
2026-08-01,weekday,17,TRAIN,CC8,12378,12250,24628,17:00
2026-08-01,weekday,18,TRAIN,CC8,14795,20878,35673,18:00
2026-08-01,weekday,19,TRAIN,CC8,8166,15577,23743,19:00
2026-08-01,weekday,20,TRAIN,CC8,4837,9580,14417,20:00
2026-08-01,weekday,21,TRAIN,CC8,4158,8486,12644,21:00
2026-08-01,weekday,22,TRAIN,CC8,2795,5892,8687,22:00
2026-08-01,weekday,23,TRAIN,CC8,887,2661,3548,23:00
2026-08-01,weekends/holiday,0,TRAIN,CC8,19,271,290,00:00
2026-08-01,weekends/holiday,5,TRAIN,CC8,232,21,253,05:00
2026-08-01,weekends/holiday,6,TRAIN,CC8,1434,680,2114,06:00
2026-08-01,weekends/holiday,7,TRAIN,CC8,2614,1549,4163,07:00
2026-08-01,weekends/holiday,8,TRAIN,CC8,3669,2482,6151,08:00
2026-08-01,weekends/holiday,9,TRAIN,CC8,4502,3177,7679,09:00
2026-08-01,weekends/holiday,10,TRAIN,CC8,4650,3323,7973,10:00
2026-08-01,weekends/holiday,11,TRAIN,CC8,5161,3467,8628,11:00
2026-08-01,weekends/holiday,12,TRAIN,CC8,5390,4200,9590,12:00
2026-08-01,weekends/holiday,13,TRAIN,CC8,4969,4407,9376,13:00
2026-08-01,weekends/holiday,14,TRAIN,CC8,4684,4511,9195,14:00
2026-08-01,weekends/holiday,15,TRAIN,CC8,5075,4576,9651,15:00
2026-08-01,weekends/holiday,16,TRAIN,CC8,6331,4967,11298,16:00
2026-08-01,weekends/holiday,17,TRAIN,CC8,6278,5171,11449,17:00
2026-08-01,weekends/holiday,18,TRAIN,CC8,5414,5449,10863,18:00
2026-08-01,weekends/holiday,19,TRAIN,CC8,4363,5367,9730,19:00
2026-08-01,weekends/holiday,20,TRAIN,CC8,3048,6163,9211,20:00
2026-08-01,weekends/holiday,21,TRAIN,CC8,2748,6226,8974,21:00
2026-08-01,weekends/holiday,22,TRAIN,CC8,2175,3961,6136,22:00
2026-08-01,weekends/holiday,23,TRAIN,CC8,701,1937,2638,23:00
2026-08-01,weekday,0,TRAIN,CG1/DT35,23,329,352,00:00
2026-08-01,weekday,5,TRAIN,CG1/DT35,637,302,939,05:00
2026-08-01,weekday,6,TRAIN,CG1/DT35,2274,11690,13964,06:00
2026-08-01,weekday,7,TRAIN,CG1/DT35,2745,32326,35071,07:00
2026-08-01,weekday,8,TRAIN,CG1/DT35,3541,80011,83552,08:00
2026-08-01,weekday,9,TRAIN,CG1/DT35,2923,62247,65170,09:00
2026-08-01,weekday,10,TRAIN,CG1/DT35,3624,25651,29275,10:00
2026-08-01,weekday,11,TRAIN,CG1/DT35,8769,13806,22575,11:00
2026-08-01,weekday,12,TRAIN,CG1/DT35,13169,13160,26329,12:00
2026-08-01,weekday,13,TRAIN,CG1/DT35,11323,15290,26613,13:00
2026-08-01,weekday,14,TRAIN,CG1/DT35,10536,11584,22120,14:00
2026-08-01,weekday,15,TRAIN,CG1/DT35,14605,8431,23036,15:00
2026-08-01,weekday,16,TRAIN,CG1/DT35,20969,8143,29112,16:00
2026-08-01,weekday,17,TRAIN,CG1/DT35,51795,10202,61997,17:00
2026-08-01,weekday,18,TRAIN,CG1/DT35,82524,13432,95956,18:00
2026-08-01,weekday,19,TRAIN,CG1/DT35,40886,10700,51586,19:00
2026-08-01,weekday,20,TRAIN,CG1/DT35,25271,4925,30196,20:00
2026-08-01,weekday,21,TRAIN,CG1/DT35,19232,3759,22991,21:00
2026-08-01,weekday,22,TRAIN,CG1/DT35,10530,2258,12788,22:00
2026-08-01,weekday,23,TRAIN,CG1/DT35,2558,1247,3805,23:00
2026-08-01,weekends/holiday,0,TRAIN,CG1/DT35,13,304,317,00:00
2026-08-01,weekends/holiday,5,TRAIN,CG1/DT35,230,84,314,05:00
2026-08-01,weekends/holiday,6,TRAIN,CG1/DT35,958,1429,2387,06:00
2026-08-01,weekends/holiday,7,TRAIN,CG1/DT35,1331,4542,5873,07:00
2026-08-01,weekends/holiday,8,TRAIN,CG1/DT35,1562,6455,8017,08:00
2026-08-01,weekends/holiday,9,TRAIN,CG1/DT35,1579,9656,11235,09:00
2026-08-01,weekends/holiday,10,TRAIN,CG1/DT35,2705,11241,13946,10:00
2026-08-01,weekends/holiday,11,TRAIN,CG1/DT35,4884,13363,18247,11:00
2026-08-01,weekends/holiday,12,TRAIN,CG1/DT35,7616,14773,22389,12:00
2026-08-01,weekends/holiday,13,TRAIN,CG1/DT35,10487,15457,25944,13:00
2026-08-01,weekends/holiday,14,TRAIN,CG1/DT35,13025,15925,28950,14:00
2026-08-01,weekends/holiday,15,TRAIN,CG1/DT35,14565,15577,30142,15:00
2026-08-01,weekends/holiday,16,TRAIN,CG1/DT35,16067,15143,31210,16:00
2026-08-01,weekends/holiday,17,TRAIN,CG1/DT35,17672,13175,30847,17:00
2026-08-01,weekends/holiday,18,TRAIN,CG1/DT35,17187,11803,28990,18:00
2026-08-01,weekends/holiday,19,TRAIN,CG1/DT35,15748,9379,25127,19:00
2026-08-01,weekends/holiday,20,TRAIN,CG1/DT35,15152,4963,20115,20:00
2026-08-01,weekends/holiday,21,TRAIN,CG1/DT35,16005,2908,18913,21:00
2026-08-01,weekends/holiday,22,TRAIN,CG1/DT35,10210,2034,12244,22:00
2026-08-01,weekends/holiday,23,TRAIN,CG1/DT35,1558,1189,2747,23:00
2026-08-01,weekday,0,TRAIN,CG2,129,1026,1155,00:00
2026-08-01,weekday,5,TRAIN,CG2,8817,1002,9819,05:00
2026-08-01,weekday,6,TRAIN,CG2,11804,11085,22889,06:00
2026-08-01,weekday,7,TRAIN,CG2,15328,23220,38548,07:00
2026-08-01,weekday,8,TRAIN,CG2,14882,35222,50104,08:00
2026-08-01,weekday,9,TRAIN,CG2,14758,27877,42635,09:00
2026-08-01,weekday,10,TRAIN,CG2,14106,23339,37445,10:00
2026-08-01,weekday,11,TRAIN,CG2,16366,25699,42065,11:00
2026-08-01,weekday,12,TRAIN,CG2,18375,29127,47502,12:00
2026-08-01,weekday,13,TRAIN,CG2,24014,24719,48733,13:00
2026-08-01,weekday,14,TRAIN,CG2,25846,23596,49442,14:00
2026-08-01,weekday,15,TRAIN,CG2,31724,19559,51283,15:00
2026-08-01,weekday,16,TRAIN,CG2,30902,19249,50151,16:00
2026-08-01,weekday,17,TRAIN,CG2,37319,20996,58315,17:00
2026-08-01,weekday,18,TRAIN,CG2,38118,27802,65920,18:00
2026-08-01,weekday,19,TRAIN,CG2,28267,26077,54344,19:00
2026-08-01,weekday,20,TRAIN,CG2,27070,18483,45553,20:00
2026-08-01,weekday,21,TRAIN,CG2,29054,15142,44196,21:00
2026-08-01,weekday,22,TRAIN,CG2,28802,11984,40786,22:00
2026-08-01,weekday,23,TRAIN,CG2,9469,9607,19076,23:00
2026-08-01,weekends/holiday,0,TRAIN,CG2,93,714,807,00:00
2026-08-01,weekends/holiday,5,TRAIN,CG2,4876,472,5348,05:00
2026-08-01,weekends/holiday,6,TRAIN,CG2,6964,3380,10344,06:00
2026-08-01,weekends/holiday,7,TRAIN,CG2,8454,10169,18623,07:00
2026-08-01,weekends/holiday,8,TRAIN,CG2,8329,11151,19480,08:00
2026-08-01,weekends/holiday,9,TRAIN,CG2,8727,13180,21907,09:00
2026-08-01,weekends/holiday,10,TRAIN,CG2,9829,16052,25881,10:00
2026-08-01,weekends/holiday,11,TRAIN,CG2,12741,19240,31981,11:00
2026-08-01,weekends/holiday,12,TRAIN,CG2,13069,22424,35493,12:00
2026-08-01,weekends/holiday,13,TRAIN,CG2,17599,20271,37870,13:00
2026-08-01,weekends/holiday,14,TRAIN,CG2,20228,19818,40046,14:00
2026-08-01,weekends/holiday,15,TRAIN,CG2,24608,18894,43502,15:00
2026-08-01,weekends/holiday,16,TRAIN,CG2,22966,15522,38488,16:00
2026-08-01,weekends/holiday,17,TRAIN,CG2,20917,18122,39039,17:00
2026-08-01,weekends/holiday,18,TRAIN,CG2,18318,17559,35877,18:00
2026-08-01,weekends/holiday,19,TRAIN,CG2,17915,14574,32489,19:00
2026-08-01,weekends/holiday,20,TRAIN,CG2,19246,11732,30978,20:00
2026-08-01,weekends/holiday,21,TRAIN,CG2,19794,10346,30140,21:00
2026-08-01,weekends/holiday,22,TRAIN,CG2,19505,7463,26968,22:00
2026-08-01,weekends/holiday,23,TRAIN,CG2,6280,5557,11837,23:00
2026-08-01,weekday,0,TRAIN,DT10,30,161,191,00:00
2026-08-01,weekday,5,TRAIN,DT10,101,93,194,05:00
2026-08-01,weekday,6,TRAIN,DT10,3216,4140,7356,06:00
2026-08-01,weekday,7,TRAIN,DT10,8885,15142,24027,07:00
2026-08-01,weekday,8,TRAIN,DT10,12363,6035,18398,08:00
2026-08-01,weekday,9,TRAIN,DT10,8413,2262,10675,09:00
2026-08-01,weekday,10,TRAIN,DT10,5539,1559,7098,10:00
2026-08-01,weekday,11,TRAIN,DT10,4747,1704,6451,11:00
2026-08-01,weekday,12,TRAIN,DT10,4169,2574,6743,12:00
2026-08-01,weekday,13,TRAIN,DT10,6240,2908,9148,13:00
2026-08-01,weekday,14,TRAIN,DT10,8411,3103,11514,14:00
2026-08-01,weekday,15,TRAIN,DT10,6550,3269,9819,15:00
2026-08-01,weekday,16,TRAIN,DT10,5559,3819,9378,16:00
2026-08-01,weekday,17,TRAIN,DT10,7704,5714,13418,17:00
2026-08-01,weekday,18,TRAIN,DT10,9256,8542,17798,18:00
2026-08-01,weekday,19,TRAIN,DT10,4346,5846,10192,19:00
2026-08-01,weekday,20,TRAIN,DT10,2398,3529,5927,20:00
2026-08-01,weekday,21,TRAIN,DT10,2358,3083,5441,21:00
2026-08-01,weekday,22,TRAIN,DT10,1516,2465,3981,22:00
2026-08-01,weekday,23,TRAIN,DT10,548,1472,2020,23:00
2026-08-01,weekends/holiday,0,TRAIN,DT10,26,117,143,00:00
2026-08-01,weekends/holiday,5,TRAIN,DT10,13,0,13,05:00
2026-08-01,weekends/holiday,6,TRAIN,DT10,353,209,562,06:00
2026-08-01,weekends/holiday,7,TRAIN,DT10,574,412,986,07:00
2026-08-01,weekends/holiday,8,TRAIN,DT10,1786,1053,2839,08:00
2026-08-01,weekends/holiday,9,TRAIN,DT10,2557,1396,3953,09:00
2026-08-01,weekends/holiday,10,TRAIN,DT10,2904,1224,4128,10:00
2026-08-01,weekends/holiday,11,TRAIN,DT10,2982,1356,4338,11:00
2026-08-01,weekends/holiday,12,TRAIN,DT10,3019,1515,4534,12:00
2026-08-01,weekends/holiday,13,TRAIN,DT10,2678,1626,4304,13:00
2026-08-01,weekends/holiday,14,TRAIN,DT10,2459,1553,4012,14:00
2026-08-01,weekends/holiday,15,TRAIN,DT10,2097,1642,3739,15:00
2026-08-01,weekends/holiday,16,TRAIN,DT10,2536,1750,4286,16:00
2026-08-01,weekends/holiday,17,TRAIN,DT10,2516,1936,4452,17:00
2026-08-01,weekends/holiday,18,TRAIN,DT10,2620,1952,4572,18:00
2026-08-01,weekends/holiday,19,TRAIN,DT10,1848,1733,3581,19:00
2026-08-01,weekends/holiday,20,TRAIN,DT10,1145,1533,2678,20:00
2026-08-01,weekends/holiday,21,TRAIN,DT10,1028,1717,2745,21:00
2026-08-01,weekends/holiday,22,TRAIN,DT10,789,1515,2304,22:00
2026-08-01,weekends/holiday,23,TRAIN,DT10,301,809,1110,23:00
2026-08-01,weekday,0,TRAIN,DT13,191,571,762,00:00
2026-08-01,weekday,5,TRAIN,DT13,614,86,700,05:00
2026-08-01,weekday,6,TRAIN,DT13,7193,2831,10024,06:00
2026-08-01,weekday,7,TRAIN,DT13,10570,9254,19824,07:00
2026-08-01,weekday,8,TRAIN,DT13,10718,24066,34784,08:00
2026-08-01,weekday,9,TRAIN,DT13,8492,20792,29284,09:00
2026-08-01,weekday,10,TRAIN,DT13,8459,14145,22604,10:00
2026-08-01,weekday,11,TRAIN,DT13,9928,12690,22618,11:00
2026-08-01,weekday,12,TRAIN,DT13,12364,17019,29383,12:00
2026-08-01,weekday,13,TRAIN,DT13,16096,12174,28270,13:00
2026-08-01,weekday,14,TRAIN,DT13,10572,10701,21273,14:00
2026-08-01,weekday,15,TRAIN,DT13,10943,9911,20854,15:00
2026-08-01,weekday,16,TRAIN,DT13,13858,9668,23526,16:00
2026-08-01,weekday,17,TRAIN,DT13,23129,13026,36155,17:00
2026-08-01,weekday,18,TRAIN,DT13,25724,19687,45411,18:00
2026-08-01,weekday,19,TRAIN,DT13,17490,15360,32850,19:00
2026-08-01,weekday,20,TRAIN,DT13,13264,10961,24225,20:00
2026-08-01,weekday,21,TRAIN,DT13,9937,11705,21642,21:00
2026-08-01,weekday,22,TRAIN,DT13,6703,8696,15399,22:00
2026-08-01,weekday,23,TRAIN,DT13,2901,4107,7008,23:00
2026-08-01,weekends/holiday,0,TRAIN,DT13,173,496,669,00:00
2026-08-01,weekends/holiday,5,TRAIN,DT13,20,1,21,05:00
2026-08-01,weekends/holiday,6,TRAIN,DT13,916,598,1514,06:00
2026-08-01,weekends/holiday,7,TRAIN,DT13,1431,1475,2906,07:00
2026-08-01,weekends/holiday,8,TRAIN,DT13,3189,5255,8444,08:00
2026-08-01,weekends/holiday,9,TRAIN,DT13,4300,6694,10994,09:00
2026-08-01,weekends/holiday,10,TRAIN,DT13,5477,8224,13701,10:00
2026-08-01,weekends/holiday,11,TRAIN,DT13,6851,8720,15571,11:00
2026-08-01,weekends/holiday,12,TRAIN,DT13,7831,8898,16729,12:00
2026-08-01,weekends/holiday,13,TRAIN,DT13,7862,9685,17547,13:00
2026-08-01,weekends/holiday,14,TRAIN,DT13,7890,8856,16746,14:00
2026-08-01,weekends/holiday,15,TRAIN,DT13,8381,8106,16487,15:00
2026-08-01,weekends/holiday,16,TRAIN,DT13,9308,8185,17493,16:00
2026-08-01,weekends/holiday,17,TRAIN,DT13,9842,8036,17878,17:00
2026-08-01,weekends/holiday,18,TRAIN,DT13,9806,7397,17203,18:00
2026-08-01,weekends/holiday,19,TRAIN,DT13,8668,6431,15099,19:00
2026-08-01,weekends/holiday,20,TRAIN,DT13,7186,6815,14001,20:00
2026-08-01,weekends/holiday,21,TRAIN,DT13,5133,7050,12183,21:00
2026-08-01,weekends/holiday,22,TRAIN,DT13,4117,5372,9489,22:00
2026-08-01,weekends/holiday,23,TRAIN,DT13,2047,2715,4762,23:00
2026-08-01,weekday,0,TRAIN,DT17,194,99,293,00:00
2026-08-01,weekday,5,TRAIN,DT17,52,0,52,05:00
2026-08-01,weekday,6,TRAIN,DT17,813,13652,14465,06:00
2026-08-01,weekday,7,TRAIN,DT17,2377,39478,41855,07:00
2026-08-01,weekday,8,TRAIN,DT17,4985,146933,151918,08:00
2026-08-01,weekday,9,TRAIN,DT17,4279,130218,134497,09:00
2026-08-01,weekday,10,TRAIN,DT17,5596,33428,39024,10:00
2026-08-01,weekday,11,TRAIN,DT17,30378,16368,46746,11:00
2026-08-01,weekday,12,TRAIN,DT17,37306,18961,56267,12:00
2026-08-01,weekday,13,TRAIN,DT17,13342,47406,60748,13:00
2026-08-01,weekday,14,TRAIN,DT17,11667,18356,30023,14:00
2026-08-01,weekday,15,TRAIN,DT17,15145,7310,22455,15:00
2026-08-01,weekday,16,TRAIN,DT17,26373,7506,33879,16:00
2026-08-01,weekday,17,TRAIN,DT17,78151,8856,87007,17:00
2026-08-01,weekday,18,TRAIN,DT17,143216,11975,155191,18:00
2026-08-01,weekday,19,TRAIN,DT17,66647,7230,73877,19:00
2026-08-01,weekday,20,TRAIN,DT17,29393,5964,35357,20:00
2026-08-01,weekday,21,TRAIN,DT17,17088,4394,21482,21:00
2026-08-01,weekday,22,TRAIN,DT17,10315,2397,12712,22:00
2026-08-01,weekday,23,TRAIN,DT17,4373,776,5149,23:00
2026-08-01,weekends/holiday,0,TRAIN,DT17,117,105,222,00:00
2026-08-01,weekends/holiday,6,TRAIN,DT17,90,379,469,06:00
2026-08-01,weekends/holiday,7,TRAIN,DT17,292,1019,1311,07:00
2026-08-01,weekends/holiday,8,TRAIN,DT17,837,2891,3728,08:00
2026-08-01,weekends/holiday,9,TRAIN,DT17,1406,3944,5350,09:00
2026-08-01,weekends/holiday,10,TRAIN,DT17,1889,3331,5220,10:00
2026-08-01,weekends/holiday,11,TRAIN,DT17,2665,3306,5971,11:00
2026-08-01,weekends/holiday,12,TRAIN,DT17,3419,3561,6980,12:00
2026-08-01,weekends/holiday,13,TRAIN,DT17,3465,3780,7245,13:00
2026-08-01,weekends/holiday,14,TRAIN,DT17,3697,3432,7129,14:00
2026-08-01,weekends/holiday,15,TRAIN,DT17,3866,3765,7631,15:00
2026-08-01,weekends/holiday,16,TRAIN,DT17,3987,3982,7969,16:00
2026-08-01,weekends/holiday,17,TRAIN,DT17,4628,4173,8801,17:00
2026-08-01,weekends/holiday,18,TRAIN,DT17,4498,4322,8820,18:00
2026-08-01,weekends/holiday,19,TRAIN,DT17,4513,3451,7964,19:00
2026-08-01,weekends/holiday,20,TRAIN,DT17,4492,3641,8133,20:00
2026-08-01,weekends/holiday,21,TRAIN,DT17,4029,3002,7031,21:00
2026-08-01,weekends/holiday,22,TRAIN,DT17,3441,1356,4797,22:00
2026-08-01,weekends/holiday,23,TRAIN,DT17,1603,621,2224,23:00
2026-08-01,weekday,0,TRAIN,DT18,349,185,534,00:00
2026-08-01,weekday,5,TRAIN,DT18,87,1,88,05:00
2026-08-01,weekday,6,TRAIN,DT18,752,10094,10846,06:00
2026-08-01,weekday,7,TRAIN,DT18,1820,27805,29625,07:00
2026-08-01,weekday,8,TRAIN,DT18,4650,96837,101487,08:00
2026-08-01,weekday,9,TRAIN,DT18,4678,86062,90740,09:00
2026-08-01,weekday,10,TRAIN,DT18,5571,26957,32528,10:00
2026-08-01,weekday,11,TRAIN,DT18,12472,18054,30526,11:00
2026-08-01,weekday,12,TRAIN,DT18,15687,20947,36634,12:00
2026-08-01,weekday,13,TRAIN,DT18,19245,17095,36340,13:00
2026-08-01,weekday,14,TRAIN,DT18,12311,10609,22920,14:00
2026-08-01,weekday,15,TRAIN,DT18,11766,7484,19250,15:00
2026-08-01,weekday,16,TRAIN,DT18,17849,7402,25251,16:00
2026-08-01,weekday,17,TRAIN,DT18,55963,10909,66872,17:00
2026-08-01,weekday,18,TRAIN,DT18,93609,19634,113243,18:00
2026-08-01,weekday,19,TRAIN,DT18,43103,11000,54103,19:00
2026-08-01,weekday,20,TRAIN,DT18,23727,6654,30381,20:00
2026-08-01,weekday,21,TRAIN,DT18,18931,5196,24127,21:00
2026-08-01,weekday,22,TRAIN,DT18,14346,3117,17463,22:00
2026-08-01,weekday,23,TRAIN,DT18,6870,1338,8208,23:00
2026-08-01,weekends/holiday,0,TRAIN,DT18,248,179,427,00:00
2026-08-01,weekends/holiday,5,TRAIN,DT18,1,0,1,05:00
2026-08-01,weekends/holiday,6,TRAIN,DT18,148,395,543,06:00
2026-08-01,weekends/holiday,7,TRAIN,DT18,229,773,1002,07:00
2026-08-01,weekends/holiday,8,TRAIN,DT18,737,2523,3260,08:00
2026-08-01,weekends/holiday,9,TRAIN,DT18,1412,4265,5677,09:00
2026-08-01,weekends/holiday,10,TRAIN,DT18,2449,4932,7381,10:00
2026-08-01,weekends/holiday,11,TRAIN,DT18,3031,4790,7821,11:00
2026-08-01,weekends/holiday,12,TRAIN,DT18,3891,4659,8550,12:00
2026-08-01,weekends/holiday,13,TRAIN,DT18,4461,4034,8495,13:00
2026-08-01,weekends/holiday,14,TRAIN,DT18,4877,3511,8388,14:00
2026-08-01,weekends/holiday,15,TRAIN,DT18,4367,3312,7679,15:00
2026-08-01,weekends/holiday,16,TRAIN,DT18,3955,3310,7265,16:00
2026-08-01,weekends/holiday,17,TRAIN,DT18,3587,4323,7910,17:00
2026-08-01,weekends/holiday,18,TRAIN,DT18,3601,4911,8512,18:00
2026-08-01,weekends/holiday,19,TRAIN,DT18,4177,4096,8273,19:00
2026-08-01,weekends/holiday,20,TRAIN,DT18,3986,3823,7809,20:00
2026-08-01,weekends/holiday,21,TRAIN,DT18,4473,3655,8128,21:00
2026-08-01,weekends/holiday,22,TRAIN,DT18,4697,2182,6879,22:00
2026-08-01,weekends/holiday,23,TRAIN,DT18,2828,1174,4002,23:00
2026-08-01,weekday,0,TRAIN,DT2,3,330,333,00:00
2026-08-01,weekday,5,TRAIN,DT2,173,95,268,05:00
2026-08-01,weekday,6,TRAIN,DT2,3002,3131,6133,06:00
2026-08-01,weekday,7,TRAIN,DT2,7389,17633,25022,07:00
2026-08-01,weekday,8,TRAIN,DT2,8696,15581,24277,08:00
2026-08-01,weekday,9,TRAIN,DT2,4187,6299,10486,09:00
2026-08-01,weekday,10,TRAIN,DT2,3145,1567,4712,10:00
2026-08-01,weekday,11,TRAIN,DT2,5016,1199,6215,11:00
2026-08-01,weekday,12,TRAIN,DT2,5052,2223,7275,12:00
2026-08-01,weekday,13,TRAIN,DT2,3868,3688,7556,13:00
2026-08-01,weekday,14,TRAIN,DT2,5446,2620,8066,14:00
2026-08-01,weekday,15,TRAIN,DT2,6408,2478,8886,15:00
2026-08-01,weekday,16,TRAIN,DT2,8703,2765,11468,16:00
2026-08-01,weekday,17,TRAIN,DT2,16806,4051,20857,17:00
2026-08-01,weekday,18,TRAIN,DT2,9904,6777,16681,18:00
2026-08-01,weekday,19,TRAIN,DT2,4130,5283,9413,19:00
2026-08-01,weekday,20,TRAIN,DT2,2619,3056,5675,20:00
2026-08-01,weekday,21,TRAIN,DT2,1432,2462,3894,21:00
2026-08-01,weekday,22,TRAIN,DT2,712,1969,2681,22:00
2026-08-01,weekday,23,TRAIN,DT2,160,1054,1214,23:00
2026-08-01,weekends/holiday,0,TRAIN,DT2,6,184,190,00:00
2026-08-01,weekends/holiday,5,TRAIN,DT2,26,8,34,05:00
2026-08-01,weekends/holiday,6,TRAIN,DT2,136,84,220,06:00
2026-08-01,weekends/holiday,7,TRAIN,DT2,449,377,826,07:00
2026-08-01,weekends/holiday,8,TRAIN,DT2,1537,660,2197,08:00
2026-08-01,weekends/holiday,9,TRAIN,DT2,1742,937,2679,09:00
2026-08-01,weekends/holiday,10,TRAIN,DT2,2375,840,3215,10:00
2026-08-01,weekends/holiday,11,TRAIN,DT2,2068,806,2874,11:00
2026-08-01,weekends/holiday,12,TRAIN,DT2,2291,938,3229,12:00
2026-08-01,weekends/holiday,13,TRAIN,DT2,1764,1126,2890,13:00
2026-08-01,weekends/holiday,14,TRAIN,DT2,1304,1114,2418,14:00
2026-08-01,weekends/holiday,15,TRAIN,DT2,1359,1162,2521,15:00
2026-08-01,weekends/holiday,16,TRAIN,DT2,1275,1486,2761,16:00
2026-08-01,weekends/holiday,17,TRAIN,DT2,1683,1828,3511,17:00
2026-08-01,weekends/holiday,18,TRAIN,DT2,2499,1779,4278,18:00
2026-08-01,weekends/holiday,19,TRAIN,DT2,1285,1397,2682,19:00
2026-08-01,weekends/holiday,20,TRAIN,DT2,860,1155,2015,20:00
2026-08-01,weekends/holiday,21,TRAIN,DT2,692,1112,1804,21:00
2026-08-01,weekends/holiday,22,TRAIN,DT2,378,1027,1405,22:00
2026-08-01,weekends/holiday,23,TRAIN,DT2,89,537,626,23:00
2026-08-01,weekday,0,TRAIN,DT20,157,179,336,00:00
2026-08-01,weekday,5,TRAIN,DT20,51,0,51,05:00
2026-08-01,weekday,6,TRAIN,DT20,1426,3765,5191,06:00
2026-08-01,weekday,7,TRAIN,DT20,5381,11503,16884,07:00
2026-08-01,weekday,8,TRAIN,DT20,11761,18388,30149,08:00
2026-08-01,weekday,9,TRAIN,DT20,8528,12033,20561,09:00
2026-08-01,weekday,10,TRAIN,DT20,5187,7372,12559,10:00
2026-08-01,weekday,11,TRAIN,DT20,6444,5682,12126,11:00
2026-08-01,weekday,12,TRAIN,DT20,7927,6331,14258,12:00
2026-08-01,weekday,13,TRAIN,DT20,4933,8032,12965,13:00
2026-08-01,weekday,14,TRAIN,DT20,4323,5923,10246,14:00
2026-08-01,weekday,15,TRAIN,DT20,4391,5490,9881,15:00
2026-08-01,weekday,16,TRAIN,DT20,6292,6583,12875,16:00
2026-08-01,weekday,17,TRAIN,DT20,13105,9651,22756,17:00
2026-08-01,weekday,18,TRAIN,DT20,17828,16248,34076,18:00
2026-08-01,weekday,19,TRAIN,DT20,11385,10573,21958,19:00
2026-08-01,weekday,20,TRAIN,DT20,8970,6949,15919,20:00
2026-08-01,weekday,21,TRAIN,DT20,8244,5907,14151,21:00
2026-08-01,weekday,22,TRAIN,DT20,6556,3799,10355,22:00
2026-08-01,weekday,23,TRAIN,DT20,3154,1759,4913,23:00
2026-08-01,weekends/holiday,0,TRAIN,DT20,151,198,349,00:00
2026-08-01,weekends/holiday,5,TRAIN,DT20,1,0,1,05:00
2026-08-01,weekends/holiday,6,TRAIN,DT20,166,558,724,06:00
2026-08-01,weekends/holiday,7,TRAIN,DT20,343,2050,2393,07:00
2026-08-01,weekends/holiday,8,TRAIN,DT20,1300,2508,3808,08:00
2026-08-01,weekends/holiday,9,TRAIN,DT20,1950,3479,5429,09:00
2026-08-01,weekends/holiday,10,TRAIN,DT20,2814,4344,7158,10:00
2026-08-01,weekends/holiday,11,TRAIN,DT20,3530,4057,7587,11:00
2026-08-01,weekends/holiday,12,TRAIN,DT20,3394,3559,6953,12:00
2026-08-01,weekends/holiday,13,TRAIN,DT20,3041,3563,6604,13:00
2026-08-01,weekends/holiday,14,TRAIN,DT20,2937,3710,6647,14:00
2026-08-01,weekends/holiday,15,TRAIN,DT20,3659,3570,7229,15:00
2026-08-01,weekends/holiday,16,TRAIN,DT20,4230,3891,8121,16:00
2026-08-01,weekends/holiday,17,TRAIN,DT20,4528,4205,8733,17:00
2026-08-01,weekends/holiday,18,TRAIN,DT20,4858,4205,9063,18:00
2026-08-01,weekends/holiday,19,TRAIN,DT20,4738,3354,8092,19:00
2026-08-01,weekends/holiday,20,TRAIN,DT20,3982,3671,7653,20:00
2026-08-01,weekends/holiday,21,TRAIN,DT20,3461,3535,6996,21:00
2026-08-01,weekends/holiday,22,TRAIN,DT20,3461,2463,5924,22:00
2026-08-01,weekends/holiday,23,TRAIN,DT20,2009,1184,3193,23:00
2026-08-01,weekday,0,TRAIN,DT21,244,385,629,00:00
2026-08-01,weekday,5,TRAIN,DT21,64,0,64,05:00
2026-08-01,weekday,6,TRAIN,DT21,1704,3014,4718,06:00
2026-08-01,weekday,7,TRAIN,DT21,4927,12736,17663,07:00
2026-08-01,weekday,8,TRAIN,DT21,11517,25706,37223,08:00
2026-08-01,weekday,9,TRAIN,DT21,10242,18342,28584,09:00
2026-08-01,weekday,10,TRAIN,DT21,8608,9893,18501,10:00
2026-08-01,weekday,11,TRAIN,DT21,8671,11942,20613,11:00
2026-08-01,weekday,12,TRAIN,DT21,9480,11884,21364,12:00
2026-08-01,weekday,13,TRAIN,DT21,11208,10386,21594,13:00
2026-08-01,weekday,14,TRAIN,DT21,8241,9651,17892,14:00
2026-08-01,weekday,15,TRAIN,DT21,10659,9884,20543,15:00
2026-08-01,weekday,16,TRAIN,DT21,13563,8924,22487,16:00
2026-08-01,weekday,17,TRAIN,DT21,20960,11729,32689,17:00
2026-08-01,weekday,18,TRAIN,DT21,27935,21490,49425,18:00
2026-08-01,weekday,19,TRAIN,DT21,18079,12526,30605,19:00
2026-08-01,weekday,20,TRAIN,DT21,12704,9501,22205,20:00
2026-08-01,weekday,21,TRAIN,DT21,13302,11003,24305,21:00
2026-08-01,weekday,22,TRAIN,DT21,11530,8891,20421,22:00
2026-08-01,weekday,23,TRAIN,DT21,4056,3188,7244,23:00
2026-08-01,weekends/holiday,0,TRAIN,DT21,160,361,521,00:00
2026-08-01,weekends/holiday,6,TRAIN,DT21,292,560,852,06:00
2026-08-01,weekends/holiday,7,TRAIN,DT21,563,1099,1662,07:00
2026-08-01,weekends/holiday,8,TRAIN,DT21,2136,3703,5839,08:00
2026-08-01,weekends/holiday,9,TRAIN,DT21,3987,5443,9430,09:00
2026-08-01,weekends/holiday,10,TRAIN,DT21,5311,6217,11528,10:00
2026-08-01,weekends/holiday,11,TRAIN,DT21,5085,6105,11190,11:00
2026-08-01,weekends/holiday,12,TRAIN,DT21,6048,6583,12631,12:00
2026-08-01,weekends/holiday,13,TRAIN,DT21,6111,7304,13415,13:00
2026-08-01,weekends/holiday,14,TRAIN,DT21,5916,7127,13043,14:00
2026-08-01,weekends/holiday,15,TRAIN,DT21,6216,6570,12786,15:00
2026-08-01,weekends/holiday,16,TRAIN,DT21,7122,6248,13370,16:00
2026-08-01,weekends/holiday,17,TRAIN,DT21,7693,6276,13969,17:00
2026-08-01,weekends/holiday,18,TRAIN,DT21,8021,5663,13684,18:00
2026-08-01,weekends/holiday,19,TRAIN,DT21,6571,4989,11560,19:00
2026-08-01,weekends/holiday,20,TRAIN,DT21,5786,5646,11432,20:00
2026-08-01,weekends/holiday,21,TRAIN,DT21,5875,6402,12277,21:00
2026-08-01,weekends/holiday,22,TRAIN,DT21,4808,4993,9801,22:00
2026-08-01,weekends/holiday,23,TRAIN,DT21,2155,2054,4209,23:00
2026-08-01,weekday,0,TRAIN,DT22,299,666,965,00:00
2026-08-01,weekday,5,TRAIN,DT22,1554,8,1562,05:00
2026-08-01,weekday,6,TRAIN,DT22,11713,4482,16195,06:00
2026-08-01,weekday,7,TRAIN,DT22,17619,10998,28617,07:00
2026-08-01,weekday,8,TRAIN,DT22,17969,13100,31069,08:00
2026-08-01,weekday,9,TRAIN,DT22,11771,11086,22857,09:00
2026-08-01,weekday,10,TRAIN,DT22,8365,9367,17732,10:00
2026-08-01,weekday,11,TRAIN,DT22,8110,8986,17096,11:00
2026-08-01,weekday,12,TRAIN,DT22,8674,10055,18729,12:00
2026-08-01,weekday,13,TRAIN,DT22,9202,8119,17321,13:00
2026-08-01,weekday,14,TRAIN,DT22,7693,7679,15372,14:00
2026-08-01,weekday,15,TRAIN,DT22,7688,8338,16026,15:00
2026-08-01,weekday,16,TRAIN,DT22,8760,10506,19266,16:00
2026-08-01,weekday,17,TRAIN,DT22,11110,16178,27288,17:00
2026-08-01,weekday,18,TRAIN,DT22,15080,26938,42018,18:00
2026-08-01,weekday,19,TRAIN,DT22,14058,23350,37408,19:00
2026-08-01,weekday,20,TRAIN,DT22,13026,15989,29015,20:00
2026-08-01,weekday,21,TRAIN,DT22,12696,12780,25476,21:00
2026-08-01,weekday,22,TRAIN,DT22,9920,10585,20505,22:00
2026-08-01,weekday,23,TRAIN,DT22,4769,5880,10649,23:00
2026-08-01,weekends/holiday,0,TRAIN,DT22,461,496,957,00:00
2026-08-01,weekends/holiday,5,TRAIN,DT22,66,7,73,05:00
2026-08-01,weekends/holiday,6,TRAIN,DT22,1338,873,2211,06:00
2026-08-01,weekends/holiday,7,TRAIN,DT22,2037,2151,4188,07:00
2026-08-01,weekends/holiday,8,TRAIN,DT22,5206,4794,10000,08:00
2026-08-01,weekends/holiday,9,TRAIN,DT22,4870,7338,12208,09:00
2026-08-01,weekends/holiday,10,TRAIN,DT22,4969,8893,13862,10:00
2026-08-01,weekends/holiday,11,TRAIN,DT22,5868,9229,15097,11:00
2026-08-01,weekends/holiday,12,TRAIN,DT22,6780,9276,16056,12:00
2026-08-01,weekends/holiday,13,TRAIN,DT22,7313,8790,16103,13:00
2026-08-01,weekends/holiday,14,TRAIN,DT22,7333,7952,15285,14:00
2026-08-01,weekends/holiday,15,TRAIN,DT22,7446,8064,15510,15:00
2026-08-01,weekends/holiday,16,TRAIN,DT22,7837,9324,17161,16:00
2026-08-01,weekends/holiday,17,TRAIN,DT22,8303,12425,20728,17:00
2026-08-01,weekends/holiday,18,TRAIN,DT22,9915,14189,24104,18:00
2026-08-01,weekends/holiday,19,TRAIN,DT22,11467,12828,24295,19:00
2026-08-01,weekends/holiday,20,TRAIN,DT22,13003,8807,21810,20:00
2026-08-01,weekends/holiday,21,TRAIN,DT22,12747,6933,19680,21:00
2026-08-01,weekends/holiday,22,TRAIN,DT22,9635,5746,15381,22:00
2026-08-01,weekends/holiday,23,TRAIN,DT22,5236,3570,8806,23:00
2026-08-01,weekday,0,TRAIN,DT23,85,188,273,00:00
2026-08-01,weekday,5,TRAIN,DT23,142,3,145,05:00
2026-08-01,weekday,6,TRAIN,DT23,3017,3190,6207,06:00
2026-08-01,weekday,7,TRAIN,DT23,5732,8588,14320,07:00
2026-08-01,weekday,8,TRAIN,DT23,7466,22245,29711,08:00
2026-08-01,weekday,9,TRAIN,DT23,4001,18084,22085,09:00
2026-08-01,weekday,10,TRAIN,DT23,2732,5729,8461,10:00
2026-08-01,weekday,11,TRAIN,DT23,3938,3069,7007,11:00
2026-08-01,weekday,12,TRAIN,DT23,3852,3547,7399,12:00
2026-08-01,weekday,13,TRAIN,DT23,2862,4367,7229,13:00
2026-08-01,weekday,14,TRAIN,DT23,2586,3287,5873,14:00
2026-08-01,weekday,15,TRAIN,DT23,3177,2936,6113,15:00
2026-08-01,weekday,16,TRAIN,DT23,5483,3239,8722,16:00
2026-08-01,weekday,17,TRAIN,DT23,16233,5573,21806,17:00
2026-08-01,weekday,18,TRAIN,DT23,24441,10048,34489,18:00
2026-08-01,weekday,19,TRAIN,DT23,9924,6638,16562,19:00
2026-08-01,weekday,20,TRAIN,DT23,4633,3767,8400,20:00
2026-08-01,weekday,21,TRAIN,DT23,3736,3252,6988,21:00
2026-08-01,weekday,22,TRAIN,DT23,3048,3139,6187,22:00
2026-08-01,weekday,23,TRAIN,DT23,1219,1224,2443,23:00
2026-08-01,weekends/holiday,0,TRAIN,DT23,41,128,169,00:00
2026-08-01,weekends/holiday,5,TRAIN,DT23,2,0,2,05:00
2026-08-01,weekends/holiday,6,TRAIN,DT23,280,175,455,06:00
2026-08-01,weekends/holiday,7,TRAIN,DT23,516,441,957,07:00
2026-08-01,weekends/holiday,8,TRAIN,DT23,1138,1457,2595,08:00
2026-08-01,weekends/holiday,9,TRAIN,DT23,1074,2176,3250,09:00
2026-08-01,weekends/holiday,10,TRAIN,DT23,1432,2288,3720,10:00
2026-08-01,weekends/holiday,11,TRAIN,DT23,1532,1761,3293,11:00
2026-08-01,weekends/holiday,12,TRAIN,DT23,1945,1965,3910,12:00
2026-08-01,weekends/holiday,13,TRAIN,DT23,1977,2274,4251,13:00
2026-08-01,weekends/holiday,14,TRAIN,DT23,1914,2159,4073,14:00
2026-08-01,weekends/holiday,15,TRAIN,DT23,1933,2007,3940,15:00
2026-08-01,weekends/holiday,16,TRAIN,DT23,2096,1893,3989,16:00
2026-08-01,weekends/holiday,17,TRAIN,DT23,2697,2108,4805,17:00
2026-08-01,weekends/holiday,18,TRAIN,DT23,2537,2130,4667,18:00
2026-08-01,weekends/holiday,19,TRAIN,DT23,1929,2149,4078,19:00
2026-08-01,weekends/holiday,20,TRAIN,DT23,1873,1860,3733,20:00
2026-08-01,weekends/holiday,21,TRAIN,DT23,2018,1813,3831,21:00
2026-08-01,weekends/holiday,22,TRAIN,DT23,1298,1417,2715,22:00
2026-08-01,weekends/holiday,23,TRAIN,DT23,684,866,1550,23:00
2026-08-01,weekday,0,TRAIN,DT24,23,364,387,00:00
2026-08-01,weekday,5,TRAIN,DT24,1464,3,1467,05:00
2026-08-01,weekday,6,TRAIN,DT24,7919,3072,10991,06:00
2026-08-01,weekday,7,TRAIN,DT24,15422,7643,23065,07:00
2026-08-01,weekday,8,TRAIN,DT24,18145,12224,30369,08:00
2026-08-01,weekday,9,TRAIN,DT24,9711,6324,16035,09:00
2026-08-01,weekday,10,TRAIN,DT24,5518,2986,8504,10:00
2026-08-01,weekday,11,TRAIN,DT24,4617,3020,7637,11:00
2026-08-01,weekday,12,TRAIN,DT24,4687,3472,8159,12:00
2026-08-01,weekday,13,TRAIN,DT24,4363,4038,8401,13:00
2026-08-01,weekday,14,TRAIN,DT24,3699,3857,7556,14:00
2026-08-01,weekday,15,TRAIN,DT24,3891,4236,8127,15:00
2026-08-01,weekday,16,TRAIN,DT24,4782,4717,9499,16:00
2026-08-01,weekday,17,TRAIN,DT24,11328,9245,20573,17:00
2026-08-01,weekday,18,TRAIN,DT24,13009,15244,28253,18:00
2026-08-01,weekday,19,TRAIN,DT24,6404,10541,16945,19:00
2026-08-01,weekday,20,TRAIN,DT24,3429,7308,10737,20:00
2026-08-01,weekday,21,TRAIN,DT24,2536,6903,9439,21:00
2026-08-01,weekday,22,TRAIN,DT24,1502,6482,7984,22:00
2026-08-01,weekday,23,TRAIN,DT24,703,3543,4246,23:00
2026-08-01,weekends/holiday,0,TRAIN,DT24,22,269,291,00:00
2026-08-01,weekends/holiday,5,TRAIN,DT24,1,0,1,05:00
2026-08-01,weekends/holiday,6,TRAIN,DT24,840,287,1127,06:00
2026-08-01,weekends/holiday,7,TRAIN,DT24,1180,508,1688,07:00
2026-08-01,weekends/holiday,8,TRAIN,DT24,2856,1372,4228,08:00
2026-08-01,weekends/holiday,9,TRAIN,DT24,3251,1522,4773,09:00
2026-08-01,weekends/holiday,10,TRAIN,DT24,3255,1452,4707,10:00
2026-08-01,weekends/holiday,11,TRAIN,DT24,2859,1636,4495,11:00
2026-08-01,weekends/holiday,12,TRAIN,DT24,2780,1939,4719,12:00
2026-08-01,weekends/holiday,13,TRAIN,DT24,2718,2034,4752,13:00
2026-08-01,weekends/holiday,14,TRAIN,DT24,2436,2077,4513,14:00
2026-08-01,weekends/holiday,15,TRAIN,DT24,2238,2236,4474,15:00
2026-08-01,weekends/holiday,16,TRAIN,DT24,2359,2388,4747,16:00
2026-08-01,weekends/holiday,17,TRAIN,DT24,2802,3000,5802,17:00
2026-08-01,weekends/holiday,18,TRAIN,DT24,2762,3192,5954,18:00
2026-08-01,weekends/holiday,19,TRAIN,DT24,2277,3055,5332,19:00
2026-08-01,weekends/holiday,20,TRAIN,DT24,1757,3281,5038,20:00
2026-08-01,weekends/holiday,21,TRAIN,DT24,1326,3587,4913,21:00
2026-08-01,weekends/holiday,22,TRAIN,DT24,938,3689,4627,22:00
2026-08-01,weekends/holiday,23,TRAIN,DT24,372,2265,2637,23:00
2026-08-01,weekday,0,TRAIN,DT25,41,264,305,00:00
2026-08-01,weekday,5,TRAIN,DT25,718,326,1044,05:00
2026-08-01,weekday,6,TRAIN,DT25,5835,4142,9977,06:00
2026-08-01,weekday,7,TRAIN,DT25,11959,8596,20555,07:00
2026-08-01,weekday,8,TRAIN,DT25,12929,11189,24118,08:00
2026-08-01,weekday,9,TRAIN,DT25,6614,5667,12281,09:00
2026-08-01,weekday,10,TRAIN,DT25,3705,2385,6090,10:00
2026-08-01,weekday,11,TRAIN,DT25,3247,2073,5320,11:00
2026-08-01,weekday,12,TRAIN,DT25,3455,2799,6254,12:00
2026-08-01,weekday,13,TRAIN,DT25,5470,3725,9195,13:00
2026-08-01,weekday,14,TRAIN,DT25,3326,2986,6312,14:00
2026-08-01,weekday,15,TRAIN,DT25,3172,3626,6798,15:00
2026-08-01,weekday,16,TRAIN,DT25,4927,4668,9595,16:00
2026-08-01,weekday,17,TRAIN,DT25,8589,7091,15680,17:00
2026-08-01,weekday,18,TRAIN,DT25,12638,12329,24967,18:00
2026-08-01,weekday,19,TRAIN,DT25,4864,9450,14314,19:00
2026-08-01,weekday,20,TRAIN,DT25,3086,5855,8941,20:00
2026-08-01,weekday,21,TRAIN,DT25,2616,5915,8531,21:00
2026-08-01,weekday,22,TRAIN,DT25,1876,4680,6556,22:00
2026-08-01,weekday,23,TRAIN,DT25,678,2641,3319,23:00
2026-08-01,weekends/holiday,0,TRAIN,DT25,20,201,221,00:00
2026-08-01,weekends/holiday,5,TRAIN,DT25,25,0,25,05:00
2026-08-01,weekends/holiday,6,TRAIN,DT25,681,296,977,06:00
2026-08-01,weekends/holiday,7,TRAIN,DT25,911,447,1358,07:00
2026-08-01,weekends/holiday,8,TRAIN,DT25,2226,1930,4156,08:00
2026-08-01,weekends/holiday,9,TRAIN,DT25,2416,1848,4264,09:00
2026-08-01,weekends/holiday,10,TRAIN,DT25,3066,1639,4705,10:00
2026-08-01,weekends/holiday,11,TRAIN,DT25,2651,1348,3999,11:00
2026-08-01,weekends/holiday,12,TRAIN,DT25,3035,1469,4504,12:00
2026-08-01,weekends/holiday,13,TRAIN,DT25,2252,2004,4256,13:00
2026-08-01,weekends/holiday,14,TRAIN,DT25,2276,1921,4197,14:00
2026-08-01,weekends/holiday,15,TRAIN,DT25,1878,2149,4027,15:00
2026-08-01,weekends/holiday,16,TRAIN,DT25,2604,2432,5036,16:00
2026-08-01,weekends/holiday,17,TRAIN,DT25,2709,3057,5766,17:00
2026-08-01,weekends/holiday,18,TRAIN,DT25,3138,2799,5937,18:00
2026-08-01,weekends/holiday,19,TRAIN,DT25,1937,2913,4850,19:00
2026-08-01,weekends/holiday,20,TRAIN,DT25,1471,2846,4317,20:00
2026-08-01,weekends/holiday,21,TRAIN,DT25,1185,3225,4410,21:00
2026-08-01,weekends/holiday,22,TRAIN,DT25,987,2889,3876,22:00
2026-08-01,weekends/holiday,23,TRAIN,DT25,455,1718,2173,23:00
2026-08-01,weekday,0,TRAIN,DT27,52,557,609,00:00
2026-08-01,weekday,5,TRAIN,DT27,947,304,1251,05:00
2026-08-01,weekday,6,TRAIN,DT27,8913,7847,16760,06:00
2026-08-01,weekday,7,TRAIN,DT27,18938,27472,46410,07:00
2026-08-01,weekday,8,TRAIN,DT27,20042,35706,55748,08:00
2026-08-01,weekday,9,TRAIN,DT27,11530,18009,29539,09:00
2026-08-01,weekday,10,TRAIN,DT27,8273,7217,15490,10:00
2026-08-01,weekday,11,TRAIN,DT27,7323,5739,13062,11:00
2026-08-01,weekday,12,TRAIN,DT27,8643,6927,15570,12:00
2026-08-01,weekday,13,TRAIN,DT27,12173,8266,20439,13:00
2026-08-01,weekday,14,TRAIN,DT27,8080,6618,14698,14:00
2026-08-01,weekday,15,TRAIN,DT27,7830,6869,14699,15:00
2026-08-01,weekday,16,TRAIN,DT27,9914,7425,17339,16:00
2026-08-01,weekday,17,TRAIN,DT27,26465,12785,39250,17:00
2026-08-01,weekday,18,TRAIN,DT27,39933,22024,61957,18:00
2026-08-01,weekday,19,TRAIN,DT27,15522,16797,32319,19:00
2026-08-01,weekday,20,TRAIN,DT27,8634,11478,20112,20:00
2026-08-01,weekday,21,TRAIN,DT27,5678,9572,15250,21:00
2026-08-01,weekday,22,TRAIN,DT27,3702,7641,11343,22:00
2026-08-01,weekday,23,TRAIN,DT27,1121,3580,4701,23:00
2026-08-01,weekends/holiday,0,TRAIN,DT27,47,542,589,00:00
2026-08-01,weekends/holiday,5,TRAIN,DT27,62,2,64,05:00
2026-08-01,weekends/holiday,6,TRAIN,DT27,835,385,1220,06:00
2026-08-01,weekends/holiday,7,TRAIN,DT27,1501,1454,2955,07:00
2026-08-01,weekends/holiday,8,TRAIN,DT27,4198,3679,7877,08:00
2026-08-01,weekends/holiday,9,TRAIN,DT27,5042,3460,8502,09:00
2026-08-01,weekends/holiday,10,TRAIN,DT27,5372,3364,8736,10:00
2026-08-01,weekends/holiday,11,TRAIN,DT27,4927,3645,8572,11:00
2026-08-01,weekends/holiday,12,TRAIN,DT27,6012,4624,10636,12:00
2026-08-01,weekends/holiday,13,TRAIN,DT27,5605,4487,10092,13:00
2026-08-01,weekends/holiday,14,TRAIN,DT27,5071,4235,9306,14:00
2026-08-01,weekends/holiday,15,TRAIN,DT27,4755,4077,8832,15:00
2026-08-01,weekends/holiday,16,TRAIN,DT27,5898,4545,10443,16:00
2026-08-01,weekends/holiday,17,TRAIN,DT27,6612,5332,11944,17:00
2026-08-01,weekends/holiday,18,TRAIN,DT27,6698,6015,12713,18:00
2026-08-01,weekends/holiday,19,TRAIN,DT27,4750,6442,11192,19:00
2026-08-01,weekends/holiday,20,TRAIN,DT27,3101,6345,9446,20:00
2026-08-01,weekends/holiday,21,TRAIN,DT27,2690,5873,8563,21:00
2026-08-01,weekends/holiday,22,TRAIN,DT27,2042,5248,7290,22:00
2026-08-01,weekends/holiday,23,TRAIN,DT27,712,2578,3290,23:00
2026-08-01,weekday,0,TRAIN,DT28,35,836,871,00:00
2026-08-01,weekday,5,TRAIN,DT28,1824,338,2162,05:00
2026-08-01,weekday,6,TRAIN,DT28,17710,10148,27858,06:00
2026-08-01,weekday,7,TRAIN,DT28,33596,28522,62118,07:00
2026-08-01,weekday,8,TRAIN,DT28,31457,38012,69469,08:00
2026-08-01,weekday,9,TRAIN,DT28,16695,14151,30846,09:00
2026-08-01,weekday,10,TRAIN,DT28,9743,5405,15148,10:00
2026-08-01,weekday,11,TRAIN,DT28,8738,4336,13074,11:00
2026-08-01,weekday,12,TRAIN,DT28,8547,5831,14378,12:00
2026-08-01,weekday,13,TRAIN,DT28,6942,7307,14249,13:00
2026-08-01,weekday,14,TRAIN,DT28,6406,6733,13139,14:00
2026-08-01,weekday,15,TRAIN,DT28,6956,6715,13671,15:00
2026-08-01,weekday,16,TRAIN,DT28,9332,8186,17518,16:00
2026-08-01,weekday,17,TRAIN,DT28,30208,14115,44323,17:00
2026-08-01,weekday,18,TRAIN,DT28,37535,26356,63891,18:00
2026-08-01,weekday,19,TRAIN,DT28,15991,23697,39688,19:00
2026-08-01,weekday,20,TRAIN,DT28,7433,15421,22854,20:00
2026-08-01,weekday,21,TRAIN,DT28,4830,14899,19729,21:00
2026-08-01,weekday,22,TRAIN,DT28,3430,12006,15436,22:00
2026-08-01,weekday,23,TRAIN,DT28,1433,6244,7677,23:00
2026-08-01,weekends/holiday,0,TRAIN,DT28,39,841,880,00:00
2026-08-01,weekends/holiday,5,TRAIN,DT28,211,1,212,05:00
2026-08-01,weekends/holiday,6,TRAIN,DT28,1826,674,2500,06:00
2026-08-01,weekends/holiday,7,TRAIN,DT28,3121,1325,4446,07:00
2026-08-01,weekends/holiday,8,TRAIN,DT28,6226,3416,9642,08:00
2026-08-01,weekends/holiday,9,TRAIN,DT28,6507,2876,9383,09:00
2026-08-01,weekends/holiday,10,TRAIN,DT28,7100,2677,9777,10:00
2026-08-01,weekends/holiday,11,TRAIN,DT28,6752,2908,9660,11:00
2026-08-01,weekends/holiday,12,TRAIN,DT28,6487,3931,10418,12:00
2026-08-01,weekends/holiday,13,TRAIN,DT28,6148,4412,10560,13:00
2026-08-01,weekends/holiday,14,TRAIN,DT28,5408,4596,10004,14:00
2026-08-01,weekends/holiday,15,TRAIN,DT28,5482,4711,10193,15:00
2026-08-01,weekends/holiday,16,TRAIN,DT28,6475,5119,11594,16:00
2026-08-01,weekends/holiday,17,TRAIN,DT28,8294,6665,14959,17:00
2026-08-01,weekends/holiday,18,TRAIN,DT28,7981,7827,15808,18:00
2026-08-01,weekends/holiday,19,TRAIN,DT28,5938,8678,14616,19:00
2026-08-01,weekends/holiday,20,TRAIN,DT28,3397,9682,13079,20:00
2026-08-01,weekends/holiday,21,TRAIN,DT28,2567,9570,12137,21:00
2026-08-01,weekends/holiday,22,TRAIN,DT28,1825,8265,10090,22:00
2026-08-01,weekends/holiday,23,TRAIN,DT28,754,5152,5906,23:00
2026-08-01,weekday,0,TRAIN,DT29,53,714,767,00:00
2026-08-01,weekday,5,TRAIN,DT29,1906,95,2001,05:00
2026-08-01,weekday,6,TRAIN,DT29,14527,2405,16932,06:00
2026-08-01,weekday,7,TRAIN,DT29,28572,9464,38036,07:00
2026-08-01,weekday,8,TRAIN,DT29,31938,10640,42578,08:00
2026-08-01,weekday,9,TRAIN,DT29,16352,4875,21227,09:00
2026-08-01,weekday,10,TRAIN,DT29,8020,2588,10608,10:00
2026-08-01,weekday,11,TRAIN,DT29,6225,2988,9213,11:00
2026-08-01,weekday,12,TRAIN,DT29,6188,3913,10101,12:00
2026-08-01,weekday,13,TRAIN,DT29,5849,4977,10826,13:00
2026-08-01,weekday,14,TRAIN,DT29,5034,4959,9993,14:00
2026-08-01,weekday,15,TRAIN,DT29,4103,5840,9943,15:00
2026-08-01,weekday,16,TRAIN,DT29,5023,7934,12957,16:00
2026-08-01,weekday,17,TRAIN,DT29,11563,13713,25276,17:00
2026-08-01,weekday,18,TRAIN,DT29,13324,26018,39342,18:00
2026-08-01,weekday,19,TRAIN,DT29,6678,19020,25698,19:00
2026-08-01,weekday,20,TRAIN,DT29,3826,12457,16283,20:00
2026-08-01,weekday,21,TRAIN,DT29,2779,11141,13920,21:00
2026-08-01,weekday,22,TRAIN,DT29,1976,9638,11614,22:00
2026-08-01,weekday,23,TRAIN,DT29,746,5097,5843,23:00
2026-08-01,weekends/holiday,0,TRAIN,DT29,23,501,524,00:00
2026-08-01,weekends/holiday,5,TRAIN,DT29,155,3,158,05:00
2026-08-01,weekends/holiday,6,TRAIN,DT29,1169,245,1414,06:00
2026-08-01,weekends/holiday,7,TRAIN,DT29,1699,611,2310,07:00
2026-08-01,weekends/holiday,8,TRAIN,DT29,4569,1584,6153,08:00
2026-08-01,weekends/holiday,9,TRAIN,DT29,5534,1696,7230,09:00
2026-08-01,weekends/holiday,10,TRAIN,DT29,5389,1533,6922,10:00
2026-08-01,weekends/holiday,11,TRAIN,DT29,4702,1812,6514,11:00
2026-08-01,weekends/holiday,12,TRAIN,DT29,4785,2404,7189,12:00
2026-08-01,weekends/holiday,13,TRAIN,DT29,4141,3026,7167,13:00
2026-08-01,weekends/holiday,14,TRAIN,DT29,3726,3285,7011,14:00
2026-08-01,weekends/holiday,15,TRAIN,DT29,3590,3529,7119,15:00
2026-08-01,weekends/holiday,16,TRAIN,DT29,3766,3873,7639,16:00
2026-08-01,weekends/holiday,17,TRAIN,DT29,4563,4353,8916,17:00
2026-08-01,weekends/holiday,18,TRAIN,DT29,4159,4605,8764,18:00
2026-08-01,weekends/holiday,19,TRAIN,DT29,2872,4726,7598,19:00
2026-08-01,weekends/holiday,20,TRAIN,DT29,1982,5253,7235,20:00
2026-08-01,weekends/holiday,21,TRAIN,DT29,1558,5939,7497,21:00
2026-08-01,weekends/holiday,22,TRAIN,DT29,1125,5564,6689,22:00
2026-08-01,weekends/holiday,23,TRAIN,DT29,465,3182,3647,23:00
2026-08-01,weekday,0,TRAIN,DT3,17,623,640,00:00
2026-08-01,weekday,5,TRAIN,DT3,792,87,879,05:00
2026-08-01,weekday,6,TRAIN,DT3,8033,1641,9674,06:00
2026-08-01,weekday,7,TRAIN,DT3,22316,10055,32371,07:00
2026-08-01,weekday,8,TRAIN,DT3,27712,5915,33627,08:00
2026-08-01,weekday,9,TRAIN,DT3,13559,2866,16425,09:00
2026-08-01,weekday,10,TRAIN,DT3,7176,2408,9584,10:00
2026-08-01,weekday,11,TRAIN,DT3,6255,2762,9017,11:00
2026-08-01,weekday,12,TRAIN,DT3,6250,3615,9865,12:00
2026-08-01,weekday,13,TRAIN,DT3,6149,4872,11021,13:00
2026-08-01,weekday,14,TRAIN,DT3,6693,6197,12890,14:00
2026-08-01,weekday,15,TRAIN,DT3,7808,6315,14123,15:00
2026-08-01,weekday,16,TRAIN,DT3,7244,7312,14556,16:00
2026-08-01,weekday,17,TRAIN,DT3,9088,11489,20577,17:00
2026-08-01,weekday,18,TRAIN,DT3,8865,19848,28713,18:00
2026-08-01,weekday,19,TRAIN,DT3,4704,17898,22602,19:00
2026-08-01,weekday,20,TRAIN,DT3,2938,10273,13211,20:00
2026-08-01,weekday,21,TRAIN,DT3,2098,8539,10637,21:00
2026-08-01,weekday,22,TRAIN,DT3,1374,6995,8369,22:00
2026-08-01,weekday,23,TRAIN,DT3,411,3310,3721,23:00
2026-08-01,weekends/holiday,0,TRAIN,DT3,43,417,460,00:00
2026-08-01,weekends/holiday,5,TRAIN,DT3,122,3,125,05:00
2026-08-01,weekends/holiday,6,TRAIN,DT3,497,205,702,06:00
2026-08-01,weekends/holiday,7,TRAIN,DT3,1175,838,2013,07:00
2026-08-01,weekends/holiday,8,TRAIN,DT3,3968,1946,5914,08:00
2026-08-01,weekends/holiday,9,TRAIN,DT3,5259,2394,7653,09:00
2026-08-01,weekends/holiday,10,TRAIN,DT3,6012,2170,8182,10:00
2026-08-01,weekends/holiday,11,TRAIN,DT3,6167,2440,8607,11:00
2026-08-01,weekends/holiday,12,TRAIN,DT3,5579,2834,8413,12:00
2026-08-01,weekends/holiday,13,TRAIN,DT3,4832,3206,8038,13:00
2026-08-01,weekends/holiday,14,TRAIN,DT3,3993,3519,7512,14:00
2026-08-01,weekends/holiday,15,TRAIN,DT3,3846,3519,7365,15:00
2026-08-01,weekends/holiday,16,TRAIN,DT3,4307,3775,8082,16:00
2026-08-01,weekends/holiday,17,TRAIN,DT3,4432,4384,8816,17:00
2026-08-01,weekends/holiday,18,TRAIN,DT3,4110,4647,8757,18:00
2026-08-01,weekends/holiday,19,TRAIN,DT3,2462,4654,7116,19:00
2026-08-01,weekends/holiday,20,TRAIN,DT3,1650,4012,5662,20:00
2026-08-01,weekends/holiday,21,TRAIN,DT3,1254,4272,5526,21:00
2026-08-01,weekends/holiday,22,TRAIN,DT3,1029,3535,4564,22:00
2026-08-01,weekends/holiday,23,TRAIN,DT3,319,1787,2106,23:00
2026-08-01,weekday,0,TRAIN,DT30,14,884,898,00:00
2026-08-01,weekday,5,TRAIN,DT30,1981,75,2056,05:00
2026-08-01,weekday,6,TRAIN,DT30,14589,4253,18842,06:00
2026-08-01,weekday,7,TRAIN,DT30,36168,10638,46806,07:00
2026-08-01,weekday,8,TRAIN,DT30,45779,5864,51643,08:00
2026-08-01,weekday,9,TRAIN,DT30,22440,3690,26130,09:00
2026-08-01,weekday,10,TRAIN,DT30,10674,2623,13297,10:00
2026-08-01,weekday,11,TRAIN,DT30,8111,3096,11207,11:00
2026-08-01,weekday,12,TRAIN,DT30,7628,4535,12163,12:00
2026-08-01,weekday,13,TRAIN,DT30,7635,5846,13481,13:00
2026-08-01,weekday,14,TRAIN,DT30,7702,6913,14615,14:00
2026-08-01,weekday,15,TRAIN,DT30,5777,7817,13594,15:00
2026-08-01,weekday,16,TRAIN,DT30,5903,11197,17100,16:00
2026-08-01,weekday,17,TRAIN,DT30,9407,19496,28903,17:00
2026-08-01,weekday,18,TRAIN,DT30,11089,37595,48684,18:00
2026-08-01,weekday,19,TRAIN,DT30,5858,28027,33885,19:00
2026-08-01,weekday,20,TRAIN,DT30,3231,15905,19136,20:00
2026-08-01,weekday,21,TRAIN,DT30,2719,13797,16516,21:00
2026-08-01,weekday,22,TRAIN,DT30,1783,12066,13849,22:00
2026-08-01,weekday,23,TRAIN,DT30,687,6008,6695,23:00
2026-08-01,weekends/holiday,0,TRAIN,DT30,20,718,738,00:00
2026-08-01,weekends/holiday,5,TRAIN,DT30,127,0,127,05:00
2026-08-01,weekends/holiday,6,TRAIN,DT30,1070,305,1375,06:00
2026-08-01,weekends/holiday,7,TRAIN,DT30,1682,763,2445,07:00
2026-08-01,weekends/holiday,8,TRAIN,DT30,5672,1881,7553,08:00
2026-08-01,weekends/holiday,9,TRAIN,DT30,6933,1959,8892,09:00
2026-08-01,weekends/holiday,10,TRAIN,DT30,7038,2095,9133,10:00
2026-08-01,weekends/holiday,11,TRAIN,DT30,6457,2351,8808,11:00
2026-08-01,weekends/holiday,12,TRAIN,DT30,6198,3423,9621,12:00
2026-08-01,weekends/holiday,13,TRAIN,DT30,5467,4137,9604,13:00
2026-08-01,weekends/holiday,14,TRAIN,DT30,4615,4378,8993,14:00
2026-08-01,weekends/holiday,15,TRAIN,DT30,4345,4674,9019,15:00
2026-08-01,weekends/holiday,16,TRAIN,DT30,4824,4899,9723,16:00
2026-08-01,weekends/holiday,17,TRAIN,DT30,5442,5549,10991,17:00
2026-08-01,weekends/holiday,18,TRAIN,DT30,4884,5952,10836,18:00
2026-08-01,weekends/holiday,19,TRAIN,DT30,3556,6175,9731,19:00
2026-08-01,weekends/holiday,20,TRAIN,DT30,2066,6271,8337,20:00
2026-08-01,weekends/holiday,21,TRAIN,DT30,1546,6994,8540,21:00
2026-08-01,weekends/holiday,22,TRAIN,DT30,1233,6468,7701,22:00
2026-08-01,weekends/holiday,23,TRAIN,DT30,502,3414,3916,23:00
2026-08-01,weekday,0,TRAIN,DT31,46,819,865,00:00
2026-08-01,weekday,5,TRAIN,DT31,2408,114,2522,05:00
2026-08-01,weekday,6,TRAIN,DT31,13277,4303,17580,06:00
2026-08-01,weekday,7,TRAIN,DT31,32722,12432,45154,07:00
2026-08-01,weekday,8,TRAIN,DT31,39292,17092,56384,08:00
2026-08-01,weekday,9,TRAIN,DT31,17181,7402,24583,09:00
2026-08-01,weekday,10,TRAIN,DT31,8546,4496,13042,10:00
2026-08-01,weekday,11,TRAIN,DT31,7479,4632,12111,11:00
2026-08-01,weekday,12,TRAIN,DT31,7554,7048,14602,12:00
2026-08-01,weekday,13,TRAIN,DT31,8561,7483,16044,13:00
2026-08-01,weekday,14,TRAIN,DT31,6083,6648,12731,14:00
2026-08-01,weekday,15,TRAIN,DT31,6833,7672,14505,15:00
2026-08-01,weekday,16,TRAIN,DT31,9513,9638,19151,16:00
2026-08-01,weekday,17,TRAIN,DT31,12689,18155,30844,17:00
2026-08-01,weekday,18,TRAIN,DT31,13694,37149,50843,18:00
2026-08-01,weekday,19,TRAIN,DT31,7345,25018,32363,19:00
2026-08-01,weekday,20,TRAIN,DT31,5104,14648,19752,20:00
2026-08-01,weekday,21,TRAIN,DT31,4564,11676,16240,21:00
2026-08-01,weekday,22,TRAIN,DT31,2917,10037,12954,22:00
2026-08-01,weekday,23,TRAIN,DT31,1166,5468,6634,23:00
2026-08-01,weekends/holiday,0,TRAIN,DT31,31,749,780,00:00
2026-08-01,weekends/holiday,5,TRAIN,DT31,164,1,165,05:00
2026-08-01,weekends/holiday,6,TRAIN,DT31,1040,376,1416,06:00
2026-08-01,weekends/holiday,7,TRAIN,DT31,1709,806,2515,07:00
2026-08-01,weekends/holiday,8,TRAIN,DT31,4466,2225,6691,08:00
2026-08-01,weekends/holiday,9,TRAIN,DT31,5446,2360,7806,09:00
2026-08-01,weekends/holiday,10,TRAIN,DT31,5246,2316,7562,10:00
2026-08-01,weekends/holiday,11,TRAIN,DT31,5399,2963,8362,11:00
2026-08-01,weekends/holiday,12,TRAIN,DT31,5094,3547,8641,12:00
2026-08-01,weekends/holiday,13,TRAIN,DT31,5170,4176,9346,13:00
2026-08-01,weekends/holiday,14,TRAIN,DT31,4488,4304,8792,14:00
2026-08-01,weekends/holiday,15,TRAIN,DT31,4451,4387,8838,15:00
2026-08-01,weekends/holiday,16,TRAIN,DT31,4554,4826,9380,16:00
2026-08-01,weekends/holiday,17,TRAIN,DT31,5262,5620,10882,17:00
2026-08-01,weekends/holiday,18,TRAIN,DT31,4834,5594,10428,18:00
2026-08-01,weekends/holiday,19,TRAIN,DT31,3576,5812,9388,19:00
2026-08-01,weekends/holiday,20,TRAIN,DT31,2627,5880,8507,20:00
2026-08-01,weekends/holiday,21,TRAIN,DT31,2122,6161,8283,21:00
2026-08-01,weekends/holiday,22,TRAIN,DT31,1404,5706,7110,22:00
2026-08-01,weekends/holiday,23,TRAIN,DT31,617,3248,3865,23:00
2026-08-01,weekday,0,TRAIN,DT33,21,2602,2623,00:00
2026-08-01,weekday,5,TRAIN,DT33,6280,105,6385,05:00
2026-08-01,weekday,6,TRAIN,DT33,30534,9776,40310,06:00
2026-08-01,weekday,7,TRAIN,DT33,69130,35636,104766,07:00
2026-08-01,weekday,8,TRAIN,DT33,79852,16172,96024,08:00
2026-08-01,weekday,9,TRAIN,DT33,37491,6817,44308,09:00
2026-08-01,weekday,10,TRAIN,DT33,20153,4867,25020,10:00
2026-08-01,weekday,11,TRAIN,DT33,15114,5293,20407,11:00
2026-08-01,weekday,12,TRAIN,DT33,14649,7611,22260,12:00
2026-08-01,weekday,13,TRAIN,DT33,14070,10280,24350,13:00
2026-08-01,weekday,14,TRAIN,DT33,14672,11651,26323,14:00
2026-08-01,weekday,15,TRAIN,DT33,12375,12966,25341,15:00
2026-08-01,weekday,16,TRAIN,DT33,14743,17368,32111,16:00
2026-08-01,weekday,17,TRAIN,DT33,22428,31878,54306,17:00
2026-08-01,weekday,18,TRAIN,DT33,25777,62536,88313,18:00
2026-08-01,weekday,19,TRAIN,DT33,15174,48090,63264,19:00
2026-08-01,weekday,20,TRAIN,DT33,7909,31298,39207,20:00
2026-08-01,weekday,21,TRAIN,DT33,5780,25804,31584,21:00
2026-08-01,weekday,22,TRAIN,DT33,3872,22772,26644,22:00
2026-08-01,weekday,23,TRAIN,DT33,1304,13198,14502,23:00
2026-08-01,weekends/holiday,0,TRAIN,DT33,20,1896,1916,00:00
2026-08-01,weekends/holiday,5,TRAIN,DT33,454,5,459,05:00
2026-08-01,weekends/holiday,6,TRAIN,DT33,2202,675,2877,06:00
2026-08-01,weekends/holiday,7,TRAIN,DT33,3519,1582,5101,07:00
2026-08-01,weekends/holiday,8,TRAIN,DT33,9340,2715,12055,08:00
2026-08-01,weekends/holiday,9,TRAIN,DT33,11984,3247,15231,09:00
2026-08-01,weekends/holiday,10,TRAIN,DT33,11749,3051,14800,10:00
2026-08-01,weekends/holiday,11,TRAIN,DT33,10736,3812,14548,11:00
2026-08-01,weekends/holiday,12,TRAIN,DT33,10640,5343,15983,12:00
2026-08-01,weekends/holiday,13,TRAIN,DT33,9587,6772,16359,13:00
2026-08-01,weekends/holiday,14,TRAIN,DT33,8402,7511,15913,14:00
2026-08-01,weekends/holiday,15,TRAIN,DT33,8168,7956,16124,15:00
2026-08-01,weekends/holiday,16,TRAIN,DT33,8850,8138,16988,16:00
2026-08-01,weekends/holiday,17,TRAIN,DT33,10723,9373,20096,17:00
2026-08-01,weekends/holiday,18,TRAIN,DT33,9397,10434,19831,18:00
2026-08-01,weekends/holiday,19,TRAIN,DT33,6781,10740,17521,19:00
2026-08-01,weekends/holiday,20,TRAIN,DT33,4163,11916,16079,20:00
2026-08-01,weekends/holiday,21,TRAIN,DT33,3114,13692,16806,21:00
2026-08-01,weekends/holiday,22,TRAIN,DT33,2140,12514,14654,22:00
2026-08-01,weekends/holiday,23,TRAIN,DT33,894,7343,8237,23:00
2026-08-01,weekday,0,TRAIN,DT34,9,669,678,00:00
2026-08-01,weekday,5,TRAIN,DT34,832,19,851,05:00
2026-08-01,weekday,6,TRAIN,DT34,4694,2550,7244,06:00
2026-08-01,weekday,7,TRAIN,DT34,11964,10831,22795,07:00
2026-08-01,weekday,8,TRAIN,DT34,16637,13590,30227,08:00
2026-08-01,weekday,9,TRAIN,DT34,8248,6432,14680,09:00
2026-08-01,weekday,10,TRAIN,DT34,4360,3061,7421,10:00
2026-08-01,weekday,11,TRAIN,DT34,5899,2719,8618,11:00
2026-08-01,weekday,12,TRAIN,DT34,5904,4118,10022,12:00
2026-08-01,weekday,13,TRAIN,DT34,4012,5297,9309,13:00
2026-08-01,weekday,14,TRAIN,DT34,3264,4672,7936,14:00
2026-08-01,weekday,15,TRAIN,DT34,4588,4025,8613,15:00
2026-08-01,weekday,16,TRAIN,DT34,7103,4710,11813,16:00
2026-08-01,weekday,17,TRAIN,DT34,15811,6244,22055,17:00
2026-08-01,weekday,18,TRAIN,DT34,14587,12274,26861,18:00
2026-08-01,weekday,19,TRAIN,DT34,7480,11623,19103,19:00
2026-08-01,weekday,20,TRAIN,DT34,4169,7595,11764,20:00
2026-08-01,weekday,21,TRAIN,DT34,2507,5280,7787,21:00
2026-08-01,weekday,22,TRAIN,DT34,2083,4372,6455,22:00
2026-08-01,weekday,23,TRAIN,DT34,1184,2332,3516,23:00
2026-08-01,weekends/holiday,0,TRAIN,DT34,4,481,485,00:00
2026-08-01,weekends/holiday,5,TRAIN,DT34,67,1,68,05:00
2026-08-01,weekends/holiday,6,TRAIN,DT34,329,114,443,06:00
2026-08-01,weekends/holiday,7,TRAIN,DT34,657,642,1299,07:00
2026-08-01,weekends/holiday,8,TRAIN,DT34,1901,1457,3358,08:00
2026-08-01,weekends/holiday,9,TRAIN,DT34,2410,1365,3775,09:00
2026-08-01,weekends/holiday,10,TRAIN,DT34,2553,1435,3988,10:00
2026-08-01,weekends/holiday,11,TRAIN,DT34,2936,1313,4249,11:00
2026-08-01,weekends/holiday,12,TRAIN,DT34,3565,1606,5171,12:00
2026-08-01,weekends/holiday,13,TRAIN,DT34,2868,2154,5022,13:00
2026-08-01,weekends/holiday,14,TRAIN,DT34,2463,2195,4658,14:00
2026-08-01,weekends/holiday,15,TRAIN,DT34,2293,2169,4462,15:00
2026-08-01,weekends/holiday,16,TRAIN,DT34,2666,2291,4957,16:00
2026-08-01,weekends/holiday,17,TRAIN,DT34,3909,2497,6406,17:00
2026-08-01,weekends/holiday,18,TRAIN,DT34,3361,2723,6084,18:00
2026-08-01,weekends/holiday,19,TRAIN,DT34,2811,3032,5843,19:00
2026-08-01,weekends/holiday,20,TRAIN,DT34,1560,3112,4672,20:00
2026-08-01,weekends/holiday,21,TRAIN,DT34,1068,3123,4191,21:00
2026-08-01,weekends/holiday,22,TRAIN,DT34,624,2575,3199,22:00
2026-08-01,weekends/holiday,23,TRAIN,DT34,453,1366,1819,23:00
2026-08-01,weekday,0,TRAIN,DT4,5,324,329,00:00
2026-08-01,weekday,5,TRAIN,DT4,233,1,234,05:00
2026-08-01,weekday,6,TRAIN,DT4,2999,317,3316,06:00
2026-08-01,weekday,7,TRAIN,DT4,7894,1797,9691,07:00
2026-08-01,weekday,8,TRAIN,DT4,9662,1113,10775,08:00
2026-08-01,weekday,9,TRAIN,DT4,4642,850,5492,09:00
2026-08-01,weekday,10,TRAIN,DT4,2933,782,3715,10:00
2026-08-01,weekday,11,TRAIN,DT4,2675,1003,3678,11:00
2026-08-01,weekday,12,TRAIN,DT4,2162,1467,3629,12:00
2026-08-01,weekday,13,TRAIN,DT4,1962,1937,3899,13:00
2026-08-01,weekday,14,TRAIN,DT4,1589,2570,4159,14:00
2026-08-01,weekday,15,TRAIN,DT4,1542,2778,4320,15:00
2026-08-01,weekday,16,TRAIN,DT4,1956,3190,5146,16:00
2026-08-01,weekday,17,TRAIN,DT4,2437,4704,7141,17:00
2026-08-01,weekday,18,TRAIN,DT4,2599,7778,10377,18:00
2026-08-01,weekday,19,TRAIN,DT4,1553,6568,8121,19:00
2026-08-01,weekday,20,TRAIN,DT4,655,4034,4689,20:00
2026-08-01,weekday,21,TRAIN,DT4,464,3253,3717,21:00
2026-08-01,weekday,22,TRAIN,DT4,401,2577,2978,22:00
2026-08-01,weekday,23,TRAIN,DT4,118,1299,1417,23:00
2026-08-01,weekends/holiday,0,TRAIN,DT4,7,218,225,00:00
2026-08-01,weekends/holiday,5,TRAIN,DT4,27,0,27,05:00
2026-08-01,weekends/holiday,6,TRAIN,DT4,158,45,203,06:00
2026-08-01,weekends/holiday,7,TRAIN,DT4,468,105,573,07:00
2026-08-01,weekends/holiday,8,TRAIN,DT4,1495,324,1819,08:00
2026-08-01,weekends/holiday,9,TRAIN,DT4,2009,494,2503,09:00
2026-08-01,weekends/holiday,10,TRAIN,DT4,2215,648,2863,10:00
2026-08-01,weekends/holiday,11,TRAIN,DT4,2008,889,2897,11:00
2026-08-01,weekends/holiday,12,TRAIN,DT4,1801,1050,2851,12:00
2026-08-01,weekends/holiday,13,TRAIN,DT4,1663,1278,2941,13:00
2026-08-01,weekends/holiday,14,TRAIN,DT4,1377,1410,2787,14:00
2026-08-01,weekends/holiday,15,TRAIN,DT4,1229,1343,2572,15:00
2026-08-01,weekends/holiday,16,TRAIN,DT4,1337,1446,2783,16:00
2026-08-01,weekends/holiday,17,TRAIN,DT4,1545,1608,3153,17:00
2026-08-01,weekends/holiday,18,TRAIN,DT4,1288,1838,3126,18:00
2026-08-01,weekends/holiday,19,TRAIN,DT4,763,1730,2493,19:00
2026-08-01,weekends/holiday,20,TRAIN,DT4,428,1674,2102,20:00
2026-08-01,weekends/holiday,21,TRAIN,DT4,395,1661,2056,21:00
2026-08-01,weekends/holiday,22,TRAIN,DT4,334,1336,1670,22:00
2026-08-01,weekends/holiday,23,TRAIN,DT4,98,748,846,23:00
2026-08-01,weekday,0,TRAIN,DT5,136,1540,1676,00:00
2026-08-01,weekday,5,TRAIN,DT5,1774,295,2069,05:00
2026-08-01,weekday,6,TRAIN,DT5,16073,6472,22545,06:00
2026-08-01,weekday,7,TRAIN,DT5,39152,19200,58352,07:00
2026-08-01,weekday,8,TRAIN,DT5,46933,19645,66578,08:00
2026-08-01,weekday,9,TRAIN,DT5,22957,12984,35941,09:00
2026-08-01,weekday,10,TRAIN,DT5,12643,9797,22440,10:00
2026-08-01,weekday,11,TRAIN,DT5,13864,10379,24243,11:00
2026-08-01,weekday,12,TRAIN,DT5,15443,12124,27567,12:00
2026-08-01,weekday,13,TRAIN,DT5,15525,12847,28372,13:00
2026-08-01,weekday,14,TRAIN,DT5,12130,14900,27030,14:00
2026-08-01,weekday,15,TRAIN,DT5,12675,16074,28749,15:00
2026-08-01,weekday,16,TRAIN,DT5,14355,18422,32777,16:00
2026-08-01,weekday,17,TRAIN,DT5,22211,30673,52884,17:00
2026-08-01,weekday,18,TRAIN,DT5,27979,50973,78952,18:00
2026-08-01,weekday,19,TRAIN,DT5,20903,36553,57456,19:00
2026-08-01,weekday,20,TRAIN,DT5,14125,19534,33659,20:00
2026-08-01,weekday,21,TRAIN,DT5,11562,16179,27741,21:00
2026-08-01,weekday,22,TRAIN,DT5,6490,13094,19584,22:00
2026-08-01,weekday,23,TRAIN,DT5,2226,6893,9119,23:00
2026-08-01,weekends/holiday,0,TRAIN,DT5,92,1036,1128,00:00
2026-08-01,weekends/holiday,5,TRAIN,DT5,169,19,188,05:00
2026-08-01,weekends/holiday,6,TRAIN,DT5,1176,760,1936,06:00
2026-08-01,weekends/holiday,7,TRAIN,DT5,2542,2392,4934,07:00
2026-08-01,weekends/holiday,8,TRAIN,DT5,7149,6711,13860,08:00
2026-08-01,weekends/holiday,9,TRAIN,DT5,9624,9920,19544,09:00
2026-08-01,weekends/holiday,10,TRAIN,DT5,11436,8660,20096,10:00
2026-08-01,weekends/holiday,11,TRAIN,DT5,14170,8783,22953,11:00
2026-08-01,weekends/holiday,12,TRAIN,DT5,14486,9100,23586,12:00
2026-08-01,weekends/holiday,13,TRAIN,DT5,14428,9573,24001,13:00
2026-08-01,weekends/holiday,14,TRAIN,DT5,11820,9023,20843,14:00
2026-08-01,weekends/holiday,15,TRAIN,DT5,11262,9188,20450,15:00
2026-08-01,weekends/holiday,16,TRAIN,DT5,11480,9896,21376,16:00
2026-08-01,weekends/holiday,17,TRAIN,DT5,11825,11234,23059,17:00
2026-08-01,weekends/holiday,18,TRAIN,DT5,11746,11789,23535,18:00
2026-08-01,weekends/holiday,19,TRAIN,DT5,9785,10543,20328,19:00
2026-08-01,weekends/holiday,20,TRAIN,DT5,6412,9373,15785,20:00
2026-08-01,weekends/holiday,21,TRAIN,DT5,4580,9806,14386,21:00
2026-08-01,weekends/holiday,22,TRAIN,DT5,2817,8206,11023,22:00
2026-08-01,weekends/holiday,23,TRAIN,DT5,1085,4412,5497,23:00
2026-08-01,weekday,0,TRAIN,DT6,36,331,367,00:00
2026-08-01,weekday,5,TRAIN,DT6,314,280,594,05:00
2026-08-01,weekday,6,TRAIN,DT6,3801,5364,9165,06:00
2026-08-01,weekday,7,TRAIN,DT6,12131,18793,30924,07:00
2026-08-01,weekday,8,TRAIN,DT6,15769,16547,32316,08:00
2026-08-01,weekday,9,TRAIN,DT6,8935,8466,17401,09:00
2026-08-01,weekday,10,TRAIN,DT6,6463,5526,11989,10:00
2026-08-01,weekday,11,TRAIN,DT6,8644,7598,16242,11:00
2026-08-01,weekday,12,TRAIN,DT6,8854,7112,15966,12:00
2026-08-01,weekday,13,TRAIN,DT6,10573,8143,18716,13:00
2026-08-01,weekday,14,TRAIN,DT6,12746,7914,20660,14:00
2026-08-01,weekday,15,TRAIN,DT6,12034,7572,19606,15:00
2026-08-01,weekday,16,TRAIN,DT6,11752,6845,18597,16:00
2026-08-01,weekday,17,TRAIN,DT6,20640,11347,31987,17:00
2026-08-01,weekday,18,TRAIN,DT6,21264,18666,39930,18:00
2026-08-01,weekday,19,TRAIN,DT6,9759,11629,21388,19:00
2026-08-01,weekday,20,TRAIN,DT6,4809,6083,10892,20:00
2026-08-01,weekday,21,TRAIN,DT6,4724,5271,9995,21:00
2026-08-01,weekday,22,TRAIN,DT6,5329,4204,9533,22:00
2026-08-01,weekday,23,TRAIN,DT6,664,1808,2472,23:00
2026-08-01,weekends/holiday,0,TRAIN,DT6,40,221,261,00:00
2026-08-01,weekends/holiday,5,TRAIN,DT6,21,12,33,05:00
2026-08-01,weekends/holiday,6,TRAIN,DT6,313,298,611,06:00
2026-08-01,weekends/holiday,7,TRAIN,DT6,834,927,1761,07:00
2026-08-01,weekends/holiday,8,TRAIN,DT6,2774,2905,5679,08:00
2026-08-01,weekends/holiday,9,TRAIN,DT6,3986,3039,7025,09:00
2026-08-01,weekends/holiday,10,TRAIN,DT6,4119,2870,6989,10:00
2026-08-01,weekends/holiday,11,TRAIN,DT6,4814,2873,7687,11:00
2026-08-01,weekends/holiday,12,TRAIN,DT6,5266,3045,8311,12:00
2026-08-01,weekends/holiday,13,TRAIN,DT6,4219,3757,7976,13:00
2026-08-01,weekends/holiday,14,TRAIN,DT6,3735,3276,7011,14:00
2026-08-01,weekends/holiday,15,TRAIN,DT6,3812,3365,7177,15:00
2026-08-01,weekends/holiday,16,TRAIN,DT6,4807,3500,8307,16:00
2026-08-01,weekends/holiday,17,TRAIN,DT6,4841,3526,8367,17:00
2026-08-01,weekends/holiday,18,TRAIN,DT6,4495,3696,8191,18:00
2026-08-01,weekends/holiday,19,TRAIN,DT6,2997,3357,6354,19:00
2026-08-01,weekends/holiday,20,TRAIN,DT6,1542,2841,4383,20:00
2026-08-01,weekends/holiday,21,TRAIN,DT6,1228,3115,4343,21:00
2026-08-01,weekends/holiday,22,TRAIN,DT6,914,2499,3413,22:00
2026-08-01,weekends/holiday,23,TRAIN,DT6,330,1156,1486,23:00
2026-08-01,weekday,0,TRAIN,DT7,11,216,227,00:00
2026-08-01,weekday,5,TRAIN,DT7,287,110,397,05:00
2026-08-01,weekday,6,TRAIN,DT7,2567,3186,5753,06:00
2026-08-01,weekday,7,TRAIN,DT7,7062,17654,24716,07:00
2026-08-01,weekday,8,TRAIN,DT7,9162,14573,23735,08:00
2026-08-01,weekday,9,TRAIN,DT7,5336,4937,10273,09:00
2026-08-01,weekday,10,TRAIN,DT7,2978,2900,5878,10:00
2026-08-01,weekday,11,TRAIN,DT7,3317,3305,6622,11:00
2026-08-01,weekday,12,TRAIN,DT7,3643,3132,6775,12:00
2026-08-01,weekday,13,TRAIN,DT7,3363,4210,7573,13:00
2026-08-01,weekday,14,TRAIN,DT7,3593,4893,8486,14:00
2026-08-01,weekday,15,TRAIN,DT7,6007,5262,11269,15:00
2026-08-01,weekday,16,TRAIN,DT7,7241,5197,12438,16:00
2026-08-01,weekday,17,TRAIN,DT7,10903,7840,18743,17:00
2026-08-01,weekday,18,TRAIN,DT7,12032,12247,24279,18:00
2026-08-01,weekday,19,TRAIN,DT7,6132,8175,14307,19:00
2026-08-01,weekday,20,TRAIN,DT7,2815,4472,7287,20:00
2026-08-01,weekday,21,TRAIN,DT7,1673,3965,5638,21:00
2026-08-01,weekday,22,TRAIN,DT7,1504,2824,4328,22:00
2026-08-01,weekday,23,TRAIN,DT7,430,1131,1561,23:00
2026-08-01,weekends/holiday,0,TRAIN,DT7,14,165,179,00:00
2026-08-01,weekends/holiday,5,TRAIN,DT7,25,0,25,05:00
2026-08-01,weekends/holiday,6,TRAIN,DT7,243,280,523,06:00
2026-08-01,weekends/holiday,7,TRAIN,DT7,591,564,1155,07:00
2026-08-01,weekends/holiday,8,TRAIN,DT7,1911,1558,3469,08:00
2026-08-01,weekends/holiday,9,TRAIN,DT7,2794,1779,4573,09:00
2026-08-01,weekends/holiday,10,TRAIN,DT7,2545,1756,4301,10:00
2026-08-01,weekends/holiday,11,TRAIN,DT7,2604,1888,4492,11:00
2026-08-01,weekends/holiday,12,TRAIN,DT7,2539,2035,4574,12:00
2026-08-01,weekends/holiday,13,TRAIN,DT7,2325,2125,4450,13:00
2026-08-01,weekends/holiday,14,TRAIN,DT7,1933,2166,4099,14:00
2026-08-01,weekends/holiday,15,TRAIN,DT7,1888,2228,4116,15:00
2026-08-01,weekends/holiday,16,TRAIN,DT7,2296,2535,4831,16:00
2026-08-01,weekends/holiday,17,TRAIN,DT7,2733,2912,5645,17:00
2026-08-01,weekends/holiday,18,TRAIN,DT7,2833,3043,5876,18:00
2026-08-01,weekends/holiday,19,TRAIN,DT7,1700,2808,4508,19:00
2026-08-01,weekends/holiday,20,TRAIN,DT7,1162,2412,3574,20:00
2026-08-01,weekends/holiday,21,TRAIN,DT7,847,2292,3139,21:00
2026-08-01,weekends/holiday,22,TRAIN,DT7,886,1595,2481,22:00
2026-08-01,weekends/holiday,23,TRAIN,DT7,257,678,935,23:00
2026-08-01,weekday,0,TRAIN,DT8,11,219,230,00:00
2026-08-01,weekday,5,TRAIN,DT8,159,194,353,05:00
2026-08-01,weekday,6,TRAIN,DT8,2164,5256,7420,06:00
2026-08-01,weekday,7,TRAIN,DT8,8524,34763,43287,07:00
2026-08-01,weekday,8,TRAIN,DT8,9302,17059,26361,08:00
2026-08-01,weekday,9,TRAIN,DT8,5559,4332,9891,09:00
2026-08-01,weekday,10,TRAIN,DT8,5691,2676,8367,10:00
2026-08-01,weekday,11,TRAIN,DT8,6692,2487,9179,11:00
2026-08-01,weekday,12,TRAIN,DT8,5552,3476,9028,12:00
2026-08-01,weekday,13,TRAIN,DT8,10250,4950,15200,13:00
2026-08-01,weekday,14,TRAIN,DT8,11661,4974,16635,14:00
2026-08-01,weekday,15,TRAIN,DT8,13467,4853,18320,15:00
2026-08-01,weekday,16,TRAIN,DT8,12843,5018,17861,16:00
2026-08-01,weekday,17,TRAIN,DT8,12824,6804,19628,17:00
2026-08-01,weekday,18,TRAIN,DT8,14555,9824,24379,18:00
2026-08-01,weekday,19,TRAIN,DT8,6738,7359,14097,19:00
2026-08-01,weekday,20,TRAIN,DT8,2465,3310,5775,20:00
2026-08-01,weekday,21,TRAIN,DT8,2408,2926,5334,21:00
2026-08-01,weekday,22,TRAIN,DT8,1102,2155,3257,22:00
2026-08-01,weekday,23,TRAIN,DT8,302,973,1275,23:00
2026-08-01,weekends/holiday,0,TRAIN,DT8,11,128,139,00:00
2026-08-01,weekends/holiday,5,TRAIN,DT8,24,1,25,05:00
2026-08-01,weekends/holiday,6,TRAIN,DT8,192,130,322,06:00
2026-08-01,weekends/holiday,7,TRAIN,DT8,516,363,879,07:00
2026-08-01,weekends/holiday,8,TRAIN,DT8,2052,1389,3441,08:00
2026-08-01,weekends/holiday,9,TRAIN,DT8,2872,1750,4622,09:00
2026-08-01,weekends/holiday,10,TRAIN,DT8,2591,1809,4400,10:00
2026-08-01,weekends/holiday,11,TRAIN,DT8,2701,1727,4428,11:00
2026-08-01,weekends/holiday,12,TRAIN,DT8,2730,1873,4603,12:00
2026-08-01,weekends/holiday,13,TRAIN,DT8,2616,2153,4769,13:00
2026-08-01,weekends/holiday,14,TRAIN,DT8,2064,2143,4207,14:00
2026-08-01,weekends/holiday,15,TRAIN,DT8,1949,2174,4123,15:00
2026-08-01,weekends/holiday,16,TRAIN,DT8,2549,2404,4953,16:00
2026-08-01,weekends/holiday,17,TRAIN,DT8,2420,2647,5067,17:00
2026-08-01,weekends/holiday,18,TRAIN,DT8,2308,2874,5182,18:00
2026-08-01,weekends/holiday,19,TRAIN,DT8,1459,2511,3970,19:00
2026-08-01,weekends/holiday,20,TRAIN,DT8,946,1944,2890,20:00
2026-08-01,weekends/holiday,21,TRAIN,DT8,829,1946,2775,21:00
2026-08-01,weekends/holiday,22,TRAIN,DT8,686,1316,2002,22:00
2026-08-01,weekends/holiday,23,TRAIN,DT8,199,607,806,23:00
2026-08-01,weekday,0,TRAIN,EW1,0,4189,4189,00:00
2026-08-01,weekday,5,TRAIN,EW1,10182,531,10713,05:00
2026-08-01,weekday,6,TRAIN,EW1,46317,13046,59363,06:00
2026-08-01,weekday,7,TRAIN,EW1,99327,38885,138212,07:00
2026-08-01,weekday,8,TRAIN,EW1,110612,27674,138286,08:00
2026-08-01,weekday,9,TRAIN,EW1,49872,13867,63739,09:00
2026-08-01,weekday,10,TRAIN,EW1,31077,12094,43171,10:00
2026-08-01,weekday,11,TRAIN,EW1,27444,14533,41977,11:00
2026-08-01,weekday,12,TRAIN,EW1,26555,19324,45879,12:00
2026-08-01,weekday,13,TRAIN,EW1,25096,22106,47202,13:00
2026-08-01,weekday,14,TRAIN,EW1,24170,26717,50887,14:00
2026-08-01,weekday,15,TRAIN,EW1,22933,29785,52718,15:00
2026-08-01,weekday,16,TRAIN,EW1,27708,35411,63119,16:00
2026-08-01,weekday,17,TRAIN,EW1,39210,56136,95346,17:00
2026-08-01,weekday,18,TRAIN,EW1,44550,103916,148466,18:00
2026-08-01,weekday,19,TRAIN,EW1,27237,83743,110980,19:00
2026-08-01,weekday,20,TRAIN,EW1,16185,47018,63203,20:00
2026-08-01,weekday,21,TRAIN,EW1,14702,39529,54231,21:00
2026-08-01,weekday,22,TRAIN,EW1,8845,32602,41447,22:00
2026-08-01,weekday,23,TRAIN,EW1,1565,16284,17849,23:00
2026-08-01,weekends/holiday,0,TRAIN,EW1,1,3028,3029,00:00
2026-08-01,weekends/holiday,5,TRAIN,EW1,2362,170,2532,05:00
2026-08-01,weekends/holiday,6,TRAIN,EW1,7072,2185,9257,06:00
2026-08-01,weekends/holiday,7,TRAIN,EW1,12550,8309,20859,07:00
2026-08-01,weekends/holiday,8,TRAIN,EW1,18637,8092,26729,08:00
2026-08-01,weekends/holiday,9,TRAIN,EW1,21003,8477,29480,09:00
2026-08-01,weekends/holiday,10,TRAIN,EW1,21532,9587,31119,10:00
2026-08-01,weekends/holiday,11,TRAIN,EW1,21724,11465,33189,11:00
2026-08-01,weekends/holiday,12,TRAIN,EW1,21340,13659,34999,12:00
2026-08-01,weekends/holiday,13,TRAIN,EW1,19435,16501,35936,13:00
2026-08-01,weekends/holiday,14,TRAIN,EW1,17730,17247,34977,14:00
2026-08-01,weekends/holiday,15,TRAIN,EW1,17199,17853,35052,15:00
2026-08-01,weekends/holiday,16,TRAIN,EW1,17775,19813,37588,16:00
2026-08-01,weekends/holiday,17,TRAIN,EW1,19753,23176,42929,17:00
2026-08-01,weekends/holiday,18,TRAIN,EW1,17744,24031,41775,18:00
2026-08-01,weekends/holiday,19,TRAIN,EW1,14068,21477,35545,19:00
2026-08-01,weekends/holiday,20,TRAIN,EW1,10263,20175,30438,20:00
2026-08-01,weekends/holiday,21,TRAIN,EW1,9071,20808,29879,21:00
2026-08-01,weekends/holiday,22,TRAIN,EW1,6164,17741,23905,22:00
2026-08-01,weekends/holiday,23,TRAIN,EW1,1247,9661,10908,23:00
2026-08-01,weekday,0,TRAIN,EW10,100,567,667,00:00
2026-08-01,weekday,5,TRAIN,EW10,3486,428,3914,05:00
2026-08-01,weekday,6,TRAIN,EW10,26035,4219,30254,06:00
2026-08-01,weekday,7,TRAIN,EW10,33392,9740,43132,07:00
2026-08-01,weekday,8,TRAIN,EW10,32877,14259,47136,08:00
2026-08-01,weekday,9,TRAIN,EW10,18576,9452,28028,09:00
2026-08-01,weekday,10,TRAIN,EW10,10543,5810,16353,10:00
2026-08-01,weekday,11,TRAIN,EW10,8959,5473,14432,11:00
2026-08-01,weekday,12,TRAIN,EW10,8443,7147,15590,12:00
2026-08-01,weekday,13,TRAIN,EW10,7888,10015,17903,13:00
2026-08-01,weekday,14,TRAIN,EW10,6754,8986,15740,14:00
2026-08-01,weekday,15,TRAIN,EW10,7036,8870,15906,15:00
2026-08-01,weekday,16,TRAIN,EW10,8291,11472,19763,16:00
2026-08-01,weekday,17,TRAIN,EW10,15345,19225,34570,17:00
2026-08-01,weekday,18,TRAIN,EW10,18793,36088,54881,18:00
2026-08-01,weekday,19,TRAIN,EW10,11343,30364,41707,19:00
2026-08-01,weekday,20,TRAIN,EW10,6979,21083,28062,20:00
2026-08-01,weekday,21,TRAIN,EW10,5981,18966,24947,21:00
2026-08-01,weekday,22,TRAIN,EW10,4334,15386,19720,22:00
2026-08-01,weekday,23,TRAIN,EW10,1988,6943,8931,23:00
2026-08-01,weekends/holiday,0,TRAIN,EW10,143,519,662,00:00
2026-08-01,weekends/holiday,5,TRAIN,EW10,628,105,733,05:00
2026-08-01,weekends/holiday,6,TRAIN,EW10,7517,1824,9341,06:00
2026-08-01,weekends/holiday,7,TRAIN,EW10,8573,3418,11991,07:00
2026-08-01,weekends/holiday,8,TRAIN,EW10,7918,5040,12958,08:00
2026-08-01,weekends/holiday,9,TRAIN,EW10,8000,6051,14051,09:00
2026-08-01,weekends/holiday,10,TRAIN,EW10,7843,6357,14200,10:00
2026-08-01,weekends/holiday,11,TRAIN,EW10,7756,7301,15057,11:00
2026-08-01,weekends/holiday,12,TRAIN,EW10,7482,8290,15772,12:00
2026-08-01,weekends/holiday,13,TRAIN,EW10,7345,8807,16152,13:00
2026-08-01,weekends/holiday,14,TRAIN,EW10,7225,8883,16108,14:00
2026-08-01,weekends/holiday,15,TRAIN,EW10,7744,9296,17040,15:00
2026-08-01,weekends/holiday,16,TRAIN,EW10,8836,11437,20273,16:00
2026-08-01,weekends/holiday,17,TRAIN,EW10,10204,13449,23653,17:00
2026-08-01,weekends/holiday,18,TRAIN,EW10,9930,14856,24786,18:00
2026-08-01,weekends/holiday,19,TRAIN,EW10,9035,15424,24459,19:00
2026-08-01,weekends/holiday,20,TRAIN,EW10,11520,11426,22946,20:00
2026-08-01,weekends/holiday,21,TRAIN,EW10,12450,9923,22373,21:00
2026-08-01,weekends/holiday,22,TRAIN,EW10,4871,8416,13287,22:00
2026-08-01,weekends/holiday,23,TRAIN,EW10,2212,4420,6632,23:00
2026-08-01,weekday,0,TRAIN,EW11,190,677,867,00:00
2026-08-01,weekday,5,TRAIN,EW11,3065,599,3664,05:00
2026-08-01,weekday,6,TRAIN,EW11,19175,7971,27146,06:00
2026-08-01,weekday,7,TRAIN,EW11,23026,23438,46464,07:00
2026-08-01,weekday,8,TRAIN,EW11,26103,45236,71339,08:00
2026-08-01,weekday,9,TRAIN,EW11,23130,33281,56411,09:00
2026-08-01,weekday,10,TRAIN,EW11,19574,17669,37243,10:00
2026-08-01,weekday,11,TRAIN,EW11,19482,15031,34513,11:00
2026-08-01,weekday,12,TRAIN,EW11,18342,16374,34716,12:00
2026-08-01,weekday,13,TRAIN,EW11,16294,19178,35472,13:00
2026-08-01,weekday,14,TRAIN,EW11,15048,18375,33423,14:00
2026-08-01,weekday,15,TRAIN,EW11,16079,17966,34045,15:00
2026-08-01,weekday,16,TRAIN,EW11,19407,17587,36994,16:00
2026-08-01,weekday,17,TRAIN,EW11,38929,25092,64021,17:00
2026-08-01,weekday,18,TRAIN,EW11,50572,41717,92289,18:00
2026-08-01,weekday,19,TRAIN,EW11,27266,31565,58831,19:00
2026-08-01,weekday,20,TRAIN,EW11,17219,23022,40241,20:00
2026-08-01,weekday,21,TRAIN,EW11,14578,23416,37994,21:00
2026-08-01,weekday,22,TRAIN,EW11,12080,17405,29485,22:00
2026-08-01,weekday,23,TRAIN,EW11,5737,7983,13720,23:00
2026-08-01,weekends/holiday,0,TRAIN,EW11,167,672,839,00:00
2026-08-01,weekends/holiday,5,TRAIN,EW11,571,66,637,05:00
2026-08-01,weekends/holiday,6,TRAIN,EW11,6124,2559,8683,06:00
2026-08-01,weekends/holiday,7,TRAIN,EW11,7246,4810,12056,07:00
2026-08-01,weekends/holiday,8,TRAIN,EW11,7272,7443,14715,08:00
2026-08-01,weekends/holiday,9,TRAIN,EW11,9474,9081,18555,09:00
2026-08-01,weekends/holiday,10,TRAIN,EW11,11054,10146,21200,10:00
2026-08-01,weekends/holiday,11,TRAIN,EW11,11503,11321,22824,11:00
2026-08-01,weekends/holiday,12,TRAIN,EW11,11399,12597,23996,12:00
2026-08-01,weekends/holiday,13,TRAIN,EW11,10910,13541,24451,13:00
2026-08-01,weekends/holiday,14,TRAIN,EW11,11207,13912,25119,14:00
2026-08-01,weekends/holiday,15,TRAIN,EW11,11366,13345,24711,15:00
2026-08-01,weekends/holiday,16,TRAIN,EW11,12568,13293,25861,16:00
2026-08-01,weekends/holiday,17,TRAIN,EW11,14495,15018,29513,17:00
2026-08-01,weekends/holiday,18,TRAIN,EW11,14378,14810,29188,18:00
2026-08-01,weekends/holiday,19,TRAIN,EW11,12112,14349,26461,19:00
2026-08-01,weekends/holiday,20,TRAIN,EW11,13789,11947,25736,20:00
2026-08-01,weekends/holiday,21,TRAIN,EW11,11813,11685,23498,21:00
2026-08-01,weekends/holiday,22,TRAIN,EW11,7063,10214,17277,22:00
2026-08-01,weekends/holiday,23,TRAIN,EW11,3865,4884,8749,23:00
2026-08-01,weekday,0,TRAIN,EW12/DT14,782,1154,1936,00:00
2026-08-01,weekday,5,TRAIN,EW12/DT14,5541,1033,6574,05:00
2026-08-01,weekday,6,TRAIN,EW12/DT14,14098,17114,31212,06:00
2026-08-01,weekday,7,TRAIN,EW12/DT14,21673,47840,69513,07:00
2026-08-01,weekday,8,TRAIN,EW12/DT14,27939,125169,153108,08:00
2026-08-01,weekday,9,TRAIN,EW12/DT14,26822,113405,140227,09:00
2026-08-01,weekday,10,TRAIN,EW12/DT14,27857,65520,93377,10:00
2026-08-01,weekday,11,TRAIN,EW12/DT14,39360,68894,108254,11:00
2026-08-01,weekday,12,TRAIN,EW12/DT14,50924,80198,131122,12:00
2026-08-01,weekday,13,TRAIN,EW12/DT14,69174,65285,134459,13:00
2026-08-01,weekday,14,TRAIN,EW12/DT14,58469,58019,116488,14:00
2026-08-01,weekday,15,TRAIN,EW12/DT14,59406,54211,113617,15:00
2026-08-01,weekday,16,TRAIN,EW12/DT14,68674,57854,126528,16:00
2026-08-01,weekday,17,TRAIN,EW12/DT14,118109,72514,190623,17:00
2026-08-01,weekday,18,TRAIN,EW12/DT14,154307,114943,269250,18:00
2026-08-01,weekday,19,TRAIN,EW12/DT14,97009,69787,166796,19:00
2026-08-01,weekday,20,TRAIN,EW12/DT14,81690,41052,122742,20:00
2026-08-01,weekday,21,TRAIN,EW12/DT14,87165,31336,118501,21:00
2026-08-01,weekday,22,TRAIN,EW12/DT14,54797,21498,76295,22:00
2026-08-01,weekday,23,TRAIN,EW12/DT14,21276,10391,31667,23:00
2026-08-01,weekends/holiday,0,TRAIN,EW12/DT14,758,1179,1937,00:00
2026-08-01,weekends/holiday,5,TRAIN,EW12/DT14,1024,398,1422,05:00
2026-08-01,weekends/holiday,6,TRAIN,EW12/DT14,5631,7027,12658,06:00
2026-08-01,weekends/holiday,7,TRAIN,EW12/DT14,7681,12400,20081,07:00
2026-08-01,weekends/holiday,8,TRAIN,EW12/DT14,9712,18762,28474,08:00
2026-08-01,weekends/holiday,9,TRAIN,EW12/DT14,13146,31659,44805,09:00
2026-08-01,weekends/holiday,10,TRAIN,EW12/DT14,18042,43270,61312,10:00
2026-08-01,weekends/holiday,11,TRAIN,EW12/DT14,25276,52171,77447,11:00
2026-08-01,weekends/holiday,12,TRAIN,EW12/DT14,34078,58424,92502,12:00
2026-08-01,weekends/holiday,13,TRAIN,EW12/DT14,41715,58913,100628,13:00
2026-08-01,weekends/holiday,14,TRAIN,EW12/DT14,48767,54265,103032,14:00
2026-08-01,weekends/holiday,15,TRAIN,EW12/DT14,53910,53007,106917,15:00
2026-08-01,weekends/holiday,16,TRAIN,EW12/DT14,57888,51629,109517,16:00
2026-08-01,weekends/holiday,17,TRAIN,EW12/DT14,58646,50396,109042,17:00
2026-08-01,weekends/holiday,18,TRAIN,EW12/DT14,55367,44308,99675,18:00
2026-08-01,weekends/holiday,19,TRAIN,EW12/DT14,51000,33976,84976,19:00
2026-08-01,weekends/holiday,20,TRAIN,EW12/DT14,46600,25936,72536,20:00
2026-08-01,weekends/holiday,21,TRAIN,EW12/DT14,49424,21018,70442,21:00
2026-08-01,weekends/holiday,22,TRAIN,EW12/DT14,33329,13543,46872,22:00
2026-08-01,weekends/holiday,23,TRAIN,EW12/DT14,14282,6765,21047,23:00
2026-08-01,weekday,0,TRAIN,EW14/NS26,673,220,893,00:00
2026-08-01,weekday,5,TRAIN,EW14/NS26,666,2264,2930,05:00
2026-08-01,weekday,6,TRAIN,EW14/NS26,2373,36044,38417,06:00
2026-08-01,weekday,7,TRAIN,EW14/NS26,5467,92992,98459,07:00
2026-08-01,weekday,8,TRAIN,EW14/NS26,10246,349483,359729,08:00
2026-08-01,weekday,9,TRAIN,EW14/NS26,13401,312448,325849,09:00
2026-08-01,weekday,10,TRAIN,EW14/NS26,20606,91929,112535,10:00
2026-08-01,weekday,11,TRAIN,EW14/NS26,58833,52888,111721,11:00
2026-08-01,weekday,12,TRAIN,EW14/NS26,71358,53110,124468,12:00
2026-08-01,weekday,13,TRAIN,EW14/NS26,46180,86321,132501,13:00
2026-08-01,weekday,14,TRAIN,EW14/NS26,41860,49495,91355,14:00
2026-08-01,weekday,15,TRAIN,EW14/NS26,49299,29568,78867,15:00
2026-08-01,weekday,16,TRAIN,EW14/NS26,73402,30804,104206,16:00
2026-08-01,weekday,17,TRAIN,EW14/NS26,197791,38228,236019,17:00
2026-08-01,weekday,18,TRAIN,EW14/NS26,373145,50867,424012,18:00
2026-08-01,weekday,19,TRAIN,EW14/NS26,168080,30638,198718,19:00
2026-08-01,weekday,20,TRAIN,EW14/NS26,91123,15579,106702,20:00
2026-08-01,weekday,21,TRAIN,EW14/NS26,60821,10516,71337,21:00
2026-08-01,weekday,22,TRAIN,EW14/NS26,41390,6549,47939,22:00
2026-08-01,weekday,23,TRAIN,EW14/NS26,20588,2922,23510,23:00
2026-08-01,weekends/holiday,0,TRAIN,EW14/NS26,434,213,647,00:00
2026-08-01,weekends/holiday,5,TRAIN,EW14/NS26,408,151,559,05:00
2026-08-01,weekends/holiday,6,TRAIN,EW14/NS26,1500,5259,6759,06:00
2026-08-01,weekends/holiday,7,TRAIN,EW14/NS26,2204,9177,11381,07:00
2026-08-01,weekends/holiday,8,TRAIN,EW14/NS26,2858,12601,15459,08:00
2026-08-01,weekends/holiday,9,TRAIN,EW14/NS26,4436,16182,20618,09:00
2026-08-01,weekends/holiday,10,TRAIN,EW14/NS26,7462,17052,24514,10:00
2026-08-01,weekends/holiday,11,TRAIN,EW14/NS26,11342,17278,28620,11:00
2026-08-01,weekends/holiday,12,TRAIN,EW14/NS26,14138,16217,30355,12:00
2026-08-01,weekends/holiday,13,TRAIN,EW14/NS26,14243,15217,29460,13:00
2026-08-01,weekends/holiday,14,TRAIN,EW14/NS26,14403,15423,29826,14:00
2026-08-01,weekends/holiday,15,TRAIN,EW14/NS26,15894,15295,31189,15:00
2026-08-01,weekends/holiday,16,TRAIN,EW14/NS26,15877,16801,32678,16:00
2026-08-01,weekends/holiday,17,TRAIN,EW14/NS26,17524,18951,36475,17:00
2026-08-01,weekends/holiday,18,TRAIN,EW14/NS26,16312,19626,35938,18:00
2026-08-01,weekends/holiday,19,TRAIN,EW14/NS26,16596,15545,32141,19:00
2026-08-01,weekends/holiday,20,TRAIN,EW14/NS26,19799,9480,29279,20:00
2026-08-01,weekends/holiday,21,TRAIN,EW14/NS26,18465,7672,26137,21:00
2026-08-01,weekends/holiday,22,TRAIN,EW14/NS26,17100,4584,21684,22:00
2026-08-01,weekends/holiday,23,TRAIN,EW14/NS26,9929,2289,12218,23:00
2026-08-01,weekday,0,TRAIN,EW15,181,244,425,00:00
2026-08-01,weekday,5,TRAIN,EW15,853,623,1476,05:00
2026-08-01,weekday,6,TRAIN,EW15,4473,27000,31473,06:00
2026-08-01,weekday,7,TRAIN,EW15,9609,72383,81992,07:00
2026-08-01,weekday,8,TRAIN,EW15,18443,199331,217774,08:00
2026-08-01,weekday,9,TRAIN,EW15,14475,168761,183236,09:00
2026-08-01,weekday,10,TRAIN,EW15,15084,68368,83452,10:00
2026-08-01,weekday,11,TRAIN,EW15,24619,39483,64102,11:00
2026-08-01,weekday,12,TRAIN,EW15,33036,37193,70229,12:00
2026-08-01,weekday,13,TRAIN,EW15,34237,38710,72947,13:00
2026-08-01,weekday,14,TRAIN,EW15,27647,26495,54142,14:00
2026-08-01,weekday,15,TRAIN,EW15,30297,19369,49666,15:00
2026-08-01,weekday,16,TRAIN,EW15,43548,18935,62483,16:00
2026-08-01,weekday,17,TRAIN,EW15,119085,30638,149723,17:00
2026-08-01,weekday,18,TRAIN,EW15,209492,53421,262913,18:00
2026-08-01,weekday,19,TRAIN,EW15,98916,29656,128572,19:00
2026-08-01,weekday,20,TRAIN,EW15,62998,12309,75307,20:00
2026-08-01,weekday,21,TRAIN,EW15,50415,9422,59837,21:00
2026-08-01,weekday,22,TRAIN,EW15,30552,6746,37298,22:00
2026-08-01,weekday,23,TRAIN,EW15,11353,3209,14562,23:00
2026-08-01,weekends/holiday,0,TRAIN,EW15,68,235,303,00:00
2026-08-01,weekends/holiday,5,TRAIN,EW15,272,66,338,05:00
2026-08-01,weekends/holiday,6,TRAIN,EW15,1296,4294,5590,06:00
2026-08-01,weekends/holiday,7,TRAIN,EW15,2407,11215,13622,07:00
2026-08-01,weekends/holiday,8,TRAIN,EW15,3149,13146,16295,08:00
2026-08-01,weekends/holiday,9,TRAIN,EW15,4798,14240,19038,09:00
2026-08-01,weekends/holiday,10,TRAIN,EW15,6951,15089,22040,10:00
2026-08-01,weekends/holiday,11,TRAIN,EW15,9410,16224,25634,11:00
2026-08-01,weekends/holiday,12,TRAIN,EW15,12343,16231,28574,12:00
2026-08-01,weekends/holiday,13,TRAIN,EW15,14016,14486,28502,13:00
2026-08-01,weekends/holiday,14,TRAIN,EW15,15413,12231,27644,14:00
2026-08-01,weekends/holiday,15,TRAIN,EW15,15090,10685,25775,15:00
2026-08-01,weekends/holiday,16,TRAIN,EW15,15391,10534,25925,16:00
2026-08-01,weekends/holiday,17,TRAIN,EW15,15310,12377,27687,17:00
2026-08-01,weekends/holiday,18,TRAIN,EW15,14275,12773,27048,18:00
2026-08-01,weekends/holiday,19,TRAIN,EW15,13572,9083,22655,19:00
2026-08-01,weekends/holiday,20,TRAIN,EW15,11539,6134,17673,20:00
2026-08-01,weekends/holiday,21,TRAIN,EW15,12067,5410,17477,21:00
2026-08-01,weekends/holiday,22,TRAIN,EW15,10162,4173,14335,22:00
2026-08-01,weekends/holiday,23,TRAIN,EW15,4451,1934,6385,23:00
2026-08-01,weekday,0,TRAIN,EW16/NE3/TE17,84,827,911,00:00
2026-08-01,weekday,5,TRAIN,EW16/NE3/TE17,1665,255,1920,05:00
2026-08-01,weekday,6,TRAIN,EW16/NE3/TE17,12008,39194,51202,06:00
2026-08-01,weekday,7,TRAIN,EW16/NE3/TE17,25139,122713,147852,07:00
2026-08-01,weekday,8,TRAIN,EW16/NE3/TE17,36054,134817,170871,08:00
2026-08-01,weekday,9,TRAIN,EW16/NE3/TE17,29359,75936,105295,09:00
2026-08-01,weekday,10,TRAIN,EW16/NE3/TE17,28592,40727,69319,10:00
2026-08-01,weekday,11,TRAIN,EW16/NE3/TE17,41738,31537,73275,11:00
2026-08-01,weekday,12,TRAIN,EW16/NE3/TE17,48582,38320,86902,12:00
2026-08-01,weekday,13,TRAIN,EW16/NE3/TE17,31891,51536,83427,13:00
2026-08-01,weekday,14,TRAIN,EW16/NE3/TE17,29586,38742,68328,14:00
2026-08-01,weekday,15,TRAIN,EW16/NE3/TE17,39330,25533,64863,15:00
2026-08-01,weekday,16,TRAIN,EW16/NE3/TE17,59267,20909,80176,16:00
2026-08-01,weekday,17,TRAIN,EW16/NE3/TE17,130856,26782,157638,17:00
2026-08-01,weekday,18,TRAIN,EW16/NE3/TE17,133985,40066,174051,18:00
2026-08-01,weekday,19,TRAIN,EW16/NE3/TE17,56851,29171,86022,19:00
2026-08-01,weekday,20,TRAIN,EW16/NE3/TE17,38396,18533,56929,20:00
2026-08-01,weekday,21,TRAIN,EW16/NE3/TE17,36850,14449,51299,21:00
2026-08-01,weekday,22,TRAIN,EW16/NE3/TE17,18208,11036,29244,22:00
2026-08-01,weekday,23,TRAIN,EW16/NE3/TE17,6562,5651,12213,23:00
2026-08-01,weekends/holiday,0,TRAIN,EW16/NE3/TE17,93,859,952,00:00
2026-08-01,weekends/holiday,5,TRAIN,EW16/NE3/TE17,358,55,413,05:00
2026-08-01,weekends/holiday,6,TRAIN,EW16/NE3/TE17,3158,8908,12066,06:00
2026-08-01,weekends/holiday,7,TRAIN,EW16/NE3/TE17,6361,14988,21349,07:00
2026-08-01,weekends/holiday,8,TRAIN,EW16/NE3/TE17,9007,12493,21500,08:00
2026-08-01,weekends/holiday,9,TRAIN,EW16/NE3/TE17,9531,12479,22010,09:00
2026-08-01,weekends/holiday,10,TRAIN,EW16/NE3/TE17,11308,13648,24956,10:00
2026-08-01,weekends/holiday,11,TRAIN,EW16/NE3/TE17,13176,15184,28360,11:00
2026-08-01,weekends/holiday,12,TRAIN,EW16/NE3/TE17,16843,15886,32729,12:00
2026-08-01,weekends/holiday,13,TRAIN,EW16/NE3/TE17,16031,13874,29905,13:00
2026-08-01,weekends/holiday,14,TRAIN,EW16/NE3/TE17,14663,12338,27001,14:00
2026-08-01,weekends/holiday,15,TRAIN,EW16/NE3/TE17,15453,11451,26904,15:00
2026-08-01,weekends/holiday,16,TRAIN,EW16/NE3/TE17,17447,11602,29049,16:00
2026-08-01,weekends/holiday,17,TRAIN,EW16/NE3/TE17,17565,12299,29864,17:00
2026-08-01,weekends/holiday,18,TRAIN,EW16/NE3/TE17,15679,12888,28567,18:00
2026-08-01,weekends/holiday,19,TRAIN,EW16/NE3/TE17,14987,12486,27473,19:00
2026-08-01,weekends/holiday,20,TRAIN,EW16/NE3/TE17,13150,10486,23636,20:00
2026-08-01,weekends/holiday,21,TRAIN,EW16/NE3/TE17,13397,8767,22164,21:00
2026-08-01,weekends/holiday,22,TRAIN,EW16/NE3/TE17,7861,7100,14961,22:00
2026-08-01,weekends/holiday,23,TRAIN,EW16/NE3/TE17,3415,3631,7046,23:00
2026-08-01,weekday,0,TRAIN,EW17,45,905,950,00:00
2026-08-01,weekday,5,TRAIN,EW17,4337,365,4702,05:00
2026-08-01,weekday,6,TRAIN,EW17,27848,10699,38547,06:00
2026-08-01,weekday,7,TRAIN,EW17,50703,25601,76304,07:00
2026-08-01,weekday,8,TRAIN,EW17,65371,37127,102498,08:00
2026-08-01,weekday,9,TRAIN,EW17,40796,26291,67087,09:00
2026-08-01,weekday,10,TRAIN,EW17,22310,19397,41707,10:00
2026-08-01,weekday,11,TRAIN,EW17,21076,19590,40666,11:00
2026-08-01,weekday,12,TRAIN,EW17,23015,25331,48346,12:00
2026-08-01,weekday,13,TRAIN,EW17,27356,23399,50755,13:00
2026-08-01,weekday,14,TRAIN,EW17,23091,23213,46304,14:00
2026-08-01,weekday,15,TRAIN,EW17,20197,24852,45049,15:00
2026-08-01,weekday,16,TRAIN,EW17,23364,29110,52474,16:00
2026-08-01,weekday,17,TRAIN,EW17,38643,47033,85676,17:00
2026-08-01,weekday,18,TRAIN,EW17,46780,78008,124788,18:00
2026-08-01,weekday,19,TRAIN,EW17,28306,52959,81265,19:00
2026-08-01,weekday,20,TRAIN,EW17,19106,32431,51537,20:00
2026-08-01,weekday,21,TRAIN,EW17,17392,28210,45602,21:00
2026-08-01,weekday,22,TRAIN,EW17,10401,23615,34016,22:00
2026-08-01,weekday,23,TRAIN,EW17,3032,11401,14433,23:00
2026-08-01,weekends/holiday,0,TRAIN,EW17,38,740,778,00:00
2026-08-01,weekends/holiday,5,TRAIN,EW17,650,77,727,05:00
2026-08-01,weekends/holiday,6,TRAIN,EW17,5566,2453,8019,06:00
2026-08-01,weekends/holiday,7,TRAIN,EW17,8084,5012,13096,07:00
2026-08-01,weekends/holiday,8,TRAIN,EW17,11060,8685,19745,08:00
2026-08-01,weekends/holiday,9,TRAIN,EW17,14441,10902,25343,09:00
2026-08-01,weekends/holiday,10,TRAIN,EW17,14309,12055,26364,10:00
2026-08-01,weekends/holiday,11,TRAIN,EW17,14998,13534,28532,11:00
2026-08-01,weekends/holiday,12,TRAIN,EW17,15487,14324,29811,12:00
2026-08-01,weekends/holiday,13,TRAIN,EW17,15576,15545,31121,13:00
2026-08-01,weekends/holiday,14,TRAIN,EW17,14284,14332,28616,14:00
2026-08-01,weekends/holiday,15,TRAIN,EW17,13439,14496,27935,15:00
2026-08-01,weekends/holiday,16,TRAIN,EW17,13991,15726,29717,16:00
2026-08-01,weekends/holiday,17,TRAIN,EW17,14950,16357,31307,17:00
2026-08-01,weekends/holiday,18,TRAIN,EW17,14073,16764,30837,18:00
2026-08-01,weekends/holiday,19,TRAIN,EW17,11581,15425,27006,19:00
2026-08-01,weekends/holiday,20,TRAIN,EW17,9658,13997,23655,20:00
2026-08-01,weekends/holiday,21,TRAIN,EW17,8647,14651,23298,21:00
2026-08-01,weekends/holiday,22,TRAIN,EW17,5840,12579,18419,22:00
2026-08-01,weekends/holiday,23,TRAIN,EW17,1855,6562,8417,23:00
2026-08-01,weekday,0,TRAIN,EW18,62,423,485,00:00
2026-08-01,weekday,5,TRAIN,EW18,2321,641,2962,05:00
2026-08-01,weekday,6,TRAIN,EW18,17098,14442,31540,06:00
2026-08-01,weekday,7,TRAIN,EW18,34500,37139,71639,07:00
2026-08-01,weekday,8,TRAIN,EW18,45306,52767,98073,08:00
2026-08-01,weekday,9,TRAIN,EW18,28588,27101,55689,09:00
2026-08-01,weekday,10,TRAIN,EW18,16190,12295,28485,10:00
2026-08-01,weekday,11,TRAIN,EW18,15906,11034,26940,11:00
2026-08-01,weekday,12,TRAIN,EW18,16064,13496,29560,12:00
2026-08-01,weekday,13,TRAIN,EW18,16173,15951,32124,13:00
2026-08-01,weekday,14,TRAIN,EW18,15352,15575,30927,14:00
2026-08-01,weekday,15,TRAIN,EW18,14566,15045,29611,15:00
2026-08-01,weekday,16,TRAIN,EW18,18096,18897,36993,16:00
2026-08-01,weekday,17,TRAIN,EW18,34652,29121,63773,17:00
2026-08-01,weekday,18,TRAIN,EW18,53865,46517,100382,18:00
2026-08-01,weekday,19,TRAIN,EW18,24224,32686,56910,19:00
2026-08-01,weekday,20,TRAIN,EW18,13624,20678,34302,20:00
2026-08-01,weekday,21,TRAIN,EW18,10337,17648,27985,21:00
2026-08-01,weekday,22,TRAIN,EW18,6946,13436,20382,22:00
2026-08-01,weekday,23,TRAIN,EW18,2388,6490,8878,23:00
2026-08-01,weekends/holiday,0,TRAIN,EW18,50,374,424,00:00
2026-08-01,weekends/holiday,5,TRAIN,EW18,375,112,487,05:00
2026-08-01,weekends/holiday,6,TRAIN,EW18,3242,3240,6482,06:00
2026-08-01,weekends/holiday,7,TRAIN,EW18,5040,6489,11529,07:00
2026-08-01,weekends/holiday,8,TRAIN,EW18,7911,8106,16017,08:00
2026-08-01,weekends/holiday,9,TRAIN,EW18,9405,8430,17835,09:00
2026-08-01,weekends/holiday,10,TRAIN,EW18,10795,7807,18602,10:00
2026-08-01,weekends/holiday,11,TRAIN,EW18,11161,7739,18900,11:00
2026-08-01,weekends/holiday,12,TRAIN,EW18,11765,8696,20461,12:00
2026-08-01,weekends/holiday,13,TRAIN,EW18,10369,9857,20226,13:00
2026-08-01,weekends/holiday,14,TRAIN,EW18,8940,9335,18275,14:00
2026-08-01,weekends/holiday,15,TRAIN,EW18,8811,8973,17784,15:00
2026-08-01,weekends/holiday,16,TRAIN,EW18,9379,9634,19013,16:00
2026-08-01,weekends/holiday,17,TRAIN,EW18,10866,9989,20855,17:00
2026-08-01,weekends/holiday,18,TRAIN,EW18,10291,10284,20575,18:00
2026-08-01,weekends/holiday,19,TRAIN,EW18,7829,9953,17782,19:00
2026-08-01,weekends/holiday,20,TRAIN,EW18,5889,9336,15225,20:00
2026-08-01,weekends/holiday,21,TRAIN,EW18,4727,9340,14067,21:00
2026-08-01,weekends/holiday,22,TRAIN,EW18,3750,7448,11198,22:00
2026-08-01,weekends/holiday,23,TRAIN,EW18,1507,3999,5506,23:00
2026-08-01,weekday,0,TRAIN,EW19,93,750,843,00:00
2026-08-01,weekday,5,TRAIN,EW19,3566,349,3915,05:00
2026-08-01,weekday,6,TRAIN,EW19,19249,8074,27323,06:00
2026-08-01,weekday,7,TRAIN,EW19,43295,23890,67185,07:00
2026-08-01,weekday,8,TRAIN,EW19,56944,27261,84205,08:00
2026-08-01,weekday,9,TRAIN,EW19,35749,11735,47484,09:00
2026-08-01,weekday,10,TRAIN,EW19,17291,7956,25247,10:00
2026-08-01,weekday,11,TRAIN,EW19,15383,9434,24817,11:00
2026-08-01,weekday,12,TRAIN,EW19,14834,12040,26874,12:00
2026-08-01,weekday,13,TRAIN,EW19,14829,13618,28447,13:00
2026-08-01,weekday,14,TRAIN,EW19,11412,15285,26697,14:00
2026-08-01,weekday,15,TRAIN,EW19,12186,15588,27774,15:00
2026-08-01,weekday,16,TRAIN,EW19,16847,18223,35070,16:00
2026-08-01,weekday,17,TRAIN,EW19,32678,29736,62414,17:00
2026-08-01,weekday,18,TRAIN,EW19,36234,52050,88284,18:00
2026-08-01,weekday,19,TRAIN,EW19,17080,37647,54727,19:00
2026-08-01,weekday,20,TRAIN,EW19,9965,24625,34590,20:00
2026-08-01,weekday,21,TRAIN,EW19,8773,20474,29247,21:00
2026-08-01,weekday,22,TRAIN,EW19,5857,15085,20942,22:00
2026-08-01,weekday,23,TRAIN,EW19,1827,6748,8575,23:00
2026-08-01,weekends/holiday,0,TRAIN,EW19,72,546,618,00:00
2026-08-01,weekends/holiday,5,TRAIN,EW19,508,67,575,05:00
2026-08-01,weekends/holiday,6,TRAIN,EW19,3475,1760,5235,06:00
2026-08-01,weekends/holiday,7,TRAIN,EW19,5964,3628,9592,07:00
2026-08-01,weekends/holiday,8,TRAIN,EW19,8667,5160,13827,08:00
2026-08-01,weekends/holiday,9,TRAIN,EW19,10170,5287,15457,09:00
2026-08-01,weekends/holiday,10,TRAIN,EW19,10753,6866,17619,10:00
2026-08-01,weekends/holiday,11,TRAIN,EW19,10882,6463,17345,11:00
2026-08-01,weekends/holiday,12,TRAIN,EW19,12390,7723,20113,12:00
2026-08-01,weekends/holiday,13,TRAIN,EW19,10265,9358,19623,13:00
2026-08-01,weekends/holiday,14,TRAIN,EW19,8520,9844,18364,14:00
2026-08-01,weekends/holiday,15,TRAIN,EW19,8460,9652,18112,15:00
2026-08-01,weekends/holiday,16,TRAIN,EW19,10193,10627,20820,16:00
2026-08-01,weekends/holiday,17,TRAIN,EW19,10497,10635,21132,17:00
2026-08-01,weekends/holiday,18,TRAIN,EW19,10042,10333,20375,18:00
2026-08-01,weekends/holiday,19,TRAIN,EW19,8259,10439,18698,19:00
2026-08-01,weekends/holiday,20,TRAIN,EW19,5458,10353,15811,20:00
2026-08-01,weekends/holiday,21,TRAIN,EW19,4444,10673,15117,21:00
2026-08-01,weekends/holiday,22,TRAIN,EW19,3015,8391,11406,22:00
2026-08-01,weekends/holiday,23,TRAIN,EW19,1211,4266,5477,23:00
2026-08-01,weekday,0,TRAIN,EW2/DT32,575,5073,5648,00:00
2026-08-01,weekday,5,TRAIN,EW2/DT32,14063,2432,16495,05:00
2026-08-01,weekday,6,TRAIN,EW2/DT32,58477,27294,85771,06:00
2026-08-01,weekday,7,TRAIN,EW2/DT32,128477,62264,190741,07:00
2026-08-01,weekday,8,TRAIN,EW2/DT32,151848,61139,212987,08:00
2026-08-01,weekday,9,TRAIN,EW2/DT32,73702,43323,117025,09:00
2026-08-01,weekday,10,TRAIN,EW2/DT32,45872,34289,80161,10:00
2026-08-01,weekday,11,TRAIN,EW2/DT32,41624,39114,80738,11:00
2026-08-01,weekday,12,TRAIN,EW2/DT32,47574,46563,94137,12:00
2026-08-01,weekday,13,TRAIN,EW2/DT32,49449,49263,98712,13:00
2026-08-01,weekday,14,TRAIN,EW2/DT32,47548,53876,101424,14:00
2026-08-01,weekday,15,TRAIN,EW2/DT32,45718,54874,100592,15:00
2026-08-01,weekday,16,TRAIN,EW2/DT32,51066,67787,118853,16:00
2026-08-01,weekday,17,TRAIN,EW2/DT32,74561,113090,187651,17:00
2026-08-01,weekday,18,TRAIN,EW2/DT32,101696,194434,296130,18:00
2026-08-01,weekday,19,TRAIN,EW2/DT32,70606,129601,200207,19:00
2026-08-01,weekday,20,TRAIN,EW2/DT32,50844,67913,118757,20:00
2026-08-01,weekday,21,TRAIN,EW2/DT32,43733,52321,96054,21:00
2026-08-01,weekday,22,TRAIN,EW2/DT32,23295,43097,66392,22:00
2026-08-01,weekday,23,TRAIN,EW2/DT32,6636,21551,28187,23:00
2026-08-01,weekends/holiday,0,TRAIN,EW2/DT32,475,3335,3810,00:00
2026-08-01,weekends/holiday,5,TRAIN,EW2/DT32,3400,380,3780,05:00
2026-08-01,weekends/holiday,6,TRAIN,EW2/DT32,10527,4457,14984,06:00
2026-08-01,weekends/holiday,7,TRAIN,EW2/DT32,16708,10883,27591,07:00
2026-08-01,weekends/holiday,8,TRAIN,EW2/DT32,25046,17260,42306,08:00
2026-08-01,weekends/holiday,9,TRAIN,EW2/DT32,30321,19933,50254,09:00
2026-08-01,weekends/holiday,10,TRAIN,EW2/DT32,31905,23990,55895,10:00
2026-08-01,weekends/holiday,11,TRAIN,EW2/DT32,33843,27748,61591,11:00
2026-08-01,weekends/holiday,12,TRAIN,EW2/DT32,36244,31487,67731,12:00
2026-08-01,weekends/holiday,13,TRAIN,EW2/DT32,37744,34349,72093,13:00
2026-08-01,weekends/holiday,14,TRAIN,EW2/DT32,35998,33733,69731,14:00
2026-08-01,weekends/holiday,15,TRAIN,EW2/DT32,35662,34590,70252,15:00
2026-08-01,weekends/holiday,16,TRAIN,EW2/DT32,36490,37819,74309,16:00
2026-08-01,weekends/holiday,17,TRAIN,EW2/DT32,37999,43141,81140,17:00
2026-08-01,weekends/holiday,18,TRAIN,EW2/DT32,37547,44215,81762,18:00
2026-08-01,weekends/holiday,19,TRAIN,EW2/DT32,31130,39003,70133,19:00
2026-08-01,weekends/holiday,20,TRAIN,EW2/DT32,26826,31916,58742,20:00
2026-08-01,weekends/holiday,21,TRAIN,EW2/DT32,24244,29927,54171,21:00
2026-08-01,weekends/holiday,22,TRAIN,EW2/DT32,14030,25070,39100,22:00
2026-08-01,weekends/holiday,23,TRAIN,EW2/DT32,4213,12954,17167,23:00
2026-08-01,weekday,0,TRAIN,EW20,94,437,531,00:00
2026-08-01,weekday,5,TRAIN,EW20,2312,862,3174,05:00
2026-08-01,weekday,6,TRAIN,EW20,15538,12690,28228,06:00
2026-08-01,weekday,7,TRAIN,EW20,27239,29831,57070,07:00
2026-08-01,weekday,8,TRAIN,EW20,32322,40654,72976,08:00
2026-08-01,weekday,9,TRAIN,EW20,19168,24121,43289,09:00
2026-08-01,weekday,10,TRAIN,EW20,11601,11059,22660,10:00
2026-08-01,weekday,11,TRAIN,EW20,11683,8100,19783,11:00
2026-08-01,weekday,12,TRAIN,EW20,12187,9364,21551,12:00
2026-08-01,weekday,13,TRAIN,EW20,11611,11572,23183,13:00
2026-08-01,weekday,14,TRAIN,EW20,10498,10646,21144,14:00
2026-08-01,weekday,15,TRAIN,EW20,11754,9973,21727,15:00
2026-08-01,weekday,16,TRAIN,EW20,15368,11935,27303,16:00
2026-08-01,weekday,17,TRAIN,EW20,31300,20381,51681,17:00
2026-08-01,weekday,18,TRAIN,EW20,41090,31118,72208,18:00
2026-08-01,weekday,19,TRAIN,EW20,18406,22973,41379,19:00
2026-08-01,weekday,20,TRAIN,EW20,9682,14921,24603,20:00
2026-08-01,weekday,21,TRAIN,EW20,7846,13309,21155,21:00
2026-08-01,weekday,22,TRAIN,EW20,4742,10636,15378,22:00
2026-08-01,weekday,23,TRAIN,EW20,1891,5309,7200,23:00
2026-08-01,weekends/holiday,0,TRAIN,EW20,71,313,384,00:00
2026-08-01,weekends/holiday,5,TRAIN,EW20,363,103,466,05:00
2026-08-01,weekends/holiday,6,TRAIN,EW20,3558,2559,6117,06:00
2026-08-01,weekends/holiday,7,TRAIN,EW20,4968,4553,9521,07:00
2026-08-01,weekends/holiday,8,TRAIN,EW20,6312,6352,12664,08:00
2026-08-01,weekends/holiday,9,TRAIN,EW20,7524,6585,14109,09:00
2026-08-01,weekends/holiday,10,TRAIN,EW20,8080,5909,13989,10:00
2026-08-01,weekends/holiday,11,TRAIN,EW20,8704,5776,14480,11:00
2026-08-01,weekends/holiday,12,TRAIN,EW20,9036,5577,14613,12:00
2026-08-01,weekends/holiday,13,TRAIN,EW20,7849,6754,14603,13:00
2026-08-01,weekends/holiday,14,TRAIN,EW20,6487,6883,13370,14:00
2026-08-01,weekends/holiday,15,TRAIN,EW20,6243,6465,12708,15:00
2026-08-01,weekends/holiday,16,TRAIN,EW20,7167,6738,13905,16:00
2026-08-01,weekends/holiday,17,TRAIN,EW20,7609,7123,14732,17:00
2026-08-01,weekends/holiday,18,TRAIN,EW20,7485,7171,14656,18:00
2026-08-01,weekends/holiday,19,TRAIN,EW20,5634,7133,12767,19:00
2026-08-01,weekends/holiday,20,TRAIN,EW20,4145,7171,11316,20:00
2026-08-01,weekends/holiday,21,TRAIN,EW20,3185,7196,10381,21:00
2026-08-01,weekends/holiday,22,TRAIN,EW20,2063,6195,8258,22:00
2026-08-01,weekends/holiday,23,TRAIN,EW20,1151,3455,4606,23:00
2026-08-01,weekday,0,TRAIN,EW21/CC22,455,821,1276,00:00
2026-08-01,weekday,5,TRAIN,EW21/CC22,2277,1506,3783,05:00
2026-08-01,weekday,6,TRAIN,EW21/CC22,13437,19547,32984,06:00
2026-08-01,weekday,7,TRAIN,EW21/CC22,25903,63183,89086,07:00
2026-08-01,weekday,8,TRAIN,EW21/CC22,31415,112836,144251,08:00
2026-08-01,weekday,9,TRAIN,EW21/CC22,19173,89549,108722,09:00
2026-08-01,weekday,10,TRAIN,EW21/CC22,14109,26733,40842,10:00
2026-08-01,weekday,11,TRAIN,EW21/CC22,22972,20828,43800,11:00
2026-08-01,weekday,12,TRAIN,EW21/CC22,28453,26521,54974,12:00
2026-08-01,weekday,13,TRAIN,EW21/CC22,26988,28471,55459,13:00
2026-08-01,weekday,14,TRAIN,EW21/CC22,25804,21337,47141,14:00
2026-08-01,weekday,15,TRAIN,EW21/CC22,31845,20110,51955,15:00
2026-08-01,weekday,16,TRAIN,EW21/CC22,44404,22668,67072,16:00
2026-08-01,weekday,17,TRAIN,EW21/CC22,98559,34682,133241,17:00
2026-08-01,weekday,18,TRAIN,EW21/CC22,125073,58613,183686,18:00
2026-08-01,weekday,19,TRAIN,EW21/CC22,60451,37292,97743,19:00
2026-08-01,weekday,20,TRAIN,EW21/CC22,35220,18791,54011,20:00
2026-08-01,weekday,21,TRAIN,EW21/CC22,30186,15865,46051,21:00
2026-08-01,weekday,22,TRAIN,EW21/CC22,25491,11304,36795,22:00
2026-08-01,weekday,23,TRAIN,EW21/CC22,7835,4974,12809,23:00
2026-08-01,weekends/holiday,0,TRAIN,EW21/CC22,161,667,828,00:00
2026-08-01,weekends/holiday,5,TRAIN,EW21/CC22,538,195,733,05:00
2026-08-01,weekends/holiday,6,TRAIN,EW21/CC22,2861,3791,6652,06:00
2026-08-01,weekends/holiday,7,TRAIN,EW21/CC22,4126,9093,13219,07:00
2026-08-01,weekends/holiday,8,TRAIN,EW21/CC22,6305,12839,19144,08:00
2026-08-01,weekends/holiday,9,TRAIN,EW21/CC22,8280,9985,18265,09:00
2026-08-01,weekends/holiday,10,TRAIN,EW21/CC22,13930,11298,25228,10:00
2026-08-01,weekends/holiday,11,TRAIN,EW21/CC22,12487,15070,27557,11:00
2026-08-01,weekends/holiday,12,TRAIN,EW21/CC22,13139,12223,25362,12:00
2026-08-01,weekends/holiday,13,TRAIN,EW21/CC22,17231,13445,30676,13:00
2026-08-01,weekends/holiday,14,TRAIN,EW21/CC22,14914,13253,28167,14:00
2026-08-01,weekends/holiday,15,TRAIN,EW21/CC22,13509,11128,24637,15:00
2026-08-01,weekends/holiday,16,TRAIN,EW21/CC22,18169,11724,29893,16:00
2026-08-01,weekends/holiday,17,TRAIN,EW21/CC22,16416,12974,29390,17:00
2026-08-01,weekends/holiday,18,TRAIN,EW21/CC22,14354,14172,28526,18:00
2026-08-01,weekends/holiday,19,TRAIN,EW21/CC22,11854,13079,24933,19:00
2026-08-01,weekends/holiday,20,TRAIN,EW21/CC22,10620,9877,20497,20:00
2026-08-01,weekends/holiday,21,TRAIN,EW21/CC22,11071,9388,20459,21:00
2026-08-01,weekends/holiday,22,TRAIN,EW21/CC22,10438,6997,17435,22:00
2026-08-01,weekends/holiday,23,TRAIN,EW21/CC22,4053,3225,7278,23:00
2026-08-01,weekday,0,TRAIN,EW22,57,283,340,00:00
2026-08-01,weekday,5,TRAIN,EW22,470,682,1152,05:00
2026-08-01,weekday,6,TRAIN,EW22,6095,8103,14198,06:00
2026-08-01,weekday,7,TRAIN,EW22,13894,26761,40655,07:00
2026-08-01,weekday,8,TRAIN,EW22,16122,50222,66344,08:00
2026-08-01,weekday,9,TRAIN,EW22,7881,26140,34021,09:00
2026-08-01,weekday,10,TRAIN,EW22,9700,15511,25211,10:00
2026-08-01,weekday,11,TRAIN,EW22,17018,14076,31094,11:00
2026-08-01,weekday,12,TRAIN,EW22,15390,16343,31733,12:00
2026-08-01,weekday,13,TRAIN,EW22,13107,15406,28513,13:00
2026-08-01,weekday,14,TRAIN,EW22,17378,11091,28469,14:00
2026-08-01,weekday,15,TRAIN,EW22,22539,10872,33411,15:00
2026-08-01,weekday,16,TRAIN,EW22,25489,8169,33658,16:00
2026-08-01,weekday,17,TRAIN,EW22,35401,14295,49696,17:00
2026-08-01,weekday,18,TRAIN,EW22,26609,23541,50150,18:00
2026-08-01,weekday,19,TRAIN,EW22,12236,12288,24524,19:00
2026-08-01,weekday,20,TRAIN,EW22,11655,7797,19452,20:00
2026-08-01,weekday,21,TRAIN,EW22,8502,7239,15741,21:00
2026-08-01,weekday,22,TRAIN,EW22,5060,5405,10465,22:00
2026-08-01,weekday,23,TRAIN,EW22,778,2247,3025,23:00
2026-08-01,weekends/holiday,0,TRAIN,EW22,36,190,226,00:00
2026-08-01,weekends/holiday,5,TRAIN,EW22,120,57,177,05:00
2026-08-01,weekends/holiday,6,TRAIN,EW22,1152,950,2102,06:00
2026-08-01,weekends/holiday,7,TRAIN,EW22,2040,2695,4735,07:00
2026-08-01,weekends/holiday,8,TRAIN,EW22,2768,2880,5648,08:00
2026-08-01,weekends/holiday,9,TRAIN,EW22,3037,2288,5325,09:00
2026-08-01,weekends/holiday,10,TRAIN,EW22,3620,2653,6273,10:00
2026-08-01,weekends/holiday,11,TRAIN,EW22,3650,2136,5786,11:00
2026-08-01,weekends/holiday,12,TRAIN,EW22,4039,2602,6641,12:00
2026-08-01,weekends/holiday,13,TRAIN,EW22,3257,3337,6594,13:00
2026-08-01,weekends/holiday,14,TRAIN,EW22,2932,3201,6133,14:00
2026-08-01,weekends/holiday,15,TRAIN,EW22,2722,3270,5992,15:00
2026-08-01,weekends/holiday,16,TRAIN,EW22,2782,3413,6195,16:00
2026-08-01,weekends/holiday,17,TRAIN,EW22,3655,3614,7269,17:00
2026-08-01,weekends/holiday,18,TRAIN,EW22,3470,3528,6998,18:00
2026-08-01,weekends/holiday,19,TRAIN,EW22,2413,3603,6016,19:00
2026-08-01,weekends/holiday,20,TRAIN,EW22,1582,3923,5505,20:00
2026-08-01,weekends/holiday,21,TRAIN,EW22,1313,3944,5257,21:00
2026-08-01,weekends/holiday,22,TRAIN,EW22,1114,3233,4347,22:00
2026-08-01,weekends/holiday,23,TRAIN,EW22,367,1519,1886,23:00
2026-08-01,weekday,0,TRAIN,EW23,486,1783,2269,00:00
2026-08-01,weekday,5,TRAIN,EW23,6067,4658,10725,05:00
2026-08-01,weekday,6,TRAIN,EW23,53479,49659,103138,06:00
2026-08-01,weekday,7,TRAIN,EW23,101731,107826,209557,07:00
2026-08-01,weekday,8,TRAIN,EW23,100648,93213,193861,08:00
2026-08-01,weekday,9,TRAIN,EW23,56136,51059,107195,09:00
2026-08-01,weekday,10,TRAIN,EW23,36811,35292,72103,10:00
2026-08-01,weekday,11,TRAIN,EW23,38688,40744,79432,11:00
2026-08-01,weekday,12,TRAIN,EW23,44305,41878,86183,12:00
2026-08-01,weekday,13,TRAIN,EW23,47003,41971,88974,13:00
2026-08-01,weekday,14,TRAIN,EW23,44655,41932,86587,14:00
2026-08-01,weekday,15,TRAIN,EW23,45040,44687,89727,15:00
2026-08-01,weekday,16,TRAIN,EW23,54706,51175,105881,16:00
2026-08-01,weekday,17,TRAIN,EW23,91749,85227,176976,17:00
2026-08-01,weekday,18,TRAIN,EW23,110571,132291,242862,18:00
2026-08-01,weekday,19,TRAIN,EW23,65246,86559,151805,19:00
2026-08-01,weekday,20,TRAIN,EW23,45263,55100,100363,20:00
2026-08-01,weekday,21,TRAIN,EW23,39401,46074,85475,21:00
2026-08-01,weekday,22,TRAIN,EW23,23202,35702,58904,22:00
2026-08-01,weekday,23,TRAIN,EW23,7637,15659,23296,23:00
2026-08-01,weekends/holiday,0,TRAIN,EW23,322,1591,1913,00:00
2026-08-01,weekends/holiday,5,TRAIN,EW23,1511,611,2122,05:00
2026-08-01,weekends/holiday,6,TRAIN,EW23,11741,10398,22139,06:00
2026-08-01,weekends/holiday,7,TRAIN,EW23,18275,18958,37233,07:00
2026-08-01,weekends/holiday,8,TRAIN,EW23,22892,20225,43117,08:00
2026-08-01,weekends/holiday,9,TRAIN,EW23,26436,20736,47172,09:00
2026-08-01,weekends/holiday,10,TRAIN,EW23,28880,20977,49857,10:00
2026-08-01,weekends/holiday,11,TRAIN,EW23,30595,21537,52132,11:00
2026-08-01,weekends/holiday,12,TRAIN,EW23,31860,23998,55858,12:00
2026-08-01,weekends/holiday,13,TRAIN,EW23,30746,27428,58174,13:00
2026-08-01,weekends/holiday,14,TRAIN,EW23,27285,27039,54324,14:00
2026-08-01,weekends/holiday,15,TRAIN,EW23,26850,27626,54476,15:00
2026-08-01,weekends/holiday,16,TRAIN,EW23,28963,30936,59899,16:00
2026-08-01,weekends/holiday,17,TRAIN,EW23,33366,34778,68144,17:00
2026-08-01,weekends/holiday,18,TRAIN,EW23,31846,34584,66430,18:00
2026-08-01,weekends/holiday,19,TRAIN,EW23,26545,31832,58377,19:00
2026-08-01,weekends/holiday,20,TRAIN,EW23,21141,28063,49204,20:00
2026-08-01,weekends/holiday,21,TRAIN,EW23,17296,27557,44853,21:00
2026-08-01,weekends/holiday,22,TRAIN,EW23,11165,21371,32536,22:00
2026-08-01,weekends/holiday,23,TRAIN,EW23,4265,11076,15341,23:00
2026-08-01,weekday,0,TRAIN,EW24/NS1,1296,2471,3767,00:00
2026-08-01,weekday,5,TRAIN,EW24/NS1,12231,6361,18592,05:00
2026-08-01,weekday,6,TRAIN,EW24/NS1,32690,70380,103070,06:00
2026-08-01,weekday,7,TRAIN,EW24/NS1,67115,174238,241353,07:00
2026-08-01,weekday,8,TRAIN,EW24/NS1,58899,180236,239135,08:00
2026-08-01,weekday,9,TRAIN,EW24/NS1,34855,92575,127430,09:00
2026-08-01,weekday,10,TRAIN,EW24/NS1,27586,61952,89538,10:00
2026-08-01,weekday,11,TRAIN,EW24/NS1,34313,65620,99933,11:00
2026-08-01,weekday,12,TRAIN,EW24/NS1,48145,65437,113582,12:00
2026-08-01,weekday,13,TRAIN,EW24/NS1,54324,62898,117222,13:00
2026-08-01,weekday,14,TRAIN,EW24/NS1,55588,60613,116201,14:00
2026-08-01,weekday,15,TRAIN,EW24/NS1,64845,58694,123539,15:00
2026-08-01,weekday,16,TRAIN,EW24/NS1,89094,67638,156732,16:00
2026-08-01,weekday,17,TRAIN,EW24/NS1,192570,108398,300968,17:00
2026-08-01,weekday,18,TRAIN,EW24/NS1,233759,169807,403566,18:00
2026-08-01,weekday,19,TRAIN,EW24/NS1,140696,104371,245067,19:00
2026-08-01,weekday,20,TRAIN,EW24/NS1,119412,51512,170924,20:00
2026-08-01,weekday,21,TRAIN,EW24/NS1,104161,31698,135859,21:00
2026-08-01,weekday,22,TRAIN,EW24/NS1,51665,23538,75203,22:00
2026-08-01,weekday,23,TRAIN,EW24/NS1,14264,10194,24458,23:00
2026-08-01,weekends/holiday,0,TRAIN,EW24/NS1,857,2858,3715,00:00
2026-08-01,weekends/holiday,5,TRAIN,EW24/NS1,3333,542,3875,05:00
2026-08-01,weekends/holiday,6,TRAIN,EW24/NS1,9706,14512,24218,06:00
2026-08-01,weekends/holiday,7,TRAIN,EW24/NS1,16123,23605,39728,07:00
2026-08-01,weekends/holiday,8,TRAIN,EW24/NS1,17904,27681,45585,08:00
2026-08-01,weekends/holiday,9,TRAIN,EW24/NS1,16316,32544,48860,09:00
2026-08-01,weekends/holiday,10,TRAIN,EW24/NS1,19282,44115,63397,10:00
2026-08-01,weekends/holiday,11,TRAIN,EW24/NS1,25530,55835,81365,11:00
2026-08-01,weekends/holiday,12,TRAIN,EW24/NS1,36257,60087,96344,12:00
2026-08-01,weekends/holiday,13,TRAIN,EW24/NS1,46121,58519,104640,13:00
2026-08-01,weekends/holiday,14,TRAIN,EW24/NS1,51628,51536,103164,14:00
2026-08-01,weekends/holiday,15,TRAIN,EW24/NS1,55918,48994,104912,15:00
2026-08-01,weekends/holiday,16,TRAIN,EW24/NS1,59302,49125,108427,16:00
2026-08-01,weekends/holiday,17,TRAIN,EW24/NS1,62611,58316,120927,17:00
2026-08-01,weekends/holiday,18,TRAIN,EW24/NS1,64178,60887,125065,18:00
2026-08-01,weekends/holiday,19,TRAIN,EW24/NS1,64899,46227,111126,19:00
2026-08-01,weekends/holiday,20,TRAIN,EW24/NS1,64767,29226,93993,20:00
2026-08-01,weekends/holiday,21,TRAIN,EW24/NS1,61823,19385,81208,21:00
2026-08-01,weekends/holiday,22,TRAIN,EW24/NS1,33769,15320,49089,22:00
2026-08-01,weekends/holiday,23,TRAIN,EW24/NS1,10124,8392,18516,23:00
2026-08-01,weekday,0,TRAIN,EW25,67,1417,1484,00:00
2026-08-01,weekday,5,TRAIN,EW25,9829,546,10375,05:00
2026-08-01,weekday,6,TRAIN,EW25,31202,6454,37656,06:00
2026-08-01,weekday,7,TRAIN,EW25,63522,21925,85447,07:00
2026-08-01,weekday,8,TRAIN,EW25,50860,12071,62931,08:00
2026-08-01,weekday,9,TRAIN,EW25,22845,5592,28437,09:00
2026-08-01,weekday,10,TRAIN,EW25,11993,4822,16815,10:00
2026-08-01,weekday,11,TRAIN,EW25,10276,5004,15280,11:00
2026-08-01,weekday,12,TRAIN,EW25,9395,6086,15481,12:00
2026-08-01,weekday,13,TRAIN,EW25,8127,7438,15565,13:00
2026-08-01,weekday,14,TRAIN,EW25,7337,8237,15574,14:00
2026-08-01,weekday,15,TRAIN,EW25,9581,9984,19565,15:00
2026-08-01,weekday,16,TRAIN,EW25,10397,13141,23538,16:00
2026-08-01,weekday,17,TRAIN,EW25,15493,27681,43174,17:00
2026-08-01,weekday,18,TRAIN,EW25,15943,46740,62683,18:00
2026-08-01,weekday,19,TRAIN,EW25,12458,32635,45093,19:00
2026-08-01,weekday,20,TRAIN,EW25,8001,22542,30543,20:00
2026-08-01,weekday,21,TRAIN,EW25,7378,18089,25467,21:00
2026-08-01,weekday,22,TRAIN,EW25,3794,14478,18272,22:00
2026-08-01,weekday,23,TRAIN,EW25,1304,7008,8312,23:00
2026-08-01,weekends/holiday,0,TRAIN,EW25,113,1208,1321,00:00
2026-08-01,weekends/holiday,5,TRAIN,EW25,1963,84,2047,05:00
2026-08-01,weekends/holiday,6,TRAIN,EW25,6232,1583,7815,06:00
2026-08-01,weekends/holiday,7,TRAIN,EW25,8333,6289,14622,07:00
2026-08-01,weekends/holiday,8,TRAIN,EW25,8611,4636,13247,08:00
2026-08-01,weekends/holiday,9,TRAIN,EW25,8853,4740,13593,09:00
2026-08-01,weekends/holiday,10,TRAIN,EW25,8658,5528,14186,10:00
2026-08-01,weekends/holiday,11,TRAIN,EW25,8647,6308,14955,11:00
2026-08-01,weekends/holiday,12,TRAIN,EW25,8424,6830,15254,12:00
2026-08-01,weekends/holiday,13,TRAIN,EW25,7791,7348,15139,13:00
2026-08-01,weekends/holiday,14,TRAIN,EW25,7404,7559,14963,14:00
2026-08-01,weekends/holiday,15,TRAIN,EW25,7386,7979,15365,15:00
2026-08-01,weekends/holiday,16,TRAIN,EW25,8730,8960,17690,16:00
2026-08-01,weekends/holiday,17,TRAIN,EW25,10650,11453,22103,17:00
2026-08-01,weekends/holiday,18,TRAIN,EW25,10500,11801,22301,18:00
2026-08-01,weekends/holiday,19,TRAIN,EW25,10205,10515,20720,19:00
2026-08-01,weekends/holiday,20,TRAIN,EW25,6843,9213,16056,20:00
2026-08-01,weekends/holiday,21,TRAIN,EW25,4735,8891,13626,21:00
2026-08-01,weekends/holiday,22,TRAIN,EW25,3153,7849,11002,22:00
2026-08-01,weekends/holiday,23,TRAIN,EW25,1217,4480,5697,23:00
2026-08-01,weekday,0,TRAIN,EW26,63,3978,4041,00:00
2026-08-01,weekday,5,TRAIN,EW26,19091,2342,21433,05:00
2026-08-01,weekday,6,TRAIN,EW26,69258,29866,99124,06:00
2026-08-01,weekday,7,TRAIN,EW26,135721,58737,194458,07:00
2026-08-01,weekday,8,TRAIN,EW26,114947,36938,151885,08:00
2026-08-01,weekday,9,TRAIN,EW26,52284,14300,66584,09:00
2026-08-01,weekday,10,TRAIN,EW26,31843,10230,42073,10:00
2026-08-01,weekday,11,TRAIN,EW26,28121,11280,39401,11:00
2026-08-01,weekday,12,TRAIN,EW26,28014,15007,43021,12:00
2026-08-01,weekday,13,TRAIN,EW26,27114,19440,46554,13:00
2026-08-01,weekday,14,TRAIN,EW26,24620,21151,45771,14:00
2026-08-01,weekday,15,TRAIN,EW26,23454,24564,48018,15:00
2026-08-01,weekday,16,TRAIN,EW26,28336,32310,60646,16:00
2026-08-01,weekday,17,TRAIN,EW26,56172,62566,118738,17:00
2026-08-01,weekday,18,TRAIN,EW26,59296,102149,161445,18:00
2026-08-01,weekday,19,TRAIN,EW26,27104,79573,106677,19:00
2026-08-01,weekday,20,TRAIN,EW26,19065,56372,75437,20:00
2026-08-01,weekday,21,TRAIN,EW26,12127,48921,61048,21:00
2026-08-01,weekday,22,TRAIN,EW26,7698,39698,47396,22:00
2026-08-01,weekday,23,TRAIN,EW26,2630,18941,21571,23:00
2026-08-01,weekends/holiday,0,TRAIN,EW26,80,3287,3367,00:00
2026-08-01,weekends/holiday,5,TRAIN,EW26,4126,234,4360,05:00
2026-08-01,weekends/holiday,6,TRAIN,EW26,15891,6407,22298,06:00
2026-08-01,weekends/holiday,7,TRAIN,EW26,20977,10875,31852,07:00
2026-08-01,weekends/holiday,8,TRAIN,EW26,23289,9630,32919,08:00
2026-08-01,weekends/holiday,9,TRAIN,EW26,23548,8286,31834,09:00
2026-08-01,weekends/holiday,10,TRAIN,EW26,24405,7511,31916,10:00
2026-08-01,weekends/holiday,11,TRAIN,EW26,23313,8450,31763,11:00
2026-08-01,weekends/holiday,12,TRAIN,EW26,23074,11199,34273,12:00
2026-08-01,weekends/holiday,13,TRAIN,EW26,20294,13623,33917,13:00
2026-08-01,weekends/holiday,14,TRAIN,EW26,16885,15005,31890,14:00
2026-08-01,weekends/holiday,15,TRAIN,EW26,16219,16175,32394,15:00
2026-08-01,weekends/holiday,16,TRAIN,EW26,17950,18054,36004,16:00
2026-08-01,weekends/holiday,17,TRAIN,EW26,21765,22423,44188,17:00
2026-08-01,weekends/holiday,18,TRAIN,EW26,19306,24657,43963,18:00
2026-08-01,weekends/holiday,19,TRAIN,EW26,15247,23972,39219,19:00
2026-08-01,weekends/holiday,20,TRAIN,EW26,10570,23343,33913,20:00
2026-08-01,weekends/holiday,21,TRAIN,EW26,7445,24645,32090,21:00
2026-08-01,weekends/holiday,22,TRAIN,EW26,4861,21870,26731,22:00
2026-08-01,weekends/holiday,23,TRAIN,EW26,1770,13117,14887,23:00
2026-08-01,weekday,0,TRAIN,EW27,143,5160,5303,00:00
2026-08-01,weekday,5,TRAIN,EW27,19201,4986,24187,05:00
2026-08-01,weekday,6,TRAIN,EW27,66293,43659,109952,06:00
2026-08-01,weekday,7,TRAIN,EW27,122959,103454,226413,07:00
2026-08-01,weekday,8,TRAIN,EW27,94196,84371,178567,08:00
2026-08-01,weekday,9,TRAIN,EW27,44453,38935,83388,09:00
2026-08-01,weekday,10,TRAIN,EW27,30571,30313,60884,10:00
2026-08-01,weekday,11,TRAIN,EW27,31902,33317,65219,11:00
2026-08-01,weekday,12,TRAIN,EW27,35706,39758,75464,12:00
2026-08-01,weekday,13,TRAIN,EW27,36053,39840,75893,13:00
2026-08-01,weekday,14,TRAIN,EW27,33920,39197,73117,14:00
2026-08-01,weekday,15,TRAIN,EW27,36981,44742,81723,15:00
2026-08-01,weekday,16,TRAIN,EW27,46764,55102,101866,16:00
2026-08-01,weekday,17,TRAIN,EW27,85024,109656,194680,17:00
2026-08-01,weekday,18,TRAIN,EW27,93875,161742,255617,18:00
2026-08-01,weekday,19,TRAIN,EW27,61529,117702,179231,19:00
2026-08-01,weekday,20,TRAIN,EW27,43876,75055,118931,20:00
2026-08-01,weekday,21,TRAIN,EW27,35964,57141,93105,21:00
2026-08-01,weekday,22,TRAIN,EW27,20514,44623,65137,22:00
2026-08-01,weekday,23,TRAIN,EW27,5276,21296,26572,23:00
2026-08-01,weekends/holiday,0,TRAIN,EW27,121,4022,4143,00:00
2026-08-01,weekends/holiday,5,TRAIN,EW27,4476,547,5023,05:00
2026-08-01,weekends/holiday,6,TRAIN,EW27,16210,9127,25337,06:00
2026-08-01,weekends/holiday,7,TRAIN,EW27,21839,19404,41243,07:00
2026-08-01,weekends/holiday,8,TRAIN,EW27,22415,15464,37879,08:00
2026-08-01,weekends/holiday,9,TRAIN,EW27,24069,15172,39241,09:00
2026-08-01,weekends/holiday,10,TRAIN,EW27,26319,19172,45491,10:00
2026-08-01,weekends/holiday,11,TRAIN,EW27,27244,22812,50056,11:00
2026-08-01,weekends/holiday,12,TRAIN,EW27,30655,25941,56596,12:00
2026-08-01,weekends/holiday,13,TRAIN,EW27,29831,28851,58682,13:00
2026-08-01,weekends/holiday,14,TRAIN,EW27,28357,28952,57309,14:00
2026-08-01,weekends/holiday,15,TRAIN,EW27,27599,30795,58394,15:00
2026-08-01,weekends/holiday,16,TRAIN,EW27,29596,34759,64355,16:00
2026-08-01,weekends/holiday,17,TRAIN,EW27,36398,43061,79459,17:00
2026-08-01,weekends/holiday,18,TRAIN,EW27,34342,44795,79137,18:00
2026-08-01,weekends/holiday,19,TRAIN,EW27,28447,42644,71091,19:00
2026-08-01,weekends/holiday,20,TRAIN,EW27,23746,38704,62450,20:00
2026-08-01,weekends/holiday,21,TRAIN,EW27,20727,34756,55483,21:00
2026-08-01,weekends/holiday,22,TRAIN,EW27,12592,29976,42568,22:00
2026-08-01,weekends/holiday,23,TRAIN,EW27,3419,15860,19279,23:00
2026-08-01,weekday,0,TRAIN,EW28,19,3848,3867,00:00
2026-08-01,weekday,5,TRAIN,EW28,17764,1379,19143,05:00
2026-08-01,weekday,6,TRAIN,EW28,72843,15695,88538,06:00
2026-08-01,weekday,7,TRAIN,EW28,132807,46341,179148,07:00
2026-08-01,weekday,8,TRAIN,EW28,84782,57051,141833,08:00
2026-08-01,weekday,9,TRAIN,EW28,35102,29956,65058,09:00
2026-08-01,weekday,10,TRAIN,EW28,24072,17623,41695,10:00
2026-08-01,weekday,11,TRAIN,EW28,24042,16859,40901,11:00
2026-08-01,weekday,12,TRAIN,EW28,26631,20674,47305,12:00
2026-08-01,weekday,13,TRAIN,EW28,26762,21345,48107,13:00
2026-08-01,weekday,14,TRAIN,EW28,24634,19813,44447,14:00
2026-08-01,weekday,15,TRAIN,EW28,25429,20474,45903,15:00
2026-08-01,weekday,16,TRAIN,EW28,38071,26075,64146,16:00
2026-08-01,weekday,17,TRAIN,EW28,73522,52715,126237,17:00
2026-08-01,weekday,18,TRAIN,EW28,72639,75863,148502,18:00
2026-08-01,weekday,19,TRAIN,EW28,36685,59853,96538,19:00
2026-08-01,weekday,20,TRAIN,EW28,26186,44889,71075,20:00
2026-08-01,weekday,21,TRAIN,EW28,23032,38269,61301,21:00
2026-08-01,weekday,22,TRAIN,EW28,18514,29536,48050,22:00
2026-08-01,weekday,23,TRAIN,EW28,3267,15394,18661,23:00
2026-08-01,weekends/holiday,0,TRAIN,EW28,21,3684,3705,00:00
2026-08-01,weekends/holiday,5,TRAIN,EW28,4372,327,4699,05:00
2026-08-01,weekends/holiday,6,TRAIN,EW28,16100,2957,19057,06:00
2026-08-01,weekends/holiday,7,TRAIN,EW28,22092,10351,32443,07:00
2026-08-01,weekends/holiday,8,TRAIN,EW28,19695,11462,31157,08:00
2026-08-01,weekends/holiday,9,TRAIN,EW28,19459,8238,27697,09:00
2026-08-01,weekends/holiday,10,TRAIN,EW28,20139,7224,27363,10:00
2026-08-01,weekends/holiday,11,TRAIN,EW28,20428,8455,28883,11:00
2026-08-01,weekends/holiday,12,TRAIN,EW28,19728,10010,29738,12:00
2026-08-01,weekends/holiday,13,TRAIN,EW28,18073,12036,30109,13:00
2026-08-01,weekends/holiday,14,TRAIN,EW28,16399,12232,28631,14:00
2026-08-01,weekends/holiday,15,TRAIN,EW28,15411,12556,27967,15:00
2026-08-01,weekends/holiday,16,TRAIN,EW28,18612,14372,32984,16:00
2026-08-01,weekends/holiday,17,TRAIN,EW28,22923,18614,41537,17:00
2026-08-01,weekends/holiday,18,TRAIN,EW28,21284,19523,40807,18:00
2026-08-01,weekends/holiday,19,TRAIN,EW28,14535,21719,36254,19:00
2026-08-01,weekends/holiday,20,TRAIN,EW28,10047,23223,33270,20:00
2026-08-01,weekends/holiday,21,TRAIN,EW28,7143,23940,31083,21:00
2026-08-01,weekends/holiday,22,TRAIN,EW28,5016,21117,26133,22:00
2026-08-01,weekends/holiday,23,TRAIN,EW28,1546,12350,13896,23:00
2026-08-01,weekday,0,TRAIN,EW29,6,315,321,00:00
2026-08-01,weekday,5,TRAIN,EW29,1827,9026,10853,05:00
2026-08-01,weekday,6,TRAIN,EW29,10774,48519,59293,06:00
2026-08-01,weekday,7,TRAIN,EW29,13635,117588,131223,07:00
2026-08-01,weekday,8,TRAIN,EW29,10656,74888,85544,08:00
2026-08-01,weekday,9,TRAIN,EW29,4007,16929,20936,09:00
2026-08-01,weekday,10,TRAIN,EW29,4253,5997,10250,10:00
2026-08-01,weekday,11,TRAIN,EW29,6518,5620,12138,11:00
2026-08-01,weekday,12,TRAIN,EW29,10344,6967,17311,12:00
2026-08-01,weekday,13,TRAIN,EW29,7716,7060,14776,13:00
2026-08-01,weekday,14,TRAIN,EW29,7486,4862,12348,14:00
2026-08-01,weekday,15,TRAIN,EW29,11153,4944,16097,15:00
2026-08-01,weekday,16,TRAIN,EW29,26398,5789,32187,16:00
2026-08-01,weekday,17,TRAIN,EW29,87940,11649,99589,17:00
2026-08-01,weekday,18,TRAIN,EW29,71625,16204,87829,18:00
2026-08-01,weekday,19,TRAIN,EW29,36112,14469,50581,19:00
2026-08-01,weekday,20,TRAIN,EW29,27813,8948,36761,20:00
2026-08-01,weekday,21,TRAIN,EW29,11489,5653,17142,21:00
2026-08-01,weekday,22,TRAIN,EW29,5251,4320,9571,22:00
2026-08-01,weekday,23,TRAIN,EW29,1038,1617,2655,23:00
2026-08-01,weekends/holiday,0,TRAIN,EW29,14,440,454,00:00
2026-08-01,weekends/holiday,5,TRAIN,EW29,532,1342,1874,05:00
2026-08-01,weekends/holiday,6,TRAIN,EW29,3691,9860,13551,06:00
2026-08-01,weekends/holiday,7,TRAIN,EW29,4956,20927,25883,07:00
2026-08-01,weekends/holiday,8,TRAIN,EW29,5640,10741,16381,08:00
2026-08-01,weekends/holiday,9,TRAIN,EW29,3664,3880,7544,09:00
2026-08-01,weekends/holiday,10,TRAIN,EW29,4444,3651,8095,10:00
2026-08-01,weekends/holiday,11,TRAIN,EW29,5488,4193,9681,11:00
2026-08-01,weekends/holiday,12,TRAIN,EW29,7568,4617,12185,12:00
2026-08-01,weekends/holiday,13,TRAIN,EW29,7276,4923,12199,13:00
2026-08-01,weekends/holiday,14,TRAIN,EW29,6559,5142,11701,14:00
2026-08-01,weekends/holiday,15,TRAIN,EW29,7250,4883,12133,15:00
2026-08-01,weekends/holiday,16,TRAIN,EW29,9719,6578,16297,16:00
2026-08-01,weekends/holiday,17,TRAIN,EW29,17336,8479,25815,17:00
2026-08-01,weekends/holiday,18,TRAIN,EW29,12797,10273,23070,18:00
2026-08-01,weekends/holiday,19,TRAIN,EW29,9968,11019,20987,19:00
2026-08-01,weekends/holiday,20,TRAIN,EW29,8949,9965,18914,20:00
2026-08-01,weekends/holiday,21,TRAIN,EW29,4429,7857,12286,21:00
2026-08-01,weekends/holiday,22,TRAIN,EW29,2759,5174,7933,22:00
2026-08-01,weekends/holiday,23,TRAIN,EW29,706,2152,2858,23:00
2026-08-01,weekday,0,TRAIN,EW3,95,1986,2081,00:00
2026-08-01,weekday,5,TRAIN,EW3,4307,264,4571,05:00
2026-08-01,weekday,6,TRAIN,EW3,19096,8037,27133,06:00
2026-08-01,weekday,7,TRAIN,EW3,40868,26026,66894,07:00
2026-08-01,weekday,8,TRAIN,EW3,49064,20268,69332,08:00
2026-08-01,weekday,9,TRAIN,EW3,25476,12249,37725,09:00
2026-08-01,weekday,10,TRAIN,EW3,18063,10357,28420,10:00
2026-08-01,weekday,11,TRAIN,EW3,17119,10931,28050,11:00
2026-08-01,weekday,12,TRAIN,EW3,17952,14052,32004,12:00
2026-08-01,weekday,13,TRAIN,EW3,17011,16213,33224,13:00
2026-08-01,weekday,14,TRAIN,EW3,16235,18159,34394,14:00
2026-08-01,weekday,15,TRAIN,EW3,16148,18024,34172,15:00
2026-08-01,weekday,16,TRAIN,EW3,18617,20337,38954,16:00
2026-08-01,weekday,17,TRAIN,EW3,28542,29771,58313,17:00
2026-08-01,weekday,18,TRAIN,EW3,32230,54239,86469,18:00
2026-08-01,weekday,19,TRAIN,EW3,17009,43361,60370,19:00
2026-08-01,weekday,20,TRAIN,EW3,11642,26499,38141,20:00
2026-08-01,weekday,21,TRAIN,EW3,10057,22530,32587,21:00
2026-08-01,weekday,22,TRAIN,EW3,5187,17975,23162,22:00
2026-08-01,weekday,23,TRAIN,EW3,1404,8511,9915,23:00
2026-08-01,weekends/holiday,0,TRAIN,EW3,60,1321,1381,00:00
2026-08-01,weekends/holiday,5,TRAIN,EW3,1201,55,1256,05:00
2026-08-01,weekends/holiday,6,TRAIN,EW3,3699,1803,5502,06:00
2026-08-01,weekends/holiday,7,TRAIN,EW3,6586,4417,11003,07:00
2026-08-01,weekends/holiday,8,TRAIN,EW3,10170,5011,15181,08:00
2026-08-01,weekends/holiday,9,TRAIN,EW3,11603,5517,17120,09:00
2026-08-01,weekends/holiday,10,TRAIN,EW3,11840,5722,17562,10:00
2026-08-01,weekends/holiday,11,TRAIN,EW3,11875,7257,19132,11:00
2026-08-01,weekends/holiday,12,TRAIN,EW3,11289,8683,19972,12:00
2026-08-01,weekends/holiday,13,TRAIN,EW3,11054,9996,21050,13:00
2026-08-01,weekends/holiday,14,TRAIN,EW3,9915,10261,20176,14:00
2026-08-01,weekends/holiday,15,TRAIN,EW3,9998,10123,20121,15:00
2026-08-01,weekends/holiday,16,TRAIN,EW3,10149,10980,21129,16:00
2026-08-01,weekends/holiday,17,TRAIN,EW3,11604,12652,24256,17:00
2026-08-01,weekends/holiday,18,TRAIN,EW3,10803,13489,24292,18:00
2026-08-01,weekends/holiday,19,TRAIN,EW3,8099,13126,21225,19:00
2026-08-01,weekends/holiday,20,TRAIN,EW3,5914,12429,18343,20:00
2026-08-01,weekends/holiday,21,TRAIN,EW3,5309,11814,17123,21:00
2026-08-01,weekends/holiday,22,TRAIN,EW3,3069,9915,12984,22:00
2026-08-01,weekends/holiday,23,TRAIN,EW3,927,5126,6053,23:00
2026-08-01,weekday,0,TRAIN,EW30,1,230,231,00:00
2026-08-01,weekday,5,TRAIN,EW30,888,1829,2717,05:00
2026-08-01,weekday,6,TRAIN,EW30,2551,10147,12698,06:00
2026-08-01,weekday,7,TRAIN,EW30,3480,33032,36512,07:00
2026-08-01,weekday,8,TRAIN,EW30,2283,23567,25850,08:00
2026-08-01,weekday,9,TRAIN,EW30,855,4589,5444,09:00
2026-08-01,weekday,10,TRAIN,EW30,1189,1468,2657,10:00
2026-08-01,weekday,11,TRAIN,EW30,1926,1161,3087,11:00
2026-08-01,weekday,12,TRAIN,EW30,2450,1316,3766,12:00
2026-08-01,weekday,13,TRAIN,EW30,1435,1435,2870,13:00
2026-08-01,weekday,14,TRAIN,EW30,2028,1198,3226,14:00
2026-08-01,weekday,15,TRAIN,EW30,2959,696,3655,15:00
2026-08-01,weekday,16,TRAIN,EW30,8513,664,9177,16:00
2026-08-01,weekday,17,TRAIN,EW30,27030,1598,28628,17:00
2026-08-01,weekday,18,TRAIN,EW30,19927,3252,23179,18:00
2026-08-01,weekday,19,TRAIN,EW30,12299,2821,15120,19:00
2026-08-01,weekday,20,TRAIN,EW30,7394,1387,8781,20:00
2026-08-01,weekday,21,TRAIN,EW30,3458,1140,4598,21:00
2026-08-01,weekday,22,TRAIN,EW30,1430,777,2207,22:00
2026-08-01,weekday,23,TRAIN,EW30,252,673,925,23:00
2026-08-01,weekends/holiday,0,TRAIN,EW30,8,276,284,00:00
2026-08-01,weekends/holiday,5,TRAIN,EW30,337,271,608,05:00
2026-08-01,weekends/holiday,6,TRAIN,EW30,915,2027,2942,06:00
2026-08-01,weekends/holiday,7,TRAIN,EW30,1627,6424,8051,07:00
2026-08-01,weekends/holiday,8,TRAIN,EW30,1345,3657,5002,08:00
2026-08-01,weekends/holiday,9,TRAIN,EW30,1034,905,1939,09:00
2026-08-01,weekends/holiday,10,TRAIN,EW30,1111,494,1605,10:00
2026-08-01,weekends/holiday,11,TRAIN,EW30,1288,579,1867,11:00
2026-08-01,weekends/holiday,12,TRAIN,EW30,1786,822,2608,12:00
2026-08-01,weekends/holiday,13,TRAIN,EW30,1489,711,2200,13:00
2026-08-01,weekends/holiday,14,TRAIN,EW30,1581,773,2354,14:00
2026-08-01,weekends/holiday,15,TRAIN,EW30,1821,761,2582,15:00
2026-08-01,weekends/holiday,16,TRAIN,EW30,3599,711,4310,16:00
2026-08-01,weekends/holiday,17,TRAIN,EW30,4675,1055,5730,17:00
2026-08-01,weekends/holiday,18,TRAIN,EW30,3485,1881,5366,18:00
2026-08-01,weekends/holiday,19,TRAIN,EW30,3092,1815,4907,19:00
2026-08-01,weekends/holiday,20,TRAIN,EW30,1692,1743,3435,20:00
2026-08-01,weekends/holiday,21,TRAIN,EW30,778,1572,2350,21:00
2026-08-01,weekends/holiday,22,TRAIN,EW30,574,1249,1823,22:00
2026-08-01,weekends/holiday,23,TRAIN,EW30,175,901,1076,23:00
2026-08-01,weekday,0,TRAIN,EW31,0,127,127,00:00
2026-08-01,weekday,5,TRAIN,EW31,3090,1730,4820,05:00
2026-08-01,weekday,6,TRAIN,EW31,6470,11871,18341,06:00
2026-08-01,weekday,7,TRAIN,EW31,4529,33653,38182,07:00
2026-08-01,weekday,8,TRAIN,EW31,3309,22952,26261,08:00
2026-08-01,weekday,9,TRAIN,EW31,1845,4729,6574,09:00
2026-08-01,weekday,10,TRAIN,EW31,1200,1373,2573,10:00
2026-08-01,weekday,11,TRAIN,EW31,1699,929,2628,11:00
2026-08-01,weekday,12,TRAIN,EW31,2153,1415,3568,12:00
2026-08-01,weekday,13,TRAIN,EW31,1752,1016,2768,13:00
2026-08-01,weekday,14,TRAIN,EW31,1776,1025,2801,14:00
2026-08-01,weekday,15,TRAIN,EW31,2904,612,3516,15:00
2026-08-01,weekday,16,TRAIN,EW31,7389,1028,8417,16:00
2026-08-01,weekday,17,TRAIN,EW31,29716,1852,31568,17:00
2026-08-01,weekday,18,TRAIN,EW31,20637,3029,23666,18:00
2026-08-01,weekday,19,TRAIN,EW31,11599,5026,16625,19:00
2026-08-01,weekday,20,TRAIN,EW31,7468,3592,11060,20:00
2026-08-01,weekday,21,TRAIN,EW31,3534,2250,5784,21:00
2026-08-01,weekday,22,TRAIN,EW31,1377,1559,2936,22:00
2026-08-01,weekday,23,TRAIN,EW31,186,696,882,23:00
2026-08-01,weekends/holiday,0,TRAIN,EW31,5,334,339,00:00
2026-08-01,weekends/holiday,5,TRAIN,EW31,1012,188,1200,05:00
2026-08-01,weekends/holiday,6,TRAIN,EW31,2785,3068,5853,06:00
2026-08-01,weekends/holiday,7,TRAIN,EW31,2803,5733,8536,07:00
2026-08-01,weekends/holiday,8,TRAIN,EW31,2431,2856,5287,08:00
2026-08-01,weekends/holiday,9,TRAIN,EW31,1838,1222,3060,09:00
2026-08-01,weekends/holiday,10,TRAIN,EW31,1871,502,2373,10:00
2026-08-01,weekends/holiday,11,TRAIN,EW31,1959,635,2594,11:00
2026-08-01,weekends/holiday,12,TRAIN,EW31,2707,746,3453,12:00
2026-08-01,weekends/holiday,13,TRAIN,EW31,1921,721,2642,13:00
2026-08-01,weekends/holiday,14,TRAIN,EW31,1693,815,2508,14:00
2026-08-01,weekends/holiday,15,TRAIN,EW31,2211,730,2941,15:00
2026-08-01,weekends/holiday,16,TRAIN,EW31,3047,1002,4049,16:00
2026-08-01,weekends/holiday,17,TRAIN,EW31,6128,1801,7929,17:00
2026-08-01,weekends/holiday,18,TRAIN,EW31,3850,2866,6716,18:00
2026-08-01,weekends/holiday,19,TRAIN,EW31,3044,3239,6283,19:00
2026-08-01,weekends/holiday,20,TRAIN,EW31,2262,2940,5202,20:00
2026-08-01,weekends/holiday,21,TRAIN,EW31,1108,2571,3679,21:00
2026-08-01,weekends/holiday,22,TRAIN,EW31,648,2107,2755,22:00
2026-08-01,weekends/holiday,23,TRAIN,EW31,152,1119,1271,23:00
2026-08-01,weekday,0,TRAIN,EW32,0,346,346,00:00
2026-08-01,weekday,5,TRAIN,EW32,1826,1721,3547,05:00
2026-08-01,weekday,6,TRAIN,EW32,6611,11678,18289,06:00
2026-08-01,weekday,7,TRAIN,EW32,6217,36587,42804,07:00
2026-08-01,weekday,8,TRAIN,EW32,4119,25025,29144,08:00
2026-08-01,weekday,9,TRAIN,EW32,1709,5225,6934,09:00
2026-08-01,weekday,10,TRAIN,EW32,1660,1956,3616,10:00
2026-08-01,weekday,11,TRAIN,EW32,2044,1888,3932,11:00
2026-08-01,weekday,12,TRAIN,EW32,2955,1514,4469,12:00
2026-08-01,weekday,13,TRAIN,EW32,2294,2097,4391,13:00
2026-08-01,weekday,14,TRAIN,EW32,2491,1503,3994,14:00
2026-08-01,weekday,15,TRAIN,EW32,3077,1431,4508,15:00
2026-08-01,weekday,16,TRAIN,EW32,8927,2299,11226,16:00
2026-08-01,weekday,17,TRAIN,EW32,33410,3597,37007,17:00
2026-08-01,weekday,18,TRAIN,EW32,23476,5984,29460,18:00
2026-08-01,weekday,19,TRAIN,EW32,13804,6996,20800,19:00
2026-08-01,weekday,20,TRAIN,EW32,9922,4677,14599,20:00
2026-08-01,weekday,21,TRAIN,EW32,4746,3300,8046,21:00
2026-08-01,weekday,22,TRAIN,EW32,2273,2290,4563,22:00
2026-08-01,weekday,23,TRAIN,EW32,289,1071,1360,23:00
2026-08-01,weekends/holiday,0,TRAIN,EW32,0,865,865,00:00
2026-08-01,weekends/holiday,5,TRAIN,EW32,674,192,866,05:00
2026-08-01,weekends/holiday,6,TRAIN,EW32,3003,3084,6087,06:00
2026-08-01,weekends/holiday,7,TRAIN,EW32,3576,8301,11877,07:00
2026-08-01,weekends/holiday,8,TRAIN,EW32,3126,3521,6647,08:00
2026-08-01,weekends/holiday,9,TRAIN,EW32,2631,1174,3805,09:00
2026-08-01,weekends/holiday,10,TRAIN,EW32,3355,904,4259,10:00
2026-08-01,weekends/holiday,11,TRAIN,EW32,3356,1074,4430,11:00
2026-08-01,weekends/holiday,12,TRAIN,EW32,4054,1265,5319,12:00
2026-08-01,weekends/holiday,13,TRAIN,EW32,3245,1495,4740,13:00
2026-08-01,weekends/holiday,14,TRAIN,EW32,2824,1686,4510,14:00
2026-08-01,weekends/holiday,15,TRAIN,EW32,3160,1603,4763,15:00
2026-08-01,weekends/holiday,16,TRAIN,EW32,3649,2528,6177,16:00
2026-08-01,weekends/holiday,17,TRAIN,EW32,6797,3768,10565,17:00
2026-08-01,weekends/holiday,18,TRAIN,EW32,5444,4544,9988,18:00
2026-08-01,weekends/holiday,19,TRAIN,EW32,4742,5629,10371,19:00
2026-08-01,weekends/holiday,20,TRAIN,EW32,3230,6047,9277,20:00
2026-08-01,weekends/holiday,21,TRAIN,EW32,1473,5224,6697,21:00
2026-08-01,weekends/holiday,22,TRAIN,EW32,996,4185,5181,22:00
2026-08-01,weekends/holiday,23,TRAIN,EW32,190,2657,2847,23:00
2026-08-01,weekday,0,TRAIN,EW33,0,212,212,00:00
2026-08-01,weekday,5,TRAIN,EW33,12603,810,13413,05:00
2026-08-01,weekday,6,TRAIN,EW33,17860,7685,25545,06:00
2026-08-01,weekday,7,TRAIN,EW33,19705,18058,37763,07:00
2026-08-01,weekday,8,TRAIN,EW33,10247,14237,24484,08:00
2026-08-01,weekday,9,TRAIN,EW33,4694,4727,9421,09:00
2026-08-01,weekday,10,TRAIN,EW33,3151,2226,5377,10:00
2026-08-01,weekday,11,TRAIN,EW33,2792,2000,4792,11:00
2026-08-01,weekday,12,TRAIN,EW33,3044,1758,4802,12:00
2026-08-01,weekday,13,TRAIN,EW33,2099,2290,4389,13:00
2026-08-01,weekday,14,TRAIN,EW33,2250,2300,4550,14:00
2026-08-01,weekday,15,TRAIN,EW33,2934,2230,5164,15:00
2026-08-01,weekday,16,TRAIN,EW33,6828,4065,10893,16:00
2026-08-01,weekday,17,TRAIN,EW33,19069,11784,30853,17:00
2026-08-01,weekday,18,TRAIN,EW33,13514,13465,26979,18:00
2026-08-01,weekday,19,TRAIN,EW33,7189,11988,19177,19:00
2026-08-01,weekday,20,TRAIN,EW33,4601,8537,13138,20:00
2026-08-01,weekday,21,TRAIN,EW33,2270,5928,8198,21:00
2026-08-01,weekday,22,TRAIN,EW33,1277,2946,4223,22:00
2026-08-01,weekday,23,TRAIN,EW33,384,795,1179,23:00
2026-08-01,weekends/holiday,0,TRAIN,EW33,0,400,400,00:00
2026-08-01,weekends/holiday,5,TRAIN,EW33,1986,159,2145,05:00
2026-08-01,weekends/holiday,6,TRAIN,EW33,3941,1625,5566,06:00
2026-08-01,weekends/holiday,7,TRAIN,EW33,4716,4848,9564,07:00
2026-08-01,weekends/holiday,8,TRAIN,EW33,3815,4296,8111,08:00
2026-08-01,weekends/holiday,9,TRAIN,EW33,3441,2056,5497,09:00
2026-08-01,weekends/holiday,10,TRAIN,EW33,3018,1771,4789,10:00
2026-08-01,weekends/holiday,11,TRAIN,EW33,3321,1658,4979,11:00
2026-08-01,weekends/holiday,12,TRAIN,EW33,3226,1673,4899,12:00
2026-08-01,weekends/holiday,13,TRAIN,EW33,2834,2291,5125,13:00
2026-08-01,weekends/holiday,14,TRAIN,EW33,3109,2052,5161,14:00
2026-08-01,weekends/holiday,15,TRAIN,EW33,3368,1920,5288,15:00
2026-08-01,weekends/holiday,16,TRAIN,EW33,3728,2614,6342,16:00
2026-08-01,weekends/holiday,17,TRAIN,EW33,5458,3919,9377,17:00
2026-08-01,weekends/holiday,18,TRAIN,EW33,4866,4535,9401,18:00
2026-08-01,weekends/holiday,19,TRAIN,EW33,4270,4640,8910,19:00
2026-08-01,weekends/holiday,20,TRAIN,EW33,3873,4448,8321,20:00
2026-08-01,weekends/holiday,21,TRAIN,EW33,2552,3886,6438,21:00
2026-08-01,weekends/holiday,22,TRAIN,EW33,1226,2870,4096,22:00
2026-08-01,weekends/holiday,23,TRAIN,EW33,320,1489,1809,23:00
2026-08-01,weekday,0,TRAIN,EW4,98,2565,2663,00:00
2026-08-01,weekday,5,TRAIN,EW4,4323,548,4871,05:00
2026-08-01,weekday,6,TRAIN,EW4,19427,13037,32464,06:00
2026-08-01,weekday,7,TRAIN,EW4,37862,46580,84442,07:00
2026-08-01,weekday,8,TRAIN,EW4,48957,24508,73465,08:00
2026-08-01,weekday,9,TRAIN,EW4,25232,11504,36736,09:00
2026-08-01,weekday,10,TRAIN,EW4,15523,6281,21804,10:00
2026-08-01,weekday,11,TRAIN,EW4,15384,6790,22174,11:00
2026-08-01,weekday,12,TRAIN,EW4,15581,9054,24635,12:00
2026-08-01,weekday,13,TRAIN,EW4,14953,10523,25476,13:00
2026-08-01,weekday,14,TRAIN,EW4,14420,11409,25829,14:00
2026-08-01,weekday,15,TRAIN,EW4,16246,13079,29325,15:00
2026-08-01,weekday,16,TRAIN,EW4,17708,15490,33198,16:00
2026-08-01,weekday,17,TRAIN,EW4,35282,21086,56368,17:00
2026-08-01,weekday,18,TRAIN,EW4,41273,37222,78495,18:00
2026-08-01,weekday,19,TRAIN,EW4,18354,33934,52288,19:00
2026-08-01,weekday,20,TRAIN,EW4,10464,21906,32370,20:00
2026-08-01,weekday,21,TRAIN,EW4,6868,20372,27240,21:00
2026-08-01,weekday,22,TRAIN,EW4,4512,16820,21332,22:00
2026-08-01,weekday,23,TRAIN,EW4,1495,9217,10712,23:00
2026-08-01,weekends/holiday,0,TRAIN,EW4,70,1823,1893,00:00
2026-08-01,weekends/holiday,5,TRAIN,EW4,1261,88,1349,05:00
2026-08-01,weekends/holiday,6,TRAIN,EW4,4608,2620,7228,06:00
2026-08-01,weekends/holiday,7,TRAIN,EW4,6684,7305,13989,07:00
2026-08-01,weekends/holiday,8,TRAIN,EW4,9884,5386,15270,08:00
2026-08-01,weekends/holiday,9,TRAIN,EW4,11177,4771,15948,09:00
2026-08-01,weekends/holiday,10,TRAIN,EW4,11483,4594,16077,10:00
2026-08-01,weekends/holiday,11,TRAIN,EW4,11276,4886,16162,11:00
2026-08-01,weekends/holiday,12,TRAIN,EW4,10967,5740,16707,12:00
2026-08-01,weekends/holiday,13,TRAIN,EW4,9773,6962,16735,13:00
2026-08-01,weekends/holiday,14,TRAIN,EW4,8389,7221,15610,14:00
2026-08-01,weekends/holiday,15,TRAIN,EW4,8431,8351,16782,15:00
2026-08-01,weekends/holiday,16,TRAIN,EW4,9360,8496,17856,16:00
2026-08-01,weekends/holiday,17,TRAIN,EW4,11626,10154,21780,17:00
2026-08-01,weekends/holiday,18,TRAIN,EW4,10264,11055,21319,18:00
2026-08-01,weekends/holiday,19,TRAIN,EW4,7852,10521,18373,19:00
2026-08-01,weekends/holiday,20,TRAIN,EW4,5344,10462,15806,20:00
2026-08-01,weekends/holiday,21,TRAIN,EW4,3587,11529,15116,21:00
2026-08-01,weekends/holiday,22,TRAIN,EW4,3247,9456,12703,22:00
2026-08-01,weekends/holiday,23,TRAIN,EW4,1112,5594,6706,23:00
2026-08-01,weekday,0,TRAIN,EW5,191,2356,2547,00:00
2026-08-01,weekday,5,TRAIN,EW5,10194,1094,11288,05:00
2026-08-01,weekday,6,TRAIN,EW5,37570,16838,54408,06:00
2026-08-01,weekday,7,TRAIN,EW5,69504,34467,103971,07:00
2026-08-01,weekday,8,TRAIN,EW5,83780,33823,117603,08:00
2026-08-01,weekday,9,TRAIN,EW5,47172,24099,71271,09:00
2026-08-01,weekday,10,TRAIN,EW5,30438,20771,51209,10:00
2026-08-01,weekday,11,TRAIN,EW5,27183,20550,47733,11:00
2026-08-01,weekday,12,TRAIN,EW5,28193,24565,52758,12:00
2026-08-01,weekday,13,TRAIN,EW5,28458,25792,54250,13:00
2026-08-01,weekday,14,TRAIN,EW5,27109,26400,53509,14:00
2026-08-01,weekday,15,TRAIN,EW5,24291,30583,54874,15:00
2026-08-01,weekday,16,TRAIN,EW5,27298,35148,62446,16:00
2026-08-01,weekday,17,TRAIN,EW5,49581,57203,106784,17:00
2026-08-01,weekday,18,TRAIN,EW5,53498,98367,151865,18:00
2026-08-01,weekday,19,TRAIN,EW5,32234,68908,101142,19:00
2026-08-01,weekday,20,TRAIN,EW5,25274,41299,66573,20:00
2026-08-01,weekday,21,TRAIN,EW5,19639,37741,57380,21:00
2026-08-01,weekday,22,TRAIN,EW5,12076,32514,44590,22:00
2026-08-01,weekday,23,TRAIN,EW5,3683,15720,19403,23:00
2026-08-01,weekends/holiday,0,TRAIN,EW5,124,1804,1928,00:00
2026-08-01,weekends/holiday,5,TRAIN,EW5,2448,153,2601,05:00
2026-08-01,weekends/holiday,6,TRAIN,EW5,8951,4068,13019,06:00
2026-08-01,weekends/holiday,7,TRAIN,EW5,14257,8435,22692,07:00
2026-08-01,weekends/holiday,8,TRAIN,EW5,17959,10348,28307,08:00
2026-08-01,weekends/holiday,9,TRAIN,EW5,21775,12641,34416,09:00
2026-08-01,weekends/holiday,10,TRAIN,EW5,20932,13498,34430,10:00
2026-08-01,weekends/holiday,11,TRAIN,EW5,20620,15141,35761,11:00
2026-08-01,weekends/holiday,12,TRAIN,EW5,22111,17127,39238,12:00
2026-08-01,weekends/holiday,13,TRAIN,EW5,21779,18113,39892,13:00
2026-08-01,weekends/holiday,14,TRAIN,EW5,19823,18370,38193,14:00
2026-08-01,weekends/holiday,15,TRAIN,EW5,18843,19428,38271,15:00
2026-08-01,weekends/holiday,16,TRAIN,EW5,18938,21910,40848,16:00
2026-08-01,weekends/holiday,17,TRAIN,EW5,20235,24939,45174,17:00
2026-08-01,weekends/holiday,18,TRAIN,EW5,18738,25024,43762,18:00
2026-08-01,weekends/holiday,19,TRAIN,EW5,16500,22122,38622,19:00
2026-08-01,weekends/holiday,20,TRAIN,EW5,13884,20006,33890,20:00
2026-08-01,weekends/holiday,21,TRAIN,EW5,10836,20944,31780,21:00
2026-08-01,weekends/holiday,22,TRAIN,EW5,7386,18713,26099,22:00
2026-08-01,weekends/holiday,23,TRAIN,EW5,2442,9305,11747,23:00
2026-08-01,weekday,0,TRAIN,EW6,50,834,884,00:00
2026-08-01,weekday,5,TRAIN,EW6,1251,230,1481,05:00
2026-08-01,weekday,6,TRAIN,EW6,14723,4340,19063,06:00
2026-08-01,weekday,7,TRAIN,EW6,28179,13506,41685,07:00
2026-08-01,weekday,8,TRAIN,EW6,36763,17309,54072,08:00
2026-08-01,weekday,9,TRAIN,EW6,19648,9333,28981,09:00
2026-08-01,weekday,10,TRAIN,EW6,11230,6135,17365,10:00
2026-08-01,weekday,11,TRAIN,EW6,10274,6566,16840,11:00
2026-08-01,weekday,12,TRAIN,EW6,9829,8925,18754,12:00
2026-08-01,weekday,13,TRAIN,EW6,9370,9835,19205,13:00
2026-08-01,weekday,14,TRAIN,EW6,8173,10657,18830,14:00
2026-08-01,weekday,15,TRAIN,EW6,7252,11604,18856,15:00
2026-08-01,weekday,16,TRAIN,EW6,8674,14449,23123,16:00
2026-08-01,weekday,17,TRAIN,EW6,14725,20359,35084,17:00
2026-08-01,weekday,18,TRAIN,EW6,17499,37272,54771,18:00
2026-08-01,weekday,19,TRAIN,EW6,9519,29289,38808,19:00
2026-08-01,weekday,20,TRAIN,EW6,5455,18907,24362,20:00
2026-08-01,weekday,21,TRAIN,EW6,5723,16694,22417,21:00
2026-08-01,weekday,22,TRAIN,EW6,3182,13420,16602,22:00
2026-08-01,weekday,23,TRAIN,EW6,1199,6082,7281,23:00
2026-08-01,weekends/holiday,0,TRAIN,EW6,55,605,660,00:00
2026-08-01,weekends/holiday,5,TRAIN,EW6,259,32,291,05:00
2026-08-01,weekends/holiday,6,TRAIN,EW6,2689,888,3577,06:00
2026-08-01,weekends/holiday,7,TRAIN,EW6,4651,2739,7390,07:00
2026-08-01,weekends/holiday,8,TRAIN,EW6,6624,4602,11226,08:00
2026-08-01,weekends/holiday,9,TRAIN,EW6,8375,4569,12944,09:00
2026-08-01,weekends/holiday,10,TRAIN,EW6,8468,4874,13342,10:00
2026-08-01,weekends/holiday,11,TRAIN,EW6,8324,5262,13586,11:00
2026-08-01,weekends/holiday,12,TRAIN,EW6,8435,6028,14463,12:00
2026-08-01,weekends/holiday,13,TRAIN,EW6,7238,6524,13762,13:00
2026-08-01,weekends/holiday,14,TRAIN,EW6,6050,6423,12473,14:00
2026-08-01,weekends/holiday,15,TRAIN,EW6,6096,6683,12779,15:00
2026-08-01,weekends/holiday,16,TRAIN,EW6,6533,7366,13899,16:00
2026-08-01,weekends/holiday,17,TRAIN,EW6,7354,8709,16063,17:00
2026-08-01,weekends/holiday,18,TRAIN,EW6,6905,9445,16350,18:00
2026-08-01,weekends/holiday,19,TRAIN,EW6,5253,8414,13667,19:00
2026-08-01,weekends/holiday,20,TRAIN,EW6,3336,7931,11267,20:00
2026-08-01,weekends/holiday,21,TRAIN,EW6,2629,8546,11175,21:00
2026-08-01,weekends/holiday,22,TRAIN,EW6,1750,7074,8824,22:00
2026-08-01,weekends/holiday,23,TRAIN,EW6,748,3592,4340,23:00
2026-08-01,weekday,0,TRAIN,EW7,125,1045,1170,00:00
2026-08-01,weekday,5,TRAIN,EW7,3566,742,4308,05:00
2026-08-01,weekday,6,TRAIN,EW7,19603,7703,27306,06:00
2026-08-01,weekday,7,TRAIN,EW7,34797,17732,52529,07:00
2026-08-01,weekday,8,TRAIN,EW7,45012,22281,67293,08:00
2026-08-01,weekday,9,TRAIN,EW7,25558,13130,38688,09:00
2026-08-01,weekday,10,TRAIN,EW7,14397,8535,22932,10:00
2026-08-01,weekday,11,TRAIN,EW7,13156,9330,22486,11:00
2026-08-01,weekday,12,TRAIN,EW7,13756,11995,25751,12:00
2026-08-01,weekday,13,TRAIN,EW7,12637,12912,25549,13:00
2026-08-01,weekday,14,TRAIN,EW7,11319,13485,24804,14:00
2026-08-01,weekday,15,TRAIN,EW7,9587,14397,23984,15:00
2026-08-01,weekday,16,TRAIN,EW7,12666,16094,28760,16:00
2026-08-01,weekday,17,TRAIN,EW7,19663,26159,45822,17:00
2026-08-01,weekday,18,TRAIN,EW7,23730,45717,69447,18:00
2026-08-01,weekday,19,TRAIN,EW7,12965,35607,48572,19:00
2026-08-01,weekday,20,TRAIN,EW7,7248,24682,31930,20:00
2026-08-01,weekday,21,TRAIN,EW7,6338,21411,27749,21:00
2026-08-01,weekday,22,TRAIN,EW7,3837,16770,20607,22:00
2026-08-01,weekday,23,TRAIN,EW7,1435,7325,8760,23:00
2026-08-01,weekends/holiday,0,TRAIN,EW7,83,738,821,00:00
2026-08-01,weekends/holiday,5,TRAIN,EW7,798,194,992,05:00
2026-08-01,weekends/holiday,6,TRAIN,EW7,4677,2017,6694,06:00
2026-08-01,weekends/holiday,7,TRAIN,EW7,6982,4394,11376,07:00
2026-08-01,weekends/holiday,8,TRAIN,EW7,8771,5996,14767,08:00
2026-08-01,weekends/holiday,9,TRAIN,EW7,10223,6752,16975,09:00
2026-08-01,weekends/holiday,10,TRAIN,EW7,10117,6750,16867,10:00
2026-08-01,weekends/holiday,11,TRAIN,EW7,10487,6453,16940,11:00
2026-08-01,weekends/holiday,12,TRAIN,EW7,10604,7882,18486,12:00
2026-08-01,weekends/holiday,13,TRAIN,EW7,9436,8737,18173,13:00
2026-08-01,weekends/holiday,14,TRAIN,EW7,8071,8278,16349,14:00
2026-08-01,weekends/holiday,15,TRAIN,EW7,7313,8765,16078,15:00
2026-08-01,weekends/holiday,16,TRAIN,EW7,8494,9325,17819,16:00
2026-08-01,weekends/holiday,17,TRAIN,EW7,9444,10599,20043,17:00
2026-08-01,weekends/holiday,18,TRAIN,EW7,9266,11166,20432,18:00
2026-08-01,weekends/holiday,19,TRAIN,EW7,6480,10933,17413,19:00
2026-08-01,weekends/holiday,20,TRAIN,EW7,4419,10816,15235,20:00
2026-08-01,weekends/holiday,21,TRAIN,EW7,3468,11395,14863,21:00
2026-08-01,weekends/holiday,22,TRAIN,EW7,2333,9079,11412,22:00
2026-08-01,weekends/holiday,23,TRAIN,EW7,987,4649,5636,23:00
2026-08-01,weekday,0,TRAIN,EW8/CC9,872,1439,2311,00:00
2026-08-01,weekday,5,TRAIN,EW8/CC9,3119,1445,4564,05:00
2026-08-01,weekday,6,TRAIN,EW8/CC9,29644,18370,48014,06:00
2026-08-01,weekday,7,TRAIN,EW8/CC9,47978,56717,104695,07:00
2026-08-01,weekday,8,TRAIN,EW8/CC9,54304,105118,159422,08:00
2026-08-01,weekday,9,TRAIN,EW8/CC9,33449,80932,114381,09:00
2026-08-01,weekday,10,TRAIN,EW8/CC9,24806,48915,73721,10:00
2026-08-01,weekday,11,TRAIN,EW8/CC9,31936,45521,77457,11:00
2026-08-01,weekday,12,TRAIN,EW8/CC9,42582,52053,94635,12:00
2026-08-01,weekday,13,TRAIN,EW8/CC9,51007,48139,99146,13:00
2026-08-01,weekday,14,TRAIN,EW8/CC9,46331,45101,91432,14:00
2026-08-01,weekday,15,TRAIN,EW8/CC9,48819,40894,89713,15:00
2026-08-01,weekday,16,TRAIN,EW8/CC9,57176,45744,102920,16:00
2026-08-01,weekday,17,TRAIN,EW8/CC9,104518,69860,174378,17:00
2026-08-01,weekday,18,TRAIN,EW8/CC9,132820,123688,256508,18:00
2026-08-01,weekday,19,TRAIN,EW8/CC9,82296,84302,166598,19:00
2026-08-01,weekday,20,TRAIN,EW8/CC9,63294,41673,104967,20:00
2026-08-01,weekday,21,TRAIN,EW8/CC9,58724,30671,89395,21:00
2026-08-01,weekday,22,TRAIN,EW8/CC9,31186,22451,53637,22:00
2026-08-01,weekday,23,TRAIN,EW8/CC9,11401,10029,21430,23:00
2026-08-01,weekends/holiday,0,TRAIN,EW8/CC9,650,1503,2153,00:00
2026-08-01,weekends/holiday,5,TRAIN,EW8/CC9,819,181,1000,05:00
2026-08-01,weekends/holiday,6,TRAIN,EW8/CC9,8262,4187,12449,06:00
2026-08-01,weekends/holiday,7,TRAIN,EW8/CC9,11151,11032,22183,07:00
2026-08-01,weekends/holiday,8,TRAIN,EW8/CC9,11595,23295,34890,08:00
2026-08-01,weekends/holiday,9,TRAIN,EW8/CC9,15690,42928,58618,09:00
2026-08-01,weekends/holiday,10,TRAIN,EW8/CC9,23446,50212,73658,10:00
2026-08-01,weekends/holiday,11,TRAIN,EW8/CC9,30851,44307,75158,11:00
2026-08-01,weekends/holiday,12,TRAIN,EW8/CC9,37887,41812,79699,12:00
2026-08-01,weekends/holiday,13,TRAIN,EW8/CC9,41039,41312,82351,13:00
2026-08-01,weekends/holiday,14,TRAIN,EW8/CC9,39616,37691,77307,14:00
2026-08-01,weekends/holiday,15,TRAIN,EW8/CC9,40812,37441,78253,15:00
2026-08-01,weekends/holiday,16,TRAIN,EW8/CC9,48478,40561,89039,16:00
2026-08-01,weekends/holiday,17,TRAIN,EW8/CC9,54610,41593,96203,17:00
2026-08-01,weekends/holiday,18,TRAIN,EW8/CC9,51038,39713,90751,18:00
2026-08-01,weekends/holiday,19,TRAIN,EW8/CC9,42933,32451,75384,19:00
2026-08-01,weekends/holiday,20,TRAIN,EW8/CC9,33455,24577,58032,20:00
2026-08-01,weekends/holiday,21,TRAIN,EW8/CC9,30832,20356,51188,21:00
2026-08-01,weekends/holiday,22,TRAIN,EW8/CC9,18602,13378,31980,22:00
2026-08-01,weekends/holiday,23,TRAIN,EW8/CC9,7232,6637,13869,23:00
2026-08-01,weekday,0,TRAIN,EW9,233,1254,1487,00:00
2026-08-01,weekday,5,TRAIN,EW9,6221,801,7022,05:00
2026-08-01,weekday,6,TRAIN,EW9,49025,10861,59886,06:00
2026-08-01,weekday,7,TRAIN,EW9,57578,33147,90725,07:00
2026-08-01,weekday,8,TRAIN,EW9,50510,34442,84952,08:00
2026-08-01,weekday,9,TRAIN,EW9,28616,21881,50497,09:00
2026-08-01,weekday,10,TRAIN,EW9,18691,12507,31198,10:00
2026-08-01,weekday,11,TRAIN,EW9,16942,11507,28449,11:00
2026-08-01,weekday,12,TRAIN,EW9,17537,13921,31458,12:00
2026-08-01,weekday,13,TRAIN,EW9,22740,16137,38877,13:00
2026-08-01,weekday,14,TRAIN,EW9,17972,14764,32736,14:00
2026-08-01,weekday,15,TRAIN,EW9,17872,15524,33396,15:00
2026-08-01,weekday,16,TRAIN,EW9,19964,17998,37962,16:00
2026-08-01,weekday,17,TRAIN,EW9,34024,32411,66435,17:00
2026-08-01,weekday,18,TRAIN,EW9,41378,62038,103416,18:00
2026-08-01,weekday,19,TRAIN,EW9,21951,63537,85488,19:00
2026-08-01,weekday,20,TRAIN,EW9,16200,38579,54779,20:00
2026-08-01,weekday,21,TRAIN,EW9,15547,32861,48408,21:00
2026-08-01,weekday,22,TRAIN,EW9,10749,24656,35405,22:00
2026-08-01,weekday,23,TRAIN,EW9,4934,10908,15842,23:00
2026-08-01,weekends/holiday,0,TRAIN,EW9,265,1087,1352,00:00
2026-08-01,weekends/holiday,5,TRAIN,EW9,1866,108,1974,05:00
2026-08-01,weekends/holiday,6,TRAIN,EW9,16155,3109,19264,06:00
2026-08-01,weekends/holiday,7,TRAIN,EW9,16594,6460,23054,07:00
2026-08-01,weekends/holiday,8,TRAIN,EW9,13225,11733,24958,08:00
2026-08-01,weekends/holiday,9,TRAIN,EW9,12581,16187,28768,09:00
2026-08-01,weekends/holiday,10,TRAIN,EW9,12758,14022,26780,10:00
2026-08-01,weekends/holiday,11,TRAIN,EW9,13728,12367,26095,11:00
2026-08-01,weekends/holiday,12,TRAIN,EW9,17463,12497,29960,12:00
2026-08-01,weekends/holiday,13,TRAIN,EW9,16044,14560,30604,13:00
2026-08-01,weekends/holiday,14,TRAIN,EW9,14517,13998,28515,14:00
2026-08-01,weekends/holiday,15,TRAIN,EW9,13852,13609,27461,15:00
2026-08-01,weekends/holiday,16,TRAIN,EW9,16486,15484,31970,16:00
2026-08-01,weekends/holiday,17,TRAIN,EW9,17907,20993,38900,17:00
2026-08-01,weekends/holiday,18,TRAIN,EW9,17087,24094,41181,18:00
2026-08-01,weekends/holiday,19,TRAIN,EW9,15043,25040,40083,19:00
2026-08-01,weekends/holiday,20,TRAIN,EW9,13415,19333,32748,20:00
2026-08-01,weekends/holiday,21,TRAIN,EW9,12005,16909,28914,21:00
2026-08-01,weekends/holiday,22,TRAIN,EW9,8842,14165,23007,22:00
2026-08-01,weekends/holiday,23,TRAIN,EW9,4568,7404,11972,23:00
2026-08-01,weekday,0,TRAIN,NE1/CC29,42,283,325,00:00
2026-08-01,weekday,5,TRAIN,NE1/CC29,1522,134,1656,05:00
2026-08-01,weekday,6,TRAIN,NE1/CC29,7284,27033,34317,06:00
2026-08-01,weekday,7,TRAIN,NE1/CC29,17533,59883,77416,07:00
2026-08-01,weekday,8,TRAIN,NE1/CC29,30925,107581,138506,08:00
2026-08-01,weekday,9,TRAIN,NE1/CC29,19362,106426,125788,09:00
2026-08-01,weekday,10,TRAIN,NE1/CC29,16217,80217,96434,10:00
2026-08-01,weekday,11,TRAIN,NE1/CC29,21564,74469,96033,11:00
2026-08-01,weekday,12,TRAIN,NE1/CC29,33692,74689,108381,12:00
2026-08-01,weekday,13,TRAIN,NE1/CC29,52024,52780,104804,13:00
2026-08-01,weekday,14,TRAIN,NE1/CC29,43792,48774,92566,14:00
2026-08-01,weekday,15,TRAIN,NE1/CC29,48299,44285,92584,15:00
2026-08-01,weekday,16,TRAIN,NE1/CC29,63144,45703,108847,16:00
2026-08-01,weekday,17,TRAIN,NE1/CC29,104293,60585,164878,17:00
2026-08-01,weekday,18,TRAIN,NE1/CC29,145213,87898,233111,18:00
2026-08-01,weekday,19,TRAIN,NE1/CC29,104935,52827,157762,19:00
2026-08-01,weekday,20,TRAIN,NE1/CC29,96794,27121,123915,20:00
2026-08-01,weekday,21,TRAIN,NE1/CC29,99114,17116,116230,21:00
2026-08-01,weekday,22,TRAIN,NE1/CC29,68235,12845,81080,22:00
2026-08-01,weekday,23,TRAIN,NE1/CC29,20628,3925,24553,23:00
2026-08-01,weekends/holiday,0,TRAIN,NE1/CC29,162,351,513,00:00
2026-08-01,weekends/holiday,5,TRAIN,NE1/CC29,736,26,762,05:00
2026-08-01,weekends/holiday,6,TRAIN,NE1/CC29,3164,11326,14490,06:00
2026-08-01,weekends/holiday,7,TRAIN,NE1/CC29,5059,19709,24768,07:00
2026-08-01,weekends/holiday,8,TRAIN,NE1/CC29,10348,23624,33972,08:00
2026-08-01,weekends/holiday,9,TRAIN,NE1/CC29,9937,41766,51703,09:00
2026-08-01,weekends/holiday,10,TRAIN,NE1/CC29,12692,51247,63939,10:00
2026-08-01,weekends/holiday,11,TRAIN,NE1/CC29,16224,55046,71270,11:00
2026-08-01,weekends/holiday,12,TRAIN,NE1/CC29,21605,51136,72741,12:00
2026-08-01,weekends/holiday,13,TRAIN,NE1/CC29,27708,51159,78867,13:00
2026-08-01,weekends/holiday,14,TRAIN,NE1/CC29,34418,48100,82518,14:00
2026-08-01,weekends/holiday,15,TRAIN,NE1/CC29,42281,44309,86590,15:00
2026-08-01,weekends/holiday,16,TRAIN,NE1/CC29,48788,45643,94431,16:00
2026-08-01,weekends/holiday,17,TRAIN,NE1/CC29,54391,45101,99492,17:00
2026-08-01,weekends/holiday,18,TRAIN,NE1/CC29,56971,39885,96856,18:00
2026-08-01,weekends/holiday,19,TRAIN,NE1/CC29,60938,27983,88921,19:00
2026-08-01,weekends/holiday,20,TRAIN,NE1/CC29,66689,17961,84650,20:00
2026-08-01,weekends/holiday,21,TRAIN,NE1/CC29,69481,12522,82003,21:00
2026-08-01,weekends/holiday,22,TRAIN,NE1/CC29,53589,8415,62004,22:00
2026-08-01,weekends/holiday,23,TRAIN,NE1/CC29,19216,3059,22275,23:00
2026-08-01,weekday,0,TRAIN,NE10,129,386,515,00:00
2026-08-01,weekday,5,TRAIN,NE10,1555,590,2145,05:00
2026-08-01,weekday,6,TRAIN,NE10,14763,10477,25240,06:00
2026-08-01,weekday,7,TRAIN,NE10,30861,40467,71328,07:00
2026-08-01,weekday,8,TRAIN,NE10,44947,36948,81895,08:00
2026-08-01,weekday,9,TRAIN,NE10,27298,18985,46283,09:00
2026-08-01,weekday,10,TRAIN,NE10,16513,10677,27190,10:00
2026-08-01,weekday,11,TRAIN,NE10,16905,11000,27905,11:00
2026-08-01,weekday,12,TRAIN,NE10,16884,12717,29601,12:00
2026-08-01,weekday,13,TRAIN,NE10,18097,14948,33045,13:00
2026-08-01,weekday,14,TRAIN,NE10,16530,15685,32215,14:00
2026-08-01,weekday,15,TRAIN,NE10,16375,16066,32441,15:00
2026-08-01,weekday,16,TRAIN,NE10,18146,17863,36009,16:00
2026-08-01,weekday,17,TRAIN,NE10,30440,24773,55213,17:00
2026-08-01,weekday,18,TRAIN,NE10,39163,41583,80746,18:00
2026-08-01,weekday,19,TRAIN,NE10,21204,31349,52553,19:00
2026-08-01,weekday,20,TRAIN,NE10,12700,20642,33342,20:00
2026-08-01,weekday,21,TRAIN,NE10,9865,18087,27952,21:00
2026-08-01,weekday,22,TRAIN,NE10,5765,13456,19221,22:00
2026-08-01,weekday,23,TRAIN,NE10,2138,5967,8105,23:00
2026-08-01,weekends/holiday,0,TRAIN,NE10,87,399,486,00:00
2026-08-01,weekends/holiday,5,TRAIN,NE10,286,83,369,05:00
2026-08-01,weekends/holiday,6,TRAIN,NE10,3050,1755,4805,06:00
2026-08-01,weekends/holiday,7,TRAIN,NE10,5250,3780,9030,07:00
2026-08-01,weekends/holiday,8,TRAIN,NE10,7444,5677,13121,08:00
2026-08-01,weekends/holiday,9,TRAIN,NE10,9415,6659,16074,09:00
2026-08-01,weekends/holiday,10,TRAIN,NE10,10749,6792,17541,10:00
2026-08-01,weekends/holiday,11,TRAIN,NE10,11249,7263,18512,11:00
2026-08-01,weekends/holiday,12,TRAIN,NE10,11938,8195,20133,12:00
2026-08-01,weekends/holiday,13,TRAIN,NE10,10815,9271,20086,13:00
2026-08-01,weekends/holiday,14,TRAIN,NE10,9124,9398,18522,14:00
2026-08-01,weekends/holiday,15,TRAIN,NE10,8651,9211,17862,15:00
2026-08-01,weekends/holiday,16,TRAIN,NE10,9369,9521,18890,16:00
2026-08-01,weekends/holiday,17,TRAIN,NE10,10388,9991,20379,17:00
2026-08-01,weekends/holiday,18,TRAIN,NE10,10169,10496,20665,18:00
2026-08-01,weekends/holiday,19,TRAIN,NE10,8021,9965,17986,19:00
2026-08-01,weekends/holiday,20,TRAIN,NE10,5678,9643,15321,20:00
2026-08-01,weekends/holiday,21,TRAIN,NE10,4286,9604,13890,21:00
2026-08-01,weekends/holiday,22,TRAIN,NE10,3327,7595,10922,22:00
2026-08-01,weekends/holiday,23,TRAIN,NE10,1397,3459,4856,23:00
2026-08-01,weekday,0,TRAIN,NE11,56,347,403,00:00
2026-08-01,weekday,5,TRAIN,NE11,853,367,1220,05:00
2026-08-01,weekday,6,TRAIN,NE11,12331,8904,21235,06:00
2026-08-01,weekday,7,TRAIN,NE11,26508,26504,53012,07:00
2026-08-01,weekday,8,TRAIN,NE11,40242,27221,67463,08:00
2026-08-01,weekday,9,TRAIN,NE11,21560,14263,35823,09:00
2026-08-01,weekday,10,TRAIN,NE11,12338,9847,22185,10:00
2026-08-01,weekday,11,TRAIN,NE11,13393,11636,25029,11:00
2026-08-01,weekday,12,TRAIN,NE11,14133,14432,28565,12:00
2026-08-01,weekday,13,TRAIN,NE11,17182,15785,32967,13:00
2026-08-01,weekday,14,TRAIN,NE11,16651,19174,35825,14:00
2026-08-01,weekday,15,TRAIN,NE11,18884,16920,35804,15:00
2026-08-01,weekday,16,TRAIN,NE11,25000,18396,43396,16:00
2026-08-01,weekday,17,TRAIN,NE11,25994,28745,54739,17:00
2026-08-01,weekday,18,TRAIN,NE11,31681,49008,80689,18:00
2026-08-01,weekday,19,TRAIN,NE11,21390,33597,54987,19:00
2026-08-01,weekday,20,TRAIN,NE11,14608,17928,32536,20:00
2026-08-01,weekday,21,TRAIN,NE11,13594,14854,28448,21:00
2026-08-01,weekday,22,TRAIN,NE11,7031,10854,17885,22:00
2026-08-01,weekday,23,TRAIN,NE11,2140,4194,6334,23:00
2026-08-01,weekends/holiday,0,TRAIN,NE11,72,209,281,00:00
2026-08-01,weekends/holiday,5,TRAIN,NE11,129,66,195,05:00
2026-08-01,weekends/holiday,6,TRAIN,NE11,1831,1422,3253,06:00
2026-08-01,weekends/holiday,7,TRAIN,NE11,3521,3520,7041,07:00
2026-08-01,weekends/holiday,8,TRAIN,NE11,6313,5852,12165,08:00
2026-08-01,weekends/holiday,9,TRAIN,NE11,7952,6566,14518,09:00
2026-08-01,weekends/holiday,10,TRAIN,NE11,9364,7342,16706,10:00
2026-08-01,weekends/holiday,11,TRAIN,NE11,10412,9451,19863,11:00
2026-08-01,weekends/holiday,12,TRAIN,NE11,10953,9605,20558,12:00
2026-08-01,weekends/holiday,13,TRAIN,NE11,11818,11426,23244,13:00
2026-08-01,weekends/holiday,14,TRAIN,NE11,10858,10013,20871,14:00
2026-08-01,weekends/holiday,15,TRAIN,NE11,9904,9962,19866,15:00
2026-08-01,weekends/holiday,16,TRAIN,NE11,10751,10161,20912,16:00
2026-08-01,weekends/holiday,17,TRAIN,NE11,11001,11901,22902,17:00
2026-08-01,weekends/holiday,18,TRAIN,NE11,10819,11889,22708,18:00
2026-08-01,weekends/holiday,19,TRAIN,NE11,8813,10470,19283,19:00
2026-08-01,weekends/holiday,20,TRAIN,NE11,7214,8898,16112,20:00
2026-08-01,weekends/holiday,21,TRAIN,NE11,5987,8495,14482,21:00
2026-08-01,weekends/holiday,22,TRAIN,NE11,4016,5970,9986,22:00
2026-08-01,weekends/holiday,23,TRAIN,NE11,1381,2647,4028,23:00
2026-08-01,weekday,0,TRAIN,NE12/CC13,724,3724,4448,00:00
2026-08-01,weekday,5,TRAIN,NE12/CC13,9301,1329,10630,05:00
2026-08-01,weekday,6,TRAIN,NE12/CC13,54660,31676,86336,06:00
2026-08-01,weekday,7,TRAIN,NE12/CC13,119123,66171,185294,07:00
2026-08-01,weekday,8,TRAIN,NE12/CC13,160162,46480,206642,08:00
2026-08-01,weekday,9,TRAIN,NE12/CC13,87923,35987,123910,09:00
2026-08-01,weekday,10,TRAIN,NE12/CC13,50742,36808,87550,10:00
2026-08-01,weekday,11,TRAIN,NE12/CC13,48277,45991,94268,11:00
2026-08-01,weekday,12,TRAIN,NE12/CC13,51575,52994,104569,12:00
2026-08-01,weekday,13,TRAIN,NE12/CC13,60483,54769,115252,13:00
2026-08-01,weekday,14,TRAIN,NE12/CC13,63615,59854,123469,14:00
2026-08-01,weekday,15,TRAIN,NE12/CC13,54210,62790,117000,15:00
2026-08-01,weekday,16,TRAIN,NE12/CC13,54881,71542,126423,16:00
2026-08-01,weekday,17,TRAIN,NE12/CC13,71805,116649,188454,17:00
2026-08-01,weekday,18,TRAIN,NE12/CC13,94490,194798,289288,18:00
2026-08-01,weekday,19,TRAIN,NE12/CC13,67025,134528,201553,19:00
2026-08-01,weekday,20,TRAIN,NE12/CC13,53342,77338,130680,20:00
2026-08-01,weekday,21,TRAIN,NE12/CC13,51437,65049,116486,21:00
2026-08-01,weekday,22,TRAIN,NE12/CC13,29153,51727,80880,22:00
2026-08-01,weekday,23,TRAIN,NE12/CC13,8746,23703,32449,23:00
2026-08-01,weekends/holiday,0,TRAIN,NE12/CC13,554,2697,3251,00:00
2026-08-01,weekends/holiday,5,TRAIN,NE12/CC13,2018,189,2207,05:00
2026-08-01,weekends/holiday,6,TRAIN,NE12/CC13,11990,4787,16777,06:00
2026-08-01,weekends/holiday,7,TRAIN,NE12/CC13,18434,9853,28287,07:00
2026-08-01,weekends/holiday,8,TRAIN,NE12/CC13,26518,17002,43520,08:00
2026-08-01,weekends/holiday,9,TRAIN,NE12/CC13,34334,21741,56075,09:00
2026-08-01,weekends/holiday,10,TRAIN,NE12/CC13,35209,27780,62989,10:00
2026-08-01,weekends/holiday,11,TRAIN,NE12/CC13,35601,33610,69211,11:00
2026-08-01,weekends/holiday,12,TRAIN,NE12/CC13,39459,39711,79170,12:00
2026-08-01,weekends/holiday,13,TRAIN,NE12/CC13,41755,41168,82923,13:00
2026-08-01,weekends/holiday,14,TRAIN,NE12/CC13,40112,39316,79428,14:00
2026-08-01,weekends/holiday,15,TRAIN,NE12/CC13,39428,39165,78593,15:00
2026-08-01,weekends/holiday,16,TRAIN,NE12/CC13,40909,42781,83690,16:00
2026-08-01,weekends/holiday,17,TRAIN,NE12/CC13,41717,48999,90716,17:00
2026-08-01,weekends/holiday,18,TRAIN,NE12/CC13,40510,48959,89469,18:00
2026-08-01,weekends/holiday,19,TRAIN,NE12/CC13,35275,42243,77518,19:00
2026-08-01,weekends/holiday,20,TRAIN,NE12/CC13,30037,36986,67023,20:00
2026-08-01,weekends/holiday,21,TRAIN,NE12/CC13,27472,34903,62375,21:00
2026-08-01,weekends/holiday,22,TRAIN,NE12/CC13,17746,29690,47436,22:00
2026-08-01,weekends/holiday,23,TRAIN,NE12/CC13,5558,14916,20474,23:00
2026-08-01,weekday,0,TRAIN,NE13,154,1779,1933,00:00
2026-08-01,weekday,5,TRAIN,NE13,4089,590,4679,05:00
2026-08-01,weekday,6,TRAIN,NE13,25057,10541,35598,06:00
2026-08-01,weekday,7,TRAIN,NE13,51687,28098,79785,07:00
2026-08-01,weekday,8,TRAIN,NE13,58241,33139,91380,08:00
2026-08-01,weekday,9,TRAIN,NE13,43695,23832,67527,09:00
2026-08-01,weekday,10,TRAIN,NE13,23837,15087,38924,10:00
2026-08-01,weekday,11,TRAIN,NE13,23648,14579,38227,11:00
2026-08-01,weekday,12,TRAIN,NE13,22240,17412,39652,12:00
2026-08-01,weekday,13,TRAIN,NE13,22261,20312,42573,13:00
2026-08-01,weekday,14,TRAIN,NE13,21393,23595,44988,14:00
2026-08-01,weekday,15,TRAIN,NE13,25549,24542,50091,15:00
2026-08-01,weekday,16,TRAIN,NE13,25241,27565,52806,16:00
2026-08-01,weekday,17,TRAIN,NE13,31630,40047,71677,17:00
2026-08-01,weekday,18,TRAIN,NE13,36192,65639,101831,18:00
2026-08-01,weekday,19,TRAIN,NE13,24765,51708,76473,19:00
2026-08-01,weekday,20,TRAIN,NE13,17963,30950,48913,20:00
2026-08-01,weekday,21,TRAIN,NE13,16668,26790,43458,21:00
2026-08-01,weekday,22,TRAIN,NE13,8192,23347,31539,22:00
2026-08-01,weekday,23,TRAIN,NE13,2843,10256,13099,23:00
2026-08-01,weekends/holiday,0,TRAIN,NE13,145,1125,1270,00:00
2026-08-01,weekends/holiday,5,TRAIN,NE13,754,154,908,05:00
2026-08-01,weekends/holiday,6,TRAIN,NE13,4898,3032,7930,06:00
2026-08-01,weekends/holiday,7,TRAIN,NE13,7746,6159,13905,07:00
2026-08-01,weekends/holiday,8,TRAIN,NE13,12087,12079,24166,08:00
2026-08-01,weekends/holiday,9,TRAIN,NE13,15977,14156,30133,09:00
2026-08-01,weekends/holiday,10,TRAIN,NE13,17906,14060,31966,10:00
2026-08-01,weekends/holiday,11,TRAIN,NE13,19953,13610,33563,11:00
2026-08-01,weekends/holiday,12,TRAIN,NE13,20130,13220,33350,12:00
2026-08-01,weekends/holiday,13,TRAIN,NE13,19698,15240,34938,13:00
2026-08-01,weekends/holiday,14,TRAIN,NE13,16509,13871,30380,14:00
2026-08-01,weekends/holiday,15,TRAIN,NE13,15013,13668,28681,15:00
2026-08-01,weekends/holiday,16,TRAIN,NE13,15103,15364,30467,16:00
2026-08-01,weekends/holiday,17,TRAIN,NE13,16212,16057,32269,17:00
2026-08-01,weekends/holiday,18,TRAIN,NE13,15859,16609,32468,18:00
2026-08-01,weekends/holiday,19,TRAIN,NE13,12439,15199,27638,19:00
2026-08-01,weekends/holiday,20,TRAIN,NE13,9637,13814,23451,20:00
2026-08-01,weekends/holiday,21,TRAIN,NE13,7441,13718,21159,21:00
2026-08-01,weekends/holiday,22,TRAIN,NE13,4338,12046,16384,22:00
2026-08-01,weekends/holiday,23,TRAIN,NE13,1997,6477,8474,23:00
2026-08-01,weekday,0,TRAIN,NE14,86,2324,2410,00:00
2026-08-01,weekday,5,TRAIN,NE14,7406,1023,8429,05:00
2026-08-01,weekday,6,TRAIN,NE14,43191,17126,60317,06:00
2026-08-01,weekday,7,TRAIN,NE14,91103,42546,133649,07:00
2026-08-01,weekday,8,TRAIN,NE14,95984,20787,116771,08:00
2026-08-01,weekday,9,TRAIN,NE14,62270,16574,78844,09:00
2026-08-01,weekday,10,TRAIN,NE14,32350,13153,45503,10:00
2026-08-01,weekday,11,TRAIN,NE14,29041,15526,44567,11:00
2026-08-01,weekday,12,TRAIN,NE14,27830,19781,47611,12:00
2026-08-01,weekday,13,TRAIN,NE14,28061,22822,50883,13:00
2026-08-01,weekday,14,TRAIN,NE14,26139,24656,50795,14:00
2026-08-01,weekday,15,TRAIN,NE14,24162,26476,50638,15:00
2026-08-01,weekday,16,TRAIN,NE14,23704,33879,57583,16:00
2026-08-01,weekday,17,TRAIN,NE14,33309,56150,89459,17:00
2026-08-01,weekday,18,TRAIN,NE14,41319,95403,136722,18:00
2026-08-01,weekday,19,TRAIN,NE14,27001,75464,102465,19:00
2026-08-01,weekday,20,TRAIN,NE14,17607,47634,65241,20:00
2026-08-01,weekday,21,TRAIN,NE14,13258,43894,57152,21:00
2026-08-01,weekday,22,TRAIN,NE14,7874,35454,43328,22:00
2026-08-01,weekday,23,TRAIN,NE14,2328,17241,19569,23:00
2026-08-01,weekends/holiday,0,TRAIN,NE14,71,1857,1928,00:00
2026-08-01,weekends/holiday,5,TRAIN,NE14,1402,148,1550,05:00
2026-08-01,weekends/holiday,6,TRAIN,NE14,8755,2831,11586,06:00
2026-08-01,weekends/holiday,7,TRAIN,NE14,13059,6098,19157,07:00
2026-08-01,weekends/holiday,8,TRAIN,NE14,18817,7398,26215,08:00
2026-08-01,weekends/holiday,9,TRAIN,NE14,23100,8745,31845,09:00
2026-08-01,weekends/holiday,10,TRAIN,NE14,21686,10459,32145,10:00
2026-08-01,weekends/holiday,11,TRAIN,NE14,21407,10505,31912,11:00
2026-08-01,weekends/holiday,12,TRAIN,NE14,20955,13696,34651,12:00
2026-08-01,weekends/holiday,13,TRAIN,NE14,19095,15073,34168,13:00
2026-08-01,weekends/holiday,14,TRAIN,NE14,16716,15725,32441,14:00
2026-08-01,weekends/holiday,15,TRAIN,NE14,16124,16293,32417,15:00
2026-08-01,weekends/holiday,16,TRAIN,NE14,16533,17188,33721,16:00
2026-08-01,weekends/holiday,17,TRAIN,NE14,17668,19973,37641,17:00
2026-08-01,weekends/holiday,18,TRAIN,NE14,16991,21273,38264,18:00
2026-08-01,weekends/holiday,19,TRAIN,NE14,13003,20798,33801,19:00
2026-08-01,weekends/holiday,20,TRAIN,NE14,9284,20525,29809,20:00
2026-08-01,weekends/holiday,21,TRAIN,NE14,6864,22058,28922,21:00
2026-08-01,weekends/holiday,22,TRAIN,NE14,4553,20111,24664,22:00
2026-08-01,weekends/holiday,23,TRAIN,NE14,1455,10150,11605,23:00
2026-08-01,weekday,0,TRAIN,NE15,115,2214,2329,00:00
2026-08-01,weekday,5,TRAIN,NE15,5856,344,6200,05:00
2026-08-01,weekday,6,TRAIN,NE15,39165,6139,45304,06:00
2026-08-01,weekday,7,TRAIN,NE15,87187,13873,101060,07:00
2026-08-01,weekday,8,TRAIN,NE15,91070,11574,102644,08:00
2026-08-01,weekday,9,TRAIN,NE15,51407,9881,61288,09:00
2026-08-01,weekday,10,TRAIN,NE15,25131,8626,33757,10:00
2026-08-01,weekday,11,TRAIN,NE15,22095,11127,33222,11:00
2026-08-01,weekday,12,TRAIN,NE15,20304,16091,36395,12:00
2026-08-01,weekday,13,TRAIN,NE15,21809,20217,42026,13:00
2026-08-01,weekday,14,TRAIN,NE15,18289,22810,41099,14:00
2026-08-01,weekday,15,TRAIN,NE15,15473,24887,40360,15:00
2026-08-01,weekday,16,TRAIN,NE15,16605,30384,46989,16:00
2026-08-01,weekday,17,TRAIN,NE15,23882,49525,73407,17:00
2026-08-01,weekday,18,TRAIN,NE15,27665,89489,117154,18:00
2026-08-01,weekday,19,TRAIN,NE15,16969,71592,88561,19:00
2026-08-01,weekday,20,TRAIN,NE15,10653,43199,53852,20:00
2026-08-01,weekday,21,TRAIN,NE15,9021,37017,46038,21:00
2026-08-01,weekday,22,TRAIN,NE15,5372,29420,34792,22:00
2026-08-01,weekday,23,TRAIN,NE15,1671,13455,15126,23:00
2026-08-01,weekends/holiday,0,TRAIN,NE15,53,1427,1480,00:00
2026-08-01,weekends/holiday,5,TRAIN,NE15,1138,43,1181,05:00
2026-08-01,weekends/holiday,6,TRAIN,NE15,5349,1257,6606,06:00
2026-08-01,weekends/holiday,7,TRAIN,NE15,9461,2792,12253,07:00
2026-08-01,weekends/holiday,8,TRAIN,NE15,15491,4756,20247,08:00
2026-08-01,weekends/holiday,9,TRAIN,NE15,18384,6008,24392,09:00
2026-08-01,weekends/holiday,10,TRAIN,NE15,19360,6753,26113,10:00
2026-08-01,weekends/holiday,11,TRAIN,NE15,18527,10276,28803,11:00
2026-08-01,weekends/holiday,12,TRAIN,NE15,18204,11577,29781,12:00
2026-08-01,weekends/holiday,13,TRAIN,NE15,16190,14080,30270,13:00
2026-08-01,weekends/holiday,14,TRAIN,NE15,14225,14320,28545,14:00
2026-08-01,weekends/holiday,15,TRAIN,NE15,13964,13979,27943,15:00
2026-08-01,weekends/holiday,16,TRAIN,NE15,13931,16417,30348,16:00
2026-08-01,weekends/holiday,17,TRAIN,NE15,14745,17388,32133,17:00
2026-08-01,weekends/holiday,18,TRAIN,NE15,13209,18400,31609,18:00
2026-08-01,weekends/holiday,19,TRAIN,NE15,9643,18610,28253,19:00
2026-08-01,weekends/holiday,20,TRAIN,NE15,6470,18966,25436,20:00
2026-08-01,weekends/holiday,21,TRAIN,NE15,4712,19578,24290,21:00
2026-08-01,weekends/holiday,22,TRAIN,NE15,3444,15995,19439,22:00
2026-08-01,weekends/holiday,23,TRAIN,NE15,1190,7995,9185,23:00
2026-08-01,weekday,0,TRAIN,NE16/STC,385,3807,4192,00:00
2026-08-01,weekday,5,TRAIN,NE16/STC,11365,2541,13906,05:00
2026-08-01,weekday,6,TRAIN,NE16/STC,61358,25233,86591,06:00
2026-08-01,weekday,7,TRAIN,NE16/STC,146362,42073,188435,07:00
2026-08-01,weekday,8,TRAIN,NE16/STC,135114,28413,163527,08:00
2026-08-01,weekday,9,TRAIN,NE16/STC,78964,25199,104163,09:00
2026-08-01,weekday,10,TRAIN,NE16/STC,42528,23848,66376,10:00
2026-08-01,weekday,11,TRAIN,NE16/STC,41054,31491,72545,11:00
2026-08-01,weekday,12,TRAIN,NE16/STC,41816,38552,80368,12:00
2026-08-01,weekday,13,TRAIN,NE16/STC,43662,43939,87601,13:00
2026-08-01,weekday,14,TRAIN,NE16/STC,42770,49692,92462,14:00
2026-08-01,weekday,15,TRAIN,NE16/STC,39089,51503,90592,15:00
2026-08-01,weekday,16,TRAIN,NE16/STC,43629,56788,100417,16:00
2026-08-01,weekday,17,TRAIN,NE16/STC,53444,93285,146729,17:00
2026-08-01,weekday,18,TRAIN,NE16/STC,65481,158456,223937,18:00
2026-08-01,weekday,19,TRAIN,NE16/STC,47867,124358,172225,19:00
2026-08-01,weekday,20,TRAIN,NE16/STC,31617,72810,104427,20:00
2026-08-01,weekday,21,TRAIN,NE16/STC,25557,57336,82893,21:00
2026-08-01,weekday,22,TRAIN,NE16/STC,12626,43244,55870,22:00
2026-08-01,weekday,23,TRAIN,NE16/STC,4033,22192,26225,23:00
2026-08-01,weekends/holiday,0,TRAIN,NE16/STC,300,2700,3000,00:00
2026-08-01,weekends/holiday,5,TRAIN,NE16/STC,2612,541,3153,05:00
2026-08-01,weekends/holiday,6,TRAIN,NE16/STC,9455,4169,13624,06:00
2026-08-01,weekends/holiday,7,TRAIN,NE16/STC,15473,7090,22563,07:00
2026-08-01,weekends/holiday,8,TRAIN,NE16/STC,24098,9966,34064,08:00
2026-08-01,weekends/holiday,9,TRAIN,NE16/STC,28175,12814,40989,09:00
2026-08-01,weekends/holiday,10,TRAIN,NE16/STC,29758,17061,46819,10:00
2026-08-01,weekends/holiday,11,TRAIN,NE16/STC,31844,21687,53531,11:00
2026-08-01,weekends/holiday,12,TRAIN,NE16/STC,32146,27042,59188,12:00
2026-08-01,weekends/holiday,13,TRAIN,NE16/STC,32666,28550,61216,13:00
2026-08-01,weekends/holiday,14,TRAIN,NE16/STC,28886,28223,57109,14:00
2026-08-01,weekends/holiday,15,TRAIN,NE16/STC,28052,28302,56354,15:00
2026-08-01,weekends/holiday,16,TRAIN,NE16/STC,28034,29528,57562,16:00
2026-08-01,weekends/holiday,17,TRAIN,NE16/STC,29020,34346,63366,17:00
2026-08-01,weekends/holiday,18,TRAIN,NE16/STC,27344,35205,62549,18:00
2026-08-01,weekends/holiday,19,TRAIN,NE16/STC,22298,33915,56213,19:00
2026-08-01,weekends/holiday,20,TRAIN,NE16/STC,17002,31216,48218,20:00
2026-08-01,weekends/holiday,21,TRAIN,NE16/STC,14290,28966,43256,21:00
2026-08-01,weekends/holiday,22,TRAIN,NE16/STC,7653,25059,32712,22:00
2026-08-01,weekends/holiday,23,TRAIN,NE16/STC,2700,13414,16114,23:00
2026-08-01,weekday,0,TRAIN,NE17/PTC,624,3889,4513,00:00
2026-08-01,weekday,5,TRAIN,NE17/PTC,9251,2107,11358,05:00
2026-08-01,weekday,6,TRAIN,NE17/PTC,57346,16940,74286,06:00
2026-08-01,weekday,7,TRAIN,NE17/PTC,122973,33320,156293,07:00
2026-08-01,weekday,8,TRAIN,NE17/PTC,113657,23900,137557,08:00
2026-08-01,weekday,9,TRAIN,NE17/PTC,63429,26518,89947,09:00
2026-08-01,weekday,10,TRAIN,NE17/PTC,35187,25623,60810,10:00
2026-08-01,weekday,11,TRAIN,NE17/PTC,36598,33659,70257,11:00
2026-08-01,weekday,12,TRAIN,NE17/PTC,40866,41160,82026,12:00
2026-08-01,weekday,13,TRAIN,NE17/PTC,48552,48087,96639,13:00
2026-08-01,weekday,14,TRAIN,NE17/PTC,46160,52819,98979,14:00
2026-08-01,weekday,15,TRAIN,NE17/PTC,43669,53018,96687,15:00
2026-08-01,weekday,16,TRAIN,NE17/PTC,46735,59178,105913,16:00
2026-08-01,weekday,17,TRAIN,NE17/PTC,56575,83085,139660,17:00
2026-08-01,weekday,18,TRAIN,NE17/PTC,63310,134738,198048,18:00
2026-08-01,weekday,19,TRAIN,NE17/PTC,51765,111511,163276,19:00
2026-08-01,weekday,20,TRAIN,NE17/PTC,39084,61878,100962,20:00
2026-08-01,weekday,21,TRAIN,NE17/PTC,34079,45613,79692,21:00
2026-08-01,weekday,22,TRAIN,NE17/PTC,16770,33715,50485,22:00
2026-08-01,weekday,23,TRAIN,NE17/PTC,5647,16986,22633,23:00
2026-08-01,weekends/holiday,0,TRAIN,NE17/PTC,530,2628,3158,00:00
2026-08-01,weekends/holiday,5,TRAIN,NE17/PTC,2301,484,2785,05:00
2026-08-01,weekends/holiday,6,TRAIN,NE17/PTC,7439,2867,10306,06:00
2026-08-01,weekends/holiday,7,TRAIN,NE17/PTC,13119,6165,19284,07:00
2026-08-01,weekends/holiday,8,TRAIN,NE17/PTC,20673,12405,33078,08:00
2026-08-01,weekends/holiday,9,TRAIN,NE17/PTC,24901,16262,41163,09:00
2026-08-01,weekends/holiday,10,TRAIN,NE17/PTC,29431,21792,51223,10:00
2026-08-01,weekends/holiday,11,TRAIN,NE17/PTC,31225,28571,59796,11:00
2026-08-01,weekends/holiday,12,TRAIN,NE17/PTC,35302,30191,65493,12:00
2026-08-01,weekends/holiday,13,TRAIN,NE17/PTC,35574,33248,68822,13:00
2026-08-01,weekends/holiday,14,TRAIN,NE17/PTC,32833,31931,64764,14:00
2026-08-01,weekends/holiday,15,TRAIN,NE17/PTC,31887,31522,63409,15:00
2026-08-01,weekends/holiday,16,TRAIN,NE17/PTC,31876,34206,66082,16:00
2026-08-01,weekends/holiday,17,TRAIN,NE17/PTC,34526,37840,72366,17:00
2026-08-01,weekends/holiday,18,TRAIN,NE17/PTC,33956,37059,71015,18:00
2026-08-01,weekends/holiday,19,TRAIN,NE17/PTC,30221,34513,64734,19:00
2026-08-01,weekends/holiday,20,TRAIN,NE17/PTC,26304,29310,55614,20:00
2026-08-01,weekends/holiday,21,TRAIN,NE17/PTC,22186,24195,46381,21:00
2026-08-01,weekends/holiday,22,TRAIN,NE17/PTC,11740,19882,31622,22:00
2026-08-01,weekends/holiday,23,TRAIN,NE17/PTC,4048,11064,15112,23:00
2026-08-01,weekday,0,TRAIN,NE18,0,599,599,00:00
2026-08-01,weekday,5,TRAIN,NE18,3117,399,3516,05:00
2026-08-01,weekday,6,TRAIN,NE18,15159,4962,20121,06:00
2026-08-01,weekday,7,TRAIN,NE18,26119,12583,38702,07:00
2026-08-01,weekday,8,TRAIN,NE18,22011,33401,55412,08:00
2026-08-01,weekday,9,TRAIN,NE18,13300,34477,47777,09:00
2026-08-01,weekday,10,TRAIN,NE18,8830,13721,22551,10:00
2026-08-01,weekday,11,TRAIN,NE18,9907,9876,19783,11:00
2026-08-01,weekday,12,TRAIN,NE18,12149,10765,22914,12:00
2026-08-01,weekday,13,TRAIN,NE18,11292,13306,24598,13:00
2026-08-01,weekday,14,TRAIN,NE18,10249,12891,23140,14:00
2026-08-01,weekday,15,TRAIN,NE18,10395,10512,20907,15:00
2026-08-01,weekday,16,TRAIN,NE18,13969,12470,26439,16:00
2026-08-01,weekday,17,TRAIN,NE18,24425,18024,42449,17:00
2026-08-01,weekday,18,TRAIN,NE18,33243,29474,62717,18:00
2026-08-01,weekday,19,TRAIN,NE18,23667,23592,47259,19:00
2026-08-01,weekday,20,TRAIN,NE18,15842,12290,28132,20:00
2026-08-01,weekday,21,TRAIN,NE18,12598,8817,21415,21:00
2026-08-01,weekday,22,TRAIN,NE18,7343,6192,13535,22:00
2026-08-01,weekday,23,TRAIN,NE18,1994,2903,4897,23:00
2026-08-01,weekends/holiday,0,TRAIN,NE18,0,611,611,00:00
2026-08-01,weekends/holiday,5,TRAIN,NE18,742,123,865,05:00
2026-08-01,weekends/holiday,6,TRAIN,NE18,2853,1484,4337,06:00
2026-08-01,weekends/holiday,7,TRAIN,NE18,3294,4393,7687,07:00
2026-08-01,weekends/holiday,8,TRAIN,NE18,4538,5563,10101,08:00
2026-08-01,weekends/holiday,9,TRAIN,NE18,5858,6922,12780,09:00
2026-08-01,weekends/holiday,10,TRAIN,NE18,7649,8574,16223,10:00
2026-08-01,weekends/holiday,11,TRAIN,NE18,8665,8661,17326,11:00
2026-08-01,weekends/holiday,12,TRAIN,NE18,9065,10270,19335,12:00
2026-08-01,weekends/holiday,13,TRAIN,NE18,9548,8981,18529,13:00
2026-08-01,weekends/holiday,14,TRAIN,NE18,9695,8909,18604,14:00
2026-08-01,weekends/holiday,15,TRAIN,NE18,9776,8190,17966,15:00
2026-08-01,weekends/holiday,16,TRAIN,NE18,9365,8606,17971,16:00
2026-08-01,weekends/holiday,17,TRAIN,NE18,10274,10578,20852,17:00
2026-08-01,weekends/holiday,18,TRAIN,NE18,9297,10125,19422,18:00
2026-08-01,weekends/holiday,19,TRAIN,NE18,9630,8495,18125,19:00
2026-08-01,weekends/holiday,20,TRAIN,NE18,8253,6317,14570,20:00
2026-08-01,weekends/holiday,21,TRAIN,NE18,6507,5277,11784,21:00
2026-08-01,weekends/holiday,22,TRAIN,NE18,3949,3827,7776,22:00
2026-08-01,weekends/holiday,23,TRAIN,NE18,998,2011,3009,23:00
2026-08-01,weekday,0,TRAIN,NE4/DT19,337,912,1249,00:00
2026-08-01,weekday,5,TRAIN,NE4/DT19,1353,60,1413,05:00
2026-08-01,weekday,6,TRAIN,NE4/DT19,9517,17062,26579,06:00
2026-08-01,weekday,7,TRAIN,NE4/DT19,16358,38095,54453,07:00
2026-08-01,weekday,8,TRAIN,NE4/DT19,25831,82783,108614,08:00
2026-08-01,weekday,9,TRAIN,NE4/DT19,26523,82238,108761,09:00
2026-08-01,weekday,10,TRAIN,NE4/DT19,29508,68037,97545,10:00
2026-08-01,weekday,11,TRAIN,NE4/DT19,40417,79321,119738,11:00
2026-08-01,weekday,12,TRAIN,NE4/DT19,62484,86294,148778,12:00
2026-08-01,weekday,13,TRAIN,NE4/DT19,84548,61528,146076,13:00
2026-08-01,weekday,14,TRAIN,NE4/DT19,62844,53457,116301,14:00
2026-08-01,weekday,15,TRAIN,NE4/DT19,59775,50418,110193,15:00
2026-08-01,weekday,16,TRAIN,NE4/DT19,66363,51927,118290,16:00
2026-08-01,weekday,17,TRAIN,NE4/DT19,88863,65594,154457,17:00
2026-08-01,weekday,18,TRAIN,NE4/DT19,120697,90652,211349,18:00
2026-08-01,weekday,19,TRAIN,NE4/DT19,94804,60738,155542,19:00
2026-08-01,weekday,20,TRAIN,NE4/DT19,84238,38075,122313,20:00
2026-08-01,weekday,21,TRAIN,NE4/DT19,68896,27128,96024,21:00
2026-08-01,weekday,22,TRAIN,NE4/DT19,43013,17919,60932,22:00
2026-08-01,weekday,23,TRAIN,NE4/DT19,17665,7765,25430,23:00
2026-08-01,weekends/holiday,0,TRAIN,NE4/DT19,271,675,946,00:00
2026-08-01,weekends/holiday,5,TRAIN,NE4/DT19,419,19,438,05:00
2026-08-01,weekends/holiday,6,TRAIN,NE4/DT19,2567,5433,8000,06:00
2026-08-01,weekends/holiday,7,TRAIN,NE4/DT19,4310,8353,12663,07:00
2026-08-01,weekends/holiday,8,TRAIN,NE4/DT19,8149,16560,24709,08:00
2026-08-01,weekends/holiday,9,TRAIN,NE4/DT19,13205,29569,42774,09:00
2026-08-01,weekends/holiday,10,TRAIN,NE4/DT19,19194,44048,63242,10:00
2026-08-01,weekends/holiday,11,TRAIN,NE4/DT19,26157,50331,76488,11:00
2026-08-01,weekends/holiday,12,TRAIN,NE4/DT19,34771,47639,82410,12:00
2026-08-01,weekends/holiday,13,TRAIN,NE4/DT19,42952,46522,89474,13:00
2026-08-01,weekends/holiday,14,TRAIN,NE4/DT19,47794,41871,89665,14:00
2026-08-01,weekends/holiday,15,TRAIN,NE4/DT19,46842,39424,86266,15:00
2026-08-01,weekends/holiday,16,TRAIN,NE4/DT19,46193,38808,85001,16:00
2026-08-01,weekends/holiday,17,TRAIN,NE4/DT19,46613,42902,89515,17:00
2026-08-01,weekends/holiday,18,TRAIN,NE4/DT19,45620,40389,86009,18:00
2026-08-01,weekends/holiday,19,TRAIN,NE4/DT19,45974,30425,76399,19:00
2026-08-01,weekends/holiday,20,TRAIN,NE4/DT19,43910,23489,67399,20:00
2026-08-01,weekends/holiday,21,TRAIN,NE4/DT19,36297,17559,53856,21:00
2026-08-01,weekends/holiday,22,TRAIN,NE4/DT19,23908,11746,35654,22:00
2026-08-01,weekends/holiday,23,TRAIN,NE4/DT19,10393,5361,15754,23:00
2026-08-01,weekday,0,TRAIN,NE5,175,80,255,00:00
2026-08-01,weekday,5,TRAIN,NE5,407,38,445,05:00
2026-08-01,weekday,6,TRAIN,NE5,1404,6642,8046,06:00
2026-08-01,weekday,7,TRAIN,NE5,2207,19835,22042,07:00
2026-08-01,weekday,8,TRAIN,NE5,4741,50973,55714,08:00
2026-08-01,weekday,9,TRAIN,NE5,6583,46897,53480,09:00
2026-08-01,weekday,10,TRAIN,NE5,7556,20592,28148,10:00
2026-08-01,weekday,11,TRAIN,NE5,9688,14882,24570,11:00
2026-08-01,weekday,12,TRAIN,NE5,13039,14765,27804,12:00
2026-08-01,weekday,13,TRAIN,NE5,12677,15263,27940,13:00
2026-08-01,weekday,14,TRAIN,NE5,11802,13224,25026,14:00
2026-08-01,weekday,15,TRAIN,NE5,11833,12313,24146,15:00
2026-08-01,weekday,16,TRAIN,NE5,14950,13592,28542,16:00
2026-08-01,weekday,17,TRAIN,NE5,34118,18134,52252,17:00
2026-08-01,weekday,18,TRAIN,NE5,58664,27611,86275,18:00
2026-08-01,weekday,19,TRAIN,NE5,36079,18953,55032,19:00
2026-08-01,weekday,20,TRAIN,NE5,27354,13240,40594,20:00
2026-08-01,weekday,21,TRAIN,NE5,27208,10788,37996,21:00
2026-08-01,weekday,22,TRAIN,NE5,20660,7141,27801,22:00
2026-08-01,weekday,23,TRAIN,NE5,11150,2692,13842,23:00
2026-08-01,weekends/holiday,0,TRAIN,NE5,181,128,309,00:00
2026-08-01,weekends/holiday,5,TRAIN,NE5,223,16,239,05:00
2026-08-01,weekends/holiday,6,TRAIN,NE5,1285,1623,2908,06:00
2026-08-01,weekends/holiday,7,TRAIN,NE5,1063,4525,5588,07:00
2026-08-01,weekends/holiday,8,TRAIN,NE5,1603,4959,6562,08:00
2026-08-01,weekends/holiday,9,TRAIN,NE5,3010,8255,11265,09:00
2026-08-01,weekends/holiday,10,TRAIN,NE5,4387,9757,14144,10:00
2026-08-01,weekends/holiday,11,TRAIN,NE5,5717,9861,15578,11:00
2026-08-01,weekends/holiday,12,TRAIN,NE5,6774,10558,17332,12:00
2026-08-01,weekends/holiday,13,TRAIN,NE5,7931,9257,17188,13:00
2026-08-01,weekends/holiday,14,TRAIN,NE5,8926,9300,18226,14:00
2026-08-01,weekends/holiday,15,TRAIN,NE5,9410,9465,18875,15:00
2026-08-01,weekends/holiday,16,TRAIN,NE5,9182,10061,19243,16:00
2026-08-01,weekends/holiday,17,TRAIN,NE5,9659,11294,20953,17:00
2026-08-01,weekends/holiday,18,TRAIN,NE5,10460,11875,22335,18:00
2026-08-01,weekends/holiday,19,TRAIN,NE5,11081,10498,21579,19:00
2026-08-01,weekends/holiday,20,TRAIN,NE5,11488,8923,20411,20:00
2026-08-01,weekends/holiday,21,TRAIN,NE5,12294,8442,20736,21:00
2026-08-01,weekends/holiday,22,TRAIN,NE5,11271,5647,16918,22:00
2026-08-01,weekends/holiday,23,TRAIN,NE5,6907,2654,9561,23:00
2026-08-01,weekday,0,TRAIN,NE7/DT12,216,544,760,00:00
2026-08-01,weekday,5,TRAIN,NE7/DT12,1472,291,1763,05:00
2026-08-01,weekday,6,TRAIN,NE7/DT12,17127,14967,32094,06:00
2026-08-01,weekday,7,TRAIN,NE7/DT12,28676,36760,65436,07:00
2026-08-01,weekday,8,TRAIN,NE7/DT12,25870,63747,89617,08:00
2026-08-01,weekday,9,TRAIN,NE7/DT12,20115,42007,62122,09:00
2026-08-01,weekday,10,TRAIN,NE7/DT12,19759,31603,51362,10:00
2026-08-01,weekday,11,TRAIN,NE7/DT12,29306,32449,61755,11:00
2026-08-01,weekday,12,TRAIN,NE7/DT12,44745,35924,80669,12:00
2026-08-01,weekday,13,TRAIN,NE7/DT12,32045,42996,75041,13:00
2026-08-01,weekday,14,TRAIN,NE7/DT12,25539,28993,54532,14:00
2026-08-01,weekday,15,TRAIN,NE7/DT12,26317,24000,50317,15:00
2026-08-01,weekday,16,TRAIN,NE7/DT12,29815,24385,54200,16:00
2026-08-01,weekday,17,TRAIN,NE7/DT12,52033,34594,86627,17:00
2026-08-01,weekday,18,TRAIN,NE7/DT12,66401,52590,118991,18:00
2026-08-01,weekday,19,TRAIN,NE7/DT12,41990,47457,89447,19:00
2026-08-01,weekday,20,TRAIN,NE7/DT12,34438,29183,63621,20:00
2026-08-01,weekday,21,TRAIN,NE7/DT12,29755,19628,49383,21:00
2026-08-01,weekday,22,TRAIN,NE7/DT12,16176,12172,28348,22:00
2026-08-01,weekday,23,TRAIN,NE7/DT12,5380,5190,10570,23:00
2026-08-01,weekends/holiday,0,TRAIN,NE7/DT12,246,590,836,00:00
2026-08-01,weekends/holiday,5,TRAIN,NE7/DT12,268,33,301,05:00
2026-08-01,weekends/holiday,6,TRAIN,NE7/DT12,5509,5862,11371,06:00
2026-08-01,weekends/holiday,7,TRAIN,NE7/DT12,8741,10763,19504,07:00
2026-08-01,weekends/holiday,8,TRAIN,NE7/DT12,8925,14381,23306,08:00
2026-08-01,weekends/holiday,9,TRAIN,NE7/DT12,10673,22736,33409,09:00
2026-08-01,weekends/holiday,10,TRAIN,NE7/DT12,14354,32711,47065,10:00
2026-08-01,weekends/holiday,11,TRAIN,NE7/DT12,19544,33768,53312,11:00
2026-08-01,weekends/holiday,12,TRAIN,NE7/DT12,23815,33660,57475,12:00
2026-08-01,weekends/holiday,13,TRAIN,NE7/DT12,24537,28268,52805,13:00
2026-08-01,weekends/holiday,14,TRAIN,NE7/DT12,23773,24797,48570,14:00
2026-08-01,weekends/holiday,15,TRAIN,NE7/DT12,23225,22997,46222,15:00
2026-08-01,weekends/holiday,16,TRAIN,NE7/DT12,24141,24836,48977,16:00
2026-08-01,weekends/holiday,17,TRAIN,NE7/DT12,26945,30894,57839,17:00
2026-08-01,weekends/holiday,18,TRAIN,NE7/DT12,30607,32253,62860,18:00
2026-08-01,weekends/holiday,19,TRAIN,NE7/DT12,30313,28428,58741,19:00
2026-08-01,weekends/holiday,20,TRAIN,NE7/DT12,28933,19464,48397,20:00
2026-08-01,weekends/holiday,21,TRAIN,NE7/DT12,25911,12649,38560,21:00
2026-08-01,weekends/holiday,22,TRAIN,NE7/DT12,16327,7817,24144,22:00
2026-08-01,weekends/holiday,23,TRAIN,NE7/DT12,5370,3638,9008,23:00
2026-08-01,weekday,0,TRAIN,NE8,239,500,739,00:00
2026-08-01,weekday,5,TRAIN,NE8,1289,92,1381,05:00
2026-08-01,weekday,6,TRAIN,NE8,24449,10518,34967,06:00
2026-08-01,weekday,7,TRAIN,NE8,42169,28611,70780,07:00
2026-08-01,weekday,8,TRAIN,NE8,40493,40364,80857,08:00
2026-08-01,weekday,9,TRAIN,NE8,25868,30874,56742,09:00
2026-08-01,weekday,10,TRAIN,NE8,18916,25663,44579,10:00
2026-08-01,weekday,11,TRAIN,NE8,21430,26610,48040,11:00
2026-08-01,weekday,12,TRAIN,NE8,24619,34106,58725,12:00
2026-08-01,weekday,13,TRAIN,NE8,33629,28755,62384,13:00
2026-08-01,weekday,14,TRAIN,NE8,26200,27721,53921,14:00
2026-08-01,weekday,15,TRAIN,NE8,27695,27726,55421,15:00
2026-08-01,weekday,16,TRAIN,NE8,28577,31289,59866,16:00
2026-08-01,weekday,17,TRAIN,NE8,41470,45490,86960,17:00
2026-08-01,weekday,18,TRAIN,NE8,45375,73349,118724,18:00
2026-08-01,weekday,19,TRAIN,NE8,36580,64705,101285,19:00
2026-08-01,weekday,20,TRAIN,NE8,36481,41465,77946,20:00
2026-08-01,weekday,21,TRAIN,NE8,37704,31644,69348,21:00
2026-08-01,weekday,22,TRAIN,NE8,25332,21952,47284,22:00
2026-08-01,weekday,23,TRAIN,NE8,9676,9027,18703,23:00
2026-08-01,weekends/holiday,0,TRAIN,NE8,270,547,817,00:00
2026-08-01,weekends/holiday,5,TRAIN,NE8,300,29,329,05:00
2026-08-01,weekends/holiday,6,TRAIN,NE8,7486,3736,11222,06:00
2026-08-01,weekends/holiday,7,TRAIN,NE8,12318,7490,19808,07:00
2026-08-01,weekends/holiday,8,TRAIN,NE8,10237,12296,22533,08:00
2026-08-01,weekends/holiday,9,TRAIN,NE8,10667,18464,29131,09:00
2026-08-01,weekends/holiday,10,TRAIN,NE8,13176,22366,35542,10:00
2026-08-01,weekends/holiday,11,TRAIN,NE8,16158,26568,42726,11:00
2026-08-01,weekends/holiday,12,TRAIN,NE8,20296,27037,47333,12:00
2026-08-01,weekends/holiday,13,TRAIN,NE8,23463,28968,52431,13:00
2026-08-01,weekends/holiday,14,TRAIN,NE8,24382,27047,51429,14:00
2026-08-01,weekends/holiday,15,TRAIN,NE8,26283,27290,53573,15:00
2026-08-01,weekends/holiday,16,TRAIN,NE8,27531,31567,59098,16:00
2026-08-01,weekends/holiday,17,TRAIN,NE8,29409,38560,67969,17:00
2026-08-01,weekends/holiday,18,TRAIN,NE8,30978,40759,71737,18:00
2026-08-01,weekends/holiday,19,TRAIN,NE8,34072,36750,70822,19:00
2026-08-01,weekends/holiday,20,TRAIN,NE8,35727,26033,61760,20:00
2026-08-01,weekends/holiday,21,TRAIN,NE8,34806,18882,53688,21:00
2026-08-01,weekends/holiday,22,TRAIN,NE8,24975,12417,37392,22:00
2026-08-01,weekends/holiday,23,TRAIN,NE8,9032,5603,14635,23:00
2026-08-01,weekday,0,TRAIN,NE9,171,694,865,00:00
2026-08-01,weekday,5,TRAIN,NE9,3253,63,3316,05:00
2026-08-01,weekday,6,TRAIN,NE9,27273,18165,45438,06:00
2026-08-01,weekday,7,TRAIN,NE9,49400,40993,90393,07:00
2026-08-01,weekday,8,TRAIN,NE9,53484,51205,104689,08:00
2026-08-01,weekday,9,TRAIN,NE9,35024,33886,68910,09:00
2026-08-01,weekday,10,TRAIN,NE9,25100,17751,42851,10:00
2026-08-01,weekday,11,TRAIN,NE9,25654,15500,41154,11:00
2026-08-01,weekday,12,TRAIN,NE9,26181,18331,44512,12:00
2026-08-01,weekday,13,TRAIN,NE9,24397,22228,46625,13:00
2026-08-01,weekday,14,TRAIN,NE9,22020,19020,41040,14:00
2026-08-01,weekday,15,TRAIN,NE9,20635,18604,39239,15:00
2026-08-01,weekday,16,TRAIN,NE9,24846,21342,46188,16:00
2026-08-01,weekday,17,TRAIN,NE9,51773,33166,84939,17:00
2026-08-01,weekday,18,TRAIN,NE9,63973,52341,116314,18:00
2026-08-01,weekday,19,TRAIN,NE9,36178,39892,76070,19:00
2026-08-01,weekday,20,TRAIN,NE9,18714,27889,46603,20:00
2026-08-01,weekday,21,TRAIN,NE9,12981,25900,38881,21:00
2026-08-01,weekday,22,TRAIN,NE9,8180,20033,28213,22:00
2026-08-01,weekday,23,TRAIN,NE9,3439,10110,13549,23:00
2026-08-01,weekends/holiday,0,TRAIN,NE9,133,580,713,00:00
2026-08-01,weekends/holiday,5,TRAIN,NE9,555,1,556,05:00
2026-08-01,weekends/holiday,6,TRAIN,NE9,6503,4443,10946,06:00
2026-08-01,weekends/holiday,7,TRAIN,NE9,11150,5503,16653,07:00
2026-08-01,weekends/holiday,8,TRAIN,NE9,12486,9164,21650,08:00
2026-08-01,weekends/holiday,9,TRAIN,NE9,15780,9513,25293,09:00
2026-08-01,weekends/holiday,10,TRAIN,NE9,16914,10267,27181,10:00
2026-08-01,weekends/holiday,11,TRAIN,NE9,16649,9936,26585,11:00
2026-08-01,weekends/holiday,12,TRAIN,NE9,16937,11164,28101,12:00
2026-08-01,weekends/holiday,13,TRAIN,NE9,15658,12370,28028,13:00
2026-08-01,weekends/holiday,14,TRAIN,NE9,13782,12012,25794,14:00
2026-08-01,weekends/holiday,15,TRAIN,NE9,12188,11663,23851,15:00
2026-08-01,weekends/holiday,16,TRAIN,NE9,13426,11526,24952,16:00
2026-08-01,weekends/holiday,17,TRAIN,NE9,14415,13519,27934,17:00
2026-08-01,weekends/holiday,18,TRAIN,NE9,14275,14299,28574,18:00
2026-08-01,weekends/holiday,19,TRAIN,NE9,12693,14002,26695,19:00
2026-08-01,weekends/holiday,20,TRAIN,NE9,8793,13521,22314,20:00
2026-08-01,weekends/holiday,21,TRAIN,NE9,6835,13296,20131,21:00
2026-08-01,weekends/holiday,22,TRAIN,NE9,4652,11106,15758,22:00
2026-08-01,weekends/holiday,23,TRAIN,NE9,2001,5944,7945,23:00
2026-08-01,weekday,0,TRAIN,NS10,706,7238,7944,00:00
2026-08-01,weekday,5,TRAIN,NS10,23652,3186,26838,05:00
2026-08-01,weekday,6,TRAIN,NS10,93451,22577,116028,06:00
2026-08-01,weekday,7,TRAIN,NS10,167644,61991,229635,07:00
2026-08-01,weekday,8,TRAIN,NS10,116764,47878,164642,08:00
2026-08-01,weekday,9,TRAIN,NS10,56619,24492,81111,09:00
2026-08-01,weekday,10,TRAIN,NS10,37638,16978,54616,10:00
2026-08-01,weekday,11,TRAIN,NS10,34091,17896,51987,11:00
2026-08-01,weekday,12,TRAIN,NS10,33136,22129,55265,12:00
2026-08-01,weekday,13,TRAIN,NS10,29660,25458,55118,13:00
2026-08-01,weekday,14,TRAIN,NS10,27691,27486,55177,14:00
2026-08-01,weekday,15,TRAIN,NS10,24880,32001,56881,15:00
2026-08-01,weekday,16,TRAIN,NS10,31143,39713,70856,16:00
2026-08-01,weekday,17,TRAIN,NS10,66197,65165,131362,17:00
2026-08-01,weekday,18,TRAIN,NS10,71007,115957,186964,18:00
2026-08-01,weekday,19,TRAIN,NS10,36220,95346,131566,19:00
2026-08-01,weekday,20,TRAIN,NS10,26033,56979,83012,20:00
2026-08-01,weekday,21,TRAIN,NS10,16627,49833,66460,21:00
2026-08-01,weekday,22,TRAIN,NS10,10034,43684,53718,22:00
2026-08-01,weekday,23,TRAIN,NS10,3740,21890,25630,23:00
2026-08-01,weekends/holiday,0,TRAIN,NS10,503,4872,5375,00:00
2026-08-01,weekends/holiday,5,TRAIN,NS10,6838,831,7669,05:00
2026-08-01,weekends/holiday,6,TRAIN,NS10,17102,4775,21877,06:00
2026-08-01,weekends/holiday,7,TRAIN,NS10,22685,11582,34267,07:00
2026-08-01,weekends/holiday,8,TRAIN,NS10,26802,14059,40861,08:00
2026-08-01,weekends/holiday,9,TRAIN,NS10,28160,12562,40722,09:00
2026-08-01,weekends/holiday,10,TRAIN,NS10,27804,11456,39260,10:00
2026-08-01,weekends/holiday,11,TRAIN,NS10,26334,12904,39238,11:00
2026-08-01,weekends/holiday,12,TRAIN,NS10,26241,14696,40937,12:00
2026-08-01,weekends/holiday,13,TRAIN,NS10,23321,17049,40370,13:00
2026-08-01,weekends/holiday,14,TRAIN,NS10,20485,17286,37771,14:00
2026-08-01,weekends/holiday,15,TRAIN,NS10,18681,17695,36376,15:00
2026-08-01,weekends/holiday,16,TRAIN,NS10,20135,18797,38932,16:00
2026-08-01,weekends/holiday,17,TRAIN,NS10,23829,21933,45762,17:00
2026-08-01,weekends/holiday,18,TRAIN,NS10,20569,24388,44957,18:00
2026-08-01,weekends/holiday,19,TRAIN,NS10,14641,25548,40189,19:00
2026-08-01,weekends/holiday,20,TRAIN,NS10,12016,25241,37257,20:00
2026-08-01,weekends/holiday,21,TRAIN,NS10,8002,25579,33581,21:00
2026-08-01,weekends/holiday,22,TRAIN,NS10,5123,24140,29263,22:00
2026-08-01,weekends/holiday,23,TRAIN,NS10,2374,14583,16957,23:00
2026-08-01,weekday,0,TRAIN,NS11,800,7275,8075,00:00
2026-08-01,weekday,5,TRAIN,NS11,21554,3360,24914,05:00
2026-08-01,weekday,6,TRAIN,NS11,86823,26603,113426,06:00
2026-08-01,weekday,7,TRAIN,NS11,156912,60460,217372,07:00
2026-08-01,weekday,8,TRAIN,NS11,115996,39183,155179,08:00
2026-08-01,weekday,9,TRAIN,NS11,54626,19198,73824,09:00
2026-08-01,weekday,10,TRAIN,NS11,36669,15810,52479,10:00
2026-08-01,weekday,11,TRAIN,NS11,31140,18240,49380,11:00
2026-08-01,weekday,12,TRAIN,NS11,30304,22778,53082,12:00
2026-08-01,weekday,13,TRAIN,NS11,29927,28497,58424,13:00
2026-08-01,weekday,14,TRAIN,NS11,28064,31908,59972,14:00
2026-08-01,weekday,15,TRAIN,NS11,25827,38914,64741,15:00
2026-08-01,weekday,16,TRAIN,NS11,29925,44486,74411,16:00
2026-08-01,weekday,17,TRAIN,NS11,54472,72983,127455,17:00
2026-08-01,weekday,18,TRAIN,NS11,57238,134802,192040,18:00
2026-08-01,weekday,19,TRAIN,NS11,35358,109948,145306,19:00
2026-08-01,weekday,20,TRAIN,NS11,24390,63793,88183,20:00
2026-08-01,weekday,21,TRAIN,NS11,19117,56427,75544,21:00
2026-08-01,weekday,22,TRAIN,NS11,12749,46492,59241,22:00
2026-08-01,weekday,23,TRAIN,NS11,4313,26141,30454,23:00
2026-08-01,weekends/holiday,0,TRAIN,NS11,549,5751,6300,00:00
2026-08-01,weekends/holiday,5,TRAIN,NS11,6416,840,7256,05:00
2026-08-01,weekends/holiday,6,TRAIN,NS11,15549,5057,20606,06:00
2026-08-01,weekends/holiday,7,TRAIN,NS11,21716,10647,32363,07:00
2026-08-01,weekends/holiday,8,TRAIN,NS11,27337,12054,39391,08:00
2026-08-01,weekends/holiday,9,TRAIN,NS11,28278,11802,40080,09:00
2026-08-01,weekends/holiday,10,TRAIN,NS11,28147,12841,40988,10:00
2026-08-01,weekends/holiday,11,TRAIN,NS11,26712,14229,40941,11:00
2026-08-01,weekends/holiday,12,TRAIN,NS11,26494,17189,43683,12:00
2026-08-01,weekends/holiday,13,TRAIN,NS11,24610,20758,45368,13:00
2026-08-01,weekends/holiday,14,TRAIN,NS11,21787,21436,43223,14:00
2026-08-01,weekends/holiday,15,TRAIN,NS11,21071,22298,43369,15:00
2026-08-01,weekends/holiday,16,TRAIN,NS11,21788,24292,46080,16:00
2026-08-01,weekends/holiday,17,TRAIN,NS11,23851,27024,50875,17:00
2026-08-01,weekends/holiday,18,TRAIN,NS11,22260,30537,52797,18:00
2026-08-01,weekends/holiday,19,TRAIN,NS11,17854,30024,47878,19:00
2026-08-01,weekends/holiday,20,TRAIN,NS11,13596,28790,42386,20:00
2026-08-01,weekends/holiday,21,TRAIN,NS11,10748,29801,40549,21:00
2026-08-01,weekends/holiday,22,TRAIN,NS11,7720,27105,34825,22:00
2026-08-01,weekends/holiday,23,TRAIN,NS11,3025,17148,20173,23:00
2026-08-01,weekday,0,TRAIN,NS12,473,3114,3587,00:00
2026-08-01,weekday,5,TRAIN,NS12,7181,1557,8738,05:00
2026-08-01,weekday,6,TRAIN,NS12,48464,9402,57866,06:00
2026-08-01,weekday,7,TRAIN,NS12,93348,22918,116266,07:00
2026-08-01,weekday,8,TRAIN,NS12,76866,21600,98466,08:00
2026-08-01,weekday,9,TRAIN,NS12,32312,10477,42789,09:00
2026-08-01,weekday,10,TRAIN,NS12,20067,7939,28006,10:00
2026-08-01,weekday,11,TRAIN,NS12,17537,9190,26727,11:00
2026-08-01,weekday,12,TRAIN,NS12,16864,11290,28154,12:00
2026-08-01,weekday,13,TRAIN,NS12,14794,15154,29948,13:00
2026-08-01,weekday,14,TRAIN,NS12,12636,18539,31175,14:00
2026-08-01,weekday,15,TRAIN,NS12,12237,19968,32205,15:00
2026-08-01,weekday,16,TRAIN,NS12,16930,22969,39899,16:00
2026-08-01,weekday,17,TRAIN,NS12,28611,39414,68025,17:00
2026-08-01,weekday,18,TRAIN,NS12,30805,72190,102995,18:00
2026-08-01,weekday,19,TRAIN,NS12,18266,57341,75607,19:00
2026-08-01,weekday,20,TRAIN,NS12,12603,32180,44783,20:00
2026-08-01,weekday,21,TRAIN,NS12,9811,27366,37177,21:00
2026-08-01,weekday,22,TRAIN,NS12,5562,21340,26902,22:00
2026-08-01,weekday,23,TRAIN,NS12,2331,10333,12664,23:00
2026-08-01,weekends/holiday,0,TRAIN,NS12,326,2280,2606,00:00
2026-08-01,weekends/holiday,5,TRAIN,NS12,1930,334,2264,05:00
2026-08-01,weekends/holiday,6,TRAIN,NS12,6569,2177,8746,06:00
2026-08-01,weekends/holiday,7,TRAIN,NS12,11181,4859,16040,07:00
2026-08-01,weekends/holiday,8,TRAIN,NS12,14094,6188,20282,08:00
2026-08-01,weekends/holiday,9,TRAIN,NS12,14904,5843,20747,09:00
2026-08-01,weekends/holiday,10,TRAIN,NS12,15820,6206,22026,10:00
2026-08-01,weekends/holiday,11,TRAIN,NS12,15435,7353,22788,11:00
2026-08-01,weekends/holiday,12,TRAIN,NS12,14694,8531,23225,12:00
2026-08-01,weekends/holiday,13,TRAIN,NS12,12435,10225,22660,13:00
2026-08-01,weekends/holiday,14,TRAIN,NS12,11112,10746,21858,14:00
2026-08-01,weekends/holiday,15,TRAIN,NS12,11094,10997,22091,15:00
2026-08-01,weekends/holiday,16,TRAIN,NS12,11343,11494,22837,16:00
2026-08-01,weekends/holiday,17,TRAIN,NS12,12506,13092,25598,17:00
2026-08-01,weekends/holiday,18,TRAIN,NS12,11142,14498,25640,18:00
2026-08-01,weekends/holiday,19,TRAIN,NS12,8266,14938,23204,19:00
2026-08-01,weekends/holiday,20,TRAIN,NS12,6843,14138,20981,20:00
2026-08-01,weekends/holiday,21,TRAIN,NS12,5298,14092,19390,21:00
2026-08-01,weekends/holiday,22,TRAIN,NS12,3446,12242,15688,22:00
2026-08-01,weekends/holiday,23,TRAIN,NS12,1448,6664,8112,23:00
2026-08-01,weekday,0,TRAIN,NS13,1509,7906,9415,00:00
2026-08-01,weekday,5,TRAIN,NS13,27024,4025,31049,05:00
2026-08-01,weekday,6,TRAIN,NS13,88993,23691,112684,06:00
2026-08-01,weekday,7,TRAIN,NS13,165963,56624,222587,07:00
2026-08-01,weekday,8,TRAIN,NS13,139916,47449,187365,08:00
2026-08-01,weekday,9,TRAIN,NS13,67525,32349,99874,09:00
2026-08-01,weekday,10,TRAIN,NS13,45689,29536,75225,10:00
2026-08-01,weekday,11,TRAIN,NS13,39925,32611,72536,11:00
2026-08-01,weekday,12,TRAIN,NS13,42072,39119,81191,12:00
2026-08-01,weekday,13,TRAIN,NS13,41870,42667,84537,13:00
2026-08-01,weekday,14,TRAIN,NS13,39693,47006,86699,14:00
2026-08-01,weekday,15,TRAIN,NS13,39156,51757,90913,15:00
2026-08-01,weekday,16,TRAIN,NS13,42161,66249,108410,16:00
2026-08-01,weekday,17,TRAIN,NS13,62505,112892,175397,17:00
2026-08-01,weekday,18,TRAIN,NS13,67359,192925,260284,18:00
2026-08-01,weekday,19,TRAIN,NS13,46905,139764,186669,19:00
2026-08-01,weekday,20,TRAIN,NS13,37636,80548,118184,20:00
2026-08-01,weekday,21,TRAIN,NS13,38818,64719,103537,21:00
2026-08-01,weekday,22,TRAIN,NS13,22748,58710,81458,22:00
2026-08-01,weekday,23,TRAIN,NS13,7818,31511,39329,23:00
2026-08-01,weekends/holiday,0,TRAIN,NS13,986,6245,7231,00:00
2026-08-01,weekends/holiday,5,TRAIN,NS13,7354,1063,8417,05:00
2026-08-01,weekends/holiday,6,TRAIN,NS13,18078,5074,23152,06:00
2026-08-01,weekends/holiday,7,TRAIN,NS13,23992,11058,35050,07:00
2026-08-01,weekends/holiday,8,TRAIN,NS13,30232,15957,46189,08:00
2026-08-01,weekends/holiday,9,TRAIN,NS13,32247,18775,51022,09:00
2026-08-01,weekends/holiday,10,TRAIN,NS13,30577,21641,52218,10:00
2026-08-01,weekends/holiday,11,TRAIN,NS13,29147,25345,54492,11:00
2026-08-01,weekends/holiday,12,TRAIN,NS13,31748,27270,59018,12:00
2026-08-01,weekends/holiday,13,TRAIN,NS13,31916,31364,63280,13:00
2026-08-01,weekends/holiday,14,TRAIN,NS13,30307,29847,60154,14:00
2026-08-01,weekends/holiday,15,TRAIN,NS13,28815,31474,60289,15:00
2026-08-01,weekends/holiday,16,TRAIN,NS13,27873,35541,63414,16:00
2026-08-01,weekends/holiday,17,TRAIN,NS13,29375,40153,69528,17:00
2026-08-01,weekends/holiday,18,TRAIN,NS13,28227,42900,71127,18:00
2026-08-01,weekends/holiday,19,TRAIN,NS13,24830,39177,64007,19:00
2026-08-01,weekends/holiday,20,TRAIN,NS13,23105,34046,57151,20:00
2026-08-01,weekends/holiday,21,TRAIN,NS13,22618,33139,55757,21:00
2026-08-01,weekends/holiday,22,TRAIN,NS13,14956,32636,47592,22:00
2026-08-01,weekends/holiday,23,TRAIN,NS13,5511,19009,24520,23:00
2026-08-01,weekday,0,TRAIN,NS14,1015,5196,6211,00:00
2026-08-01,weekday,5,TRAIN,NS14,15464,2797,18261,05:00
2026-08-01,weekday,6,TRAIN,NS14,67563,17949,85512,06:00
2026-08-01,weekday,7,TRAIN,NS14,127905,43965,171870,07:00
2026-08-01,weekday,8,TRAIN,NS14,118187,29941,148128,08:00
2026-08-01,weekday,9,TRAIN,NS14,59848,18932,78780,09:00
2026-08-01,weekday,10,TRAIN,NS14,36957,15312,52269,10:00
2026-08-01,weekday,11,TRAIN,NS14,29624,16901,46525,11:00
2026-08-01,weekday,12,TRAIN,NS14,28413,18874,47287,12:00
2026-08-01,weekday,13,TRAIN,NS14,25467,20992,46459,13:00
2026-08-01,weekday,14,TRAIN,NS14,24094,23504,47598,14:00
2026-08-01,weekday,15,TRAIN,NS14,23372,26285,49657,15:00
2026-08-01,weekday,16,TRAIN,NS14,25505,34114,59619,16:00
2026-08-01,weekday,17,TRAIN,NS14,41805,60543,102348,17:00
2026-08-01,weekday,18,TRAIN,NS14,49461,110150,159611,18:00
2026-08-01,weekday,19,TRAIN,NS14,29568,79958,109526,19:00
2026-08-01,weekday,20,TRAIN,NS14,18686,49482,68168,20:00
2026-08-01,weekday,21,TRAIN,NS14,18600,44450,63050,21:00
2026-08-01,weekday,22,TRAIN,NS14,16388,41346,57734,22:00
2026-08-01,weekday,23,TRAIN,NS14,6976,20855,27831,23:00
2026-08-01,weekends/holiday,0,TRAIN,NS14,705,3514,4219,00:00
2026-08-01,weekends/holiday,5,TRAIN,NS14,4304,749,5053,05:00
2026-08-01,weekends/holiday,6,TRAIN,NS14,13247,3771,17018,06:00
2026-08-01,weekends/holiday,7,TRAIN,NS14,19331,7720,27051,07:00
2026-08-01,weekends/holiday,8,TRAIN,NS14,23949,10635,34584,08:00
2026-08-01,weekends/holiday,9,TRAIN,NS14,26416,11494,37910,09:00
2026-08-01,weekends/holiday,10,TRAIN,NS14,23812,11953,35765,10:00
2026-08-01,weekends/holiday,11,TRAIN,NS14,21336,12203,33539,11:00
2026-08-01,weekends/holiday,12,TRAIN,NS14,20534,13681,34215,12:00
2026-08-01,weekends/holiday,13,TRAIN,NS14,18317,14894,33211,13:00
2026-08-01,weekends/holiday,14,TRAIN,NS14,16659,14614,31273,14:00
2026-08-01,weekends/holiday,15,TRAIN,NS14,16872,14530,31402,15:00
2026-08-01,weekends/holiday,16,TRAIN,NS14,17385,16057,33442,16:00
2026-08-01,weekends/holiday,17,TRAIN,NS14,19397,19681,39078,17:00
2026-08-01,weekends/holiday,18,TRAIN,NS14,17526,21708,39234,18:00
2026-08-01,weekends/holiday,19,TRAIN,NS14,13336,21067,34403,19:00
2026-08-01,weekends/holiday,20,TRAIN,NS14,10068,20329,30397,20:00
2026-08-01,weekends/holiday,21,TRAIN,NS14,10314,21931,32245,21:00
2026-08-01,weekends/holiday,22,TRAIN,NS14,9690,22496,32186,22:00
2026-08-01,weekends/holiday,23,TRAIN,NS14,4723,13329,18052,23:00
2026-08-01,weekday,0,TRAIN,NS15,305,1141,1446,00:00
2026-08-01,weekday,5,TRAIN,NS15,4054,2926,6980,05:00
2026-08-01,weekday,6,TRAIN,NS15,18232,22776,41008,06:00
2026-08-01,weekday,7,TRAIN,NS15,37565,68389,105954,07:00
2026-08-01,weekday,8,TRAIN,NS15,33705,87852,121557,08:00
2026-08-01,weekday,9,TRAIN,NS15,18514,38229,56743,09:00
2026-08-01,weekday,10,TRAIN,NS15,15312,16696,32008,10:00
2026-08-01,weekday,11,TRAIN,NS15,18074,13511,31585,11:00
2026-08-01,weekday,12,TRAIN,NS15,22318,16673,38991,12:00
2026-08-01,weekday,13,TRAIN,NS15,19477,16640,36117,13:00
2026-08-01,weekday,14,TRAIN,NS15,20833,13798,34631,14:00
2026-08-01,weekday,15,TRAIN,NS15,27875,11908,39783,15:00
2026-08-01,weekday,16,TRAIN,NS15,35643,13298,48941,16:00
2026-08-01,weekday,17,TRAIN,NS15,64162,22011,86173,17:00
2026-08-01,weekday,18,TRAIN,NS15,71973,35644,107617,18:00
2026-08-01,weekday,19,TRAIN,NS15,31470,24748,56218,19:00
2026-08-01,weekday,20,TRAIN,NS15,17455,14979,32434,20:00
2026-08-01,weekday,21,TRAIN,NS15,12429,13940,26369,21:00
2026-08-01,weekday,22,TRAIN,NS15,8301,11888,20189,22:00
2026-08-01,weekday,23,TRAIN,NS15,2975,4762,7737,23:00
2026-08-01,weekends/holiday,0,TRAIN,NS15,187,888,1075,00:00
2026-08-01,weekends/holiday,5,TRAIN,NS15,1087,441,1528,05:00
2026-08-01,weekends/holiday,6,TRAIN,NS15,4172,4470,8642,06:00
2026-08-01,weekends/holiday,7,TRAIN,NS15,6507,6610,13117,07:00
2026-08-01,weekends/holiday,8,TRAIN,NS15,8318,6344,14662,08:00
2026-08-01,weekends/holiday,9,TRAIN,NS15,9223,5117,14340,09:00
2026-08-01,weekends/holiday,10,TRAIN,NS15,9042,4200,13242,10:00
2026-08-01,weekends/holiday,11,TRAIN,NS15,8394,4185,12579,11:00
2026-08-01,weekends/holiday,12,TRAIN,NS15,8932,4678,13610,12:00
2026-08-01,weekends/holiday,13,TRAIN,NS15,7381,5423,12804,13:00
2026-08-01,weekends/holiday,14,TRAIN,NS15,6333,5402,11735,14:00
2026-08-01,weekends/holiday,15,TRAIN,NS15,6946,5690,12636,15:00
2026-08-01,weekends/holiday,16,TRAIN,NS15,7378,6371,13749,16:00
2026-08-01,weekends/holiday,17,TRAIN,NS15,7866,7632,15498,17:00
2026-08-01,weekends/holiday,18,TRAIN,NS15,7397,8468,15865,18:00
2026-08-01,weekends/holiday,19,TRAIN,NS15,6669,7456,14125,19:00
2026-08-01,weekends/holiday,20,TRAIN,NS15,4991,7194,12185,20:00
2026-08-01,weekends/holiday,21,TRAIN,NS15,3327,7299,10626,21:00
2026-08-01,weekends/holiday,22,TRAIN,NS15,2827,6474,9301,22:00
2026-08-01,weekends/holiday,23,TRAIN,NS15,1197,3150,4347,23:00
2026-08-01,weekday,0,TRAIN,NS16,847,5513,6360,00:00
2026-08-01,weekday,5,TRAIN,NS16,16360,2897,19257,05:00
2026-08-01,weekday,6,TRAIN,NS16,54370,35218,89588,06:00
2026-08-01,weekday,7,TRAIN,NS16,100180,74230,174410,07:00
2026-08-01,weekday,8,TRAIN,NS16,105340,60216,165556,08:00
2026-08-01,weekday,9,TRAIN,NS16,60784,34735,95519,09:00
2026-08-01,weekday,10,TRAIN,NS16,39164,28602,67766,10:00
2026-08-01,weekday,11,TRAIN,NS16,35473,28129,63602,11:00
2026-08-01,weekday,12,TRAIN,NS16,36934,32135,69069,12:00
2026-08-01,weekday,13,TRAIN,NS16,37733,34505,72238,13:00
2026-08-01,weekday,14,TRAIN,NS16,37362,37027,74389,14:00
2026-08-01,weekday,15,TRAIN,NS16,34898,40558,75456,15:00
2026-08-01,weekday,16,TRAIN,NS16,37260,48001,85261,16:00
2026-08-01,weekday,17,TRAIN,NS16,59021,79946,138967,17:00
2026-08-01,weekday,18,TRAIN,NS16,75132,133592,208724,18:00
2026-08-01,weekday,19,TRAIN,NS16,47215,96444,143659,19:00
2026-08-01,weekday,20,TRAIN,NS16,33254,61274,94528,20:00
2026-08-01,weekday,21,TRAIN,NS16,29785,56032,85817,21:00
2026-08-01,weekday,22,TRAIN,NS16,17695,48138,65833,22:00
2026-08-01,weekday,23,TRAIN,NS16,7182,24057,31239,23:00
2026-08-01,weekends/holiday,0,TRAIN,NS16,620,5438,6058,00:00
2026-08-01,weekends/holiday,5,TRAIN,NS16,4490,610,5100,05:00
2026-08-01,weekends/holiday,6,TRAIN,NS16,13815,6925,20740,06:00
2026-08-01,weekends/holiday,7,TRAIN,NS16,18612,12696,31308,07:00
2026-08-01,weekends/holiday,8,TRAIN,NS16,23815,15806,39621,08:00
2026-08-01,weekends/holiday,9,TRAIN,NS16,28994,17333,46327,09:00
2026-08-01,weekends/holiday,10,TRAIN,NS16,26331,17495,43826,10:00
2026-08-01,weekends/holiday,11,TRAIN,NS16,25458,18422,43880,11:00
2026-08-01,weekends/holiday,12,TRAIN,NS16,25915,20603,46518,12:00
2026-08-01,weekends/holiday,13,TRAIN,NS16,25324,23485,48809,13:00
2026-08-01,weekends/holiday,14,TRAIN,NS16,23439,23140,46579,14:00
2026-08-01,weekends/holiday,15,TRAIN,NS16,22242,24246,46488,15:00
2026-08-01,weekends/holiday,16,TRAIN,NS16,22936,26730,49666,16:00
2026-08-01,weekends/holiday,17,TRAIN,NS16,24206,29696,53902,17:00
2026-08-01,weekends/holiday,18,TRAIN,NS16,22594,31467,54061,18:00
2026-08-01,weekends/holiday,19,TRAIN,NS16,19913,29317,49230,19:00
2026-08-01,weekends/holiday,20,TRAIN,NS16,15695,27697,43392,20:00
2026-08-01,weekends/holiday,21,TRAIN,NS16,13976,29258,43234,21:00
2026-08-01,weekends/holiday,22,TRAIN,NS16,10017,27874,37891,22:00
2026-08-01,weekends/holiday,23,TRAIN,NS16,4054,15765,19819,23:00
2026-08-01,weekday,0,TRAIN,NS17/CC15,730,1806,2536,00:00
2026-08-01,weekday,5,TRAIN,NS17/CC15,5942,1502,7444,05:00
2026-08-01,weekday,6,TRAIN,NS17/CC15,43934,23744,67678,06:00
2026-08-01,weekday,7,TRAIN,NS17/CC15,91854,61608,153462,07:00
2026-08-01,weekday,8,TRAIN,NS17/CC15,119576,25276,144852,08:00
2026-08-01,weekday,9,TRAIN,NS17/CC15,64528,15164,79692,09:00
2026-08-01,weekday,10,TRAIN,NS17/CC15,38518,11110,49628,10:00
2026-08-01,weekday,11,TRAIN,NS17/CC15,33158,10602,43760,11:00
2026-08-01,weekday,12,TRAIN,NS17/CC15,29340,13682,43022,12:00
2026-08-01,weekday,13,TRAIN,NS17/CC15,33502,15706,49208,13:00
2026-08-01,weekday,14,TRAIN,NS17/CC15,33634,17092,50726,14:00
2026-08-01,weekday,15,TRAIN,NS17/CC15,29330,19266,48596,15:00
2026-08-01,weekday,16,TRAIN,NS17/CC15,34360,23060,57420,16:00
2026-08-01,weekday,17,TRAIN,NS17/CC15,51508,36850,88358,17:00
2026-08-01,weekday,18,TRAIN,NS17/CC15,62426,68000,130426,18:00
2026-08-01,weekday,19,TRAIN,NS17/CC15,32194,47032,79226,19:00
2026-08-01,weekday,20,TRAIN,NS17/CC15,19284,28078,47362,20:00
2026-08-01,weekday,21,TRAIN,NS17/CC15,16628,28026,44654,21:00
2026-08-01,weekday,22,TRAIN,NS17/CC15,11350,24418,35768,22:00
2026-08-01,weekday,23,TRAIN,NS17/CC15,4608,11660,16268,23:00
2026-08-01,weekends/holiday,0,TRAIN,NS17/CC15,410,1382,1792,00:00
2026-08-01,weekends/holiday,5,TRAIN,NS17/CC15,792,250,1042,05:00
2026-08-01,weekends/holiday,6,TRAIN,NS17/CC15,8080,3490,11570,06:00
2026-08-01,weekends/holiday,7,TRAIN,NS17/CC15,12680,5460,18140,07:00
2026-08-01,weekends/holiday,8,TRAIN,NS17/CC15,19516,7556,27072,08:00
2026-08-01,weekends/holiday,9,TRAIN,NS17/CC15,24836,7490,32326,09:00
2026-08-01,weekends/holiday,10,TRAIN,NS17/CC15,23484,7066,30550,10:00
2026-08-01,weekends/holiday,11,TRAIN,NS17/CC15,22892,8046,30938,11:00
2026-08-01,weekends/holiday,12,TRAIN,NS17/CC15,20738,8816,29554,12:00
2026-08-01,weekends/holiday,13,TRAIN,NS17/CC15,18454,10808,29262,13:00
2026-08-01,weekends/holiday,14,TRAIN,NS17/CC15,15812,10610,26422,14:00
2026-08-01,weekends/holiday,15,TRAIN,NS17/CC15,15748,10982,26730,15:00
2026-08-01,weekends/holiday,16,TRAIN,NS17/CC15,16772,12100,28872,16:00
2026-08-01,weekends/holiday,17,TRAIN,NS17/CC15,18522,13368,31890,17:00
2026-08-01,weekends/holiday,18,TRAIN,NS17/CC15,16660,13508,30168,18:00
2026-08-01,weekends/holiday,19,TRAIN,NS17/CC15,12216,12956,25172,19:00
2026-08-01,weekends/holiday,20,TRAIN,NS17/CC15,8616,12146,20762,20:00
2026-08-01,weekends/holiday,21,TRAIN,NS17/CC15,8038,13700,21738,21:00
2026-08-01,weekends/holiday,22,TRAIN,NS17/CC15,6488,12974,19462,22:00
2026-08-01,weekends/holiday,23,TRAIN,NS17/CC15,2822,7108,9930,23:00
2026-08-01,weekday,0,TRAIN,NS18,232,1662,1894,00:00
2026-08-01,weekday,5,TRAIN,NS18,3844,750,4594,05:00
2026-08-01,weekday,6,TRAIN,NS18,19535,8170,27705,06:00
2026-08-01,weekday,7,TRAIN,NS18,35913,21123,57036,07:00
2026-08-01,weekday,8,TRAIN,NS18,43122,23910,67032,08:00
2026-08-01,weekday,9,TRAIN,NS18,26147,16006,42153,09:00
2026-08-01,weekday,10,TRAIN,NS18,16532,8593,25125,10:00
2026-08-01,weekday,11,TRAIN,NS18,16196,7926,24122,11:00
2026-08-01,weekday,12,TRAIN,NS18,15270,9997,25267,12:00
2026-08-01,weekday,13,TRAIN,NS18,15123,12406,27529,13:00
2026-08-01,weekday,14,TRAIN,NS18,13997,12869,26866,14:00
2026-08-01,weekday,15,TRAIN,NS18,12198,13224,25422,15:00
2026-08-01,weekday,16,TRAIN,NS18,14025,14210,28235,16:00
2026-08-01,weekday,17,TRAIN,NS18,24611,22786,47397,17:00
2026-08-01,weekday,18,TRAIN,NS18,35072,35316,70388,18:00
2026-08-01,weekday,19,TRAIN,NS18,16817,27590,44407,19:00
2026-08-01,weekday,20,TRAIN,NS18,8714,21332,30046,20:00
2026-08-01,weekday,21,TRAIN,NS18,6712,22846,29558,21:00
2026-08-01,weekday,22,TRAIN,NS18,4614,18996,23610,22:00
2026-08-01,weekday,23,TRAIN,NS18,1825,9275,11100,23:00
2026-08-01,weekends/holiday,0,TRAIN,NS18,152,1191,1343,00:00
2026-08-01,weekends/holiday,5,TRAIN,NS18,837,143,980,05:00
2026-08-01,weekends/holiday,6,TRAIN,NS18,5000,1453,6453,06:00
2026-08-01,weekends/holiday,7,TRAIN,NS18,7198,2875,10073,07:00
2026-08-01,weekends/holiday,8,TRAIN,NS18,9664,4229,13893,08:00
2026-08-01,weekends/holiday,9,TRAIN,NS18,11677,4146,15823,09:00
2026-08-01,weekends/holiday,10,TRAIN,NS18,10517,4410,14927,10:00
2026-08-01,weekends/holiday,11,TRAIN,NS18,10219,5240,15459,11:00
2026-08-01,weekends/holiday,12,TRAIN,NS18,9811,6086,15897,12:00
2026-08-01,weekends/holiday,13,TRAIN,NS18,8907,7251,16158,13:00
2026-08-01,weekends/holiday,14,TRAIN,NS18,7914,7254,15168,14:00
2026-08-01,weekends/holiday,15,TRAIN,NS18,7379,7712,15091,15:00
2026-08-01,weekends/holiday,16,TRAIN,NS18,7809,7992,15801,16:00
2026-08-01,weekends/holiday,17,TRAIN,NS18,8332,8848,17180,17:00
2026-08-01,weekends/holiday,18,TRAIN,NS18,7888,9566,17454,18:00
2026-08-01,weekends/holiday,19,TRAIN,NS18,6171,10123,16294,19:00
2026-08-01,weekends/holiday,20,TRAIN,NS18,4188,10256,14444,20:00
2026-08-01,weekends/holiday,21,TRAIN,NS18,3207,11297,14504,21:00
2026-08-01,weekends/holiday,22,TRAIN,NS18,2517,10739,13256,22:00
2026-08-01,weekends/holiday,23,TRAIN,NS18,1117,5602,6719,23:00
2026-08-01,weekday,0,TRAIN,NS19,550,2550,3100,00:00
2026-08-01,weekday,5,TRAIN,NS19,6356,2723,9079,05:00
2026-08-01,weekday,6,TRAIN,NS19,31555,20166,51721,06:00
2026-08-01,weekday,7,TRAIN,NS19,64087,52022,116109,07:00
2026-08-01,weekday,8,TRAIN,NS19,86146,72401,158547,08:00
2026-08-01,weekday,9,TRAIN,NS19,53399,38670,92069,09:00
2026-08-01,weekday,10,TRAIN,NS19,37259,27285,64544,10:00
2026-08-01,weekday,11,TRAIN,NS19,36105,27255,63360,11:00
2026-08-01,weekday,12,TRAIN,NS19,40231,33198,73429,12:00
2026-08-01,weekday,13,TRAIN,NS19,36722,36857,73579,13:00
2026-08-01,weekday,14,TRAIN,NS19,33547,37236,70783,14:00
2026-08-01,weekday,15,TRAIN,NS19,31685,36341,68026,15:00
2026-08-01,weekday,16,TRAIN,NS19,36336,41142,77478,16:00
2026-08-01,weekday,17,TRAIN,NS19,61989,61232,123221,17:00
2026-08-01,weekday,18,TRAIN,NS19,85189,94564,179753,18:00
2026-08-01,weekday,19,TRAIN,NS19,44449,65607,110056,19:00
2026-08-01,weekday,20,TRAIN,NS19,27701,44583,72284,20:00
2026-08-01,weekday,21,TRAIN,NS19,21080,44171,65251,21:00
2026-08-01,weekday,22,TRAIN,NS19,12838,33357,46195,22:00
2026-08-01,weekday,23,TRAIN,NS19,4585,16167,20752,23:00
2026-08-01,weekends/holiday,0,TRAIN,NS19,342,1876,2218,00:00
2026-08-01,weekends/holiday,5,TRAIN,NS19,1205,436,1641,05:00
2026-08-01,weekends/holiday,6,TRAIN,NS19,8305,4355,12660,06:00
2026-08-01,weekends/holiday,7,TRAIN,NS19,12833,7732,20565,07:00
2026-08-01,weekends/holiday,8,TRAIN,NS19,17705,13058,30763,08:00
2026-08-01,weekends/holiday,9,TRAIN,NS19,22559,16356,38915,09:00
2026-08-01,weekends/holiday,10,TRAIN,NS19,23629,16757,40386,10:00
2026-08-01,weekends/holiday,11,TRAIN,NS19,24648,17498,42146,11:00
2026-08-01,weekends/holiday,12,TRAIN,NS19,25685,19061,44746,12:00
2026-08-01,weekends/holiday,13,TRAIN,NS19,24941,21884,46825,13:00
2026-08-01,weekends/holiday,14,TRAIN,NS19,21789,21710,43499,14:00
2026-08-01,weekends/holiday,15,TRAIN,NS19,21063,22404,43467,15:00
2026-08-01,weekends/holiday,16,TRAIN,NS19,21768,22802,44570,16:00
2026-08-01,weekends/holiday,17,TRAIN,NS19,23887,23839,47726,17:00
2026-08-01,weekends/holiday,18,TRAIN,NS19,22544,24417,46961,18:00
2026-08-01,weekends/holiday,19,TRAIN,NS19,17313,23467,40780,19:00
2026-08-01,weekends/holiday,20,TRAIN,NS19,12503,22642,35145,20:00
2026-08-01,weekends/holiday,21,TRAIN,NS19,9831,23525,33356,21:00
2026-08-01,weekends/holiday,22,TRAIN,NS19,6575,19163,25738,22:00
2026-08-01,weekends/holiday,23,TRAIN,NS19,2598,10348,12946,23:00
2026-08-01,weekday,0,TRAIN,NS2,466,2909,3375,00:00
2026-08-01,weekday,5,TRAIN,NS2,12776,3686,16462,05:00
2026-08-01,weekday,6,TRAIN,NS2,50391,18403,68794,06:00
2026-08-01,weekday,7,TRAIN,NS2,97125,47973,145098,07:00
2026-08-01,weekday,8,TRAIN,NS2,73389,38236,111625,08:00
2026-08-01,weekday,9,TRAIN,NS2,36474,20670,57144,09:00
2026-08-01,weekday,10,TRAIN,NS2,23630,15771,39401,10:00
2026-08-01,weekday,11,TRAIN,NS2,22506,17873,40379,11:00
2026-08-01,weekday,12,TRAIN,NS2,23364,21152,44516,12:00
2026-08-01,weekday,13,TRAIN,NS2,23351,23252,46603,13:00
2026-08-01,weekday,14,TRAIN,NS2,23339,25217,48556,14:00
2026-08-01,weekday,15,TRAIN,NS2,22182,28615,50797,15:00
2026-08-01,weekday,16,TRAIN,NS2,25779,36872,62651,16:00
2026-08-01,weekday,17,TRAIN,NS2,43382,64330,107712,17:00
2026-08-01,weekday,18,TRAIN,NS2,49187,108028,157215,18:00
2026-08-01,weekday,19,TRAIN,NS2,29326,70888,100214,19:00
2026-08-01,weekday,20,TRAIN,NS2,19751,45536,65287,20:00
2026-08-01,weekday,21,TRAIN,NS2,17181,35915,53096,21:00
2026-08-01,weekday,22,TRAIN,NS2,10855,28076,38931,22:00
2026-08-01,weekday,23,TRAIN,NS2,3640,12936,16576,23:00
2026-08-01,weekends/holiday,0,TRAIN,NS2,306,2256,2562,00:00
2026-08-01,weekends/holiday,5,TRAIN,NS2,3226,504,3730,05:00
2026-08-01,weekends/holiday,6,TRAIN,NS2,9739,4309,14048,06:00
2026-08-01,weekends/holiday,7,TRAIN,NS2,12800,8232,21032,07:00
2026-08-01,weekends/holiday,8,TRAIN,NS2,14894,10666,25560,08:00
2026-08-01,weekends/holiday,9,TRAIN,NS2,16616,11009,27625,09:00
2026-08-01,weekends/holiday,10,TRAIN,NS2,17107,10899,28006,10:00
2026-08-01,weekends/holiday,11,TRAIN,NS2,17697,11885,29582,11:00
2026-08-01,weekends/holiday,12,TRAIN,NS2,18234,14449,32683,12:00
2026-08-01,weekends/holiday,13,TRAIN,NS2,17721,15698,33419,13:00
2026-08-01,weekends/holiday,14,TRAIN,NS2,15927,16163,32090,14:00
2026-08-01,weekends/holiday,15,TRAIN,NS2,14850,17463,32313,15:00
2026-08-01,weekends/holiday,16,TRAIN,NS2,15621,18520,34141,16:00
2026-08-01,weekends/holiday,17,TRAIN,NS2,16724,20443,37167,17:00
2026-08-01,weekends/holiday,18,TRAIN,NS2,15950,22277,38227,18:00
2026-08-01,weekends/holiday,19,TRAIN,NS2,13158,20699,33857,19:00
2026-08-01,weekends/holiday,20,TRAIN,NS2,10210,19758,29968,20:00
2026-08-01,weekends/holiday,21,TRAIN,NS2,9023,19156,28179,21:00
2026-08-01,weekends/holiday,22,TRAIN,NS2,6188,15803,21991,22:00
2026-08-01,weekends/holiday,23,TRAIN,NS2,2374,8884,11258,23:00
2026-08-01,weekday,0,TRAIN,NS20,207,416,623,00:00
2026-08-01,weekday,5,TRAIN,NS20,1013,2312,3325,05:00
2026-08-01,weekday,6,TRAIN,NS20,7080,34484,41564,06:00
2026-08-01,weekday,7,TRAIN,NS20,20238,100967,121205,07:00
2026-08-01,weekday,8,TRAIN,NS20,35124,156656,191780,08:00
2026-08-01,weekday,9,TRAIN,NS20,28208,84130,112338,09:00
2026-08-01,weekday,10,TRAIN,NS20,29988,47138,77126,10:00
2026-08-01,weekday,11,TRAIN,NS20,39960,44761,84721,11:00
2026-08-01,weekday,12,TRAIN,NS20,49872,48732,98604,12:00
2026-08-01,weekday,13,TRAIN,NS20,47520,50554,98074,13:00
2026-08-01,weekday,14,TRAIN,NS20,41345,42604,83949,14:00
2026-08-01,weekday,15,TRAIN,NS20,50974,33981,84955,15:00
2026-08-01,weekday,16,TRAIN,NS20,65326,30742,96068,16:00
2026-08-01,weekday,17,TRAIN,NS20,135172,35479,170651,17:00
2026-08-01,weekday,18,TRAIN,NS20,134839,55205,190044,18:00
2026-08-01,weekday,19,TRAIN,NS20,69454,37733,107187,19:00
2026-08-01,weekday,20,TRAIN,NS20,45243,18017,63260,20:00
2026-08-01,weekday,21,TRAIN,NS20,42346,13081,55427,21:00
2026-08-01,weekday,22,TRAIN,NS20,15214,9344,24558,22:00
2026-08-01,weekday,23,TRAIN,NS20,3120,3441,6561,23:00
2026-08-01,weekends/holiday,0,TRAIN,NS20,118,318,436,00:00
2026-08-01,weekends/holiday,5,TRAIN,NS20,213,411,624,05:00
2026-08-01,weekends/holiday,6,TRAIN,NS20,1570,11071,12641,06:00
2026-08-01,weekends/holiday,7,TRAIN,NS20,4734,13620,18354,07:00
2026-08-01,weekends/holiday,8,TRAIN,NS20,9112,19834,28946,08:00
2026-08-01,weekends/holiday,9,TRAIN,NS20,12062,23361,35423,09:00
2026-08-01,weekends/holiday,10,TRAIN,NS20,13770,22627,36397,10:00
2026-08-01,weekends/holiday,11,TRAIN,NS20,22100,25228,47328,11:00
2026-08-01,weekends/holiday,12,TRAIN,NS20,23526,22959,46485,12:00
2026-08-01,weekends/holiday,13,TRAIN,NS20,28512,18840,47352,13:00
2026-08-01,weekends/holiday,14,TRAIN,NS20,22478,15156,37634,14:00
2026-08-01,weekends/holiday,15,TRAIN,NS20,22002,16211,38213,15:00
2026-08-01,weekends/holiday,16,TRAIN,NS20,21620,17030,38650,16:00
2026-08-01,weekends/holiday,17,TRAIN,NS20,19998,19210,39208,17:00
2026-08-01,weekends/holiday,18,TRAIN,NS20,21256,16894,38150,18:00
2026-08-01,weekends/holiday,19,TRAIN,NS20,21338,14467,35805,19:00
2026-08-01,weekends/holiday,20,TRAIN,NS20,18922,9408,28330,20:00
2026-08-01,weekends/holiday,21,TRAIN,NS20,17701,7812,25513,21:00
2026-08-01,weekends/holiday,22,TRAIN,NS20,7155,5453,12608,22:00
2026-08-01,weekends/holiday,23,TRAIN,NS20,1651,2151,3802,23:00
2026-08-01,weekday,0,TRAIN,NS21/DT11,1385,1551,2936,00:00
2026-08-01,weekday,5,TRAIN,NS21/DT11,3679,2562,6241,05:00
2026-08-01,weekday,6,TRAIN,NS21/DT11,26710,29538,56248,06:00
2026-08-01,weekday,7,TRAIN,NS21/DT11,73617,78618,152235,07:00
2026-08-01,weekday,8,TRAIN,NS21/DT11,117645,126595,244240,08:00
2026-08-01,weekday,9,TRAIN,NS21/DT11,78586,78015,156601,09:00
2026-08-01,weekday,10,TRAIN,NS21/DT11,47967,46817,94784,10:00
2026-08-01,weekday,11,TRAIN,NS21/DT11,50219,44554,94773,11:00
2026-08-01,weekday,12,TRAIN,NS21/DT11,57163,49208,106371,12:00
2026-08-01,weekday,13,TRAIN,NS21/DT11,51983,60481,112464,13:00
2026-08-01,weekday,14,TRAIN,NS21/DT11,50171,56690,106861,14:00
2026-08-01,weekday,15,TRAIN,NS21/DT11,50979,56609,107588,15:00
2026-08-01,weekday,16,TRAIN,NS21/DT11,58403,62398,120801,16:00
2026-08-01,weekday,17,TRAIN,NS21/DT11,102221,100996,203217,17:00
2026-08-01,weekday,18,TRAIN,NS21/DT11,145626,142543,288169,18:00
2026-08-01,weekday,19,TRAIN,NS21/DT11,82116,88883,170999,19:00
2026-08-01,weekday,20,TRAIN,NS21/DT11,52421,58881,111302,20:00
2026-08-01,weekday,21,TRAIN,NS21/DT11,47889,56057,103946,21:00
2026-08-01,weekday,22,TRAIN,NS21/DT11,36312,41704,78016,22:00
2026-08-01,weekday,23,TRAIN,NS21/DT11,18478,18573,37051,23:00
2026-08-01,weekends/holiday,0,TRAIN,NS21/DT11,1128,1316,2444,00:00
2026-08-01,weekends/holiday,5,TRAIN,NS21/DT11,385,180,565,05:00
2026-08-01,weekends/holiday,6,TRAIN,NS21/DT11,5015,5764,10779,06:00
2026-08-01,weekends/holiday,7,TRAIN,NS21/DT11,8743,12002,20745,07:00
2026-08-01,weekends/holiday,8,TRAIN,NS21/DT11,20071,20567,40638,08:00
2026-08-01,weekends/holiday,9,TRAIN,NS21/DT11,29349,29551,58900,09:00
2026-08-01,weekends/holiday,10,TRAIN,NS21/DT11,32546,32310,64856,10:00
2026-08-01,weekends/holiday,11,TRAIN,NS21/DT11,36594,34758,71352,11:00
2026-08-01,weekends/holiday,12,TRAIN,NS21/DT11,37175,35205,72380,12:00
2026-08-01,weekends/holiday,13,TRAIN,NS21/DT11,38656,38255,76911,13:00
2026-08-01,weekends/holiday,14,TRAIN,NS21/DT11,33979,35370,69349,14:00
2026-08-01,weekends/holiday,15,TRAIN,NS21/DT11,35606,36995,72601,15:00
2026-08-01,weekends/holiday,16,TRAIN,NS21/DT11,37842,38904,76746,16:00
2026-08-01,weekends/holiday,17,TRAIN,NS21/DT11,40228,42331,82559,17:00
2026-08-01,weekends/holiday,18,TRAIN,NS21/DT11,39536,42082,81618,18:00
2026-08-01,weekends/holiday,19,TRAIN,NS21/DT11,34060,36487,70547,19:00
2026-08-01,weekends/holiday,20,TRAIN,NS21/DT11,28058,31596,59654,20:00
2026-08-01,weekends/holiday,21,TRAIN,NS21/DT11,27087,31590,58677,21:00
2026-08-01,weekends/holiday,22,TRAIN,NS21/DT11,21939,24707,46646,22:00
2026-08-01,weekends/holiday,23,TRAIN,NS21/DT11,12026,11815,23841,23:00
2026-08-01,weekday,0,TRAIN,NS23,564,316,880,00:00
2026-08-01,weekday,5,TRAIN,NS23,531,534,1065,05:00
2026-08-01,weekday,6,TRAIN,NS23,3126,9311,12437,06:00
2026-08-01,weekday,7,TRAIN,NS23,9193,23352,32545,07:00
2026-08-01,weekday,8,TRAIN,NS23,15682,52958,68640,08:00
2026-08-01,weekday,9,TRAIN,NS23,12870,54441,67311,09:00
2026-08-01,weekday,10,TRAIN,NS23,11812,40297,52109,10:00
2026-08-01,weekday,11,TRAIN,NS23,17993,42819,60812,11:00
2026-08-01,weekday,12,TRAIN,NS23,26470,52047,78517,12:00
2026-08-01,weekday,13,TRAIN,NS23,42633,40470,83103,13:00
2026-08-01,weekday,14,TRAIN,NS23,34974,39249,74223,14:00
2026-08-01,weekday,15,TRAIN,NS23,38135,40524,78659,15:00
2026-08-01,weekday,16,TRAIN,NS23,46225,42236,88461,16:00
2026-08-01,weekday,17,TRAIN,NS23,63822,51733,115555,17:00
2026-08-01,weekday,18,TRAIN,NS23,78991,88689,167680,18:00
2026-08-01,weekday,19,TRAIN,NS23,57183,53089,110272,19:00
2026-08-01,weekday,20,TRAIN,NS23,59505,26014,85519,20:00
2026-08-01,weekday,21,TRAIN,NS23,67384,17434,84818,21:00
2026-08-01,weekday,22,TRAIN,NS23,50015,9803,59818,22:00
2026-08-01,weekday,23,TRAIN,NS23,18802,4015,22817,23:00
2026-08-01,weekends/holiday,0,TRAIN,NS23,448,265,713,00:00
2026-08-01,weekends/holiday,5,TRAIN,NS23,101,102,203,05:00
2026-08-01,weekends/holiday,6,TRAIN,NS23,1270,3281,4551,06:00
2026-08-01,weekends/holiday,7,TRAIN,NS23,1926,7692,9618,07:00
2026-08-01,weekends/holiday,8,TRAIN,NS23,3094,10984,14078,08:00
2026-08-01,weekends/holiday,9,TRAIN,NS23,5307,20385,25692,09:00
2026-08-01,weekends/holiday,10,TRAIN,NS23,7685,25236,32921,10:00
2026-08-01,weekends/holiday,11,TRAIN,NS23,11352,30503,41855,11:00
2026-08-01,weekends/holiday,12,TRAIN,NS23,16678,34856,51534,12:00
2026-08-01,weekends/holiday,13,TRAIN,NS23,22140,38103,60243,13:00
2026-08-01,weekends/holiday,14,TRAIN,NS23,26898,35146,62044,14:00
2026-08-01,weekends/holiday,15,TRAIN,NS23,32582,34628,67210,15:00
2026-08-01,weekends/holiday,16,TRAIN,NS23,36421,33477,69898,16:00
2026-08-01,weekends/holiday,17,TRAIN,NS23,38714,32317,71031,17:00
2026-08-01,weekends/holiday,18,TRAIN,NS23,36329,29291,65620,18:00
2026-08-01,weekends/holiday,19,TRAIN,NS23,35116,22615,57731,19:00
2026-08-01,weekends/holiday,20,TRAIN,NS23,33086,15220,48306,20:00
2026-08-01,weekends/holiday,21,TRAIN,NS23,35199,11176,46375,21:00
2026-08-01,weekends/holiday,22,TRAIN,NS23,28213,6408,34621,22:00
2026-08-01,weekends/holiday,23,TRAIN,NS23,11441,2577,14018,23:00
2026-08-01,weekday,0,TRAIN,NS24/NE6/CC1,367,354,721,00:00
2026-08-01,weekday,5,TRAIN,NS24/NE6/CC1,453,285,738,05:00
2026-08-01,weekday,6,TRAIN,NS24/NE6/CC1,3973,9279,13252,06:00
2026-08-01,weekday,7,TRAIN,NS24/NE6/CC1,10746,31483,42229,07:00
2026-08-01,weekday,8,TRAIN,NS24/NE6/CC1,28501,61996,90497,08:00
2026-08-01,weekday,9,TRAIN,NS24/NE6/CC1,16387,50830,67217,09:00
2026-08-01,weekday,10,TRAIN,NS24/NE6/CC1,16336,32642,48978,10:00
2026-08-01,weekday,11,TRAIN,NS24/NE6/CC1,25033,37349,62382,11:00
2026-08-01,weekday,12,TRAIN,NS24/NE6/CC1,34950,46558,81508,12:00
2026-08-01,weekday,13,TRAIN,NS24/NE6/CC1,42959,40221,83180,13:00
2026-08-01,weekday,14,TRAIN,NS24/NE6/CC1,36103,33436,69539,14:00
2026-08-01,weekday,15,TRAIN,NS24/NE6/CC1,39253,33498,72751,15:00
2026-08-01,weekday,16,TRAIN,NS24/NE6/CC1,45140,32174,77314,16:00
2026-08-01,weekday,17,TRAIN,NS24/NE6/CC1,65952,42904,108856,17:00
2026-08-01,weekday,18,TRAIN,NS24/NE6/CC1,90346,73367,163713,18:00
2026-08-01,weekday,19,TRAIN,NS24/NE6/CC1,62858,44854,107712,19:00
2026-08-01,weekday,20,TRAIN,NS24/NE6/CC1,55148,23026,78174,20:00
2026-08-01,weekday,21,TRAIN,NS24/NE6/CC1,57339,16419,73758,21:00
2026-08-01,weekday,22,TRAIN,NS24/NE6/CC1,35875,10483,46358,22:00
2026-08-01,weekday,23,TRAIN,NS24/NE6/CC1,11609,4671,16280,23:00
2026-08-01,weekends/holiday,0,TRAIN,NS24/NE6/CC1,232,381,613,00:00
2026-08-01,weekends/holiday,5,TRAIN,NS24/NE6/CC1,219,68,287,05:00
2026-08-01,weekends/holiday,6,TRAIN,NS24/NE6/CC1,1584,2867,4451,06:00
2026-08-01,weekends/holiday,7,TRAIN,NS24/NE6/CC1,3036,6605,9641,07:00
2026-08-01,weekends/holiday,8,TRAIN,NS24/NE6/CC1,4664,11875,16539,08:00
2026-08-01,weekends/holiday,9,TRAIN,NS24/NE6/CC1,7079,18750,25829,09:00
2026-08-01,weekends/holiday,10,TRAIN,NS24/NE6/CC1,10584,21235,31819,10:00
2026-08-01,weekends/holiday,11,TRAIN,NS24/NE6/CC1,15483,26247,41730,11:00
2026-08-01,weekends/holiday,12,TRAIN,NS24/NE6/CC1,19518,28930,48448,12:00
2026-08-01,weekends/holiday,13,TRAIN,NS24/NE6/CC1,24938,30185,55123,13:00
2026-08-01,weekends/holiday,14,TRAIN,NS24/NE6/CC1,27698,28990,56688,14:00
2026-08-01,weekends/holiday,15,TRAIN,NS24/NE6/CC1,31321,27880,59201,15:00
2026-08-01,weekends/holiday,16,TRAIN,NS24/NE6/CC1,33495,28177,61672,16:00
2026-08-01,weekends/holiday,17,TRAIN,NS24/NE6/CC1,35047,27098,62145,17:00
2026-08-01,weekends/holiday,18,TRAIN,NS24/NE6/CC1,33320,25263,58583,18:00
2026-08-01,weekends/holiday,19,TRAIN,NS24/NE6/CC1,30369,20894,51263,19:00
2026-08-01,weekends/holiday,20,TRAIN,NS24/NE6/CC1,27458,14452,41910,20:00
2026-08-01,weekends/holiday,21,TRAIN,NS24/NE6/CC1,28477,11308,39785,21:00
2026-08-01,weekends/holiday,22,TRAIN,NS24/NE6/CC1,19082,7107,26189,22:00
2026-08-01,weekends/holiday,23,TRAIN,NS24/NE6/CC1,6488,2948,9436,23:00
2026-08-01,weekday,0,TRAIN,NS25/EW13,623,210,833,00:00
2026-08-01,weekday,5,TRAIN,NS25/EW13,604,879,1483,05:00
2026-08-01,weekday,6,TRAIN,NS25/EW13,2216,16072,18288,06:00
2026-08-01,weekday,7,TRAIN,NS25/EW13,5760,42702,48462,07:00
2026-08-01,weekday,8,TRAIN,NS25/EW13,11704,104179,115883,08:00
2026-08-01,weekday,9,TRAIN,NS25/EW13,13434,97975,111409,09:00
2026-08-01,weekday,10,TRAIN,NS25/EW13,16931,59728,76659,10:00
2026-08-01,weekday,11,TRAIN,NS25/EW13,26630,66060,92690,11:00
2026-08-01,weekday,12,TRAIN,NS25/EW13,40276,72726,113002,12:00
2026-08-01,weekday,13,TRAIN,NS25/EW13,66199,50438,116637,13:00
2026-08-01,weekday,14,TRAIN,NS25/EW13,49112,44166,93278,14:00
2026-08-01,weekday,15,TRAIN,NS25/EW13,48484,42968,91452,15:00
2026-08-01,weekday,16,TRAIN,NS25/EW13,54666,42008,96674,16:00
2026-08-01,weekday,17,TRAIN,NS25/EW13,89713,61142,150855,17:00
2026-08-01,weekday,18,TRAIN,NS25/EW13,132777,103522,236299,18:00
2026-08-01,weekday,19,TRAIN,NS25/EW13,90976,55898,146874,19:00
2026-08-01,weekday,20,TRAIN,NS25/EW13,80210,23433,103643,20:00
2026-08-01,weekday,21,TRAIN,NS25/EW13,88326,14532,102858,21:00
2026-08-01,weekday,22,TRAIN,NS25/EW13,71242,9529,80771,22:00
2026-08-01,weekday,23,TRAIN,NS25/EW13,25428,3518,28946,23:00
2026-08-01,weekends/holiday,0,TRAIN,NS25/EW13,577,189,766,00:00
2026-08-01,weekends/holiday,5,TRAIN,NS25/EW13,203,174,377,05:00
2026-08-01,weekends/holiday,6,TRAIN,NS25/EW13,1652,6017,7669,06:00
2026-08-01,weekends/holiday,7,TRAIN,NS25/EW13,2484,13536,16020,07:00
2026-08-01,weekends/holiday,8,TRAIN,NS25/EW13,4095,27000,31095,08:00
2026-08-01,weekends/holiday,9,TRAIN,NS25/EW13,9880,60195,70075,09:00
2026-08-01,weekends/holiday,10,TRAIN,NS25/EW13,20193,61716,81909,10:00
2026-08-01,weekends/holiday,11,TRAIN,NS25/EW13,27316,55606,82922,11:00
2026-08-01,weekends/holiday,12,TRAIN,NS25/EW13,32819,53526,86345,12:00
2026-08-01,weekends/holiday,13,TRAIN,NS25/EW13,37471,51034,88505,13:00
2026-08-01,weekends/holiday,14,TRAIN,NS25/EW13,40974,47326,88300,14:00
2026-08-01,weekends/holiday,15,TRAIN,NS25/EW13,47725,46644,94369,15:00
2026-08-01,weekends/holiday,16,TRAIN,NS25/EW13,56644,49653,106297,16:00
2026-08-01,weekends/holiday,17,TRAIN,NS25/EW13,69075,47580,116655,17:00
2026-08-01,weekends/holiday,18,TRAIN,NS25/EW13,66051,40616,106667,18:00
2026-08-01,weekends/holiday,19,TRAIN,NS25/EW13,56522,28058,84580,19:00
2026-08-01,weekends/holiday,20,TRAIN,NS25/EW13,51586,16066,67652,20:00
2026-08-01,weekends/holiday,21,TRAIN,NS25/EW13,52926,10254,63180,21:00
2026-08-01,weekends/holiday,22,TRAIN,NS25/EW13,40901,5810,46711,22:00
2026-08-01,weekends/holiday,23,TRAIN,NS25/EW13,15674,2558,18232,23:00
2026-08-01,weekday,0,TRAIN,NS27/CC33/TE20,33,199,232,00:00
2026-08-01,weekday,5,TRAIN,NS27/CC33/TE20,461,193,654,05:00
2026-08-01,weekday,6,TRAIN,NS27/CC33/TE20,1583,3914,5497,06:00
2026-08-01,weekday,7,TRAIN,NS27/CC33/TE20,1592,8579,10171,07:00
2026-08-01,weekday,8,TRAIN,NS27/CC33/TE20,2373,32148,34521,08:00
2026-08-01,weekday,9,TRAIN,NS27/CC33/TE20,1783,28116,29899,09:00
2026-08-01,weekday,10,TRAIN,NS27/CC33/TE20,2009,8010,10019,10:00
2026-08-01,weekday,11,TRAIN,NS27/CC33/TE20,5739,5083,10822,11:00
2026-08-01,weekday,12,TRAIN,NS27/CC33/TE20,6862,5336,12198,12:00
2026-08-01,weekday,13,TRAIN,NS27/CC33/TE20,4281,8848,13129,13:00
2026-08-01,weekday,14,TRAIN,NS27/CC33/TE20,4055,5729,9784,14:00
2026-08-01,weekday,15,TRAIN,NS27/CC33/TE20,4881,4147,9028,15:00
2026-08-01,weekday,16,TRAIN,NS27/CC33/TE20,8220,4305,12525,16:00
2026-08-01,weekday,17,TRAIN,NS27/CC33/TE20,20726,4619,25345,17:00
2026-08-01,weekday,18,TRAIN,NS27/CC33/TE20,44939,5941,50880,18:00
2026-08-01,weekday,19,TRAIN,NS27/CC33/TE20,20445,5056,25501,19:00
2026-08-01,weekday,20,TRAIN,NS27/CC33/TE20,8527,3828,12355,20:00
2026-08-01,weekday,21,TRAIN,NS27/CC33/TE20,4986,2599,7585,21:00
2026-08-01,weekday,22,TRAIN,NS27/CC33/TE20,3240,1576,4816,22:00
2026-08-01,weekday,23,TRAIN,NS27/CC33/TE20,1563,700,2263,23:00
2026-08-01,weekends/holiday,0,TRAIN,NS27/CC33/TE20,59,324,383,00:00
2026-08-01,weekends/holiday,5,TRAIN,NS27/CC33/TE20,156,15,171,05:00
2026-08-01,weekends/holiday,6,TRAIN,NS27/CC33/TE20,766,707,1473,06:00
2026-08-01,weekends/holiday,7,TRAIN,NS27/CC33/TE20,799,1367,2166,07:00
2026-08-01,weekends/holiday,8,TRAIN,NS27/CC33/TE20,679,1497,2176,08:00
2026-08-01,weekends/holiday,9,TRAIN,NS27/CC33/TE20,946,1789,2735,09:00
2026-08-01,weekends/holiday,10,TRAIN,NS27/CC33/TE20,1637,2477,4114,10:00
2026-08-01,weekends/holiday,11,TRAIN,NS27/CC33/TE20,2042,2777,4819,11:00
2026-08-01,weekends/holiday,12,TRAIN,NS27/CC33/TE20,2399,3419,5818,12:00
2026-08-01,weekends/holiday,13,TRAIN,NS27/CC33/TE20,2522,3877,6399,13:00
2026-08-01,weekends/holiday,14,TRAIN,NS27/CC33/TE20,3042,4180,7222,14:00
2026-08-01,weekends/holiday,15,TRAIN,NS27/CC33/TE20,3303,4607,7910,15:00
2026-08-01,weekends/holiday,16,TRAIN,NS27/CC33/TE20,3787,5250,9037,16:00
2026-08-01,weekends/holiday,17,TRAIN,NS27/CC33/TE20,3905,5795,9700,17:00
2026-08-01,weekends/holiday,18,TRAIN,NS27/CC33/TE20,3497,5913,9410,18:00
2026-08-01,weekends/holiday,19,TRAIN,NS27/CC33/TE20,3506,5366,8872,19:00
2026-08-01,weekends/holiday,20,TRAIN,NS27/CC33/TE20,3336,4168,7504,20:00
2026-08-01,weekends/holiday,21,TRAIN,NS27/CC33/TE20,2911,2829,5740,21:00
2026-08-01,weekends/holiday,22,TRAIN,NS27/CC33/TE20,1713,1472,3185,22:00
2026-08-01,weekends/holiday,23,TRAIN,NS27/CC33/TE20,760,770,1530,23:00
2026-08-01,weekday,0,TRAIN,NS28,2,11,13,00:00
2026-08-01,weekday,5,TRAIN,NS28,34,1,35,05:00
2026-08-01,weekday,6,TRAIN,NS28,186,1555,1741,06:00
2026-08-01,weekday,7,TRAIN,NS28,1626,3835,5461,07:00
2026-08-01,weekday,8,TRAIN,NS28,3782,4320,8102,08:00
2026-08-01,weekday,9,TRAIN,NS28,4707,3092,7799,09:00
2026-08-01,weekday,10,TRAIN,NS28,3014,2875,5889,10:00
2026-08-01,weekday,11,TRAIN,NS28,1761,2890,4651,11:00
2026-08-01,weekday,12,TRAIN,NS28,2073,3026,5099,12:00
2026-08-01,weekday,13,TRAIN,NS28,1148,2367,3515,13:00
2026-08-01,weekday,14,TRAIN,NS28,3531,1944,5475,14:00
2026-08-01,weekday,15,TRAIN,NS28,4600,1951,6551,15:00
2026-08-01,weekday,16,TRAIN,NS28,3373,2380,5753,16:00
2026-08-01,weekday,17,TRAIN,NS28,3813,2407,6220,17:00
2026-08-01,weekday,18,TRAIN,NS28,2563,1488,4051,18:00
2026-08-01,weekday,19,TRAIN,NS28,2217,847,3064,19:00
2026-08-01,weekday,20,TRAIN,NS28,1228,578,1806,20:00
2026-08-01,weekday,21,TRAIN,NS28,666,453,1119,21:00
2026-08-01,weekday,22,TRAIN,NS28,553,292,845,22:00
2026-08-01,weekday,23,TRAIN,NS28,311,207,518,23:00
2026-08-01,weekends/holiday,0,TRAIN,NS28,21,26,47,00:00
2026-08-01,weekends/holiday,5,TRAIN,NS28,10,0,10,05:00
2026-08-01,weekends/holiday,6,TRAIN,NS28,294,475,769,06:00
2026-08-01,weekends/holiday,7,TRAIN,NS28,380,1258,1638,07:00
2026-08-01,weekends/holiday,8,TRAIN,NS28,610,2272,2882,08:00
2026-08-01,weekends/holiday,9,TRAIN,NS28,917,2723,3640,09:00
2026-08-01,weekends/holiday,10,TRAIN,NS28,847,3845,4692,10:00
2026-08-01,weekends/holiday,11,TRAIN,NS28,836,3954,4790,11:00
2026-08-01,weekends/holiday,12,TRAIN,NS28,1145,3729,4874,12:00
2026-08-01,weekends/holiday,13,TRAIN,NS28,1379,3328,4707,13:00
2026-08-01,weekends/holiday,14,TRAIN,NS28,4465,3161,7626,14:00
2026-08-01,weekends/holiday,15,TRAIN,NS28,6966,3433,10399,15:00
2026-08-01,weekends/holiday,16,TRAIN,NS28,4949,3200,8149,16:00
2026-08-01,weekends/holiday,17,TRAIN,NS28,4068,2763,6831,17:00
2026-08-01,weekends/holiday,18,TRAIN,NS28,5726,1689,7415,18:00
2026-08-01,weekends/holiday,19,TRAIN,NS28,4104,1194,5298,19:00
2026-08-01,weekends/holiday,20,TRAIN,NS28,1855,758,2613,20:00
2026-08-01,weekends/holiday,21,TRAIN,NS28,1209,561,1770,21:00
2026-08-01,weekends/holiday,22,TRAIN,NS28,732,386,1118,22:00
2026-08-01,weekends/holiday,23,TRAIN,NS28,341,209,550,23:00
2026-08-01,weekday,0,TRAIN,NS3,281,2149,2430,00:00
2026-08-01,weekday,5,TRAIN,NS3,10266,1152,11418,05:00
2026-08-01,weekday,6,TRAIN,NS3,44423,9827,54250,06:00
2026-08-01,weekday,7,TRAIN,NS3,76312,21058,97370,07:00
2026-08-01,weekday,8,TRAIN,NS3,57304,17302,74606,08:00
2026-08-01,weekday,9,TRAIN,NS3,29125,12370,41495,09:00
2026-08-01,weekday,10,TRAIN,NS3,20501,11166,31667,10:00
2026-08-01,weekday,11,TRAIN,NS3,20149,11145,31294,11:00
2026-08-01,weekday,12,TRAIN,NS3,18863,13847,32710,12:00
2026-08-01,weekday,13,TRAIN,NS3,17938,14627,32565,13:00
2026-08-01,weekday,14,TRAIN,NS3,15190,17106,32296,14:00
2026-08-01,weekday,15,TRAIN,NS3,15919,17931,33850,15:00
2026-08-01,weekday,16,TRAIN,NS3,15122,23102,38224,16:00
2026-08-01,weekday,17,TRAIN,NS3,22199,40889,63088,17:00
2026-08-01,weekday,18,TRAIN,NS3,23760,63611,87371,18:00
2026-08-01,weekday,19,TRAIN,NS3,17523,47929,65452,19:00
2026-08-01,weekday,20,TRAIN,NS3,10575,30283,40858,20:00
2026-08-01,weekday,21,TRAIN,NS3,9913,25191,35104,21:00
2026-08-01,weekday,22,TRAIN,NS3,6483,18190,24673,22:00
2026-08-01,weekday,23,TRAIN,NS3,3193,8984,12177,23:00
2026-08-01,weekends/holiday,0,TRAIN,NS3,229,1769,1998,00:00
2026-08-01,weekends/holiday,5,TRAIN,NS3,2384,256,2640,05:00
2026-08-01,weekends/holiday,6,TRAIN,NS3,8388,3083,11471,06:00
2026-08-01,weekends/holiday,7,TRAIN,NS3,10153,6538,16691,07:00
2026-08-01,weekends/holiday,8,TRAIN,NS3,12019,8504,20523,08:00
2026-08-01,weekends/holiday,9,TRAIN,NS3,14108,8130,22238,09:00
2026-08-01,weekends/holiday,10,TRAIN,NS3,14814,8763,23577,10:00
2026-08-01,weekends/holiday,11,TRAIN,NS3,15284,8638,23922,11:00
2026-08-01,weekends/holiday,12,TRAIN,NS3,14244,9705,23949,12:00
2026-08-01,weekends/holiday,13,TRAIN,NS3,12950,10333,23283,13:00
2026-08-01,weekends/holiday,14,TRAIN,NS3,10724,10428,21152,14:00
2026-08-01,weekends/holiday,15,TRAIN,NS3,11171,11189,22360,15:00
2026-08-01,weekends/holiday,16,TRAIN,NS3,10648,11762,22410,16:00
2026-08-01,weekends/holiday,17,TRAIN,NS3,11940,12973,24913,17:00
2026-08-01,weekends/holiday,18,TRAIN,NS3,11439,13396,24835,18:00
2026-08-01,weekends/holiday,19,TRAIN,NS3,9015,12751,21766,19:00
2026-08-01,weekends/holiday,20,TRAIN,NS3,5888,12900,18788,20:00
2026-08-01,weekends/holiday,21,TRAIN,NS3,5022,12372,17394,21:00
2026-08-01,weekends/holiday,22,TRAIN,NS3,3380,10183,13563,22:00
2026-08-01,weekends/holiday,23,TRAIN,NS3,1469,5828,7297,23:00
2026-08-01,weekday,0,TRAIN,NS4/BP1,940,3724,4664,00:00
2026-08-01,weekday,5,TRAIN,NS4/BP1,15675,6727,22402,05:00
2026-08-01,weekday,6,TRAIN,NS4/BP1,66119,40425,106544,06:00
2026-08-01,weekday,7,TRAIN,NS4/BP1,116841,72640,189481,07:00
2026-08-01,weekday,8,TRAIN,NS4/BP1,81185,38444,119629,08:00
2026-08-01,weekday,9,TRAIN,NS4/BP1,40039,24370,64409,09:00
2026-08-01,weekday,10,TRAIN,NS4/BP1,30428,22720,53148,10:00
2026-08-01,weekday,11,TRAIN,NS4/BP1,30100,25314,55414,11:00
2026-08-01,weekday,12,TRAIN,NS4/BP1,33015,30945,63960,12:00
2026-08-01,weekday,13,TRAIN,NS4/BP1,32281,33569,65850,13:00
2026-08-01,weekday,14,TRAIN,NS4/BP1,32589,36172,68761,14:00
2026-08-01,weekday,15,TRAIN,NS4/BP1,31578,40141,71719,15:00
2026-08-01,weekday,16,TRAIN,NS4/BP1,38604,49560,88164,16:00
2026-08-01,weekday,17,TRAIN,NS4/BP1,62495,79799,142294,17:00
2026-08-01,weekday,18,TRAIN,NS4/BP1,70303,126546,196849,18:00
2026-08-01,weekday,19,TRAIN,NS4/BP1,39027,91962,130989,19:00
2026-08-01,weekday,20,TRAIN,NS4/BP1,27642,54653,82295,20:00
2026-08-01,weekday,21,TRAIN,NS4/BP1,23569,45534,69103,21:00
2026-08-01,weekday,22,TRAIN,NS4/BP1,15099,31699,46798,22:00
2026-08-01,weekday,23,TRAIN,NS4/BP1,5778,15628,21406,23:00
2026-08-01,weekends/holiday,0,TRAIN,NS4/BP1,756,3167,3923,00:00
2026-08-01,weekends/holiday,5,TRAIN,NS4/BP1,4049,1418,5467,05:00
2026-08-01,weekends/holiday,6,TRAIN,NS4/BP1,14312,6599,20911,06:00
2026-08-01,weekends/holiday,7,TRAIN,NS4/BP1,18397,11259,29656,07:00
2026-08-01,weekends/holiday,8,TRAIN,NS4/BP1,19519,13674,33193,08:00
2026-08-01,weekends/holiday,9,TRAIN,NS4/BP1,19821,14342,34163,09:00
2026-08-01,weekends/holiday,10,TRAIN,NS4/BP1,20850,16572,37422,10:00
2026-08-01,weekends/holiday,11,TRAIN,NS4/BP1,22511,18068,40579,11:00
2026-08-01,weekends/holiday,12,TRAIN,NS4/BP1,23669,20717,44386,12:00
2026-08-01,weekends/holiday,13,TRAIN,NS4/BP1,22327,23012,45339,13:00
2026-08-01,weekends/holiday,14,TRAIN,NS4/BP1,20962,22596,43558,14:00
2026-08-01,weekends/holiday,15,TRAIN,NS4/BP1,20479,21927,42406,15:00
2026-08-01,weekends/holiday,16,TRAIN,NS4/BP1,20855,24200,45055,16:00
2026-08-01,weekends/holiday,17,TRAIN,NS4/BP1,23446,27782,51228,17:00
2026-08-01,weekends/holiday,18,TRAIN,NS4/BP1,22740,29837,52577,18:00
2026-08-01,weekends/holiday,19,TRAIN,NS4/BP1,18220,27961,46181,19:00
2026-08-01,weekends/holiday,20,TRAIN,NS4/BP1,14969,26371,41340,20:00
2026-08-01,weekends/holiday,21,TRAIN,NS4/BP1,12706,24029,36735,21:00
2026-08-01,weekends/holiday,22,TRAIN,NS4/BP1,9048,19436,28484,22:00
2026-08-01,weekends/holiday,23,TRAIN,NS4/BP1,3733,10549,14282,23:00
2026-08-01,weekday,0,TRAIN,NS5,511,4699,5210,00:00
2026-08-01,weekday,5,TRAIN,NS5,15949,2529,18478,05:00
2026-08-01,weekday,6,TRAIN,NS5,68779,17882,86661,06:00
2026-08-01,weekday,7,TRAIN,NS5,120635,41830,162465,07:00
2026-08-01,weekday,8,TRAIN,NS5,87445,23913,111358,08:00
2026-08-01,weekday,9,TRAIN,NS5,38876,14464,53340,09:00
2026-08-01,weekday,10,TRAIN,NS5,26133,12318,38451,10:00
2026-08-01,weekday,11,TRAIN,NS5,25385,13371,38756,11:00
2026-08-01,weekday,12,TRAIN,NS5,24831,16609,41440,12:00
2026-08-01,weekday,13,TRAIN,NS5,23760,20268,44028,13:00
2026-08-01,weekday,14,TRAIN,NS5,22318,23007,45325,14:00
2026-08-01,weekday,15,TRAIN,NS5,20596,25485,46081,15:00
2026-08-01,weekday,16,TRAIN,NS5,23659,31127,54786,16:00
2026-08-01,weekday,17,TRAIN,NS5,39680,56056,95736,17:00
2026-08-01,weekday,18,TRAIN,NS5,38650,96934,135584,18:00
2026-08-01,weekday,19,TRAIN,NS5,21532,76964,98496,19:00
2026-08-01,weekday,20,TRAIN,NS5,15167,48454,63621,20:00
2026-08-01,weekday,21,TRAIN,NS5,13362,38670,52032,21:00
2026-08-01,weekday,22,TRAIN,NS5,8022,30691,38713,22:00
2026-08-01,weekday,23,TRAIN,NS5,2774,15091,17865,23:00
2026-08-01,weekends/holiday,0,TRAIN,NS5,343,3566,3909,00:00
2026-08-01,weekends/holiday,5,TRAIN,NS5,4187,353,4540,05:00
2026-08-01,weekends/holiday,6,TRAIN,NS5,12828,3096,15924,06:00
2026-08-01,weekends/holiday,7,TRAIN,NS5,17128,5832,22960,07:00
2026-08-01,weekends/holiday,8,TRAIN,NS5,19063,7867,26930,08:00
2026-08-01,weekends/holiday,9,TRAIN,NS5,18900,8670,27570,09:00
2026-08-01,weekends/holiday,10,TRAIN,NS5,19476,8732,28208,10:00
2026-08-01,weekends/holiday,11,TRAIN,NS5,19204,10357,29561,11:00
2026-08-01,weekends/holiday,12,TRAIN,NS5,18376,12535,30911,12:00
2026-08-01,weekends/holiday,13,TRAIN,NS5,16013,14756,30769,13:00
2026-08-01,weekends/holiday,14,TRAIN,NS5,14367,15016,29383,14:00
2026-08-01,weekends/holiday,15,TRAIN,NS5,13792,15821,29613,15:00
2026-08-01,weekends/holiday,16,TRAIN,NS5,14792,16567,31359,16:00
2026-08-01,weekends/holiday,17,TRAIN,NS5,16430,18730,35160,17:00
2026-08-01,weekends/holiday,18,TRAIN,NS5,14310,20500,34810,18:00
2026-08-01,weekends/holiday,19,TRAIN,NS5,11037,20569,31606,19:00
2026-08-01,weekends/holiday,20,TRAIN,NS5,8433,20825,29258,20:00
2026-08-01,weekends/holiday,21,TRAIN,NS5,7207,20135,27342,21:00
2026-08-01,weekends/holiday,22,TRAIN,NS5,5213,17137,22350,22:00
2026-08-01,weekends/holiday,23,TRAIN,NS5,1867,9623,11490,23:00
2026-08-01,weekday,0,TRAIN,NS7,748,2895,3643,00:00
2026-08-01,weekday,5,TRAIN,NS7,45282,2313,47595,05:00
2026-08-01,weekday,6,TRAIN,NS7,67338,16708,84046,06:00
2026-08-01,weekday,7,TRAIN,NS7,74850,43906,118756,07:00
2026-08-01,weekday,8,TRAIN,NS7,49941,42828,92769,08:00
2026-08-01,weekday,9,TRAIN,NS7,43323,26660,69983,09:00
2026-08-01,weekday,10,TRAIN,NS7,27980,20478,48458,10:00
2026-08-01,weekday,11,TRAIN,NS7,20769,15991,36760,11:00
2026-08-01,weekday,12,TRAIN,NS7,18798,14551,33349,12:00
2026-08-01,weekday,13,TRAIN,NS7,16461,14171,30632,13:00
2026-08-01,weekday,14,TRAIN,NS7,15434,13756,29190,14:00
2026-08-01,weekday,15,TRAIN,NS7,15824,17179,33003,15:00
2026-08-01,weekday,16,TRAIN,NS7,18525,25372,43897,16:00
2026-08-01,weekday,17,TRAIN,NS7,36796,41605,78401,17:00
2026-08-01,weekday,18,TRAIN,NS7,35860,54427,90287,18:00
2026-08-01,weekday,19,TRAIN,NS7,25553,47885,73438,19:00
2026-08-01,weekday,20,TRAIN,NS7,19192,41459,60651,20:00
2026-08-01,weekday,21,TRAIN,NS7,19757,41187,60944,21:00
2026-08-01,weekday,22,TRAIN,NS7,14721,38608,53329,22:00
2026-08-01,weekday,23,TRAIN,NS7,6613,19723,26336,23:00
2026-08-01,weekends/holiday,0,TRAIN,NS7,2368,2288,4656,00:00
2026-08-01,weekends/holiday,5,TRAIN,NS7,10476,2147,12623,05:00
2026-08-01,weekends/holiday,6,TRAIN,NS7,21175,11479,32654,06:00
2026-08-01,weekends/holiday,7,TRAIN,NS7,24854,19711,44565,07:00
2026-08-01,weekends/holiday,8,TRAIN,NS7,19467,21070,40537,08:00
2026-08-01,weekends/holiday,9,TRAIN,NS7,21914,17823,39737,09:00
2026-08-01,weekends/holiday,10,TRAIN,NS7,16402,14499,30901,10:00
2026-08-01,weekends/holiday,11,TRAIN,NS7,13976,13573,27549,11:00
2026-08-01,weekends/holiday,12,TRAIN,NS7,14348,12833,27181,12:00
2026-08-01,weekends/holiday,13,TRAIN,NS7,15007,12849,27856,13:00
2026-08-01,weekends/holiday,14,TRAIN,NS7,14761,11365,26126,14:00
2026-08-01,weekends/holiday,15,TRAIN,NS7,15031,12164,27195,15:00
2026-08-01,weekends/holiday,16,TRAIN,NS7,16581,13340,29921,16:00
2026-08-01,weekends/holiday,17,TRAIN,NS7,15952,15902,31854,17:00
2026-08-01,weekends/holiday,18,TRAIN,NS7,23039,18250,41289,18:00
2026-08-01,weekends/holiday,19,TRAIN,NS7,20080,19286,39366,19:00
2026-08-01,weekends/holiday,20,TRAIN,NS7,20037,20039,40076,20:00
2026-08-01,weekends/holiday,21,TRAIN,NS7,19570,20275,39845,21:00
2026-08-01,weekends/holiday,22,TRAIN,NS7,19940,21926,41866,22:00
2026-08-01,weekends/holiday,23,TRAIN,NS7,12679,12285,24964,23:00
2026-08-01,weekday,0,TRAIN,NS8,597,2668,3265,00:00
2026-08-01,weekday,5,TRAIN,NS8,12919,2297,15216,05:00
2026-08-01,weekday,6,TRAIN,NS8,46711,12984,59695,06:00
2026-08-01,weekday,7,TRAIN,NS8,80616,33592,114208,07:00
2026-08-01,weekday,8,TRAIN,NS8,53173,18821,71994,08:00
2026-08-01,weekday,9,TRAIN,NS8,31432,12090,43522,09:00
2026-08-01,weekday,10,TRAIN,NS8,20459,9154,29613,10:00
2026-08-01,weekday,11,TRAIN,NS8,17721,9142,26863,11:00
2026-08-01,weekday,12,TRAIN,NS8,17180,10104,27284,12:00
2026-08-01,weekday,13,TRAIN,NS8,17039,12283,29322,13:00
2026-08-01,weekday,14,TRAIN,NS8,14095,12360,26455,14:00
2026-08-01,weekday,15,TRAIN,NS8,16405,13821,30226,15:00
2026-08-01,weekday,16,TRAIN,NS8,18156,17315,35471,16:00
2026-08-01,weekday,17,TRAIN,NS8,30959,32587,63546,17:00
2026-08-01,weekday,18,TRAIN,NS8,31693,55738,87431,18:00
2026-08-01,weekday,19,TRAIN,NS8,20815,39332,60147,19:00
2026-08-01,weekday,20,TRAIN,NS8,12455,24314,36769,20:00
2026-08-01,weekday,21,TRAIN,NS8,11439,20415,31854,21:00
2026-08-01,weekday,22,TRAIN,NS8,7451,15743,23194,22:00
2026-08-01,weekday,23,TRAIN,NS8,3468,8755,12223,23:00
2026-08-01,weekends/holiday,0,TRAIN,NS8,815,1683,2498,00:00
2026-08-01,weekends/holiday,5,TRAIN,NS8,2943,551,3494,05:00
2026-08-01,weekends/holiday,6,TRAIN,NS8,9152,3697,12849,06:00
2026-08-01,weekends/holiday,7,TRAIN,NS8,11617,6645,18262,07:00
2026-08-01,weekends/holiday,8,TRAIN,NS8,12554,7094,19648,08:00
2026-08-01,weekends/holiday,9,TRAIN,NS8,14374,6553,20927,09:00
2026-08-01,weekends/holiday,10,TRAIN,NS8,12433,6793,19226,10:00
2026-08-01,weekends/holiday,11,TRAIN,NS8,11444,6532,17976,11:00
2026-08-01,weekends/holiday,12,TRAIN,NS8,11732,7175,18907,12:00
2026-08-01,weekends/holiday,13,TRAIN,NS8,10927,8026,18953,13:00
2026-08-01,weekends/holiday,14,TRAIN,NS8,9876,7470,17346,14:00
2026-08-01,weekends/holiday,15,TRAIN,NS8,8721,7900,16621,15:00
2026-08-01,weekends/holiday,16,TRAIN,NS8,9339,8490,17829,16:00
2026-08-01,weekends/holiday,17,TRAIN,NS8,10689,10280,20969,17:00
2026-08-01,weekends/holiday,18,TRAIN,NS8,10594,10501,21095,18:00
2026-08-01,weekends/holiday,19,TRAIN,NS8,9589,9753,19342,19:00
2026-08-01,weekends/holiday,20,TRAIN,NS8,6570,9502,16072,20:00
2026-08-01,weekends/holiday,21,TRAIN,NS8,6961,9215,16176,21:00
2026-08-01,weekends/holiday,22,TRAIN,NS8,5412,8479,13891,22:00
2026-08-01,weekends/holiday,23,TRAIN,NS8,3355,5020,8375,23:00
2026-08-01,weekday,0,TRAIN,NS9/TE2,1760,8027,9787,00:00
2026-08-01,weekday,5,TRAIN,NS9/TE2,22441,9698,32139,05:00
2026-08-01,weekday,6,TRAIN,NS9/TE2,87102,45302,132404,06:00
2026-08-01,weekday,7,TRAIN,NS9/TE2,157844,86414,244258,07:00
2026-08-01,weekday,8,TRAIN,NS9/TE2,126698,74694,201392,08:00
2026-08-01,weekday,9,TRAIN,NS9/TE2,66166,45748,111914,09:00
2026-08-01,weekday,10,TRAIN,NS9/TE2,44360,41350,85710,10:00
2026-08-01,weekday,11,TRAIN,NS9/TE2,42671,48244,90915,11:00
2026-08-01,weekday,12,TRAIN,NS9/TE2,49525,52717,102242,12:00
2026-08-01,weekday,13,TRAIN,NS9/TE2,49436,53290,102726,13:00
2026-08-01,weekday,14,TRAIN,NS9/TE2,45878,58011,103889,14:00
2026-08-01,weekday,15,TRAIN,NS9/TE2,45051,63857,108908,15:00
2026-08-01,weekday,16,TRAIN,NS9/TE2,49628,75538,125166,16:00
2026-08-01,weekday,17,TRAIN,NS9/TE2,76265,129128,205393,17:00
2026-08-01,weekday,18,TRAIN,NS9/TE2,95287,207056,302343,18:00
2026-08-01,weekday,19,TRAIN,NS9/TE2,62847,148669,211516,19:00
2026-08-01,weekday,20,TRAIN,NS9/TE2,46078,86266,132344,20:00
2026-08-01,weekday,21,TRAIN,NS9/TE2,42892,74319,117211,21:00
2026-08-01,weekday,22,TRAIN,NS9/TE2,25804,61092,86896,22:00
2026-08-01,weekday,23,TRAIN,NS9/TE2,10661,31138,41799,23:00
2026-08-01,weekends/holiday,0,TRAIN,NS9/TE2,1827,5611,7438,00:00
2026-08-01,weekends/holiday,5,TRAIN,NS9/TE2,4207,2917,7124,05:00
2026-08-01,weekends/holiday,6,TRAIN,NS9/TE2,16629,11750,28379,06:00
2026-08-01,weekends/holiday,7,TRAIN,NS9/TE2,22947,20838,43785,07:00
2026-08-01,weekends/holiday,8,TRAIN,NS9/TE2,27758,25563,53321,08:00
2026-08-01,weekends/holiday,9,TRAIN,NS9/TE2,30843,24996,55839,09:00
2026-08-01,weekends/holiday,10,TRAIN,NS9/TE2,30475,28295,58770,10:00
2026-08-01,weekends/holiday,11,TRAIN,NS9/TE2,32287,32522,64809,11:00
2026-08-01,weekends/holiday,12,TRAIN,NS9/TE2,35602,36256,71858,12:00
2026-08-01,weekends/holiday,13,TRAIN,NS9/TE2,36731,39229,75960,13:00
2026-08-01,weekends/holiday,14,TRAIN,NS9/TE2,36059,37276,73335,14:00
2026-08-01,weekends/holiday,15,TRAIN,NS9/TE2,34997,37136,72133,15:00
2026-08-01,weekends/holiday,16,TRAIN,NS9/TE2,35783,38670,74453,16:00
2026-08-01,weekends/holiday,17,TRAIN,NS9/TE2,38649,45200,83849,17:00
2026-08-01,weekends/holiday,18,TRAIN,NS9/TE2,38072,46315,84387,18:00
2026-08-01,weekends/holiday,19,TRAIN,NS9/TE2,32837,43028,75865,19:00
2026-08-01,weekends/holiday,20,TRAIN,NS9/TE2,28609,39667,68276,20:00
2026-08-01,weekends/holiday,21,TRAIN,NS9/TE2,26847,37442,64289,21:00
2026-08-01,weekends/holiday,22,TRAIN,NS9/TE2,18457,35125,53582,22:00
2026-08-01,weekends/holiday,23,TRAIN,NS9/TE2,9048,19203,28251,23:00
2026-08-01,weekday,0,TRAIN,PE1,52,769,821,00:00
2026-08-01,weekday,5,TRAIN,PE1,1650,246,1896,05:00
2026-08-01,weekday,6,TRAIN,PE1,6632,1632,8264,06:00
2026-08-01,weekday,7,TRAIN,PE1,13174,5179,18353,07:00
2026-08-01,weekday,8,TRAIN,PE1,10735,1766,12501,08:00
2026-08-01,weekday,9,TRAIN,PE1,7895,2000,9895,09:00
2026-08-01,weekday,10,TRAIN,PE1,3663,1669,5332,10:00
2026-08-01,weekday,11,TRAIN,PE1,3635,2082,5717,11:00
2026-08-01,weekday,12,TRAIN,PE1,3618,2903,6521,12:00
2026-08-01,weekday,13,TRAIN,PE1,4691,4368,9059,13:00
2026-08-01,weekday,14,TRAIN,PE1,3768,3847,7615,14:00
2026-08-01,weekday,15,TRAIN,PE1,3040,4140,7180,15:00
2026-08-01,weekday,16,TRAIN,PE1,3414,4814,8228,16:00
2026-08-01,weekday,17,TRAIN,PE1,3954,6507,10461,17:00
2026-08-01,weekday,18,TRAIN,PE1,4333,9656,13989,18:00
2026-08-01,weekday,19,TRAIN,PE1,3182,9920,13102,19:00
2026-08-01,weekday,20,TRAIN,PE1,1610,7353,8963,20:00
2026-08-01,weekday,21,TRAIN,PE1,1103,6063,7166,21:00
2026-08-01,weekday,22,TRAIN,PE1,674,4944,5618,22:00
2026-08-01,weekday,23,TRAIN,PE1,318,2548,2866,23:00
2026-08-01,weekends/holiday,0,TRAIN,PE1,49,519,568,00:00
2026-08-01,weekends/holiday,5,TRAIN,PE1,284,67,351,05:00
2026-08-01,weekends/holiday,6,TRAIN,PE1,951,195,1146,06:00
2026-08-01,weekends/holiday,7,TRAIN,PE1,1527,426,1953,07:00
2026-08-01,weekends/holiday,8,TRAIN,PE1,2579,813,3392,08:00
2026-08-01,weekends/holiday,9,TRAIN,PE1,2977,926,3903,09:00
2026-08-01,weekends/holiday,10,TRAIN,PE1,3141,1238,4379,10:00
2026-08-01,weekends/holiday,11,TRAIN,PE1,2969,1564,4533,11:00
2026-08-01,weekends/holiday,12,TRAIN,PE1,2832,2099,4931,12:00
2026-08-01,weekends/holiday,13,TRAIN,PE1,2525,2269,4794,13:00
2026-08-01,weekends/holiday,14,TRAIN,PE1,2078,2329,4407,14:00
2026-08-01,weekends/holiday,15,TRAIN,PE1,2204,2159,4363,15:00
2026-08-01,weekends/holiday,16,TRAIN,PE1,2345,2271,4616,16:00
2026-08-01,weekends/holiday,17,TRAIN,PE1,2460,2375,4835,17:00
2026-08-01,weekends/holiday,18,TRAIN,PE1,2345,2815,5160,18:00
2026-08-01,weekends/holiday,19,TRAIN,PE1,1689,3014,4703,19:00
2026-08-01,weekends/holiday,20,TRAIN,PE1,996,3119,4115,20:00
2026-08-01,weekends/holiday,21,TRAIN,PE1,591,3273,3864,21:00
2026-08-01,weekends/holiday,22,TRAIN,PE1,460,2817,3277,22:00
2026-08-01,weekends/holiday,23,TRAIN,PE1,173,1633,1806,23:00
2026-08-01,weekday,0,TRAIN,PE2,51,863,914,00:00
2026-08-01,weekday,5,TRAIN,PE2,2546,182,2728,05:00
2026-08-01,weekday,6,TRAIN,PE2,10922,2793,13715,06:00
2026-08-01,weekday,7,TRAIN,PE2,21269,10649,31918,07:00
2026-08-01,weekday,8,TRAIN,PE2,15668,2103,17771,08:00
2026-08-01,weekday,9,TRAIN,PE2,10803,2746,13549,09:00
2026-08-01,weekday,10,TRAIN,PE2,6206,2208,8414,10:00
2026-08-01,weekday,11,TRAIN,PE2,5817,3095,8912,11:00
2026-08-01,weekday,12,TRAIN,PE2,5712,4290,10002,12:00
2026-08-01,weekday,13,TRAIN,PE2,10535,6325,16860,13:00
2026-08-01,weekday,14,TRAIN,PE2,6198,5956,12154,14:00
2026-08-01,weekday,15,TRAIN,PE2,4333,5997,10330,15:00
2026-08-01,weekday,16,TRAIN,PE2,4954,6921,11875,16:00
2026-08-01,weekday,17,TRAIN,PE2,6337,8571,14908,17:00
2026-08-01,weekday,18,TRAIN,PE2,6067,13673,19740,18:00
2026-08-01,weekday,19,TRAIN,PE2,3872,14189,18061,19:00
2026-08-01,weekday,20,TRAIN,PE2,2032,9796,11828,20:00
2026-08-01,weekday,21,TRAIN,PE2,1117,8161,9278,21:00
2026-08-01,weekday,22,TRAIN,PE2,784,6583,7367,22:00
2026-08-01,weekday,23,TRAIN,PE2,365,3478,3843,23:00
2026-08-01,weekends/holiday,0,TRAIN,PE2,55,654,709,00:00
2026-08-01,weekends/holiday,5,TRAIN,PE2,576,46,622,05:00
2026-08-01,weekends/holiday,6,TRAIN,PE2,1410,203,1613,06:00
2026-08-01,weekends/holiday,7,TRAIN,PE2,2584,478,3062,07:00
2026-08-01,weekends/holiday,8,TRAIN,PE2,4005,874,4879,08:00
2026-08-01,weekends/holiday,9,TRAIN,PE2,4516,1362,5878,09:00
2026-08-01,weekends/holiday,10,TRAIN,PE2,4722,1583,6305,10:00
2026-08-01,weekends/holiday,11,TRAIN,PE2,4545,2110,6655,11:00
2026-08-01,weekends/holiday,12,TRAIN,PE2,4134,2837,6971,12:00
2026-08-01,weekends/holiday,13,TRAIN,PE2,3511,3233,6744,13:00
2026-08-01,weekends/holiday,14,TRAIN,PE2,3041,3278,6319,14:00
2026-08-01,weekends/holiday,15,TRAIN,PE2,3118,3242,6360,15:00
2026-08-01,weekends/holiday,16,TRAIN,PE2,2959,3102,6061,16:00
2026-08-01,weekends/holiday,17,TRAIN,PE2,3495,3431,6926,17:00
2026-08-01,weekends/holiday,18,TRAIN,PE2,3074,3795,6869,18:00
2026-08-01,weekends/holiday,19,TRAIN,PE2,2274,4345,6619,19:00
2026-08-01,weekends/holiday,20,TRAIN,PE2,1251,4160,5411,20:00
2026-08-01,weekends/holiday,21,TRAIN,PE2,741,4326,5067,21:00
2026-08-01,weekends/holiday,22,TRAIN,PE2,536,3637,4173,22:00
2026-08-01,weekends/holiday,23,TRAIN,PE2,276,2071,2347,23:00
2026-08-01,weekday,0,TRAIN,PE3,56,736,792,00:00
2026-08-01,weekday,5,TRAIN,PE3,1706,335,2041,05:00
2026-08-01,weekday,6,TRAIN,PE3,10230,1854,12084,06:00
2026-08-01,weekday,7,TRAIN,PE3,18787,7180,25967,07:00
2026-08-01,weekday,8,TRAIN,PE3,13502,11277,24779,08:00
2026-08-01,weekday,9,TRAIN,PE3,10989,5049,16038,09:00
2026-08-01,weekday,10,TRAIN,PE3,6471,3759,10230,10:00
2026-08-01,weekday,11,TRAIN,PE3,6604,4333,10937,11:00
2026-08-01,weekday,12,TRAIN,PE3,6456,5135,11591,12:00
2026-08-01,weekday,13,TRAIN,PE3,7158,6625,13783,13:00
2026-08-01,weekday,14,TRAIN,PE3,5968,8087,14055,14:00
2026-08-01,weekday,15,TRAIN,PE3,8859,8381,17240,15:00
2026-08-01,weekday,16,TRAIN,PE3,8090,8474,16564,16:00
2026-08-01,weekday,17,TRAIN,PE3,8634,10548,19182,17:00
2026-08-01,weekday,18,TRAIN,PE3,6972,15555,22527,18:00
2026-08-01,weekday,19,TRAIN,PE3,5055,15758,20813,19:00
2026-08-01,weekday,20,TRAIN,PE3,3061,9604,12665,20:00
2026-08-01,weekday,21,TRAIN,PE3,2416,7487,9903,21:00
2026-08-01,weekday,22,TRAIN,PE3,1124,5239,6363,22:00
2026-08-01,weekday,23,TRAIN,PE3,390,2696,3086,23:00
2026-08-01,weekends/holiday,0,TRAIN,PE3,64,499,563,00:00
2026-08-01,weekends/holiday,5,TRAIN,PE3,383,105,488,05:00
2026-08-01,weekends/holiday,6,TRAIN,PE3,1099,425,1524,06:00
2026-08-01,weekends/holiday,7,TRAIN,PE3,2200,1116,3316,07:00
2026-08-01,weekends/holiday,8,TRAIN,PE3,3668,2392,6060,08:00
2026-08-01,weekends/holiday,9,TRAIN,PE3,4441,2873,7314,09:00
2026-08-01,weekends/holiday,10,TRAIN,PE3,5226,3238,8464,10:00
2026-08-01,weekends/holiday,11,TRAIN,PE3,5518,3427,8945,11:00
2026-08-01,weekends/holiday,12,TRAIN,PE3,5646,3400,9046,12:00
2026-08-01,weekends/holiday,13,TRAIN,PE3,4608,4150,8758,13:00
2026-08-01,weekends/holiday,14,TRAIN,PE3,3711,3710,7421,14:00
2026-08-01,weekends/holiday,15,TRAIN,PE3,3550,3882,7432,15:00
2026-08-01,weekends/holiday,16,TRAIN,PE3,3521,3902,7423,16:00
2026-08-01,weekends/holiday,17,TRAIN,PE3,4146,4155,8301,17:00
2026-08-01,weekends/holiday,18,TRAIN,PE3,3546,4346,7892,18:00
2026-08-01,weekends/holiday,19,TRAIN,PE3,2664,4509,7173,19:00
2026-08-01,weekends/holiday,20,TRAIN,PE3,1663,4183,5846,20:00
2026-08-01,weekends/holiday,21,TRAIN,PE3,1172,4114,5286,21:00
2026-08-01,weekends/holiday,22,TRAIN,PE3,758,3214,3972,22:00
2026-08-01,weekends/holiday,23,TRAIN,PE3,339,1614,1953,23:00
2026-08-01,weekday,0,TRAIN,PE4,60,273,333,00:00
2026-08-01,weekday,5,TRAIN,PE4,744,129,873,05:00
2026-08-01,weekday,6,TRAIN,PE4,3535,480,4015,06:00
2026-08-01,weekday,7,TRAIN,PE4,6822,1453,8275,07:00
2026-08-01,weekday,8,TRAIN,PE4,4069,1226,5295,08:00
2026-08-01,weekday,9,TRAIN,PE4,3091,821,3912,09:00
2026-08-01,weekday,10,TRAIN,PE4,1717,701,2418,10:00
2026-08-01,weekday,11,TRAIN,PE4,1772,960,2732,11:00
2026-08-01,weekday,12,TRAIN,PE4,1698,1436,3134,12:00
2026-08-01,weekday,13,TRAIN,PE4,1597,1830,3427,13:00
2026-08-01,weekday,14,TRAIN,PE4,1398,2323,3721,14:00
2026-08-01,weekday,15,TRAIN,PE4,1319,1847,3166,15:00
2026-08-01,weekday,16,TRAIN,PE4,1539,2141,3680,16:00
2026-08-01,weekday,17,TRAIN,PE4,2162,2577,4739,17:00
2026-08-01,weekday,18,TRAIN,PE4,2257,3873,6130,18:00
2026-08-01,weekday,19,TRAIN,PE4,1646,3921,5567,19:00
2026-08-01,weekday,20,TRAIN,PE4,953,2650,3603,20:00
2026-08-01,weekday,21,TRAIN,PE4,1002,2131,3133,21:00
2026-08-01,weekday,22,TRAIN,PE4,644,1857,2501,22:00
2026-08-01,weekday,23,TRAIN,PE4,264,896,1160,23:00
2026-08-01,weekends/holiday,0,TRAIN,PE4,44,177,221,00:00
2026-08-01,weekends/holiday,5,TRAIN,PE4,169,14,183,05:00
2026-08-01,weekends/holiday,6,TRAIN,PE4,449,137,586,06:00
2026-08-01,weekends/holiday,7,TRAIN,PE4,739,319,1058,07:00
2026-08-01,weekends/holiday,8,TRAIN,PE4,995,430,1425,08:00
2026-08-01,weekends/holiday,9,TRAIN,PE4,1286,556,1842,09:00
2026-08-01,weekends/holiday,10,TRAIN,PE4,1504,700,2204,10:00
2026-08-01,weekends/holiday,11,TRAIN,PE4,1587,796,2383,11:00
2026-08-01,weekends/holiday,12,TRAIN,PE4,1348,1130,2478,12:00
2026-08-01,weekends/holiday,13,TRAIN,PE4,1333,1158,2491,13:00
2026-08-01,weekends/holiday,14,TRAIN,PE4,1220,1205,2425,14:00
2026-08-01,weekends/holiday,15,TRAIN,PE4,1180,1217,2397,15:00
2026-08-01,weekends/holiday,16,TRAIN,PE4,1265,1159,2424,16:00
2026-08-01,weekends/holiday,17,TRAIN,PE4,1442,1375,2817,17:00
2026-08-01,weekends/holiday,18,TRAIN,PE4,1228,1592,2820,18:00
2026-08-01,weekends/holiday,19,TRAIN,PE4,1098,1643,2741,19:00
2026-08-01,weekends/holiday,20,TRAIN,PE4,744,1385,2129,20:00
2026-08-01,weekends/holiday,21,TRAIN,PE4,673,1222,1895,21:00
2026-08-01,weekends/holiday,22,TRAIN,PE4,450,931,1381,22:00
2026-08-01,weekends/holiday,23,TRAIN,PE4,267,601,868,23:00
2026-08-01,weekday,0,TRAIN,PE5,40,844,884,00:00
2026-08-01,weekday,5,TRAIN,PE5,2629,121,2750,05:00
2026-08-01,weekday,6,TRAIN,PE5,14986,1746,16732,06:00
2026-08-01,weekday,7,TRAIN,PE5,26543,7105,33648,07:00
2026-08-01,weekday,8,TRAIN,PE5,17737,2982,20719,08:00
2026-08-01,weekday,9,TRAIN,PE5,11599,2811,14410,09:00
2026-08-01,weekday,10,TRAIN,PE5,6157,2274,8431,10:00
2026-08-01,weekday,11,TRAIN,PE5,5832,3196,9028,11:00
2026-08-01,weekday,12,TRAIN,PE5,5519,4073,9592,12:00
2026-08-01,weekday,13,TRAIN,PE5,7177,6725,13902,13:00
2026-08-01,weekday,14,TRAIN,PE5,6635,6832,13467,14:00
2026-08-01,weekday,15,TRAIN,PE5,4458,6960,11418,15:00
2026-08-01,weekday,16,TRAIN,PE5,5087,7796,12883,16:00
2026-08-01,weekday,17,TRAIN,PE5,6399,10243,16642,17:00
2026-08-01,weekday,18,TRAIN,PE5,5960,16494,22454,18:00
2026-08-01,weekday,19,TRAIN,PE5,3834,16138,19972,19:00
2026-08-01,weekday,20,TRAIN,PE5,2157,10261,12418,20:00
2026-08-01,weekday,21,TRAIN,PE5,1487,8009,9496,21:00
2026-08-01,weekday,22,TRAIN,PE5,960,6016,6976,22:00
2026-08-01,weekday,23,TRAIN,PE5,352,3188,3540,23:00
2026-08-01,weekends/holiday,0,TRAIN,PE5,21,622,643,00:00
2026-08-01,weekends/holiday,5,TRAIN,PE5,572,17,589,05:00
2026-08-01,weekends/holiday,6,TRAIN,PE5,1662,281,1943,06:00
2026-08-01,weekends/holiday,7,TRAIN,PE5,2812,558,3370,07:00
2026-08-01,weekends/holiday,8,TRAIN,PE5,4324,1241,5565,08:00
2026-08-01,weekends/holiday,9,TRAIN,PE5,4972,1415,6387,09:00
2026-08-01,weekends/holiday,10,TRAIN,PE5,4932,1721,6653,10:00
2026-08-01,weekends/holiday,11,TRAIN,PE5,4651,2277,6928,11:00
2026-08-01,weekends/holiday,12,TRAIN,PE5,4598,2716,7314,12:00
2026-08-01,weekends/holiday,13,TRAIN,PE5,3526,3223,6749,13:00
2026-08-01,weekends/holiday,14,TRAIN,PE5,3250,3385,6635,14:00
2026-08-01,weekends/holiday,15,TRAIN,PE5,3040,3284,6324,15:00
2026-08-01,weekends/holiday,16,TRAIN,PE5,3325,3423,6748,16:00
2026-08-01,weekends/holiday,17,TRAIN,PE5,3357,3823,7180,17:00
2026-08-01,weekends/holiday,18,TRAIN,PE5,3005,4012,7017,18:00
2026-08-01,weekends/holiday,19,TRAIN,PE5,2213,4315,6528,19:00
2026-08-01,weekends/holiday,20,TRAIN,PE5,1428,4321,5749,20:00
2026-08-01,weekends/holiday,21,TRAIN,PE5,987,4246,5233,21:00
2026-08-01,weekends/holiday,22,TRAIN,PE5,660,3515,4175,22:00
2026-08-01,weekends/holiday,23,TRAIN,PE5,221,1789,2010,23:00
2026-08-01,weekday,0,TRAIN,PE6,72,588,660,00:00
2026-08-01,weekday,5,TRAIN,PE6,2287,244,2531,05:00
2026-08-01,weekday,6,TRAIN,PE6,10706,2586,13292,06:00
2026-08-01,weekday,7,TRAIN,PE6,19871,7692,27563,07:00
2026-08-01,weekday,8,TRAIN,PE6,14509,5987,20496,08:00
2026-08-01,weekday,9,TRAIN,PE6,11488,7241,18729,09:00
2026-08-01,weekday,10,TRAIN,PE6,8010,5880,13890,10:00
2026-08-01,weekday,11,TRAIN,PE6,8312,6112,14424,11:00
2026-08-01,weekday,12,TRAIN,PE6,8737,6364,15101,12:00
2026-08-01,weekday,13,TRAIN,PE6,7879,9376,17255,13:00
2026-08-01,weekday,14,TRAIN,PE6,7732,10565,18297,14:00
2026-08-01,weekday,15,TRAIN,PE6,7506,9420,16926,15:00
2026-08-01,weekday,16,TRAIN,PE6,8475,9135,17610,16:00
2026-08-01,weekday,17,TRAIN,PE6,9115,12039,21154,17:00
2026-08-01,weekday,18,TRAIN,PE6,8196,18179,26375,18:00
2026-08-01,weekday,19,TRAIN,PE6,6244,15861,22105,19:00
2026-08-01,weekday,20,TRAIN,PE6,4889,9211,14100,20:00
2026-08-01,weekday,21,TRAIN,PE6,4272,6208,10480,21:00
2026-08-01,weekday,22,TRAIN,PE6,1874,4423,6297,22:00
2026-08-01,weekday,23,TRAIN,PE6,516,2429,2945,23:00
2026-08-01,weekends/holiday,0,TRAIN,PE6,56,338,394,00:00
2026-08-01,weekends/holiday,5,TRAIN,PE6,588,71,659,05:00
2026-08-01,weekends/holiday,6,TRAIN,PE6,1066,570,1636,06:00
2026-08-01,weekends/holiday,7,TRAIN,PE6,1981,1454,3435,07:00
2026-08-01,weekends/holiday,8,TRAIN,PE6,3825,2514,6339,08:00
2026-08-01,weekends/holiday,9,TRAIN,PE6,4823,3274,8097,09:00
2026-08-01,weekends/holiday,10,TRAIN,PE6,5509,3806,9315,10:00
2026-08-01,weekends/holiday,11,TRAIN,PE6,5821,4088,9909,11:00
2026-08-01,weekends/holiday,12,TRAIN,PE6,6094,4518,10612,12:00
2026-08-01,weekends/holiday,13,TRAIN,PE6,5345,4781,10126,13:00
2026-08-01,weekends/holiday,14,TRAIN,PE6,4774,4592,9366,14:00
2026-08-01,weekends/holiday,15,TRAIN,PE6,4662,4475,9137,15:00
2026-08-01,weekends/holiday,16,TRAIN,PE6,4515,4367,8882,16:00
2026-08-01,weekends/holiday,17,TRAIN,PE6,4535,4680,9215,17:00
2026-08-01,weekends/holiday,18,TRAIN,PE6,4076,4774,8850,18:00
2026-08-01,weekends/holiday,19,TRAIN,PE6,3461,4566,8027,19:00
2026-08-01,weekends/holiday,20,TRAIN,PE6,2682,4142,6824,20:00
2026-08-01,weekends/holiday,21,TRAIN,PE6,1920,3524,5444,21:00
2026-08-01,weekends/holiday,22,TRAIN,PE6,1101,2841,3942,22:00
2026-08-01,weekends/holiday,23,TRAIN,PE6,356,1373,1729,23:00
2026-08-01,weekday,0,TRAIN,PE7,13,494,507,00:00
2026-08-01,weekday,5,TRAIN,PE7,1420,100,1520,05:00
2026-08-01,weekday,6,TRAIN,PE7,9668,1368,11036,06:00
2026-08-01,weekday,7,TRAIN,PE7,14093,3915,18008,07:00
2026-08-01,weekday,8,TRAIN,PE7,9376,2534,11910,08:00
2026-08-01,weekday,9,TRAIN,PE7,7559,2134,9693,09:00
2026-08-01,weekday,10,TRAIN,PE7,4013,1709,5722,10:00
2026-08-01,weekday,11,TRAIN,PE7,3629,2328,5957,11:00
2026-08-01,weekday,12,TRAIN,PE7,3882,2939,6821,12:00
2026-08-01,weekday,13,TRAIN,PE7,5280,4728,10008,13:00
2026-08-01,weekday,14,TRAIN,PE7,3216,5231,8447,14:00
2026-08-01,weekday,15,TRAIN,PE7,2953,5077,8030,15:00
2026-08-01,weekday,16,TRAIN,PE7,3331,5388,8719,16:00
2026-08-01,weekday,17,TRAIN,PE7,4268,7238,11506,17:00
2026-08-01,weekday,18,TRAIN,PE7,4640,12104,16744,18:00
2026-08-01,weekday,19,TRAIN,PE7,2715,10605,13320,19:00
2026-08-01,weekday,20,TRAIN,PE7,1316,7056,8372,20:00
2026-08-01,weekday,21,TRAIN,PE7,931,5545,6476,21:00
2026-08-01,weekday,22,TRAIN,PE7,387,4013,4400,22:00
2026-08-01,weekday,23,TRAIN,PE7,130,2066,2196,23:00
2026-08-01,weekends/holiday,0,TRAIN,PE7,7,322,329,00:00
2026-08-01,weekends/holiday,5,TRAIN,PE7,366,5,371,05:00
2026-08-01,weekends/holiday,6,TRAIN,PE7,962,111,1073,06:00
2026-08-01,weekends/holiday,7,TRAIN,PE7,1638,336,1974,07:00
2026-08-01,weekends/holiday,8,TRAIN,PE7,3044,691,3735,08:00
2026-08-01,weekends/holiday,9,TRAIN,PE7,3223,931,4154,09:00
2026-08-01,weekends/holiday,10,TRAIN,PE7,3458,1323,4781,10:00
2026-08-01,weekends/holiday,11,TRAIN,PE7,3345,1627,4972,11:00
2026-08-01,weekends/holiday,12,TRAIN,PE7,3188,2240,5428,12:00
2026-08-01,weekends/holiday,13,TRAIN,PE7,2637,2517,5154,13:00
2026-08-01,weekends/holiday,14,TRAIN,PE7,2310,2684,4994,14:00
2026-08-01,weekends/holiday,15,TRAIN,PE7,2122,2546,4668,15:00
2026-08-01,weekends/holiday,16,TRAIN,PE7,2270,2490,4760,16:00
2026-08-01,weekends/holiday,17,TRAIN,PE7,2561,2479,5040,17:00
2026-08-01,weekends/holiday,18,TRAIN,PE7,1953,2774,4727,18:00
2026-08-01,weekends/holiday,19,TRAIN,PE7,1401,2943,4344,19:00
2026-08-01,weekends/holiday,20,TRAIN,PE7,736,2987,3723,20:00
2026-08-01,weekends/holiday,21,TRAIN,PE7,531,2964,3495,21:00
2026-08-01,weekends/holiday,22,TRAIN,PE7,272,2208,2480,22:00
2026-08-01,weekends/holiday,23,TRAIN,PE7,113,1340,1453,23:00
2026-08-01,weekday,0,TRAIN,PW1,16,11,27,00:00
2026-08-01,weekday,5,TRAIN,PW1,61,128,189,05:00
2026-08-01,weekday,6,TRAIN,PW1,127,799,926,06:00
2026-08-01,weekday,7,TRAIN,PW1,710,2227,2937,07:00
2026-08-01,weekday,8,TRAIN,PW1,919,2578,3497,08:00
2026-08-01,weekday,9,TRAIN,PW1,1176,3676,4852,09:00
2026-08-01,weekday,10,TRAIN,PW1,657,2406,3063,10:00
2026-08-01,weekday,11,TRAIN,PW1,1327,2520,3847,11:00
2026-08-01,weekday,12,TRAIN,PW1,1945,2537,4482,12:00
2026-08-01,weekday,13,TRAIN,PW1,1935,2599,4534,13:00
2026-08-01,weekday,14,TRAIN,PW1,1746,3226,4972,14:00
2026-08-01,weekday,15,TRAIN,PW1,2182,3235,5417,15:00
2026-08-01,weekday,16,TRAIN,PW1,2814,3261,6075,16:00
2026-08-01,weekday,17,TRAIN,PW1,4092,3602,7694,17:00
2026-08-01,weekday,18,TRAIN,PW1,3731,3743,7474,18:00
2026-08-01,weekday,19,TRAIN,PW1,2727,2443,5170,19:00
2026-08-01,weekday,20,TRAIN,PW1,2339,853,3192,20:00
2026-08-01,weekday,21,TRAIN,PW1,2257,328,2585,21:00
2026-08-01,weekday,22,TRAIN,PW1,918,110,1028,22:00
2026-08-01,weekday,23,TRAIN,PW1,239,56,295,23:00
2026-08-01,weekends/holiday,0,TRAIN,PW1,35,9,44,00:00
2026-08-01,weekends/holiday,5,TRAIN,PW1,18,35,53,05:00
2026-08-01,weekends/holiday,6,TRAIN,PW1,37,259,296,06:00
2026-08-01,weekends/holiday,7,TRAIN,PW1,57,609,666,07:00
2026-08-01,weekends/holiday,8,TRAIN,PW1,190,1706,1896,08:00
2026-08-01,weekends/holiday,9,TRAIN,PW1,367,2235,2602,09:00
2026-08-01,weekends/holiday,10,TRAIN,PW1,914,2947,3861,10:00
2026-08-01,weekends/holiday,11,TRAIN,PW1,1535,2713,4248,11:00
2026-08-01,weekends/holiday,12,TRAIN,PW1,1822,2490,4312,12:00
2026-08-01,weekends/holiday,13,TRAIN,PW1,2130,2421,4551,13:00
2026-08-01,weekends/holiday,14,TRAIN,PW1,1940,2360,4300,14:00
2026-08-01,weekends/holiday,15,TRAIN,PW1,1946,2256,4202,15:00
2026-08-01,weekends/holiday,16,TRAIN,PW1,2095,2176,4271,16:00
2026-08-01,weekends/holiday,17,TRAIN,PW1,2013,1949,3962,17:00
2026-08-01,weekends/holiday,18,TRAIN,PW1,2011,1653,3664,18:00
2026-08-01,weekends/holiday,19,TRAIN,PW1,1387,1127,2514,19:00
2026-08-01,weekends/holiday,20,TRAIN,PW1,1462,502,1964,20:00
2026-08-01,weekends/holiday,21,TRAIN,PW1,1107,236,1343,21:00
2026-08-01,weekends/holiday,22,TRAIN,PW1,539,109,648,22:00
2026-08-01,weekends/holiday,23,TRAIN,PW1,152,48,200,23:00
2026-08-01,weekday,0,TRAIN,PW2,7,6,13,00:00
2026-08-01,weekday,5,TRAIN,PW2,2,46,48,05:00
2026-08-01,weekday,6,TRAIN,PW2,8,117,125,06:00
2026-08-01,weekday,7,TRAIN,PW2,48,219,267,07:00
2026-08-01,weekday,8,TRAIN,PW2,105,252,357,08:00
2026-08-01,weekday,9,TRAIN,PW2,185,303,488,09:00
2026-08-01,weekday,10,TRAIN,PW2,150,184,334,10:00
2026-08-01,weekday,11,TRAIN,PW2,139,188,327,11:00
2026-08-01,weekday,12,TRAIN,PW2,190,182,372,12:00
2026-08-01,weekday,13,TRAIN,PW2,188,225,413,13:00
2026-08-01,weekday,14,TRAIN,PW2,151,157,308,14:00
2026-08-01,weekday,15,TRAIN,PW2,124,123,247,15:00
2026-08-01,weekday,16,TRAIN,PW2,159,204,363,16:00
2026-08-01,weekday,17,TRAIN,PW2,222,234,456,17:00
2026-08-01,weekday,18,TRAIN,PW2,365,252,617,18:00
2026-08-01,weekday,19,TRAIN,PW2,391,207,598,19:00
2026-08-01,weekday,20,TRAIN,PW2,284,85,369,20:00
2026-08-01,weekday,21,TRAIN,PW2,138,31,169,21:00
2026-08-01,weekday,22,TRAIN,PW2,81,21,102,22:00
2026-08-01,weekday,23,TRAIN,PW2,28,14,42,23:00
2026-08-01,weekends/holiday,0,TRAIN,PW2,18,9,27,00:00
2026-08-01,weekends/holiday,5,TRAIN,PW2,1,1,2,05:00
2026-08-01,weekends/holiday,6,TRAIN,PW2,1,40,41,06:00
2026-08-01,weekends/holiday,7,TRAIN,PW2,26,90,116,07:00
2026-08-01,weekends/holiday,8,TRAIN,PW2,59,187,246,08:00
2026-08-01,weekends/holiday,9,TRAIN,PW2,148,178,326,09:00
2026-08-01,weekends/holiday,10,TRAIN,PW2,179,215,394,10:00
2026-08-01,weekends/holiday,11,TRAIN,PW2,181,221,402,11:00
2026-08-01,weekends/holiday,12,TRAIN,PW2,244,251,495,12:00
2026-08-01,weekends/holiday,13,TRAIN,PW2,164,224,388,13:00
2026-08-01,weekends/holiday,14,TRAIN,PW2,212,184,396,14:00
2026-08-01,weekends/holiday,15,TRAIN,PW2,163,142,305,15:00
2026-08-01,weekends/holiday,16,TRAIN,PW2,151,180,331,16:00
2026-08-01,weekends/holiday,17,TRAIN,PW2,165,214,379,17:00
2026-08-01,weekends/holiday,18,TRAIN,PW2,166,259,425,18:00
2026-08-01,weekends/holiday,19,TRAIN,PW2,260,165,425,19:00
2026-08-01,weekends/holiday,20,TRAIN,PW2,225,45,270,20:00
2026-08-01,weekends/holiday,21,TRAIN,PW2,112,20,132,21:00
2026-08-01,weekends/holiday,22,TRAIN,PW2,49,20,69,22:00
2026-08-01,weekends/holiday,23,TRAIN,PW2,13,7,20,23:00
2026-08-01,weekday,0,TRAIN,PW3,11,62,73,00:00
2026-08-01,weekday,5,TRAIN,PW3,623,83,706,05:00
2026-08-01,weekday,6,TRAIN,PW3,3671,964,4635,06:00
2026-08-01,weekday,7,TRAIN,PW3,3759,2586,6345,07:00
2026-08-01,weekday,8,TRAIN,PW3,1480,924,2404,08:00
2026-08-01,weekday,9,TRAIN,PW3,1132,1014,2146,09:00
2026-08-01,weekday,10,TRAIN,PW3,799,409,1208,10:00
2026-08-01,weekday,11,TRAIN,PW3,749,463,1212,11:00
2026-08-01,weekday,12,TRAIN,PW3,836,608,1444,12:00
2026-08-01,weekday,13,TRAIN,PW3,1749,918,2667,13:00
2026-08-01,weekday,14,TRAIN,PW3,532,651,1183,14:00
2026-08-01,weekday,15,TRAIN,PW3,899,802,1701,15:00
2026-08-01,weekday,16,TRAIN,PW3,899,989,1888,16:00
2026-08-01,weekday,17,TRAIN,PW3,1102,1378,2480,17:00
2026-08-01,weekday,18,TRAIN,PW3,1275,1884,3159,18:00
2026-08-01,weekday,19,TRAIN,PW3,585,1932,2517,19:00
2026-08-01,weekday,20,TRAIN,PW3,297,1593,1890,20:00
2026-08-01,weekday,21,TRAIN,PW3,242,1377,1619,21:00
2026-08-01,weekday,22,TRAIN,PW3,102,1015,1117,22:00
2026-08-01,weekday,23,TRAIN,PW3,56,326,382,23:00
2026-08-01,weekends/holiday,0,TRAIN,PW3,15,70,85,00:00
2026-08-01,weekends/holiday,5,TRAIN,PW3,151,11,162,05:00
2026-08-01,weekends/holiday,6,TRAIN,PW3,866,75,941,06:00
2026-08-01,weekends/holiday,7,TRAIN,PW3,500,117,617,07:00
2026-08-01,weekends/holiday,8,TRAIN,PW3,571,243,814,08:00
2026-08-01,weekends/holiday,9,TRAIN,PW3,601,249,850,09:00
2026-08-01,weekends/holiday,10,TRAIN,PW3,550,246,796,10:00
2026-08-01,weekends/holiday,11,TRAIN,PW3,601,373,974,11:00
2026-08-01,weekends/holiday,12,TRAIN,PW3,446,411,857,12:00
2026-08-01,weekends/holiday,13,TRAIN,PW3,419,478,897,13:00
2026-08-01,weekends/holiday,14,TRAIN,PW3,394,405,799,14:00
2026-08-01,weekends/holiday,15,TRAIN,PW3,418,487,905,15:00
2026-08-01,weekends/holiday,16,TRAIN,PW3,532,451,983,16:00
2026-08-01,weekends/holiday,17,TRAIN,PW3,602,545,1147,17:00
2026-08-01,weekends/holiday,18,TRAIN,PW3,531,664,1195,18:00
2026-08-01,weekends/holiday,19,TRAIN,PW3,404,784,1188,19:00
2026-08-01,weekends/holiday,20,TRAIN,PW3,268,829,1097,20:00
2026-08-01,weekends/holiday,21,TRAIN,PW3,171,735,906,21:00
2026-08-01,weekends/holiday,22,TRAIN,PW3,81,579,660,22:00
2026-08-01,weekends/holiday,23,TRAIN,PW3,19,284,303,23:00
2026-08-01,weekday,0,TRAIN,PW4,75,390,465,00:00
2026-08-01,weekday,5,TRAIN,PW4,2002,90,2092,05:00
2026-08-01,weekday,6,TRAIN,PW4,8443,967,9410,06:00
2026-08-01,weekday,7,TRAIN,PW4,12310,1660,13970,07:00
2026-08-01,weekday,8,TRAIN,PW4,8118,2687,10805,08:00
2026-08-01,weekday,9,TRAIN,PW4,5930,3143,9073,09:00
2026-08-01,weekday,10,TRAIN,PW4,3531,2237,5768,10:00
2026-08-01,weekday,11,TRAIN,PW4,3696,2790,6486,11:00
2026-08-01,weekday,12,TRAIN,PW4,3618,3405,7023,12:00
2026-08-01,weekday,13,TRAIN,PW4,3797,4393,8190,13:00
2026-08-01,weekday,14,TRAIN,PW4,3751,5274,9025,14:00
2026-08-01,weekday,15,TRAIN,PW4,3359,4860,8219,15:00
2026-08-01,weekday,16,TRAIN,PW4,4139,5271,9410,16:00
2026-08-01,weekday,17,TRAIN,PW4,4901,7762,12663,17:00
2026-08-01,weekday,18,TRAIN,PW4,5032,11530,16562,18:00
2026-08-01,weekday,19,TRAIN,PW4,3739,9878,13617,19:00
2026-08-01,weekday,20,TRAIN,PW4,3041,5804,8845,20:00
2026-08-01,weekday,21,TRAIN,PW4,2808,4367,7175,21:00
2026-08-01,weekday,22,TRAIN,PW4,1668,3143,4811,22:00
2026-08-01,weekday,23,TRAIN,PW4,595,1684,2279,23:00
2026-08-01,weekends/holiday,0,TRAIN,PW4,49,288,337,00:00
2026-08-01,weekends/holiday,5,TRAIN,PW4,504,25,529,05:00
2026-08-01,weekends/holiday,6,TRAIN,PW4,1003,218,1221,06:00
2026-08-01,weekends/holiday,7,TRAIN,PW4,1605,600,2205,07:00
2026-08-01,weekends/holiday,8,TRAIN,PW4,2326,1365,3691,08:00
2026-08-01,weekends/holiday,9,TRAIN,PW4,2753,2044,4797,09:00
2026-08-01,weekends/holiday,10,TRAIN,PW4,3148,2133,5281,10:00
2026-08-01,weekends/holiday,11,TRAIN,PW4,3407,2711,6118,11:00
2026-08-01,weekends/holiday,12,TRAIN,PW4,3399,3110,6509,12:00
2026-08-01,weekends/holiday,13,TRAIN,PW4,3568,3339,6907,13:00
2026-08-01,weekends/holiday,14,TRAIN,PW4,3123,3203,6326,14:00
2026-08-01,weekends/holiday,15,TRAIN,PW4,3127,3228,6355,15:00
2026-08-01,weekends/holiday,16,TRAIN,PW4,3317,3132,6449,16:00
2026-08-01,weekends/holiday,17,TRAIN,PW4,3293,3350,6643,17:00
2026-08-01,weekends/holiday,18,TRAIN,PW4,2974,3650,6624,18:00
2026-08-01,weekends/holiday,19,TRAIN,PW4,2664,3468,6132,19:00
2026-08-01,weekends/holiday,20,TRAIN,PW4,2117,2659,4776,20:00
2026-08-01,weekends/holiday,21,TRAIN,PW4,1734,2366,4100,21:00
2026-08-01,weekends/holiday,22,TRAIN,PW4,1199,1763,2962,22:00
2026-08-01,weekends/holiday,23,TRAIN,PW4,365,1054,1419,23:00
2026-08-01,weekday,0,TRAIN,PW5,13,577,590,00:00
2026-08-01,weekday,5,TRAIN,PW5,1875,62,1937,05:00
2026-08-01,weekday,6,TRAIN,PW5,8053,1841,9894,06:00
2026-08-01,weekday,7,TRAIN,PW5,10965,6068,17033,07:00
2026-08-01,weekday,8,TRAIN,PW5,4992,1403,6395,08:00
2026-08-01,weekday,9,TRAIN,PW5,3485,1529,5014,09:00
2026-08-01,weekday,10,TRAIN,PW5,2330,1201,3531,10:00
2026-08-01,weekday,11,TRAIN,PW5,2096,1469,3565,11:00
2026-08-01,weekday,12,TRAIN,PW5,2147,1870,4017,12:00
2026-08-01,weekday,13,TRAIN,PW5,5201,2722,7923,13:00
2026-08-01,weekday,14,TRAIN,PW5,2004,2510,4514,14:00
2026-08-01,weekday,15,TRAIN,PW5,1960,2631,4591,15:00
2026-08-01,weekday,16,TRAIN,PW5,2408,3206,5614,16:00
2026-08-01,weekday,17,TRAIN,PW5,2301,4482,6783,17:00
2026-08-01,weekday,18,TRAIN,PW5,2459,6724,9183,18:00
2026-08-01,weekday,19,TRAIN,PW5,1901,7108,9009,19:00
2026-08-01,weekday,20,TRAIN,PW5,1091,5688,6779,20:00
2026-08-01,weekday,21,TRAIN,PW5,953,5272,6225,21:00
2026-08-01,weekday,22,TRAIN,PW5,467,3269,3736,22:00
2026-08-01,weekday,23,TRAIN,PW5,160,1799,1959,23:00
2026-08-01,weekends/holiday,0,TRAIN,PW5,16,533,549,00:00
2026-08-01,weekends/holiday,5,TRAIN,PW5,730,16,746,05:00
2026-08-01,weekends/holiday,6,TRAIN,PW5,3122,445,3567,06:00
2026-08-01,weekends/holiday,7,TRAIN,PW5,3091,807,3898,07:00
2026-08-01,weekends/holiday,8,TRAIN,PW5,2365,779,3144,08:00
2026-08-01,weekends/holiday,9,TRAIN,PW5,2352,743,3095,09:00
2026-08-01,weekends/holiday,10,TRAIN,PW5,2354,908,3262,10:00
2026-08-01,weekends/holiday,11,TRAIN,PW5,2368,1001,3369,11:00
2026-08-01,weekends/holiday,12,TRAIN,PW5,2041,1345,3386,12:00
2026-08-01,weekends/holiday,13,TRAIN,PW5,1871,1637,3508,13:00
2026-08-01,weekends/holiday,14,TRAIN,PW5,1755,1683,3438,14:00
2026-08-01,weekends/holiday,15,TRAIN,PW5,1613,1772,3385,15:00
2026-08-01,weekends/holiday,16,TRAIN,PW5,1826,2000,3826,16:00
2026-08-01,weekends/holiday,17,TRAIN,PW5,1752,2523,4275,17:00
2026-08-01,weekends/holiday,18,TRAIN,PW5,1734,2882,4616,18:00
2026-08-01,weekends/holiday,19,TRAIN,PW5,1293,3395,4688,19:00
2026-08-01,weekends/holiday,20,TRAIN,PW5,872,3689,4561,20:00
2026-08-01,weekends/holiday,21,TRAIN,PW5,675,3336,4011,21:00
2026-08-01,weekends/holiday,22,TRAIN,PW5,404,2857,3261,22:00
2026-08-01,weekends/holiday,23,TRAIN,PW5,168,1798,1966,23:00
2026-08-01,weekday,0,TRAIN,PW6,17,158,175,00:00
2026-08-01,weekday,5,TRAIN,PW6,643,13,656,05:00
2026-08-01,weekday,6,TRAIN,PW6,4603,717,5320,06:00
2026-08-01,weekday,7,TRAIN,PW6,7198,1917,9115,07:00
2026-08-01,weekday,8,TRAIN,PW6,4535,745,5280,08:00
2026-08-01,weekday,9,TRAIN,PW6,3142,787,3929,09:00
2026-08-01,weekday,10,TRAIN,PW6,1639,558,2197,10:00
2026-08-01,weekday,11,TRAIN,PW6,1588,936,2524,11:00
2026-08-01,weekday,12,TRAIN,PW6,1723,1058,2781,12:00
2026-08-01,weekday,13,TRAIN,PW6,2186,2008,4194,13:00
2026-08-01,weekday,14,TRAIN,PW6,1481,2165,3646,14:00
2026-08-01,weekday,15,TRAIN,PW6,1609,1922,3531,15:00
2026-08-01,weekday,16,TRAIN,PW6,1818,1996,3814,16:00
2026-08-01,weekday,17,TRAIN,PW6,2087,2482,4569,17:00
2026-08-01,weekday,18,TRAIN,PW6,1523,3976,5499,18:00
2026-08-01,weekday,19,TRAIN,PW6,935,3413,4348,19:00
2026-08-01,weekday,20,TRAIN,PW6,495,2307,2802,20:00
2026-08-01,weekday,21,TRAIN,PW6,337,1708,2045,21:00
2026-08-01,weekday,22,TRAIN,PW6,193,1318,1511,22:00
2026-08-01,weekday,23,TRAIN,PW6,69,635,704,23:00
2026-08-01,weekends/holiday,0,TRAIN,PW6,11,141,152,00:00
2026-08-01,weekends/holiday,5,TRAIN,PW6,178,7,185,05:00
2026-08-01,weekends/holiday,6,TRAIN,PW6,312,41,353,06:00
2026-08-01,weekends/holiday,7,TRAIN,PW6,543,78,621,07:00
2026-08-01,weekends/holiday,8,TRAIN,PW6,1142,320,1462,08:00
2026-08-01,weekends/holiday,9,TRAIN,PW6,1381,354,1735,09:00
2026-08-01,weekends/holiday,10,TRAIN,PW6,1414,496,1910,10:00
2026-08-01,weekends/holiday,11,TRAIN,PW6,1373,543,1916,11:00
2026-08-01,weekends/holiday,12,TRAIN,PW6,1156,813,1969,12:00
2026-08-01,weekends/holiday,13,TRAIN,PW6,1099,871,1970,13:00
2026-08-01,weekends/holiday,14,TRAIN,PW6,926,821,1747,14:00
2026-08-01,weekends/holiday,15,TRAIN,PW6,799,827,1626,15:00
2026-08-01,weekends/holiday,16,TRAIN,PW6,906,856,1762,16:00
2026-08-01,weekends/holiday,17,TRAIN,PW6,882,810,1692,17:00
2026-08-01,weekends/holiday,18,TRAIN,PW6,671,948,1619,18:00
2026-08-01,weekends/holiday,19,TRAIN,PW6,532,823,1355,19:00
2026-08-01,weekends/holiday,20,TRAIN,PW6,253,843,1096,20:00
2026-08-01,weekends/holiday,21,TRAIN,PW6,205,931,1136,21:00
2026-08-01,weekends/holiday,22,TRAIN,PW6,102,699,801,22:00
2026-08-01,weekends/holiday,23,TRAIN,PW6,50,449,499,23:00
2026-08-01,weekday,0,TRAIN,PW7,55,412,467,00:00
2026-08-01,weekday,5,TRAIN,PW7,1039,521,1560,05:00
2026-08-01,weekday,6,TRAIN,PW7,6302,3947,10249,06:00
2026-08-01,weekday,7,TRAIN,PW7,9632,9920,19552,07:00
2026-08-01,weekday,8,TRAIN,PW7,6384,2628,9012,08:00
2026-08-01,weekday,9,TRAIN,PW7,5375,2450,7825,09:00
2026-08-01,weekday,10,TRAIN,PW7,2902,1649,4551,10:00
2026-08-01,weekday,11,TRAIN,PW7,2884,2071,4955,11:00
2026-08-01,weekday,12,TRAIN,PW7,2927,2518,5445,12:00
2026-08-01,weekday,13,TRAIN,PW7,2857,4153,7010,13:00
2026-08-01,weekday,14,TRAIN,PW7,3270,3785,7055,14:00
2026-08-01,weekday,15,TRAIN,PW7,3312,3331,6643,15:00
2026-08-01,weekday,16,TRAIN,PW7,3343,3901,7244,16:00
2026-08-01,weekday,17,TRAIN,PW7,4653,5361,10014,17:00
2026-08-01,weekday,18,TRAIN,PW7,5109,8191,13300,18:00
2026-08-01,weekday,19,TRAIN,PW7,3567,7379,10946,19:00
2026-08-01,weekday,20,TRAIN,PW7,2132,5047,7179,20:00
2026-08-01,weekday,21,TRAIN,PW7,1749,4078,5827,21:00
2026-08-01,weekday,22,TRAIN,PW7,1038,3010,4048,22:00
2026-08-01,weekday,23,TRAIN,PW7,488,1711,2199,23:00
2026-08-01,weekends/holiday,0,TRAIN,PW7,44,251,295,00:00
2026-08-01,weekends/holiday,5,TRAIN,PW7,260,154,414,05:00
2026-08-01,weekends/holiday,6,TRAIN,PW7,621,811,1432,06:00
2026-08-01,weekends/holiday,7,TRAIN,PW7,1077,979,2056,07:00
2026-08-01,weekends/holiday,8,TRAIN,PW7,2146,874,3020,08:00
2026-08-01,weekends/holiday,9,TRAIN,PW7,2580,1129,3709,09:00
2026-08-01,weekends/holiday,10,TRAIN,PW7,2553,1211,3764,10:00
2026-08-01,weekends/holiday,11,TRAIN,PW7,2492,1666,4158,11:00
2026-08-01,weekends/holiday,12,TRAIN,PW7,2500,2005,4505,12:00
2026-08-01,weekends/holiday,13,TRAIN,PW7,2054,2370,4424,13:00
2026-08-01,weekends/holiday,14,TRAIN,PW7,1900,2273,4173,14:00
2026-08-01,weekends/holiday,15,TRAIN,PW7,1882,2045,3927,15:00
2026-08-01,weekends/holiday,16,TRAIN,PW7,2090,2322,4412,16:00
2026-08-01,weekends/holiday,17,TRAIN,PW7,2115,2184,4299,17:00
2026-08-01,weekends/holiday,18,TRAIN,PW7,2040,2196,4236,18:00
2026-08-01,weekends/holiday,19,TRAIN,PW7,1620,2423,4043,19:00
2026-08-01,weekends/holiday,20,TRAIN,PW7,1028,2529,3557,20:00
2026-08-01,weekends/holiday,21,TRAIN,PW7,738,2137,2875,21:00
2026-08-01,weekends/holiday,22,TRAIN,PW7,555,1761,2316,22:00
2026-08-01,weekends/holiday,23,TRAIN,PW7,359,1015,1374,23:00
2026-08-01,weekday,0,TRAIN,SE1,62,574,636,00:00
2026-08-01,weekday,5,TRAIN,SE1,1920,801,2721,05:00
2026-08-01,weekday,6,TRAIN,SE1,8284,3152,11436,06:00
2026-08-01,weekday,7,TRAIN,SE1,13827,12989,26816,07:00
2026-08-01,weekday,8,TRAIN,SE1,11138,4802,15940,08:00
2026-08-01,weekday,9,TRAIN,SE1,8470,2680,11150,09:00
2026-08-01,weekday,10,TRAIN,SE1,4775,1945,6720,10:00
2026-08-01,weekday,11,TRAIN,SE1,4106,2455,6561,11:00
2026-08-01,weekday,12,TRAIN,SE1,4209,3025,7234,12:00
2026-08-01,weekday,13,TRAIN,SE1,3633,3559,7192,13:00
2026-08-01,weekday,14,TRAIN,SE1,7020,4661,11681,14:00
2026-08-01,weekday,15,TRAIN,SE1,3828,4111,7939,15:00
2026-08-01,weekday,16,TRAIN,SE1,4367,4682,9049,16:00
2026-08-01,weekday,17,TRAIN,SE1,6105,6330,12435,17:00
2026-08-01,weekday,18,TRAIN,SE1,5910,10036,15946,18:00
2026-08-01,weekday,19,TRAIN,SE1,3186,9700,12886,19:00
2026-08-01,weekday,20,TRAIN,SE1,1628,7120,8748,20:00
2026-08-01,weekday,21,TRAIN,SE1,1154,6188,7342,21:00
2026-08-01,weekday,22,TRAIN,SE1,972,5057,6029,22:00
2026-08-01,weekday,23,TRAIN,SE1,305,2618,2923,23:00
2026-08-01,weekends/holiday,0,TRAIN,SE1,66,389,455,00:00
2026-08-01,weekends/holiday,5,TRAIN,SE1,427,155,582,05:00
2026-08-01,weekends/holiday,6,TRAIN,SE1,1152,497,1649,06:00
2026-08-01,weekends/holiday,7,TRAIN,SE1,1855,843,2698,07:00
2026-08-01,weekends/holiday,8,TRAIN,SE1,2974,1232,4206,08:00
2026-08-01,weekends/holiday,9,TRAIN,SE1,3210,1321,4531,09:00
2026-08-01,weekends/holiday,10,TRAIN,SE1,3226,1450,4676,10:00
2026-08-01,weekends/holiday,11,TRAIN,SE1,2843,1927,4770,11:00
2026-08-01,weekends/holiday,12,TRAIN,SE1,3134,2287,5421,12:00
2026-08-01,weekends/holiday,13,TRAIN,SE1,2355,2467,4822,13:00
2026-08-01,weekends/holiday,14,TRAIN,SE1,2306,2456,4762,14:00
2026-08-01,weekends/holiday,15,TRAIN,SE1,2157,2546,4703,15:00
2026-08-01,weekends/holiday,16,TRAIN,SE1,2159,2349,4508,16:00
2026-08-01,weekends/holiday,17,TRAIN,SE1,2729,2536,5265,17:00
2026-08-01,weekends/holiday,18,TRAIN,SE1,2185,2796,4981,18:00
2026-08-01,weekends/holiday,19,TRAIN,SE1,1441,2896,4337,19:00
2026-08-01,weekends/holiday,20,TRAIN,SE1,920,2915,3835,20:00
2026-08-01,weekends/holiday,21,TRAIN,SE1,774,3142,3916,21:00
2026-08-01,weekends/holiday,22,TRAIN,SE1,603,2912,3515,22:00
2026-08-01,weekends/holiday,23,TRAIN,SE1,248,1480,1728,23:00
2026-08-01,weekday,0,TRAIN,SE2,32,721,753,00:00
2026-08-01,weekday,5,TRAIN,SE2,3313,96,3409,05:00
2026-08-01,weekday,6,TRAIN,SE2,12786,826,13612,06:00
2026-08-01,weekday,7,TRAIN,SE2,22609,2604,25213,07:00
2026-08-01,weekday,8,TRAIN,SE2,15713,2489,18202,08:00
2026-08-01,weekday,9,TRAIN,SE2,11841,2998,14839,09:00
2026-08-01,weekday,10,TRAIN,SE2,5881,2677,8558,10:00
2026-08-01,weekday,11,TRAIN,SE2,5395,3435,8830,11:00
2026-08-01,weekday,12,TRAIN,SE2,5163,4273,9436,12:00
2026-08-01,weekday,13,TRAIN,SE2,5417,5214,10631,13:00
2026-08-01,weekday,14,TRAIN,SE2,3957,6046,10003,14:00
2026-08-01,weekday,15,TRAIN,SE2,3426,6058,9484,15:00
2026-08-01,weekday,16,TRAIN,SE2,3861,7152,11013,16:00
2026-08-01,weekday,17,TRAIN,SE2,5060,9490,14550,17:00
2026-08-01,weekday,18,TRAIN,SE2,5005,15336,20341,18:00
2026-08-01,weekday,19,TRAIN,SE2,3477,14404,17881,19:00
2026-08-01,weekday,20,TRAIN,SE2,2043,9412,11455,20:00
2026-08-01,weekday,21,TRAIN,SE2,1753,8168,9921,21:00
2026-08-01,weekday,22,TRAIN,SE2,936,6091,7027,22:00
2026-08-01,weekday,23,TRAIN,SE2,298,3270,3568,23:00
2026-08-01,weekends/holiday,0,TRAIN,SE2,18,542,560,00:00
2026-08-01,weekends/holiday,5,TRAIN,SE2,814,12,826,05:00
2026-08-01,weekends/holiday,6,TRAIN,SE2,1910,191,2101,06:00
2026-08-01,weekends/holiday,7,TRAIN,SE2,2791,558,3349,07:00
2026-08-01,weekends/holiday,8,TRAIN,SE2,3826,1457,5283,08:00
2026-08-01,weekends/holiday,9,TRAIN,SE2,4700,1793,6493,09:00
2026-08-01,weekends/holiday,10,TRAIN,SE2,4723,2146,6869,10:00
2026-08-01,weekends/holiday,11,TRAIN,SE2,4435,2356,6791,11:00
2026-08-01,weekends/holiday,12,TRAIN,SE2,4200,2837,7037,12:00
2026-08-01,weekends/holiday,13,TRAIN,SE2,3472,3171,6643,13:00
2026-08-01,weekends/holiday,14,TRAIN,SE2,3068,3375,6443,14:00
2026-08-01,weekends/holiday,15,TRAIN,SE2,3082,3051,6133,15:00
2026-08-01,weekends/holiday,16,TRAIN,SE2,3142,3249,6391,16:00
2026-08-01,weekends/holiday,17,TRAIN,SE2,3242,3508,6750,17:00
2026-08-01,weekends/holiday,18,TRAIN,SE2,2861,3827,6688,18:00
2026-08-01,weekends/holiday,19,TRAIN,SE2,1929,4065,5994,19:00
2026-08-01,weekends/holiday,20,TRAIN,SE2,1202,4056,5258,20:00
2026-08-01,weekends/holiday,21,TRAIN,SE2,964,4168,5132,21:00
2026-08-01,weekends/holiday,22,TRAIN,SE2,557,3728,4285,22:00
2026-08-01,weekends/holiday,23,TRAIN,SE2,230,1963,2193,23:00
2026-08-01,weekday,0,TRAIN,SE3,27,621,648,00:00
2026-08-01,weekday,5,TRAIN,SE3,1944,45,1989,05:00
2026-08-01,weekday,6,TRAIN,SE3,7539,927,8466,06:00
2026-08-01,weekday,7,TRAIN,SE3,13818,3140,16958,07:00
2026-08-01,weekday,8,TRAIN,SE3,8873,1152,10025,08:00
2026-08-01,weekday,9,TRAIN,SE3,7200,1368,8568,09:00
2026-08-01,weekday,10,TRAIN,SE3,3528,1139,4667,10:00
2026-08-01,weekday,11,TRAIN,SE3,2783,1527,4310,11:00
2026-08-01,weekday,12,TRAIN,SE3,2617,1904,4521,12:00
2026-08-01,weekday,13,TRAIN,SE3,4016,3123,7139,13:00
2026-08-01,weekday,14,TRAIN,SE3,2521,3098,5619,14:00
2026-08-01,weekday,15,TRAIN,SE3,1864,3369,5233,15:00
2026-08-01,weekday,16,TRAIN,SE3,2104,3796,5900,16:00
2026-08-01,weekday,17,TRAIN,SE3,2539,5088,7627,17:00
2026-08-01,weekday,18,TRAIN,SE3,2648,8486,11134,18:00
2026-08-01,weekday,19,TRAIN,SE3,1648,8645,10293,19:00
2026-08-01,weekday,20,TRAIN,SE3,958,5865,6823,20:00
2026-08-01,weekday,21,TRAIN,SE3,693,5065,5758,21:00
2026-08-01,weekday,22,TRAIN,SE3,450,4047,4497,22:00
2026-08-01,weekday,23,TRAIN,SE3,95,2476,2571,23:00
2026-08-01,weekends/holiday,0,TRAIN,SE3,21,432,453,00:00
2026-08-01,weekends/holiday,5,TRAIN,SE3,414,7,421,05:00
2026-08-01,weekends/holiday,6,TRAIN,SE3,1055,90,1145,06:00
2026-08-01,weekends/holiday,7,TRAIN,SE3,1566,246,1812,07:00
2026-08-01,weekends/holiday,8,TRAIN,SE3,1966,490,2456,08:00
2026-08-01,weekends/holiday,9,TRAIN,SE3,2469,684,3153,09:00
2026-08-01,weekends/holiday,10,TRAIN,SE3,2416,741,3157,10:00
2026-08-01,weekends/holiday,11,TRAIN,SE3,2235,1053,3288,11:00
2026-08-01,weekends/holiday,12,TRAIN,SE3,2206,1391,3597,12:00
2026-08-01,weekends/holiday,13,TRAIN,SE3,1908,1623,3531,13:00
2026-08-01,weekends/holiday,14,TRAIN,SE3,1588,1619,3207,14:00
2026-08-01,weekends/holiday,15,TRAIN,SE3,1545,1644,3189,15:00
2026-08-01,weekends/holiday,16,TRAIN,SE3,1637,1706,3343,16:00
2026-08-01,weekends/holiday,17,TRAIN,SE3,1846,1854,3700,17:00
2026-08-01,weekends/holiday,18,TRAIN,SE3,1526,2138,3664,18:00
2026-08-01,weekends/holiday,19,TRAIN,SE3,1041,2627,3668,19:00
2026-08-01,weekends/holiday,20,TRAIN,SE3,623,2532,3155,20:00
2026-08-01,weekends/holiday,21,TRAIN,SE3,458,2653,3111,21:00
2026-08-01,weekends/holiday,22,TRAIN,SE3,335,2157,2492,22:00
2026-08-01,weekends/holiday,23,TRAIN,SE3,78,1402,1480,23:00
2026-08-01,weekday,0,TRAIN,SE4,41,500,541,00:00
2026-08-01,weekday,5,TRAIN,SE4,1626,200,1826,05:00
2026-08-01,weekday,6,TRAIN,SE4,6452,968,7420,06:00
2026-08-01,weekday,7,TRAIN,SE4,12013,2364,14377,07:00
2026-08-01,weekday,8,TRAIN,SE4,8857,2660,11517,08:00
2026-08-01,weekday,9,TRAIN,SE4,7558,3791,11349,09:00
2026-08-01,weekday,10,TRAIN,SE4,4642,2634,7276,10:00
2026-08-01,weekday,11,TRAIN,SE4,4600,2842,7442,11:00
2026-08-01,weekday,12,TRAIN,SE4,4347,3218,7565,12:00
2026-08-01,weekday,13,TRAIN,SE4,3891,3911,7802,13:00
2026-08-01,weekday,14,TRAIN,SE4,3173,4257,7430,14:00
2026-08-01,weekday,15,TRAIN,SE4,2849,4207,7056,15:00
2026-08-01,weekday,16,TRAIN,SE4,3165,4604,7769,16:00
2026-08-01,weekday,17,TRAIN,SE4,4002,6207,10209,17:00
2026-08-01,weekday,18,TRAIN,SE4,4033,9454,13487,18:00
2026-08-01,weekday,19,TRAIN,SE4,2590,9251,11841,19:00
2026-08-01,weekday,20,TRAIN,SE4,1755,5309,7064,20:00
2026-08-01,weekday,21,TRAIN,SE4,1520,4436,5956,21:00
2026-08-01,weekday,22,TRAIN,SE4,622,3663,4285,22:00
2026-08-01,weekday,23,TRAIN,SE4,180,1828,2008,23:00
2026-08-01,weekends/holiday,0,TRAIN,SE4,68,336,404,00:00
2026-08-01,weekends/holiday,5,TRAIN,SE4,337,79,416,05:00
2026-08-01,weekends/holiday,6,TRAIN,SE4,1103,346,1449,06:00
2026-08-01,weekends/holiday,7,TRAIN,SE4,1516,913,2429,07:00
2026-08-01,weekends/holiday,8,TRAIN,SE4,2408,1562,3970,08:00
2026-08-01,weekends/holiday,9,TRAIN,SE4,3164,1729,4893,09:00
2026-08-01,weekends/holiday,10,TRAIN,SE4,3462,1775,5237,10:00
2026-08-01,weekends/holiday,11,TRAIN,SE4,3439,1805,5244,11:00
2026-08-01,weekends/holiday,12,TRAIN,SE4,3081,2241,5322,12:00
2026-08-01,weekends/holiday,13,TRAIN,SE4,2575,2265,4840,13:00
2026-08-01,weekends/holiday,14,TRAIN,SE4,2138,2199,4337,14:00
2026-08-01,weekends/holiday,15,TRAIN,SE4,1976,2242,4218,15:00
2026-08-01,weekends/holiday,16,TRAIN,SE4,2136,2197,4333,16:00
2026-08-01,weekends/holiday,17,TRAIN,SE4,2231,2261,4492,17:00
2026-08-01,weekends/holiday,18,TRAIN,SE4,2075,2486,4561,18:00
2026-08-01,weekends/holiday,19,TRAIN,SE4,1407,2431,3838,19:00
2026-08-01,weekends/holiday,20,TRAIN,SE4,932,2413,3345,20:00
2026-08-01,weekends/holiday,21,TRAIN,SE4,842,2337,3179,21:00
2026-08-01,weekends/holiday,22,TRAIN,SE4,409,1907,2316,22:00
2026-08-01,weekends/holiday,23,TRAIN,SE4,138,1153,1291,23:00
2026-08-01,weekday,0,TRAIN,SE5,32,320,352,00:00
2026-08-01,weekday,5,TRAIN,SE5,1199,347,1546,05:00
2026-08-01,weekday,6,TRAIN,SE5,4913,2416,7329,06:00
2026-08-01,weekday,7,TRAIN,SE5,9745,11639,21384,07:00
2026-08-01,weekday,8,TRAIN,SE5,6585,1704,8289,08:00
2026-08-01,weekday,9,TRAIN,SE5,5177,1465,6642,09:00
2026-08-01,weekday,10,TRAIN,SE5,3144,1052,4196,10:00
2026-08-01,weekday,11,TRAIN,SE5,2926,1589,4515,11:00
2026-08-01,weekday,12,TRAIN,SE5,3578,1937,5515,12:00
2026-08-01,weekday,13,TRAIN,SE5,4069,2756,6825,13:00
2026-08-01,weekday,14,TRAIN,SE5,4919,2770,7689,14:00
2026-08-01,weekday,15,TRAIN,SE5,3770,2842,6612,15:00
2026-08-01,weekday,16,TRAIN,SE5,2968,3143,6111,16:00
2026-08-01,weekday,17,TRAIN,SE5,3812,4181,7993,17:00
2026-08-01,weekday,18,TRAIN,SE5,4207,6148,10355,18:00
2026-08-01,weekday,19,TRAIN,SE5,2347,6055,8402,19:00
2026-08-01,weekday,20,TRAIN,SE5,986,4270,5256,20:00
2026-08-01,weekday,21,TRAIN,SE5,760,3809,4569,21:00
2026-08-01,weekday,22,TRAIN,SE5,502,2652,3154,22:00
2026-08-01,weekday,23,TRAIN,SE5,208,1395,1603,23:00
2026-08-01,weekends/holiday,0,TRAIN,SE5,11,232,243,00:00
2026-08-01,weekends/holiday,5,TRAIN,SE5,290,66,356,05:00
2026-08-01,weekends/holiday,6,TRAIN,SE5,787,170,957,06:00
2026-08-01,weekends/holiday,7,TRAIN,SE5,1090,368,1458,07:00
2026-08-01,weekends/holiday,8,TRAIN,SE5,1780,846,2626,08:00
2026-08-01,weekends/holiday,9,TRAIN,SE5,2139,700,2839,09:00
2026-08-01,weekends/holiday,10,TRAIN,SE5,2249,836,3085,10:00
2026-08-01,weekends/holiday,11,TRAIN,SE5,2229,1093,3322,11:00
2026-08-01,weekends/holiday,12,TRAIN,SE5,2353,1483,3836,12:00
2026-08-01,weekends/holiday,13,TRAIN,SE5,1653,1715,3368,13:00
2026-08-01,weekends/holiday,14,TRAIN,SE5,1570,1712,3282,14:00
2026-08-01,weekends/holiday,15,TRAIN,SE5,1427,1614,3041,15:00
2026-08-01,weekends/holiday,16,TRAIN,SE5,1515,1626,3141,16:00
2026-08-01,weekends/holiday,17,TRAIN,SE5,1743,1783,3526,17:00
2026-08-01,weekends/holiday,18,TRAIN,SE5,1539,1873,3412,18:00
2026-08-01,weekends/holiday,19,TRAIN,SE5,1150,2015,3165,19:00
2026-08-01,weekends/holiday,20,TRAIN,SE5,623,2066,2689,20:00
2026-08-01,weekends/holiday,21,TRAIN,SE5,468,2066,2534,21:00
2026-08-01,weekends/holiday,22,TRAIN,SE5,296,1697,1993,22:00
2026-08-01,weekends/holiday,23,TRAIN,SE5,122,829,951,23:00
2026-08-01,weekday,0,TRAIN,SW1,15,25,40,00:00
2026-08-01,weekday,5,TRAIN,SW1,294,144,438,05:00
2026-08-01,weekday,6,TRAIN,SW1,2962,1627,4589,06:00
2026-08-01,weekday,7,TRAIN,SW1,4918,2317,7235,07:00
2026-08-01,weekday,8,TRAIN,SW1,4166,2412,6578,08:00
2026-08-01,weekday,9,TRAIN,SW1,3089,1957,5046,09:00
2026-08-01,weekday,10,TRAIN,SW1,2087,1524,3611,10:00
2026-08-01,weekday,11,TRAIN,SW1,2807,1560,4367,11:00
2026-08-01,weekday,12,TRAIN,SW1,3096,1744,4840,12:00
2026-08-01,weekday,13,TRAIN,SW1,2472,2110,4582,13:00
2026-08-01,weekday,14,TRAIN,SW1,2394,1920,4314,14:00
2026-08-01,weekday,15,TRAIN,SW1,2977,1484,4461,15:00
2026-08-01,weekday,16,TRAIN,SW1,4350,1128,5478,16:00
2026-08-01,weekday,17,TRAIN,SW1,5735,1442,7177,17:00
2026-08-01,weekday,18,TRAIN,SW1,4779,1301,6080,18:00
2026-08-01,weekday,19,TRAIN,SW1,2367,1155,3522,19:00
2026-08-01,weekday,20,TRAIN,SW1,1794,814,2608,20:00
2026-08-01,weekday,21,TRAIN,SW1,2174,640,2814,21:00
2026-08-01,weekday,22,TRAIN,SW1,813,369,1182,22:00
2026-08-01,weekday,23,TRAIN,SW1,172,147,319,23:00
2026-08-01,weekends/holiday,0,TRAIN,SW1,14,26,40,00:00
2026-08-01,weekends/holiday,5,TRAIN,SW1,54,58,112,05:00
2026-08-01,weekends/holiday,6,TRAIN,SW1,197,401,598,06:00
2026-08-01,weekends/holiday,7,TRAIN,SW1,769,305,1074,07:00
2026-08-01,weekends/holiday,8,TRAIN,SW1,1012,378,1390,08:00
2026-08-01,weekends/holiday,9,TRAIN,SW1,1190,502,1692,09:00
2026-08-01,weekends/holiday,10,TRAIN,SW1,1414,580,1994,10:00
2026-08-01,weekends/holiday,11,TRAIN,SW1,1401,754,2155,11:00
2026-08-01,weekends/holiday,12,TRAIN,SW1,1509,804,2313,12:00
2026-08-01,weekends/holiday,13,TRAIN,SW1,1381,712,2093,13:00
2026-08-01,weekends/holiday,14,TRAIN,SW1,1230,670,1900,14:00
2026-08-01,weekends/holiday,15,TRAIN,SW1,1400,575,1975,15:00
2026-08-01,weekends/holiday,16,TRAIN,SW1,1433,577,2010,16:00
2026-08-01,weekends/holiday,17,TRAIN,SW1,1302,599,1901,17:00
2026-08-01,weekends/holiday,18,TRAIN,SW1,1110,631,1741,18:00
2026-08-01,weekends/holiday,19,TRAIN,SW1,1024,607,1631,19:00
2026-08-01,weekends/holiday,20,TRAIN,SW1,727,457,1184,20:00
2026-08-01,weekends/holiday,21,TRAIN,SW1,1103,320,1423,21:00
2026-08-01,weekends/holiday,22,TRAIN,SW1,401,221,622,22:00
2026-08-01,weekends/holiday,23,TRAIN,SW1,105,104,209,23:00
2026-08-01,weekday,0,TRAIN,SW2,18,208,226,00:00
2026-08-01,weekday,5,TRAIN,SW2,1065,307,1372,05:00
2026-08-01,weekday,6,TRAIN,SW2,7229,1397,8626,06:00
2026-08-01,weekday,7,TRAIN,SW2,11936,4133,16069,07:00
2026-08-01,weekday,8,TRAIN,SW2,8398,2072,10470,08:00
2026-08-01,weekday,9,TRAIN,SW2,6266,2555,8821,09:00
2026-08-01,weekday,10,TRAIN,SW2,3524,2041,5565,10:00
2026-08-01,weekday,11,TRAIN,SW2,3781,2279,6060,11:00
2026-08-01,weekday,12,TRAIN,SW2,4400,2844,7244,12:00
2026-08-01,weekday,13,TRAIN,SW2,4824,2916,7740,13:00
2026-08-01,weekday,14,TRAIN,SW2,3868,3010,6878,14:00
2026-08-01,weekday,15,TRAIN,SW2,3419,3351,6770,15:00
2026-08-01,weekday,16,TRAIN,SW2,4822,3315,8137,16:00
2026-08-01,weekday,17,TRAIN,SW2,4913,3634,8547,17:00
2026-08-01,weekday,18,TRAIN,SW2,4698,3014,7712,18:00
2026-08-01,weekday,19,TRAIN,SW2,3539,2674,6213,19:00
2026-08-01,weekday,20,TRAIN,SW2,2715,1682,4397,20:00
2026-08-01,weekday,21,TRAIN,SW2,2353,1308,3661,21:00
2026-08-01,weekday,22,TRAIN,SW2,1334,1457,2791,22:00
2026-08-01,weekday,23,TRAIN,SW2,261,693,954,23:00
2026-08-01,weekends/holiday,0,TRAIN,SW2,28,147,175,00:00
2026-08-01,weekends/holiday,5,TRAIN,SW2,274,77,351,05:00
2026-08-01,weekends/holiday,6,TRAIN,SW2,668,391,1059,06:00
2026-08-01,weekends/holiday,7,TRAIN,SW2,1272,543,1815,07:00
2026-08-01,weekends/holiday,8,TRAIN,SW2,2270,1455,3725,08:00
2026-08-01,weekends/holiday,9,TRAIN,SW2,2938,1809,4747,09:00
2026-08-01,weekends/holiday,10,TRAIN,SW2,3532,2177,5709,10:00
2026-08-01,weekends/holiday,11,TRAIN,SW2,3888,2016,5904,11:00
2026-08-01,weekends/holiday,12,TRAIN,SW2,4070,1975,6045,12:00
2026-08-01,weekends/holiday,13,TRAIN,SW2,3787,1998,5785,13:00
2026-08-01,weekends/holiday,14,TRAIN,SW2,2945,2336,5281,14:00
2026-08-01,weekends/holiday,15,TRAIN,SW2,2870,2247,5117,15:00
2026-08-01,weekends/holiday,16,TRAIN,SW2,3054,2113,5167,16:00
2026-08-01,weekends/holiday,17,TRAIN,SW2,3137,1983,5120,17:00
2026-08-01,weekends/holiday,18,TRAIN,SW2,2755,1943,4698,18:00
2026-08-01,weekends/holiday,19,TRAIN,SW2,2331,1715,4046,19:00
2026-08-01,weekends/holiday,20,TRAIN,SW2,1647,1412,3059,20:00
2026-08-01,weekends/holiday,21,TRAIN,SW2,1313,1177,2490,21:00
2026-08-01,weekends/holiday,22,TRAIN,SW2,786,907,1693,22:00
2026-08-01,weekends/holiday,23,TRAIN,SW2,182,455,637,23:00
2026-08-01,weekday,0,TRAIN,SW3,14,216,230,00:00
2026-08-01,weekday,5,TRAIN,SW3,1436,68,1504,05:00
2026-08-01,weekday,6,TRAIN,SW3,5012,1079,6091,06:00
2026-08-01,weekday,7,TRAIN,SW3,7703,3003,10706,07:00
2026-08-01,weekday,8,TRAIN,SW3,4772,1038,5810,08:00
2026-08-01,weekday,9,TRAIN,SW3,3561,924,4485,09:00
2026-08-01,weekday,10,TRAIN,SW3,2207,617,2824,10:00
2026-08-01,weekday,11,TRAIN,SW3,1877,932,2809,11:00
2026-08-01,weekday,12,TRAIN,SW3,1933,1267,3200,12:00
2026-08-01,weekday,13,TRAIN,SW3,3560,1771,5331,13:00
2026-08-01,weekday,14,TRAIN,SW3,1797,1451,3248,14:00
2026-08-01,weekday,15,TRAIN,SW3,1391,1530,2921,15:00
2026-08-01,weekday,16,TRAIN,SW3,1845,1561,3406,16:00
2026-08-01,weekday,17,TRAIN,SW3,1912,1704,3616,17:00
2026-08-01,weekday,18,TRAIN,SW3,1793,1512,3305,18:00
2026-08-01,weekday,19,TRAIN,SW3,1211,1284,2495,19:00
2026-08-01,weekday,20,TRAIN,SW3,757,1128,1885,20:00
2026-08-01,weekday,21,TRAIN,SW3,496,1089,1585,21:00
2026-08-01,weekday,22,TRAIN,SW3,217,1268,1485,22:00
2026-08-01,weekday,23,TRAIN,SW3,78,682,760,23:00
2026-08-01,weekends/holiday,0,TRAIN,SW3,7,134,141,00:00
2026-08-01,weekends/holiday,5,TRAIN,SW3,378,18,396,05:00
2026-08-01,weekends/holiday,6,TRAIN,SW3,674,96,770,06:00
2026-08-01,weekends/holiday,7,TRAIN,SW3,941,239,1180,07:00
2026-08-01,weekends/holiday,8,TRAIN,SW3,1282,367,1649,08:00
2026-08-01,weekends/holiday,9,TRAIN,SW3,1490,370,1860,09:00
2026-08-01,weekends/holiday,10,TRAIN,SW3,1443,475,1918,10:00
2026-08-01,weekends/holiday,11,TRAIN,SW3,1294,632,1926,11:00
2026-08-01,weekends/holiday,12,TRAIN,SW3,1165,707,1872,12:00
2026-08-01,weekends/holiday,13,TRAIN,SW3,1051,767,1818,13:00
2026-08-01,weekends/holiday,14,TRAIN,SW3,960,828,1788,14:00
2026-08-01,weekends/holiday,15,TRAIN,SW3,1070,749,1819,15:00
2026-08-01,weekends/holiday,16,TRAIN,SW3,897,708,1605,16:00
2026-08-01,weekends/holiday,17,TRAIN,SW3,1070,858,1928,17:00
2026-08-01,weekends/holiday,18,TRAIN,SW3,763,972,1735,18:00
2026-08-01,weekends/holiday,19,TRAIN,SW3,681,919,1600,19:00
2026-08-01,weekends/holiday,20,TRAIN,SW3,471,935,1406,20:00
2026-08-01,weekends/holiday,21,TRAIN,SW3,293,861,1154,21:00
2026-08-01,weekends/holiday,22,TRAIN,SW3,146,831,977,22:00
2026-08-01,weekends/holiday,23,TRAIN,SW3,52,365,417,23:00
2026-08-01,weekday,0,TRAIN,SW4,24,436,460,00:00
2026-08-01,weekday,5,TRAIN,SW4,1278,71,1349,05:00
2026-08-01,weekday,6,TRAIN,SW4,7019,850,7869,06:00
2026-08-01,weekday,7,TRAIN,SW4,11905,2400,14305,07:00
2026-08-01,weekday,8,TRAIN,SW4,8896,2044,10940,08:00
2026-08-01,weekday,9,TRAIN,SW4,4925,1664,6589,09:00
2026-08-01,weekday,10,TRAIN,SW4,2755,1233,3988,10:00
2026-08-01,weekday,11,TRAIN,SW4,2608,1641,4249,11:00
2026-08-01,weekday,12,TRAIN,SW4,2700,2190,4890,12:00
2026-08-01,weekday,13,TRAIN,SW4,2096,3123,5219,13:00
2026-08-01,weekday,14,TRAIN,SW4,1890,4049,5939,14:00
2026-08-01,weekday,15,TRAIN,SW4,1545,3573,5118,15:00
2026-08-01,weekday,16,TRAIN,SW4,2254,4025,6279,16:00
2026-08-01,weekday,17,TRAIN,SW4,2867,4711,7578,17:00
2026-08-01,weekday,18,TRAIN,SW4,3420,6207,9627,18:00
2026-08-01,weekday,19,TRAIN,SW4,2191,5982,8173,19:00
2026-08-01,weekday,20,TRAIN,SW4,1390,4043,5433,20:00
2026-08-01,weekday,21,TRAIN,SW4,1005,3837,4842,21:00
2026-08-01,weekday,22,TRAIN,SW4,1024,3282,4306,22:00
2026-08-01,weekday,23,TRAIN,SW4,273,1627,1900,23:00
2026-08-01,weekends/holiday,0,TRAIN,SW4,16,343,359,00:00
2026-08-01,weekends/holiday,5,TRAIN,SW4,287,14,301,05:00
2026-08-01,weekends/holiday,6,TRAIN,SW4,857,225,1082,06:00
2026-08-01,weekends/holiday,7,TRAIN,SW4,1266,669,1935,07:00
2026-08-01,weekends/holiday,8,TRAIN,SW4,1697,755,2452,08:00
2026-08-01,weekends/holiday,9,TRAIN,SW4,2034,869,2903,09:00
2026-08-01,weekends/holiday,10,TRAIN,SW4,2494,1009,3503,10:00
2026-08-01,weekends/holiday,11,TRAIN,SW4,2324,1210,3534,11:00
2026-08-01,weekends/holiday,12,TRAIN,SW4,2372,1404,3776,12:00
2026-08-01,weekends/holiday,13,TRAIN,SW4,2033,1826,3859,13:00
2026-08-01,weekends/holiday,14,TRAIN,SW4,1733,1917,3650,14:00
2026-08-01,weekends/holiday,15,TRAIN,SW4,1556,1903,3459,15:00
2026-08-01,weekends/holiday,16,TRAIN,SW4,1694,2024,3718,16:00
2026-08-01,weekends/holiday,17,TRAIN,SW4,1905,2184,4089,17:00
2026-08-01,weekends/holiday,18,TRAIN,SW4,1693,2382,4075,18:00
2026-08-01,weekends/holiday,19,TRAIN,SW4,1175,2357,3532,19:00
2026-08-01,weekends/holiday,20,TRAIN,SW4,876,2263,3139,20:00
2026-08-01,weekends/holiday,21,TRAIN,SW4,596,2376,2972,21:00
2026-08-01,weekends/holiday,22,TRAIN,SW4,544,1974,2518,22:00
2026-08-01,weekends/holiday,23,TRAIN,SW4,179,1095,1274,23:00
2026-08-01,weekday,0,TRAIN,SW5,103,996,1099,00:00
2026-08-01,weekday,5,TRAIN,SW5,3928,275,4203,05:00
2026-08-01,weekday,6,TRAIN,SW5,11497,1978,13475,06:00
2026-08-01,weekday,7,TRAIN,SW5,16192,5078,21270,07:00
2026-08-01,weekday,8,TRAIN,SW5,11546,3255,14801,08:00
2026-08-01,weekday,9,TRAIN,SW5,9576,4248,13824,09:00
2026-08-01,weekday,10,TRAIN,SW5,6040,4046,10086,10:00
2026-08-01,weekday,11,TRAIN,SW5,6292,4976,11268,11:00
2026-08-01,weekday,12,TRAIN,SW5,6658,5961,12619,12:00
2026-08-01,weekday,13,TRAIN,SW5,8178,5932,14110,13:00
2026-08-01,weekday,14,TRAIN,SW5,6475,7376,13851,14:00
2026-08-01,weekday,15,TRAIN,SW5,6198,7016,13214,15:00
2026-08-01,weekday,16,TRAIN,SW5,6265,8571,14836,16:00
2026-08-01,weekday,17,TRAIN,SW5,7980,10615,18595,17:00
2026-08-01,weekday,18,TRAIN,SW5,7299,17290,24589,18:00
2026-08-01,weekday,19,TRAIN,SW5,5510,15089,20599,19:00
2026-08-01,weekday,20,TRAIN,SW5,4043,9217,13260,20:00
2026-08-01,weekday,21,TRAIN,SW5,4536,7384,11920,21:00
2026-08-01,weekday,22,TRAIN,SW5,2749,5728,8477,22:00
2026-08-01,weekday,23,TRAIN,SW5,794,3200,3994,23:00
2026-08-01,weekends/holiday,0,TRAIN,SW5,74,746,820,00:00
2026-08-01,weekends/holiday,5,TRAIN,SW5,948,53,1001,05:00
2026-08-01,weekends/holiday,6,TRAIN,SW5,1726,450,2176,06:00
2026-08-01,weekends/holiday,7,TRAIN,SW5,2472,875,3347,07:00
2026-08-01,weekends/holiday,8,TRAIN,SW5,3907,1795,5702,08:00
2026-08-01,weekends/holiday,9,TRAIN,SW5,4868,2614,7482,09:00
2026-08-01,weekends/holiday,10,TRAIN,SW5,4681,2921,7602,10:00
2026-08-01,weekends/holiday,11,TRAIN,SW5,4856,3510,8366,11:00
2026-08-01,weekends/holiday,12,TRAIN,SW5,4739,3628,8367,12:00
2026-08-01,weekends/holiday,13,TRAIN,SW5,4812,3892,8704,13:00
2026-08-01,weekends/holiday,14,TRAIN,SW5,4464,3634,8098,14:00
2026-08-01,weekends/holiday,15,TRAIN,SW5,4149,3835,7984,15:00
2026-08-01,weekends/holiday,16,TRAIN,SW5,4027,3967,7994,16:00
2026-08-01,weekends/holiday,17,TRAIN,SW5,3980,4707,8687,17:00
2026-08-01,weekends/holiday,18,TRAIN,SW5,3807,4894,8701,18:00
2026-08-01,weekends/holiday,19,TRAIN,SW5,3203,4441,7644,19:00
2026-08-01,weekends/holiday,20,TRAIN,SW5,2608,3937,6545,20:00
2026-08-01,weekends/holiday,21,TRAIN,SW5,2318,3875,6193,21:00
2026-08-01,weekends/holiday,22,TRAIN,SW5,1643,3236,4879,22:00
2026-08-01,weekends/holiday,23,TRAIN,SW5,536,1903,2439,23:00
2026-08-01,weekday,0,TRAIN,SW6,29,514,543,00:00
2026-08-01,weekday,5,TRAIN,SW6,1359,165,1524,05:00
2026-08-01,weekday,6,TRAIN,SW6,3695,1622,5317,06:00
2026-08-01,weekday,7,TRAIN,SW6,5742,8468,14210,07:00
2026-08-01,weekday,8,TRAIN,SW6,2369,2161,4530,08:00
2026-08-01,weekday,9,TRAIN,SW6,2975,1746,4721,09:00
2026-08-01,weekday,10,TRAIN,SW6,2315,1178,3493,10:00
2026-08-01,weekday,11,TRAIN,SW6,2254,1467,3721,11:00
2026-08-01,weekday,12,TRAIN,SW6,2178,1995,4173,12:00
2026-08-01,weekday,13,TRAIN,SW6,2411,2736,5147,13:00
2026-08-01,weekday,14,TRAIN,SW6,2058,3968,6026,14:00
2026-08-01,weekday,15,TRAIN,SW6,2194,3290,5484,15:00
2026-08-01,weekday,16,TRAIN,SW6,2054,3747,5801,16:00
2026-08-01,weekday,17,TRAIN,SW6,2985,5124,8109,17:00
2026-08-01,weekday,18,TRAIN,SW6,2935,7727,10662,18:00
2026-08-01,weekday,19,TRAIN,SW6,1644,7345,8989,19:00
2026-08-01,weekday,20,TRAIN,SW6,844,5086,5930,20:00
2026-08-01,weekday,21,TRAIN,SW6,656,4140,4796,21:00
2026-08-01,weekday,22,TRAIN,SW6,402,3076,3478,22:00
2026-08-01,weekday,23,TRAIN,SW6,120,1453,1573,23:00
2026-08-01,weekends/holiday,0,TRAIN,SW6,11,329,340,00:00
2026-08-01,weekends/holiday,5,TRAIN,SW6,329,29,358,05:00
2026-08-01,weekends/holiday,6,TRAIN,SW6,651,139,790,06:00
2026-08-01,weekends/holiday,7,TRAIN,SW6,1080,617,1697,07:00
2026-08-01,weekends/holiday,8,TRAIN,SW6,1640,548,2188,08:00
2026-08-01,weekends/holiday,9,TRAIN,SW6,1775,637,2412,09:00
2026-08-01,weekends/holiday,10,TRAIN,SW6,1897,734,2631,10:00
2026-08-01,weekends/holiday,11,TRAIN,SW6,1664,1075,2739,11:00
2026-08-01,weekends/holiday,12,TRAIN,SW6,1584,1153,2737,12:00
2026-08-01,weekends/holiday,13,TRAIN,SW6,1330,1497,2827,13:00
2026-08-01,weekends/holiday,14,TRAIN,SW6,1286,1536,2822,14:00
2026-08-01,weekends/holiday,15,TRAIN,SW6,1048,1522,2570,15:00
2026-08-01,weekends/holiday,16,TRAIN,SW6,1125,1557,2682,16:00
2026-08-01,weekends/holiday,17,TRAIN,SW6,1239,1783,3022,17:00
2026-08-01,weekends/holiday,18,TRAIN,SW6,1022,1941,2963,18:00
2026-08-01,weekends/holiday,19,TRAIN,SW6,773,1972,2745,19:00
2026-08-01,weekends/holiday,20,TRAIN,SW6,454,1993,2447,20:00
2026-08-01,weekends/holiday,21,TRAIN,SW6,381,1978,2359,21:00
2026-08-01,weekends/holiday,22,TRAIN,SW6,244,1706,1950,22:00
2026-08-01,weekends/holiday,23,TRAIN,SW6,105,991,1096,23:00
2026-08-01,weekday,0,TRAIN,SW7,26,278,304,00:00
2026-08-01,weekday,5,TRAIN,SW7,1011,59,1070,05:00
2026-08-01,weekday,6,TRAIN,SW7,970,501,1471,06:00
2026-08-01,weekday,7,TRAIN,SW7,2439,2071,4510,07:00
2026-08-01,weekday,8,TRAIN,SW7,868,1072,1940,08:00
2026-08-01,weekday,9,TRAIN,SW7,1600,909,2509,09:00
2026-08-01,weekday,10,TRAIN,SW7,1265,772,2037,10:00
2026-08-01,weekday,11,TRAIN,SW7,1446,1025,2471,11:00
2026-08-01,weekday,12,TRAIN,SW7,1480,1383,2863,12:00
2026-08-01,weekday,13,TRAIN,SW7,2015,2044,4059,13:00
2026-08-01,weekday,14,TRAIN,SW7,1361,2210,3571,14:00
2026-08-01,weekday,15,TRAIN,SW7,1062,2045,3107,15:00
2026-08-01,weekday,16,TRAIN,SW7,1336,2558,3894,16:00
2026-08-01,weekday,17,TRAIN,SW7,1700,3101,4801,17:00
2026-08-01,weekday,18,TRAIN,SW7,1242,5104,6346,18:00
2026-08-01,weekday,19,TRAIN,SW7,823,4937,5760,19:00
2026-08-01,weekday,20,TRAIN,SW7,526,3489,4015,20:00
2026-08-01,weekday,21,TRAIN,SW7,333,3157,3490,21:00
2026-08-01,weekday,22,TRAIN,SW7,219,2417,2636,22:00
2026-08-01,weekday,23,TRAIN,SW7,83,1228,1311,23:00
2026-08-01,weekends/holiday,0,TRAIN,SW7,12,212,224,00:00
2026-08-01,weekends/holiday,5,TRAIN,SW7,300,6,306,05:00
2026-08-01,weekends/holiday,6,TRAIN,SW7,311,87,398,06:00
2026-08-01,weekends/holiday,7,TRAIN,SW7,485,277,762,07:00
2026-08-01,weekends/holiday,8,TRAIN,SW7,822,422,1244,08:00
2026-08-01,weekends/holiday,9,TRAIN,SW7,986,446,1432,09:00
2026-08-01,weekends/holiday,10,TRAIN,SW7,939,480,1419,10:00
2026-08-01,weekends/holiday,11,TRAIN,SW7,966,717,1683,11:00
2026-08-01,weekends/holiday,12,TRAIN,SW7,906,929,1835,12:00
2026-08-01,weekends/holiday,13,TRAIN,SW7,779,1072,1851,13:00
2026-08-01,weekends/holiday,14,TRAIN,SW7,660,1150,1810,14:00
2026-08-01,weekends/holiday,15,TRAIN,SW7,715,1002,1717,15:00
2026-08-01,weekends/holiday,16,TRAIN,SW7,666,1142,1808,16:00
2026-08-01,weekends/holiday,17,TRAIN,SW7,809,1133,1942,17:00
2026-08-01,weekends/holiday,18,TRAIN,SW7,713,1253,1966,18:00
2026-08-01,weekends/holiday,19,TRAIN,SW7,471,1325,1796,19:00
2026-08-01,weekends/holiday,20,TRAIN,SW7,355,1459,1814,20:00
2026-08-01,weekends/holiday,21,TRAIN,SW7,192,1605,1797,21:00
2026-08-01,weekends/holiday,22,TRAIN,SW7,137,1429,1566,22:00
2026-08-01,weekends/holiday,23,TRAIN,SW7,44,679,723,23:00
2026-08-01,weekday,0,TRAIN,SW8,26,170,196,00:00
2026-08-01,weekday,5,TRAIN,SW8,508,173,681,05:00
2026-08-01,weekday,6,TRAIN,SW8,638,1171,1809,06:00
2026-08-01,weekday,7,TRAIN,SW8,1437,3193,4630,07:00
2026-08-01,weekday,8,TRAIN,SW8,828,2278,3106,08:00
2026-08-01,weekday,9,TRAIN,SW8,942,1032,1974,09:00
2026-08-01,weekday,10,TRAIN,SW8,889,681,1570,10:00
2026-08-01,weekday,11,TRAIN,SW8,1178,804,1982,11:00
2026-08-01,weekday,12,TRAIN,SW8,1719,1383,3102,12:00
2026-08-01,weekday,13,TRAIN,SW8,1095,2881,3976,13:00
2026-08-01,weekday,14,TRAIN,SW8,1417,1863,3280,14:00
2026-08-01,weekday,15,TRAIN,SW8,1025,1606,2631,15:00
2026-08-01,weekday,16,TRAIN,SW8,1062,1691,2753,16:00
2026-08-01,weekday,17,TRAIN,SW8,1631,1888,3519,17:00
2026-08-01,weekday,18,TRAIN,SW8,1229,2853,4082,18:00
2026-08-01,weekday,19,TRAIN,SW8,845,2871,3716,19:00
2026-08-01,weekday,20,TRAIN,SW8,460,2100,2560,20:00
2026-08-01,weekday,21,TRAIN,SW8,380,2039,2419,21:00
2026-08-01,weekday,22,TRAIN,SW8,244,1635,1879,22:00
2026-08-01,weekday,23,TRAIN,SW8,98,674,772,23:00
2026-08-01,weekends/holiday,0,TRAIN,SW8,14,104,118,00:00
2026-08-01,weekends/holiday,5,TRAIN,SW8,108,24,132,05:00
2026-08-01,weekends/holiday,6,TRAIN,SW8,142,171,313,06:00
2026-08-01,weekends/holiday,7,TRAIN,SW8,297,320,617,07:00
2026-08-01,weekends/holiday,8,TRAIN,SW8,563,268,831,08:00
2026-08-01,weekends/holiday,9,TRAIN,SW8,620,320,940,09:00
2026-08-01,weekends/holiday,10,TRAIN,SW8,693,470,1163,10:00
2026-08-01,weekends/holiday,11,TRAIN,SW8,747,619,1366,11:00
2026-08-01,weekends/holiday,12,TRAIN,SW8,616,701,1317,12:00
2026-08-01,weekends/holiday,13,TRAIN,SW8,496,788,1284,13:00
2026-08-01,weekends/holiday,14,TRAIN,SW8,518,873,1391,14:00
2026-08-01,weekends/holiday,15,TRAIN,SW8,418,785,1203,15:00
2026-08-01,weekends/holiday,16,TRAIN,SW8,441,802,1243,16:00
2026-08-01,weekends/holiday,17,TRAIN,SW8,477,790,1267,17:00
2026-08-01,weekends/holiday,18,TRAIN,SW8,514,862,1376,18:00
2026-08-01,weekends/holiday,19,TRAIN,SW8,435,857,1292,19:00
2026-08-01,weekends/holiday,20,TRAIN,SW8,195,1089,1284,20:00
2026-08-01,weekends/holiday,21,TRAIN,SW8,183,978,1161,21:00
2026-08-01,weekends/holiday,22,TRAIN,SW8,113,884,997,22:00
2026-08-01,weekends/holiday,23,TRAIN,SW8,42,427,469,23:00
2026-08-01,weekday,0,TRAIN,TE1,7,320,327,00:00
2026-08-01,weekday,5,TRAIN,TE1,2115,281,2396,05:00
2026-08-01,weekday,6,TRAIN,TE1,11474,6507,17981,06:00
2026-08-01,weekday,7,TRAIN,TE1,14579,23057,37636,07:00
2026-08-01,weekday,8,TRAIN,TE1,10161,35998,46159,08:00
2026-08-01,weekday,9,TRAIN,TE1,4994,15913,20907,09:00
2026-08-01,weekday,10,TRAIN,TE1,7394,6260,13654,10:00
2026-08-01,weekday,11,TRAIN,TE1,7518,5222,12740,11:00
2026-08-01,weekday,12,TRAIN,TE1,6290,8825,15115,12:00
2026-08-01,weekday,13,TRAIN,TE1,4760,5600,10360,13:00
2026-08-01,weekday,14,TRAIN,TE1,7531,4993,12524,14:00
2026-08-01,weekday,15,TRAIN,TE1,9167,4810,13977,15:00
2026-08-01,weekday,16,TRAIN,TE1,13817,3470,17287,16:00
2026-08-01,weekday,17,TRAIN,TE1,23814,4654,28468,17:00
2026-08-01,weekday,18,TRAIN,TE1,28525,7585,36110,18:00
2026-08-01,weekday,19,TRAIN,TE1,14274,8471,22745,19:00
2026-08-01,weekday,20,TRAIN,TE1,10274,4045,14319,20:00
2026-08-01,weekday,21,TRAIN,TE1,6774,3379,10153,21:00
2026-08-01,weekday,22,TRAIN,TE1,2994,2540,5534,22:00
2026-08-01,weekday,23,TRAIN,TE1,434,998,1432,23:00
2026-08-01,weekends/holiday,0,TRAIN,TE1,1,571,572,00:00
2026-08-01,weekends/holiday,5,TRAIN,TE1,325,52,377,05:00
2026-08-01,weekends/holiday,6,TRAIN,TE1,3492,1602,5094,06:00
2026-08-01,weekends/holiday,7,TRAIN,TE1,4150,5282,9432,07:00
2026-08-01,weekends/holiday,8,TRAIN,TE1,2893,3655,6548,08:00
2026-08-01,weekends/holiday,9,TRAIN,TE1,2721,1620,4341,09:00
2026-08-01,weekends/holiday,10,TRAIN,TE1,2689,964,3653,10:00
2026-08-01,weekends/holiday,11,TRAIN,TE1,2864,1065,3929,11:00
2026-08-01,weekends/holiday,12,TRAIN,TE1,3159,1079,4238,12:00
2026-08-01,weekends/holiday,13,TRAIN,TE1,2742,1493,4235,13:00
2026-08-01,weekends/holiday,14,TRAIN,TE1,2310,1459,3769,14:00
2026-08-01,weekends/holiday,15,TRAIN,TE1,2432,1508,3940,15:00
2026-08-01,weekends/holiday,16,TRAIN,TE1,3365,1789,5154,16:00
2026-08-01,weekends/holiday,17,TRAIN,TE1,4371,2806,7177,17:00
2026-08-01,weekends/holiday,18,TRAIN,TE1,4187,3733,7920,18:00
2026-08-01,weekends/holiday,19,TRAIN,TE1,3404,4120,7524,19:00
2026-08-01,weekends/holiday,20,TRAIN,TE1,2753,3388,6141,20:00
2026-08-01,weekends/holiday,21,TRAIN,TE1,1683,3155,4838,21:00
2026-08-01,weekends/holiday,22,TRAIN,TE1,1084,2770,3854,22:00
2026-08-01,weekends/holiday,23,TRAIN,TE1,463,1576,2039,23:00
2026-08-01,weekday,0,TRAIN,TE11,74,322,396,00:00
2026-08-01,weekday,5,TRAIN,TE11,156,29,185,05:00
2026-08-01,weekday,6,TRAIN,TE11,3472,3880,7352,06:00
2026-08-01,weekday,7,TRAIN,TE11,8734,13827,22561,07:00
2026-08-01,weekday,8,TRAIN,TE11,13353,7607,20960,08:00
2026-08-01,weekday,9,TRAIN,TE11,7571,3223,10794,09:00
2026-08-01,weekday,10,TRAIN,TE11,4954,2367,7321,10:00
2026-08-01,weekday,11,TRAIN,TE11,4594,2336,6930,11:00
2026-08-01,weekday,12,TRAIN,TE11,4123,3388,7511,12:00
2026-08-01,weekday,13,TRAIN,TE11,5881,4050,9931,13:00
2026-08-01,weekday,14,TRAIN,TE11,7918,3767,11685,14:00
2026-08-01,weekday,15,TRAIN,TE11,6471,4800,11271,15:00
2026-08-01,weekday,16,TRAIN,TE11,6104,5597,11701,16:00
2026-08-01,weekday,17,TRAIN,TE11,8396,7846,16242,17:00
2026-08-01,weekday,18,TRAIN,TE11,11098,11631,22729,18:00
2026-08-01,weekday,19,TRAIN,TE11,5490,7897,13387,19:00
2026-08-01,weekday,20,TRAIN,TE11,3216,4766,7982,20:00
2026-08-01,weekday,21,TRAIN,TE11,2817,4803,7620,21:00
2026-08-01,weekday,22,TRAIN,TE11,2021,3981,6002,22:00
2026-08-01,weekday,23,TRAIN,TE11,1003,2235,3238,23:00
2026-08-01,weekends/holiday,0,TRAIN,TE11,66,266,332,00:00
2026-08-01,weekends/holiday,5,TRAIN,TE11,70,23,93,05:00
2026-08-01,weekends/holiday,6,TRAIN,TE11,1425,940,2365,06:00
2026-08-01,weekends/holiday,7,TRAIN,TE11,2755,2455,5210,07:00
2026-08-01,weekends/holiday,8,TRAIN,TE11,2766,1879,4645,08:00
2026-08-01,weekends/holiday,9,TRAIN,TE11,2451,1946,4397,09:00
2026-08-01,weekends/holiday,10,TRAIN,TE11,2728,1755,4483,10:00
2026-08-01,weekends/holiday,11,TRAIN,TE11,3015,1925,4940,11:00
2026-08-01,weekends/holiday,12,TRAIN,TE11,3146,2117,5263,12:00
2026-08-01,weekends/holiday,13,TRAIN,TE11,2635,2561,5196,13:00
2026-08-01,weekends/holiday,14,TRAIN,TE11,2361,2336,4697,14:00
2026-08-01,weekends/holiday,15,TRAIN,TE11,2282,2523,4805,15:00
2026-08-01,weekends/holiday,16,TRAIN,TE11,2721,2848,5569,16:00
2026-08-01,weekends/holiday,17,TRAIN,TE11,2731,2621,5352,17:00
2026-08-01,weekends/holiday,18,TRAIN,TE11,3102,2792,5894,18:00
2026-08-01,weekends/holiday,19,TRAIN,TE11,2255,2492,4747,19:00
2026-08-01,weekends/holiday,20,TRAIN,TE11,1347,2514,3861,20:00
2026-08-01,weekends/holiday,21,TRAIN,TE11,1240,2802,4042,21:00
2026-08-01,weekends/holiday,22,TRAIN,TE11,1026,2489,3515,22:00
2026-08-01,weekends/holiday,23,TRAIN,TE11,571,1496,2067,23:00
2026-08-01,weekday,0,TRAIN,TE12,31,103,134,00:00
2026-08-01,weekday,5,TRAIN,TE12,195,249,444,05:00
2026-08-01,weekday,6,TRAIN,TE12,1261,5180,6441,06:00
2026-08-01,weekday,7,TRAIN,TE12,4144,11533,15677,07:00
2026-08-01,weekday,8,TRAIN,TE12,7348,23595,30943,08:00
2026-08-01,weekday,9,TRAIN,TE12,5839,12282,18121,09:00
2026-08-01,weekday,10,TRAIN,TE12,5181,7692,12873,10:00
2026-08-01,weekday,11,TRAIN,TE12,6980,5944,12924,11:00
2026-08-01,weekday,12,TRAIN,TE12,8088,5185,13273,12:00
2026-08-01,weekday,13,TRAIN,TE12,5745,7088,12833,13:00
2026-08-01,weekday,14,TRAIN,TE12,4985,7064,12049,14:00
2026-08-01,weekday,15,TRAIN,TE12,6327,5030,11357,15:00
2026-08-01,weekday,16,TRAIN,TE12,8631,4503,13134,16:00
2026-08-01,weekday,17,TRAIN,TE12,16160,4994,21154,17:00
2026-08-01,weekday,18,TRAIN,TE12,13043,6811,19854,18:00
2026-08-01,weekday,19,TRAIN,TE12,6306,4370,10676,19:00
2026-08-01,weekday,20,TRAIN,TE12,3379,3034,6413,20:00
2026-08-01,weekday,21,TRAIN,TE12,3180,1818,4998,21:00
2026-08-01,weekday,22,TRAIN,TE12,2639,1245,3884,22:00
2026-08-01,weekday,23,TRAIN,TE12,731,479,1210,23:00
2026-08-01,weekends/holiday,0,TRAIN,TE12,9,105,114,00:00
2026-08-01,weekends/holiday,5,TRAIN,TE12,28,46,74,05:00
2026-08-01,weekends/holiday,6,TRAIN,TE12,218,1713,1931,06:00
2026-08-01,weekends/holiday,7,TRAIN,TE12,764,2629,3393,07:00
2026-08-01,weekends/holiday,8,TRAIN,TE12,1310,4598,5908,08:00
2026-08-01,weekends/holiday,9,TRAIN,TE12,1756,3753,5509,09:00
2026-08-01,weekends/holiday,10,TRAIN,TE12,2750,4408,7158,10:00
2026-08-01,weekends/holiday,11,TRAIN,TE12,3702,3436,7138,11:00
2026-08-01,weekends/holiday,12,TRAIN,TE12,3996,3063,7059,12:00
2026-08-01,weekends/holiday,13,TRAIN,TE12,3629,2686,6315,13:00
2026-08-01,weekends/holiday,14,TRAIN,TE12,2618,2248,4866,14:00
2026-08-01,weekends/holiday,15,TRAIN,TE12,3140,2291,5431,15:00
2026-08-01,weekends/holiday,16,TRAIN,TE12,3305,2347,5652,16:00
2026-08-01,weekends/holiday,17,TRAIN,TE12,3409,2418,5827,17:00
2026-08-01,weekends/holiday,18,TRAIN,TE12,3358,1915,5273,18:00
2026-08-01,weekends/holiday,19,TRAIN,TE12,3261,1541,4802,19:00
2026-08-01,weekends/holiday,20,TRAIN,TE12,1593,1433,3026,20:00
2026-08-01,weekends/holiday,21,TRAIN,TE12,1502,1178,2680,21:00
2026-08-01,weekends/holiday,22,TRAIN,TE12,1320,805,2125,22:00
2026-08-01,weekends/holiday,23,TRAIN,TE12,422,335,757,23:00
2026-08-01,weekday,0,TRAIN,TE13,35,104,139,00:00
2026-08-01,weekday,5,TRAIN,TE13,131,79,210,05:00
2026-08-01,weekday,6,TRAIN,TE13,901,3418,4319,06:00
2026-08-01,weekday,7,TRAIN,TE13,2546,7668,10214,07:00
2026-08-01,weekday,8,TRAIN,TE13,4326,14254,18580,08:00
2026-08-01,weekday,9,TRAIN,TE13,5479,10216,15695,09:00
2026-08-01,weekday,10,TRAIN,TE13,6347,5169,11516,10:00
2026-08-01,weekday,11,TRAIN,TE13,6955,4469,11424,11:00
2026-08-01,weekday,12,TRAIN,TE13,8002,4710,12712,12:00
2026-08-01,weekday,13,TRAIN,TE13,5085,6665,11750,13:00
2026-08-01,weekday,14,TRAIN,TE13,4648,6328,10976,14:00
2026-08-01,weekday,15,TRAIN,TE13,5293,5580,10873,15:00
2026-08-01,weekday,16,TRAIN,TE13,6530,5560,12090,16:00
2026-08-01,weekday,17,TRAIN,TE13,11090,5241,16331,17:00
2026-08-01,weekday,18,TRAIN,TE13,11955,6622,18577,18:00
2026-08-01,weekday,19,TRAIN,TE13,6688,5076,11764,19:00
2026-08-01,weekday,20,TRAIN,TE13,4325,4092,8417,20:00
2026-08-01,weekday,21,TRAIN,TE13,3343,4514,7857,21:00
2026-08-01,weekday,22,TRAIN,TE13,2274,3880,6154,22:00
2026-08-01,weekday,23,TRAIN,TE13,1341,1305,2646,23:00
2026-08-01,weekends/holiday,0,TRAIN,TE13,26,136,162,00:00
2026-08-01,weekends/holiday,5,TRAIN,TE13,42,7,49,05:00
2026-08-01,weekends/holiday,6,TRAIN,TE13,440,867,1307,06:00
2026-08-01,weekends/holiday,7,TRAIN,TE13,608,2045,2653,07:00
2026-08-01,weekends/holiday,8,TRAIN,TE13,1338,2829,4167,08:00
2026-08-01,weekends/holiday,9,TRAIN,TE13,2508,2961,5469,09:00
2026-08-01,weekends/holiday,10,TRAIN,TE13,3413,2905,6318,10:00
2026-08-01,weekends/holiday,11,TRAIN,TE13,3837,2918,6755,11:00
2026-08-01,weekends/holiday,12,TRAIN,TE13,3799,2809,6608,12:00
2026-08-01,weekends/holiday,13,TRAIN,TE13,3236,2552,5788,13:00
2026-08-01,weekends/holiday,14,TRAIN,TE13,2691,2710,5401,14:00
2026-08-01,weekends/holiday,15,TRAIN,TE13,2928,2514,5442,15:00
2026-08-01,weekends/holiday,16,TRAIN,TE13,3153,2610,5763,16:00
2026-08-01,weekends/holiday,17,TRAIN,TE13,3172,2572,5744,17:00
2026-08-01,weekends/holiday,18,TRAIN,TE13,3435,2745,6180,18:00
2026-08-01,weekends/holiday,19,TRAIN,TE13,2719,2466,5185,19:00
2026-08-01,weekends/holiday,20,TRAIN,TE13,2168,2514,4682,20:00
2026-08-01,weekends/holiday,21,TRAIN,TE13,1598,3180,4778,21:00
2026-08-01,weekends/holiday,22,TRAIN,TE13,1413,2440,3853,22:00
2026-08-01,weekends/holiday,23,TRAIN,TE13,909,942,1851,23:00
2026-08-01,weekday,0,TRAIN,TE14/NS22,980,642,1622,00:00
2026-08-01,weekday,5,TRAIN,TE14/NS22,772,1319,2091,05:00
2026-08-01,weekday,6,TRAIN,TE14/NS22,5095,24740,29835,06:00
2026-08-01,weekday,7,TRAIN,TE14/NS22,14522,59912,74434,07:00
2026-08-01,weekday,8,TRAIN,TE14/NS22,26708,129081,155789,08:00
2026-08-01,weekday,9,TRAIN,TE14/NS22,25366,121342,146708,09:00
2026-08-01,weekday,10,TRAIN,TE14/NS22,30915,94288,125203,10:00
2026-08-01,weekday,11,TRAIN,TE14/NS22,41218,92300,133518,11:00
2026-08-01,weekday,12,TRAIN,TE14/NS22,56226,103039,159265,12:00
2026-08-01,weekday,13,TRAIN,TE14/NS22,79410,79858,159268,13:00
2026-08-01,weekday,14,TRAIN,TE14/NS22,71364,72230,143594,14:00
2026-08-01,weekday,15,TRAIN,TE14/NS22,77193,69607,146800,15:00
2026-08-01,weekday,16,TRAIN,TE14/NS22,88437,70598,159035,16:00
2026-08-01,weekday,17,TRAIN,TE14/NS22,121116,87161,208277,17:00
2026-08-01,weekday,18,TRAIN,TE14/NS22,151876,121765,273641,18:00
2026-08-01,weekday,19,TRAIN,TE14/NS22,113649,70367,184016,19:00
2026-08-01,weekday,20,TRAIN,TE14/NS22,103837,37557,141394,20:00
2026-08-01,weekday,21,TRAIN,TE14/NS22,114516,25005,139521,21:00
2026-08-01,weekday,22,TRAIN,TE14/NS22,61001,15629,76630,22:00
2026-08-01,weekday,23,TRAIN,TE14/NS22,17431,5984,23415,23:00
2026-08-01,weekends/holiday,0,TRAIN,TE14/NS22,687,684,1371,00:00
2026-08-01,weekends/holiday,5,TRAIN,TE14/NS22,304,293,597,05:00
2026-08-01,weekends/holiday,6,TRAIN,TE14/NS22,2012,8764,10776,06:00
2026-08-01,weekends/holiday,7,TRAIN,TE14/NS22,3936,17769,21705,07:00
2026-08-01,weekends/holiday,8,TRAIN,TE14/NS22,7038,35540,42578,08:00
2026-08-01,weekends/holiday,9,TRAIN,TE14/NS22,14127,65082,79209,09:00
2026-08-01,weekends/holiday,10,TRAIN,TE14/NS22,25021,69047,94068,10:00
2026-08-01,weekends/holiday,11,TRAIN,TE14/NS22,34410,75775,110185,11:00
2026-08-01,weekends/holiday,12,TRAIN,TE14/NS22,43858,74278,118136,12:00
2026-08-01,weekends/holiday,13,TRAIN,TE14/NS22,52588,73571,126159,13:00
2026-08-01,weekends/holiday,14,TRAIN,TE14/NS22,57859,70729,128588,14:00
2026-08-01,weekends/holiday,15,TRAIN,TE14/NS22,69869,66695,136564,15:00
2026-08-01,weekends/holiday,16,TRAIN,TE14/NS22,78073,63265,141338,16:00
2026-08-01,weekends/holiday,17,TRAIN,TE14/NS22,80946,56938,137884,17:00
2026-08-01,weekends/holiday,18,TRAIN,TE14/NS22,78805,47319,126124,18:00
2026-08-01,weekends/holiday,19,TRAIN,TE14/NS22,68945,34563,103508,19:00
2026-08-01,weekends/holiday,20,TRAIN,TE14/NS22,60321,23976,84297,20:00
2026-08-01,weekends/holiday,21,TRAIN,TE14/NS22,65630,16849,82479,21:00
2026-08-01,weekends/holiday,22,TRAIN,TE14/NS22,36537,9795,46332,22:00
2026-08-01,weekends/holiday,23,TRAIN,TE14/NS22,10764,4203,14967,23:00
2026-08-01,weekday,0,TRAIN,TE15,108,297,405,00:00
2026-08-01,weekday,5,TRAIN,TE15,196,54,250,05:00
2026-08-01,weekday,6,TRAIN,TE15,3855,4901,8756,06:00
2026-08-01,weekday,7,TRAIN,TE15,12860,13531,26391,07:00
2026-08-01,weekday,8,TRAIN,TE15,18756,17747,36503,08:00
2026-08-01,weekday,9,TRAIN,TE15,13330,15528,28858,09:00
2026-08-01,weekday,10,TRAIN,TE15,7602,10493,18095,10:00
2026-08-01,weekday,11,TRAIN,TE15,7921,10597,18518,11:00
2026-08-01,weekday,12,TRAIN,TE15,9863,13719,23582,12:00
2026-08-01,weekday,13,TRAIN,TE15,15409,12007,27416,13:00
2026-08-01,weekday,14,TRAIN,TE15,11383,11063,22446,14:00
2026-08-01,weekday,15,TRAIN,TE15,10056,12262,22318,15:00
2026-08-01,weekday,16,TRAIN,TE15,11578,14031,25609,16:00
2026-08-01,weekday,17,TRAIN,TE15,17304,17888,35192,17:00
2026-08-01,weekday,18,TRAIN,TE15,20783,27693,48476,18:00
2026-08-01,weekday,19,TRAIN,TE15,13495,18037,31532,19:00
2026-08-01,weekday,20,TRAIN,TE15,11758,9451,21209,20:00
2026-08-01,weekday,21,TRAIN,TE15,12328,6324,18652,21:00
2026-08-01,weekday,22,TRAIN,TE15,7592,4361,11953,22:00
2026-08-01,weekday,23,TRAIN,TE15,1964,1871,3835,23:00
2026-08-01,weekends/holiday,0,TRAIN,TE15,76,259,335,00:00
2026-08-01,weekends/holiday,5,TRAIN,TE15,37,8,45,05:00
2026-08-01,weekends/holiday,6,TRAIN,TE15,619,1051,1670,06:00
2026-08-01,weekends/holiday,7,TRAIN,TE15,1269,3211,4480,07:00
2026-08-01,weekends/holiday,8,TRAIN,TE15,2730,4091,6821,08:00
2026-08-01,weekends/holiday,9,TRAIN,TE15,4212,6300,10512,09:00
2026-08-01,weekends/holiday,10,TRAIN,TE15,5046,6980,12026,10:00
2026-08-01,weekends/holiday,11,TRAIN,TE15,6082,7468,13550,11:00
2026-08-01,weekends/holiday,12,TRAIN,TE15,6897,7944,14841,12:00
2026-08-01,weekends/holiday,13,TRAIN,TE15,7364,8280,15644,13:00
2026-08-01,weekends/holiday,14,TRAIN,TE15,7637,7727,15364,14:00
2026-08-01,weekends/holiday,15,TRAIN,TE15,7777,7498,15275,15:00
2026-08-01,weekends/holiday,16,TRAIN,TE15,8288,7977,16265,16:00
2026-08-01,weekends/holiday,17,TRAIN,TE15,8214,8355,16569,17:00
2026-08-01,weekends/holiday,18,TRAIN,TE15,8023,7656,15679,18:00
2026-08-01,weekends/holiday,19,TRAIN,TE15,7718,6673,14391,19:00
2026-08-01,weekends/holiday,20,TRAIN,TE15,6339,5099,11438,20:00
2026-08-01,weekends/holiday,21,TRAIN,TE15,6853,4355,11208,21:00
2026-08-01,weekends/holiday,22,TRAIN,TE15,4958,2733,7691,22:00
2026-08-01,weekends/holiday,23,TRAIN,TE15,1256,1155,2411,23:00
2026-08-01,weekday,0,TRAIN,TE16,96,432,528,00:00
2026-08-01,weekday,5,TRAIN,TE16,398,46,444,05:00
2026-08-01,weekday,6,TRAIN,TE16,6236,3340,9576,06:00
2026-08-01,weekday,7,TRAIN,TE16,13180,8725,21905,07:00
2026-08-01,weekday,8,TRAIN,TE16,15827,17265,33092,08:00
2026-08-01,weekday,9,TRAIN,TE16,12869,10106,22975,09:00
2026-08-01,weekday,10,TRAIN,TE16,9549,5771,15320,10:00
2026-08-01,weekday,11,TRAIN,TE16,8931,5374,14305,11:00
2026-08-01,weekday,12,TRAIN,TE16,8424,5903,14327,12:00
2026-08-01,weekday,13,TRAIN,TE16,7370,7121,14491,13:00
2026-08-01,weekday,14,TRAIN,TE16,6368,7328,13696,14:00
2026-08-01,weekday,15,TRAIN,TE16,6160,7205,13365,15:00
2026-08-01,weekday,16,TRAIN,TE16,7955,8217,16172,16:00
2026-08-01,weekday,17,TRAIN,TE16,16350,11240,27590,17:00
2026-08-01,weekday,18,TRAIN,TE16,23369,17876,41245,18:00
2026-08-01,weekday,19,TRAIN,TE16,11468,12419,23887,19:00
2026-08-01,weekday,20,TRAIN,TE16,6597,10455,17052,20:00
2026-08-01,weekday,21,TRAIN,TE16,6048,11037,17085,21:00
2026-08-01,weekday,22,TRAIN,TE16,5172,9351,14523,22:00
2026-08-01,weekday,23,TRAIN,TE16,2341,3949,6290,23:00
2026-08-01,weekends/holiday,0,TRAIN,TE16,68,388,456,00:00
2026-08-01,weekends/holiday,5,TRAIN,TE16,70,29,99,05:00
2026-08-01,weekends/holiday,6,TRAIN,TE16,1302,1170,2472,06:00
2026-08-01,weekends/holiday,7,TRAIN,TE16,2169,1913,4082,07:00
2026-08-01,weekends/holiday,8,TRAIN,TE16,3881,2636,6517,08:00
2026-08-01,weekends/holiday,9,TRAIN,TE16,5703,3301,9004,09:00
2026-08-01,weekends/holiday,10,TRAIN,TE16,6964,3931,10895,10:00
2026-08-01,weekends/holiday,11,TRAIN,TE16,7058,4443,11501,11:00
2026-08-01,weekends/holiday,12,TRAIN,TE16,5978,4644,10622,12:00
2026-08-01,weekends/holiday,13,TRAIN,TE16,5403,4788,10191,13:00
2026-08-01,weekends/holiday,14,TRAIN,TE16,5356,5330,10686,14:00
2026-08-01,weekends/holiday,15,TRAIN,TE16,5350,5080,10430,15:00
2026-08-01,weekends/holiday,16,TRAIN,TE16,5641,5458,11099,16:00
2026-08-01,weekends/holiday,17,TRAIN,TE16,6487,5230,11717,17:00
2026-08-01,weekends/holiday,18,TRAIN,TE16,6390,5496,11886,18:00
2026-08-01,weekends/holiday,19,TRAIN,TE16,5276,5175,10451,19:00
2026-08-01,weekends/holiday,20,TRAIN,TE16,3601,5796,9397,20:00
2026-08-01,weekends/holiday,21,TRAIN,TE16,2977,7546,10523,21:00
2026-08-01,weekends/holiday,22,TRAIN,TE16,2894,6071,8965,22:00
2026-08-01,weekends/holiday,23,TRAIN,TE16,1434,2683,4117,23:00
2026-08-01,weekday,0,TRAIN,TE18,393,264,657,00:00
2026-08-01,weekday,5,TRAIN,TE18,137,23,160,05:00
2026-08-01,weekday,6,TRAIN,TE18,1544,3489,5033,06:00
2026-08-01,weekday,7,TRAIN,TE18,2612,9635,12247,07:00
2026-08-01,weekday,8,TRAIN,TE18,4407,26388,30795,08:00
2026-08-01,weekday,9,TRAIN,TE18,5862,26459,32321,09:00
2026-08-01,weekday,10,TRAIN,TE18,6933,18068,25001,10:00
2026-08-01,weekday,11,TRAIN,TE18,10103,18056,28159,11:00
2026-08-01,weekday,12,TRAIN,TE18,14254,18099,32353,12:00
2026-08-01,weekday,13,TRAIN,TE18,18042,14100,32142,13:00
2026-08-01,weekday,14,TRAIN,TE18,15233,11151,26384,14:00
2026-08-01,weekday,15,TRAIN,TE18,13441,9887,23328,15:00
2026-08-01,weekday,16,TRAIN,TE18,14723,10189,24912,16:00
2026-08-01,weekday,17,TRAIN,TE18,23120,13686,36806,17:00
2026-08-01,weekday,18,TRAIN,TE18,35444,22753,58197,18:00
2026-08-01,weekday,19,TRAIN,TE18,23150,14888,38038,19:00
2026-08-01,weekday,20,TRAIN,TE18,18400,8370,26770,20:00
2026-08-01,weekday,21,TRAIN,TE18,17182,5842,23024,21:00
2026-08-01,weekday,22,TRAIN,TE18,13728,3710,17438,22:00
2026-08-01,weekday,23,TRAIN,TE18,6096,1660,7756,23:00
2026-08-01,weekends/holiday,0,TRAIN,TE18,224,313,537,00:00
2026-08-01,weekends/holiday,5,TRAIN,TE18,32,5,37,05:00
2026-08-01,weekends/holiday,6,TRAIN,TE18,580,1169,1749,06:00
2026-08-01,weekends/holiday,7,TRAIN,TE18,861,2283,3144,07:00
2026-08-01,weekends/holiday,8,TRAIN,TE18,1662,4628,6290,08:00
2026-08-01,weekends/holiday,9,TRAIN,TE18,3186,7322,10508,09:00
2026-08-01,weekends/holiday,10,TRAIN,TE18,5073,10377,15450,10:00
2026-08-01,weekends/holiday,11,TRAIN,TE18,7061,12265,19326,11:00
2026-08-01,weekends/holiday,12,TRAIN,TE18,9741,13005,22746,12:00
2026-08-01,weekends/holiday,13,TRAIN,TE18,11539,11324,22863,13:00
2026-08-01,weekends/holiday,14,TRAIN,TE18,12988,8635,21623,14:00
2026-08-01,weekends/holiday,15,TRAIN,TE18,12381,8149,20530,15:00
2026-08-01,weekends/holiday,16,TRAIN,TE18,11234,7968,19202,16:00
2026-08-01,weekends/holiday,17,TRAIN,TE18,10950,9498,20448,17:00
2026-08-01,weekends/holiday,18,TRAIN,TE18,10789,10594,21383,18:00
2026-08-01,weekends/holiday,19,TRAIN,TE18,11011,7599,18610,19:00
2026-08-01,weekends/holiday,20,TRAIN,TE18,9368,6342,15710,20:00
2026-08-01,weekends/holiday,21,TRAIN,TE18,7895,5370,13265,21:00
2026-08-01,weekends/holiday,22,TRAIN,TE18,6605,2732,9337,22:00
2026-08-01,weekends/holiday,23,TRAIN,TE18,3167,1204,4371,23:00
2026-08-01,weekday,0,TRAIN,TE19,221,110,331,00:00
2026-08-01,weekday,5,TRAIN,TE19,47,1,48,05:00
2026-08-01,weekday,6,TRAIN,TE19,554,7720,8274,06:00
2026-08-01,weekday,7,TRAIN,TE19,1357,26493,27850,07:00
2026-08-01,weekday,8,TRAIN,TE19,2614,97976,100590,08:00
2026-08-01,weekday,9,TRAIN,TE19,2704,90055,92759,09:00
2026-08-01,weekday,10,TRAIN,TE19,3353,23479,26832,10:00
2026-08-01,weekday,11,TRAIN,TE19,10069,11800,21869,11:00
2026-08-01,weekday,12,TRAIN,TE19,11709,10240,21949,12:00
2026-08-01,weekday,13,TRAIN,TE19,8040,14150,22190,13:00
2026-08-01,weekday,14,TRAIN,TE19,8463,8379,16842,14:00
2026-08-01,weekday,15,TRAIN,TE19,10385,4713,15098,15:00
2026-08-01,weekday,16,TRAIN,TE19,17971,4359,22330,16:00
2026-08-01,weekday,17,TRAIN,TE19,56966,5716,62682,17:00
2026-08-01,weekday,18,TRAIN,TE19,96743,7614,104357,18:00
2026-08-01,weekday,19,TRAIN,TE19,43357,4854,48211,19:00
2026-08-01,weekday,20,TRAIN,TE19,20366,3310,23676,20:00
2026-08-01,weekday,21,TRAIN,TE19,12145,2390,14535,21:00
2026-08-01,weekday,22,TRAIN,TE19,6782,1345,8127,22:00
2026-08-01,weekday,23,TRAIN,TE19,2635,606,3241,23:00
2026-08-01,weekends/holiday,0,TRAIN,TE19,102,116,218,00:00
2026-08-01,weekends/holiday,5,TRAIN,TE19,26,0,26,05:00
2026-08-01,weekends/holiday,6,TRAIN,TE19,182,805,987,06:00
2026-08-01,weekends/holiday,7,TRAIN,TE19,322,2022,2344,07:00
2026-08-01,weekends/holiday,8,TRAIN,TE19,736,2415,3151,08:00
2026-08-01,weekends/holiday,9,TRAIN,TE19,1162,2777,3939,09:00
2026-08-01,weekends/holiday,10,TRAIN,TE19,1640,2564,4204,10:00
2026-08-01,weekends/holiday,11,TRAIN,TE19,2306,2698,5004,11:00
2026-08-01,weekends/holiday,12,TRAIN,TE19,2839,2910,5749,12:00
2026-08-01,weekends/holiday,13,TRAIN,TE19,2941,3118,6059,13:00
2026-08-01,weekends/holiday,14,TRAIN,TE19,3152,2770,5922,14:00
2026-08-01,weekends/holiday,15,TRAIN,TE19,3233,2292,5525,15:00
2026-08-01,weekends/holiday,16,TRAIN,TE19,3235,2183,5418,16:00
2026-08-01,weekends/holiday,17,TRAIN,TE19,3651,2463,6114,17:00
2026-08-01,weekends/holiday,18,TRAIN,TE19,3879,2686,6565,18:00
2026-08-01,weekends/holiday,19,TRAIN,TE19,3551,2341,5892,19:00
2026-08-01,weekends/holiday,20,TRAIN,TE19,2604,2639,5243,20:00
2026-08-01,weekends/holiday,21,TRAIN,TE19,2716,2389,5105,21:00
2026-08-01,weekends/holiday,22,TRAIN,TE19,2057,1052,3109,22:00
2026-08-01,weekends/holiday,23,TRAIN,TE19,1057,498,1555,23:00
2026-08-01,weekday,0,TRAIN,TE22,64,85,149,00:00
2026-08-01,weekday,5,TRAIN,TE22,21,0,21,05:00
2026-08-01,weekday,6,TRAIN,TE22,114,897,1011,06:00
2026-08-01,weekday,7,TRAIN,TE22,276,2183,2459,07:00
2026-08-01,weekday,8,TRAIN,TE22,472,2930,3402,08:00
2026-08-01,weekday,9,TRAIN,TE22,556,3291,3847,09:00
2026-08-01,weekday,10,TRAIN,TE22,776,4764,5540,10:00
2026-08-01,weekday,11,TRAIN,TE22,1512,4949,6461,11:00
2026-08-01,weekday,12,TRAIN,TE22,2390,4429,6819,12:00
2026-08-01,weekday,13,TRAIN,TE22,2469,4811,7280,13:00
2026-08-01,weekday,14,TRAIN,TE22,2572,5293,7865,14:00
2026-08-01,weekday,15,TRAIN,TE22,2859,5645,8504,15:00
2026-08-01,weekday,16,TRAIN,TE22,3250,6880,10130,16:00
2026-08-01,weekday,17,TRAIN,TE22,4702,8338,13040,17:00
2026-08-01,weekday,18,TRAIN,TE22,4645,11241,15886,18:00
2026-08-01,weekday,19,TRAIN,TE22,5286,10954,16240,19:00
2026-08-01,weekday,20,TRAIN,TE22,13688,5666,19354,20:00
2026-08-01,weekday,21,TRAIN,TE22,11225,1324,12549,21:00
2026-08-01,weekday,22,TRAIN,TE22,4343,633,4976,22:00
2026-08-01,weekday,23,TRAIN,TE22,1226,194,1420,23:00
2026-08-01,weekends/holiday,0,TRAIN,TE22,39,101,140,00:00
2026-08-01,weekends/holiday,5,TRAIN,TE22,10,0,10,05:00
2026-08-01,weekends/holiday,6,TRAIN,TE22,150,1010,1160,06:00
2026-08-01,weekends/holiday,7,TRAIN,TE22,313,1932,2245,07:00
2026-08-01,weekends/holiday,8,TRAIN,TE22,1434,1927,3361,08:00
2026-08-01,weekends/holiday,9,TRAIN,TE22,1711,3030,4741,09:00
2026-08-01,weekends/holiday,10,TRAIN,TE22,1634,4704,6338,10:00
2026-08-01,weekends/holiday,11,TRAIN,TE22,1978,5038,7016,11:00
2026-08-01,weekends/holiday,12,TRAIN,TE22,2255,5019,7274,12:00
2026-08-01,weekends/holiday,13,TRAIN,TE22,2446,5281,7727,13:00
2026-08-01,weekends/holiday,14,TRAIN,TE22,2817,6448,9265,14:00
2026-08-01,weekends/holiday,15,TRAIN,TE22,3465,7468,10933,15:00
2026-08-01,weekends/holiday,16,TRAIN,TE22,4180,8941,13121,16:00
2026-08-01,weekends/holiday,17,TRAIN,TE22,4871,11509,16380,17:00
2026-08-01,weekends/holiday,18,TRAIN,TE22,5333,12096,17429,18:00
2026-08-01,weekends/holiday,19,TRAIN,TE22,7937,10080,18017,19:00
2026-08-01,weekends/holiday,20,TRAIN,TE22,16782,4974,21756,20:00
2026-08-01,weekends/holiday,21,TRAIN,TE22,12725,1423,14148,21:00
2026-08-01,weekends/holiday,22,TRAIN,TE22,5128,634,5762,22:00
2026-08-01,weekends/holiday,23,TRAIN,TE22,1458,332,1790,23:00
2026-08-01,weekday,0,TRAIN,TE23,28,209,237,00:00
2026-08-01,weekday,5,TRAIN,TE23,231,10,241,05:00
2026-08-01,weekday,6,TRAIN,TE23,2732,660,3392,06:00
2026-08-01,weekday,7,TRAIN,TE23,6011,2236,8247,07:00
2026-08-01,weekday,8,TRAIN,TE23,8595,2692,11287,08:00
2026-08-01,weekday,9,TRAIN,TE23,6304,1813,8117,09:00
2026-08-01,weekday,10,TRAIN,TE23,3480,1312,4792,10:00
2026-08-01,weekday,11,TRAIN,TE23,2792,1572,4364,11:00
2026-08-01,weekday,12,TRAIN,TE23,2632,2432,5064,12:00
2026-08-01,weekday,13,TRAIN,TE23,2257,2781,5038,13:00
2026-08-01,weekday,14,TRAIN,TE23,2159,3118,5277,14:00
2026-08-01,weekday,15,TRAIN,TE23,2130,3863,5993,15:00
2026-08-01,weekday,16,TRAIN,TE23,2513,4555,7068,16:00
2026-08-01,weekday,17,TRAIN,TE23,3738,6326,10064,17:00
2026-08-01,weekday,18,TRAIN,TE23,4199,9653,13852,18:00
2026-08-01,weekday,19,TRAIN,TE23,3118,7606,10724,19:00
2026-08-01,weekday,20,TRAIN,TE23,2116,4154,6270,20:00
2026-08-01,weekday,21,TRAIN,TE23,1753,2960,4713,21:00
2026-08-01,weekday,22,TRAIN,TE23,1057,2143,3200,22:00
2026-08-01,weekday,23,TRAIN,TE23,961,1017,1978,23:00
2026-08-01,weekends/holiday,0,TRAIN,TE23,85,164,249,00:00
2026-08-01,weekends/holiday,5,TRAIN,TE23,55,1,56,05:00
2026-08-01,weekends/holiday,6,TRAIN,TE23,681,572,1253,06:00
2026-08-01,weekends/holiday,7,TRAIN,TE23,848,1368,2216,07:00
2026-08-01,weekends/holiday,8,TRAIN,TE23,1761,1363,3124,08:00
2026-08-01,weekends/holiday,9,TRAIN,TE23,2191,1301,3492,09:00
2026-08-01,weekends/holiday,10,TRAIN,TE23,2828,1356,4184,10:00
2026-08-01,weekends/holiday,11,TRAIN,TE23,2590,1530,4120,11:00
2026-08-01,weekends/holiday,12,TRAIN,TE23,2436,1760,4196,12:00
2026-08-01,weekends/holiday,13,TRAIN,TE23,2187,2158,4345,13:00
2026-08-01,weekends/holiday,14,TRAIN,TE23,1895,2637,4532,14:00
2026-08-01,weekends/holiday,15,TRAIN,TE23,1922,3370,5292,15:00
2026-08-01,weekends/holiday,16,TRAIN,TE23,2199,5494,7693,16:00
2026-08-01,weekends/holiday,17,TRAIN,TE23,2763,7933,10696,17:00
2026-08-01,weekends/holiday,18,TRAIN,TE23,2777,11246,14023,18:00
2026-08-01,weekends/holiday,19,TRAIN,TE23,3007,13367,16374,19:00
2026-08-01,weekends/holiday,20,TRAIN,TE23,10917,4400,15317,20:00
2026-08-01,weekends/holiday,21,TRAIN,TE23,15155,2065,17220,21:00
2026-08-01,weekends/holiday,22,TRAIN,TE23,4588,1442,6030,22:00
2026-08-01,weekends/holiday,23,TRAIN,TE23,1919,646,2565,23:00
2026-08-01,weekday,0,TRAIN,TE24,36,263,299,00:00
2026-08-01,weekday,5,TRAIN,TE24,192,3,195,05:00
2026-08-01,weekday,6,TRAIN,TE24,2460,1030,3490,06:00
2026-08-01,weekday,7,TRAIN,TE24,5561,8553,14114,07:00
2026-08-01,weekday,8,TRAIN,TE24,9640,3923,13563,08:00
2026-08-01,weekday,9,TRAIN,TE24,6421,2101,8522,09:00
2026-08-01,weekday,10,TRAIN,TE24,4078,1765,5843,10:00
2026-08-01,weekday,11,TRAIN,TE24,3453,1920,5373,11:00
2026-08-01,weekday,12,TRAIN,TE24,3307,2623,5930,12:00
2026-08-01,weekday,13,TRAIN,TE24,3202,3277,6479,13:00
2026-08-01,weekday,14,TRAIN,TE24,5360,3496,8856,14:00
2026-08-01,weekday,15,TRAIN,TE24,4300,3896,8196,15:00
2026-08-01,weekday,16,TRAIN,TE24,5431,4534,9965,16:00
2026-08-01,weekday,17,TRAIN,TE24,5760,6079,11839,17:00
2026-08-01,weekday,18,TRAIN,TE24,6510,9372,15882,18:00
2026-08-01,weekday,19,TRAIN,TE24,3576,7556,11132,19:00
2026-08-01,weekday,20,TRAIN,TE24,1836,4584,6420,20:00
2026-08-01,weekday,21,TRAIN,TE24,1238,3690,4928,21:00
2026-08-01,weekday,22,TRAIN,TE24,822,2433,3255,22:00
2026-08-01,weekday,23,TRAIN,TE24,300,1061,1361,23:00
2026-08-01,weekends/holiday,0,TRAIN,TE24,33,191,224,00:00
2026-08-01,weekends/holiday,5,TRAIN,TE24,38,0,38,05:00
2026-08-01,weekends/holiday,6,TRAIN,TE24,468,262,730,06:00
2026-08-01,weekends/holiday,7,TRAIN,TE24,890,879,1769,07:00
2026-08-01,weekends/holiday,8,TRAIN,TE24,1934,1137,3071,08:00
2026-08-01,weekends/holiday,9,TRAIN,TE24,2677,986,3663,09:00
2026-08-01,weekends/holiday,10,TRAIN,TE24,2974,1306,4280,10:00
2026-08-01,weekends/holiday,11,TRAIN,TE24,2651,1674,4325,11:00
2026-08-01,weekends/holiday,12,TRAIN,TE24,2379,2008,4387,12:00
2026-08-01,weekends/holiday,13,TRAIN,TE24,2091,2121,4212,13:00
2026-08-01,weekends/holiday,14,TRAIN,TE24,1804,2171,3975,14:00
2026-08-01,weekends/holiday,15,TRAIN,TE24,2023,2229,4252,15:00
2026-08-01,weekends/holiday,16,TRAIN,TE24,2089,2522,4611,16:00
2026-08-01,weekends/holiday,17,TRAIN,TE24,2428,2870,5298,17:00
2026-08-01,weekends/holiday,18,TRAIN,TE24,2578,2881,5459,18:00
2026-08-01,weekends/holiday,19,TRAIN,TE24,2260,2888,5148,19:00
2026-08-01,weekends/holiday,20,TRAIN,TE24,1629,2688,4317,20:00
2026-08-01,weekends/holiday,21,TRAIN,TE24,3519,2442,5961,21:00
2026-08-01,weekends/holiday,22,TRAIN,TE24,1049,1382,2431,22:00
2026-08-01,weekends/holiday,23,TRAIN,TE24,291,699,990,23:00
2026-08-01,weekday,0,TRAIN,TE25,11,220,231,00:00
2026-08-01,weekday,5,TRAIN,TE25,145,0,145,05:00
2026-08-01,weekday,6,TRAIN,TE25,2246,388,2634,06:00
2026-08-01,weekday,7,TRAIN,TE25,6721,2055,8776,07:00
2026-08-01,weekday,8,TRAIN,TE25,10844,2508,13352,08:00
2026-08-01,weekday,9,TRAIN,TE25,6618,2163,8781,09:00
2026-08-01,weekday,10,TRAIN,TE25,3538,1851,5389,10:00
2026-08-01,weekday,11,TRAIN,TE25,3347,1882,5229,11:00
2026-08-01,weekday,12,TRAIN,TE25,3024,2608,5632,12:00
2026-08-01,weekday,13,TRAIN,TE25,2686,3307,5993,13:00
2026-08-01,weekday,14,TRAIN,TE25,2303,3548,5851,14:00
2026-08-01,weekday,15,TRAIN,TE25,2349,3955,6304,15:00
2026-08-01,weekday,16,TRAIN,TE25,3218,4960,8178,16:00
2026-08-01,weekday,17,TRAIN,TE25,3884,6654,10538,17:00
2026-08-01,weekday,18,TRAIN,TE25,4208,9960,14168,18:00
2026-08-01,weekday,19,TRAIN,TE25,2909,8041,10950,19:00
2026-08-01,weekday,20,TRAIN,TE25,1747,4420,6167,20:00
2026-08-01,weekday,21,TRAIN,TE25,1296,3228,4524,21:00
2026-08-01,weekday,22,TRAIN,TE25,789,2232,3021,22:00
2026-08-01,weekday,23,TRAIN,TE25,259,945,1204,23:00
2026-08-01,weekends/holiday,0,TRAIN,TE25,20,182,202,00:00
2026-08-01,weekends/holiday,5,TRAIN,TE25,22,0,22,05:00
2026-08-01,weekends/holiday,6,TRAIN,TE25,353,109,462,06:00
2026-08-01,weekends/holiday,7,TRAIN,TE25,823,545,1368,07:00
2026-08-01,weekends/holiday,8,TRAIN,TE25,1785,830,2615,08:00
2026-08-01,weekends/holiday,9,TRAIN,TE25,2390,1155,3545,09:00
2026-08-01,weekends/holiday,10,TRAIN,TE25,2525,1366,3891,10:00
2026-08-01,weekends/holiday,11,TRAIN,TE25,2646,1622,4268,11:00
2026-08-01,weekends/holiday,12,TRAIN,TE25,2378,1973,4351,12:00
2026-08-01,weekends/holiday,13,TRAIN,TE25,2068,2026,4094,13:00
2026-08-01,weekends/holiday,14,TRAIN,TE25,1843,2115,3958,14:00
2026-08-01,weekends/holiday,15,TRAIN,TE25,1929,2017,3946,15:00
2026-08-01,weekends/holiday,16,TRAIN,TE25,2134,2404,4538,16:00
2026-08-01,weekends/holiday,17,TRAIN,TE25,2507,2509,5016,17:00
2026-08-01,weekends/holiday,18,TRAIN,TE25,2365,2607,4972,18:00
2026-08-01,weekends/holiday,19,TRAIN,TE25,1988,2565,4553,19:00
2026-08-01,weekends/holiday,20,TRAIN,TE25,1356,2341,3697,20:00
2026-08-01,weekends/holiday,21,TRAIN,TE25,882,2279,3161,21:00
2026-08-01,weekends/holiday,22,TRAIN,TE25,660,1350,2010,22:00
2026-08-01,weekends/holiday,23,TRAIN,TE25,266,649,915,23:00
2026-08-01,weekday,0,TRAIN,TE26,140,583,723,00:00
2026-08-01,weekday,5,TRAIN,TE26,497,24,521,05:00
2026-08-01,weekday,6,TRAIN,TE26,3795,2329,6124,06:00
2026-08-01,weekday,7,TRAIN,TE26,11961,6025,17986,07:00
2026-08-01,weekday,8,TRAIN,TE26,17888,11725,29613,08:00
2026-08-01,weekday,9,TRAIN,TE26,13093,13481,26574,09:00
2026-08-01,weekday,10,TRAIN,TE26,9977,13231,23208,10:00
2026-08-01,weekday,11,TRAIN,TE26,11374,13551,24925,11:00
2026-08-01,weekday,12,TRAIN,TE26,12683,13981,26664,12:00
2026-08-01,weekday,13,TRAIN,TE26,15001,16302,31303,13:00
2026-08-01,weekday,14,TRAIN,TE26,14462,17038,31500,14:00
2026-08-01,weekday,15,TRAIN,TE26,13141,14826,27967,15:00
2026-08-01,weekday,16,TRAIN,TE26,14633,18132,32765,16:00
2026-08-01,weekday,17,TRAIN,TE26,20182,20405,40587,17:00
2026-08-01,weekday,18,TRAIN,TE26,21303,30647,51950,18:00
2026-08-01,weekday,19,TRAIN,TE26,18523,22389,40912,19:00
2026-08-01,weekday,20,TRAIN,TE26,14463,10938,25401,20:00
2026-08-01,weekday,21,TRAIN,TE26,12264,8253,20517,21:00
2026-08-01,weekday,22,TRAIN,TE26,6769,6257,13026,22:00
2026-08-01,weekday,23,TRAIN,TE26,2096,2649,4745,23:00
2026-08-01,weekends/holiday,0,TRAIN,TE26,108,488,596,00:00
2026-08-01,weekends/holiday,5,TRAIN,TE26,103,1,104,05:00
2026-08-01,weekends/holiday,6,TRAIN,TE26,939,708,1647,06:00
2026-08-01,weekends/holiday,7,TRAIN,TE26,1993,2052,4045,07:00
2026-08-01,weekends/holiday,8,TRAIN,TE26,3114,6595,9709,08:00
2026-08-01,weekends/holiday,9,TRAIN,TE26,5108,9934,15042,09:00
2026-08-01,weekends/holiday,10,TRAIN,TE26,7384,11937,19321,10:00
2026-08-01,weekends/holiday,11,TRAIN,TE26,9730,12151,21881,11:00
2026-08-01,weekends/holiday,12,TRAIN,TE26,11347,11617,22964,12:00
2026-08-01,weekends/holiday,13,TRAIN,TE26,12019,11118,23137,13:00
2026-08-01,weekends/holiday,14,TRAIN,TE26,11356,9924,21280,14:00
2026-08-01,weekends/holiday,15,TRAIN,TE26,11310,9782,21092,15:00
2026-08-01,weekends/holiday,16,TRAIN,TE26,12925,11443,24368,16:00
2026-08-01,weekends/holiday,17,TRAIN,TE26,12593,10992,23585,17:00
2026-08-01,weekends/holiday,18,TRAIN,TE26,13097,10579,23676,18:00
2026-08-01,weekends/holiday,19,TRAIN,TE26,13048,8163,21211,19:00
2026-08-01,weekends/holiday,20,TRAIN,TE26,10668,6624,17292,20:00
2026-08-01,weekends/holiday,21,TRAIN,TE26,9006,6488,15494,21:00
2026-08-01,weekends/holiday,22,TRAIN,TE26,5401,3999,9400,22:00
2026-08-01,weekends/holiday,23,TRAIN,TE26,1760,1793,3553,23:00
2026-08-01,weekday,0,TRAIN,TE27,30,775,805,00:00
2026-08-01,weekday,5,TRAIN,TE27,1023,1,1024,05:00
2026-08-01,weekday,6,TRAIN,TE27,6059,2306,8365,06:00
2026-08-01,weekday,7,TRAIN,TE27,17292,14880,32172,07:00
2026-08-01,weekday,8,TRAIN,TE27,19904,5328,25232,08:00
2026-08-01,weekday,9,TRAIN,TE27,11913,4174,16087,09:00
2026-08-01,weekday,10,TRAIN,TE27,7672,2743,10415,10:00
2026-08-01,weekday,11,TRAIN,TE27,6993,3593,10586,11:00
2026-08-01,weekday,12,TRAIN,TE27,7019,4709,11728,12:00
2026-08-01,weekday,13,TRAIN,TE27,12107,6787,18894,13:00
2026-08-01,weekday,14,TRAIN,TE27,10185,6066,16251,14:00
2026-08-01,weekday,15,TRAIN,TE27,8040,6022,14062,15:00
2026-08-01,weekday,16,TRAIN,TE27,7609,7505,15114,16:00
2026-08-01,weekday,17,TRAIN,TE27,8214,10623,18837,17:00
2026-08-01,weekday,18,TRAIN,TE27,7136,17061,24197,18:00
2026-08-01,weekday,19,TRAIN,TE27,4364,13897,18261,19:00
2026-08-01,weekday,20,TRAIN,TE27,2477,8933,11410,20:00
2026-08-01,weekday,21,TRAIN,TE27,1862,7243,9105,21:00
2026-08-01,weekday,22,TRAIN,TE27,1136,5708,6844,22:00
2026-08-01,weekday,23,TRAIN,TE27,480,3059,3539,23:00
2026-08-01,weekends/holiday,0,TRAIN,TE27,27,503,530,00:00
2026-08-01,weekends/holiday,5,TRAIN,TE27,124,1,125,05:00
2026-08-01,weekends/holiday,6,TRAIN,TE27,1400,315,1715,06:00
2026-08-01,weekends/holiday,7,TRAIN,TE27,2445,973,3418,07:00
2026-08-01,weekends/holiday,8,TRAIN,TE27,3772,1667,5439,08:00
2026-08-01,weekends/holiday,9,TRAIN,TE27,4896,2002,6898,09:00
2026-08-01,weekends/holiday,10,TRAIN,TE27,4966,2393,7359,10:00
2026-08-01,weekends/holiday,11,TRAIN,TE27,4866,3021,7887,11:00
2026-08-01,weekends/holiday,12,TRAIN,TE27,4278,3431,7709,12:00
2026-08-01,weekends/holiday,13,TRAIN,TE27,3740,3758,7498,13:00
2026-08-01,weekends/holiday,14,TRAIN,TE27,3398,3711,7109,14:00
2026-08-01,weekends/holiday,15,TRAIN,TE27,3146,3804,6950,15:00
2026-08-01,weekends/holiday,16,TRAIN,TE27,3715,4095,7810,16:00
2026-08-01,weekends/holiday,17,TRAIN,TE27,4140,4547,8687,17:00
2026-08-01,weekends/holiday,18,TRAIN,TE27,3936,4194,8130,18:00
2026-08-01,weekends/holiday,19,TRAIN,TE27,3298,4377,7675,19:00
2026-08-01,weekends/holiday,20,TRAIN,TE27,1959,4613,6572,20:00
2026-08-01,weekends/holiday,21,TRAIN,TE27,1339,4739,6078,21:00
2026-08-01,weekends/holiday,22,TRAIN,TE27,1024,3416,4440,22:00
2026-08-01,weekends/holiday,23,TRAIN,TE27,460,1854,2314,23:00
2026-08-01,weekday,0,TRAIN,TE28,10,429,439,00:00
2026-08-01,weekday,5,TRAIN,TE28,250,2,252,05:00
2026-08-01,weekday,6,TRAIN,TE28,4035,1377,5412,06:00
2026-08-01,weekday,7,TRAIN,TE28,10730,6672,17402,07:00
2026-08-01,weekday,8,TRAIN,TE28,14456,4485,18941,08:00
2026-08-01,weekday,9,TRAIN,TE28,7521,2633,10154,09:00
2026-08-01,weekday,10,TRAIN,TE28,4782,2094,6876,10:00
2026-08-01,weekday,11,TRAIN,TE28,4155,2455,6610,11:00
2026-08-01,weekday,12,TRAIN,TE28,4608,3818,8426,12:00
2026-08-01,weekday,13,TRAIN,TE28,6247,5690,11937,13:00
2026-08-01,weekday,14,TRAIN,TE28,5244,4702,9946,14:00
2026-08-01,weekday,15,TRAIN,TE28,3688,4706,8394,15:00
2026-08-01,weekday,16,TRAIN,TE28,4153,5955,10108,16:00
2026-08-01,weekday,17,TRAIN,TE28,5857,8611,14468,17:00
2026-08-01,weekday,18,TRAIN,TE28,5744,13866,19610,18:00
2026-08-01,weekday,19,TRAIN,TE28,3212,11471,14683,19:00
2026-08-01,weekday,20,TRAIN,TE28,1778,6415,8193,20:00
2026-08-01,weekday,21,TRAIN,TE28,1545,5235,6780,21:00
2026-08-01,weekday,22,TRAIN,TE28,1081,3915,4996,22:00
2026-08-01,weekday,23,TRAIN,TE28,336,1852,2188,23:00
2026-08-01,weekends/holiday,0,TRAIN,TE28,8,334,342,00:00
2026-08-01,weekends/holiday,5,TRAIN,TE28,43,1,44,05:00
2026-08-01,weekends/holiday,6,TRAIN,TE28,697,166,863,06:00
2026-08-01,weekends/holiday,7,TRAIN,TE28,1270,619,1889,07:00
2026-08-01,weekends/holiday,8,TRAIN,TE28,2420,981,3401,08:00
2026-08-01,weekends/holiday,9,TRAIN,TE28,2689,1347,4036,09:00
2026-08-01,weekends/holiday,10,TRAIN,TE28,3096,1502,4598,10:00
2026-08-01,weekends/holiday,11,TRAIN,TE28,3007,2115,5122,11:00
2026-08-01,weekends/holiday,12,TRAIN,TE28,2829,2305,5134,12:00
2026-08-01,weekends/holiday,13,TRAIN,TE28,2606,2711,5317,13:00
2026-08-01,weekends/holiday,14,TRAIN,TE28,2128,2770,4898,14:00
2026-08-01,weekends/holiday,15,TRAIN,TE28,2063,2837,4900,15:00
2026-08-01,weekends/holiday,16,TRAIN,TE28,2307,3370,5677,16:00
2026-08-01,weekends/holiday,17,TRAIN,TE28,2820,3621,6441,17:00
2026-08-01,weekends/holiday,18,TRAIN,TE28,2707,3629,6336,18:00
2026-08-01,weekends/holiday,19,TRAIN,TE28,2197,3560,5757,19:00
2026-08-01,weekends/holiday,20,TRAIN,TE28,1673,3386,5059,20:00
2026-08-01,weekends/holiday,21,TRAIN,TE28,1543,3433,4976,21:00
2026-08-01,weekends/holiday,22,TRAIN,TE28,1070,2312,3382,22:00
2026-08-01,weekends/holiday,23,TRAIN,TE28,395,1061,1456,23:00
2026-08-01,weekday,0,TRAIN,TE29,7,377,384,00:00
2026-08-01,weekday,5,TRAIN,TE29,362,2,364,05:00
2026-08-01,weekday,6,TRAIN,TE29,3978,897,4875,06:00
2026-08-01,weekday,7,TRAIN,TE29,11719,4734,16453,07:00
2026-08-01,weekday,8,TRAIN,TE29,17056,2489,19545,08:00
2026-08-01,weekday,9,TRAIN,TE29,8265,1674,9939,09:00
2026-08-01,weekday,10,TRAIN,TE29,4329,1295,5624,10:00
2026-08-01,weekday,11,TRAIN,TE29,3667,1577,5244,11:00
2026-08-01,weekday,12,TRAIN,TE29,3202,2290,5492,12:00
2026-08-01,weekday,13,TRAIN,TE29,2908,3423,6331,13:00
2026-08-01,weekday,14,TRAIN,TE29,2734,3806,6540,14:00
2026-08-01,weekday,15,TRAIN,TE29,2378,4082,6460,15:00
2026-08-01,weekday,16,TRAIN,TE29,3063,5355,8418,16:00
2026-08-01,weekday,17,TRAIN,TE29,4451,7544,11995,17:00
2026-08-01,weekday,18,TRAIN,TE29,4811,12665,17476,18:00
2026-08-01,weekday,19,TRAIN,TE29,3113,11778,14891,19:00
2026-08-01,weekday,20,TRAIN,TE29,1955,6271,8226,20:00
2026-08-01,weekday,21,TRAIN,TE29,1306,4527,5833,21:00
2026-08-01,weekday,22,TRAIN,TE29,643,3399,4042,22:00
2026-08-01,weekday,23,TRAIN,TE29,271,1567,1838,23:00
2026-08-01,weekends/holiday,0,TRAIN,TE29,13,325,338,00:00
2026-08-01,weekends/holiday,5,TRAIN,TE29,57,0,57,05:00
2026-08-01,weekends/holiday,6,TRAIN,TE29,633,236,869,06:00
2026-08-01,weekends/holiday,7,TRAIN,TE29,1223,1250,2473,07:00
2026-08-01,weekends/holiday,8,TRAIN,TE29,2393,993,3386,08:00
2026-08-01,weekends/holiday,9,TRAIN,TE29,2940,1127,4067,09:00
2026-08-01,weekends/holiday,10,TRAIN,TE29,3068,1215,4283,10:00
2026-08-01,weekends/holiday,11,TRAIN,TE29,2924,1811,4735,11:00
2026-08-01,weekends/holiday,12,TRAIN,TE29,2697,2063,4760,12:00
2026-08-01,weekends/holiday,13,TRAIN,TE29,2463,2320,4783,13:00
2026-08-01,weekends/holiday,14,TRAIN,TE29,2088,2377,4465,14:00
2026-08-01,weekends/holiday,15,TRAIN,TE29,2052,2494,4546,15:00
2026-08-01,weekends/holiday,16,TRAIN,TE29,2665,2833,5498,16:00
2026-08-01,weekends/holiday,17,TRAIN,TE29,2934,2960,5894,17:00
2026-08-01,weekends/holiday,18,TRAIN,TE29,2811,3166,5977,18:00
2026-08-01,weekends/holiday,19,TRAIN,TE29,2364,2873,5237,19:00
2026-08-01,weekends/holiday,20,TRAIN,TE29,1426,2954,4380,20:00
2026-08-01,weekends/holiday,21,TRAIN,TE29,882,2987,3869,21:00
2026-08-01,weekends/holiday,22,TRAIN,TE29,586,2161,2747,22:00
2026-08-01,weekends/holiday,23,TRAIN,TE29,290,1030,1320,23:00
2026-08-01,weekday,0,TRAIN,TE3,80,1501,1581,00:00
2026-08-01,weekday,5,TRAIN,TE3,4509,685,5194,05:00
2026-08-01,weekday,6,TRAIN,TE3,20104,11414,31518,06:00
2026-08-01,weekday,7,TRAIN,TE3,42937,32156,75093,07:00
2026-08-01,weekday,8,TRAIN,TE3,36948,18791,55739,08:00
2026-08-01,weekday,9,TRAIN,TE3,15655,8110,23765,09:00
2026-08-01,weekday,10,TRAIN,TE3,10702,5713,16415,10:00
2026-08-01,weekday,11,TRAIN,TE3,11782,6893,18675,11:00
2026-08-01,weekday,12,TRAIN,TE3,13427,10344,23771,12:00
2026-08-01,weekday,13,TRAIN,TE3,12237,11076,23313,13:00
2026-08-01,weekday,14,TRAIN,TE3,14110,9670,23780,14:00
2026-08-01,weekday,15,TRAIN,TE3,15191,9782,24973,15:00
2026-08-01,weekday,16,TRAIN,TE3,14181,10828,25009,16:00
2026-08-01,weekday,17,TRAIN,TE3,25769,19150,44919,17:00
2026-08-01,weekday,18,TRAIN,TE3,22446,36510,58956,18:00
2026-08-01,weekday,19,TRAIN,TE3,10598,29240,39838,19:00
2026-08-01,weekday,20,TRAIN,TE3,7312,15821,23133,20:00
2026-08-01,weekday,21,TRAIN,TE3,8077,13532,21609,21:00
2026-08-01,weekday,22,TRAIN,TE3,2892,11809,14701,22:00
2026-08-01,weekday,23,TRAIN,TE3,777,6658,7435,23:00
2026-08-01,weekends/holiday,0,TRAIN,TE3,46,1066,1112,00:00
2026-08-01,weekends/holiday,5,TRAIN,TE3,1055,103,1158,05:00
2026-08-01,weekends/holiday,6,TRAIN,TE3,2985,2650,5635,06:00
2026-08-01,weekends/holiday,7,TRAIN,TE3,4999,3416,8415,07:00
2026-08-01,weekends/holiday,8,TRAIN,TE3,7216,3813,11029,08:00
2026-08-01,weekends/holiday,9,TRAIN,TE3,6459,3385,9844,09:00
2026-08-01,weekends/holiday,10,TRAIN,TE3,6804,3582,10386,10:00
2026-08-01,weekends/holiday,11,TRAIN,TE3,7138,4141,11279,11:00
2026-08-01,weekends/holiday,12,TRAIN,TE3,7905,5097,13002,12:00
2026-08-01,weekends/holiday,13,TRAIN,TE3,7112,4860,11972,13:00
2026-08-01,weekends/holiday,14,TRAIN,TE3,6862,4958,11820,14:00
2026-08-01,weekends/holiday,15,TRAIN,TE3,6269,4968,11237,15:00
2026-08-01,weekends/holiday,16,TRAIN,TE3,6720,5278,11998,16:00
2026-08-01,weekends/holiday,17,TRAIN,TE3,7267,5786,13053,17:00
2026-08-01,weekends/holiday,18,TRAIN,TE3,6076,6520,12596,18:00
2026-08-01,weekends/holiday,19,TRAIN,TE3,4552,7251,11803,19:00
2026-08-01,weekends/holiday,20,TRAIN,TE3,3719,6879,10598,20:00
2026-08-01,weekends/holiday,21,TRAIN,TE3,3784,6838,10622,21:00
2026-08-01,weekends/holiday,22,TRAIN,TE3,1520,6791,8311,22:00
2026-08-01,weekends/holiday,23,TRAIN,TE3,496,3818,4314,23:00
2026-08-01,weekday,0,TRAIN,TE4,109,451,560,00:00
2026-08-01,weekday,5,TRAIN,TE4,833,429,1262,05:00
2026-08-01,weekday,6,TRAIN,TE4,7546,3890,11436,06:00
2026-08-01,weekday,7,TRAIN,TE4,10142,15641,25783,07:00
2026-08-01,weekday,8,TRAIN,TE4,10431,14298,24729,08:00
2026-08-01,weekday,9,TRAIN,TE4,5184,6184,11368,09:00
2026-08-01,weekday,10,TRAIN,TE4,3713,4093,7806,10:00
2026-08-01,weekday,11,TRAIN,TE4,3825,4239,8064,11:00
2026-08-01,weekday,12,TRAIN,TE4,4769,4163,8932,12:00
2026-08-01,weekday,13,TRAIN,TE4,4779,4304,9083,13:00
2026-08-01,weekday,14,TRAIN,TE4,4135,4524,8659,14:00
2026-08-01,weekday,15,TRAIN,TE4,4992,4046,9038,15:00
2026-08-01,weekday,16,TRAIN,TE4,6922,4669,11591,16:00
2026-08-01,weekday,17,TRAIN,TE4,16227,7781,24008,17:00
2026-08-01,weekday,18,TRAIN,TE4,15804,13763,29567,18:00
2026-08-01,weekday,19,TRAIN,TE4,8106,10737,18843,19:00
2026-08-01,weekday,20,TRAIN,TE4,5384,6114,11498,20:00
2026-08-01,weekday,21,TRAIN,TE4,4886,5000,9886,21:00
2026-08-01,weekday,22,TRAIN,TE4,4322,3536,7858,22:00
2026-08-01,weekday,23,TRAIN,TE4,2322,1825,4147,23:00
2026-08-01,weekends/holiday,0,TRAIN,TE4,99,311,410,00:00
2026-08-01,weekends/holiday,5,TRAIN,TE4,158,35,193,05:00
2026-08-01,weekends/holiday,6,TRAIN,TE4,1232,884,2116,06:00
2026-08-01,weekends/holiday,7,TRAIN,TE4,1870,2383,4253,07:00
2026-08-01,weekends/holiday,8,TRAIN,TE4,2411,3121,5532,08:00
2026-08-01,weekends/holiday,9,TRAIN,TE4,2771,3354,6125,09:00
2026-08-01,weekends/holiday,10,TRAIN,TE4,2858,3476,6334,10:00
2026-08-01,weekends/holiday,11,TRAIN,TE4,3323,3434,6757,11:00
2026-08-01,weekends/holiday,12,TRAIN,TE4,3721,3428,7149,12:00
2026-08-01,weekends/holiday,13,TRAIN,TE4,3596,3101,6697,13:00
2026-08-01,weekends/holiday,14,TRAIN,TE4,3573,2955,6528,14:00
2026-08-01,weekends/holiday,15,TRAIN,TE4,3848,2518,6366,15:00
2026-08-01,weekends/holiday,16,TRAIN,TE4,4089,2764,6853,16:00
2026-08-01,weekends/holiday,17,TRAIN,TE4,4491,4244,8735,17:00
2026-08-01,weekends/holiday,18,TRAIN,TE4,4982,5221,10203,18:00
2026-08-01,weekends/holiday,19,TRAIN,TE4,4116,4195,8311,19:00
2026-08-01,weekends/holiday,20,TRAIN,TE4,3056,3241,6297,20:00
2026-08-01,weekends/holiday,21,TRAIN,TE4,2763,2940,5703,21:00
2026-08-01,weekends/holiday,22,TRAIN,TE4,2881,2211,5092,22:00
2026-08-01,weekends/holiday,23,TRAIN,TE4,1707,1158,2865,23:00
2026-08-01,weekday,0,TRAIN,TE5,67,787,854,00:00
2026-08-01,weekday,5,TRAIN,TE5,949,117,1066,05:00
2026-08-01,weekday,6,TRAIN,TE5,9780,2233,12013,06:00
2026-08-01,weekday,7,TRAIN,TE5,21320,9671,30991,07:00
2026-08-01,weekday,8,TRAIN,TE5,23312,9239,32551,08:00
2026-08-01,weekday,9,TRAIN,TE5,10528,5336,15864,09:00
2026-08-01,weekday,10,TRAIN,TE5,5554,3296,8850,10:00
2026-08-01,weekday,11,TRAIN,TE5,5533,3501,9034,11:00
2026-08-01,weekday,12,TRAIN,TE5,5355,5029,10384,12:00
2026-08-01,weekday,13,TRAIN,TE5,5711,6204,11915,13:00
2026-08-01,weekday,14,TRAIN,TE5,4489,6835,11324,14:00
2026-08-01,weekday,15,TRAIN,TE5,4384,7053,11437,15:00
2026-08-01,weekday,16,TRAIN,TE5,5414,7689,13103,16:00
2026-08-01,weekday,17,TRAIN,TE5,10083,12445,22528,17:00
2026-08-01,weekday,18,TRAIN,TE5,13472,23213,36685,18:00
2026-08-01,weekday,19,TRAIN,TE5,7671,17597,25268,19:00
2026-08-01,weekday,20,TRAIN,TE5,5267,9996,15263,20:00
2026-08-01,weekday,21,TRAIN,TE5,4452,8073,12525,21:00
2026-08-01,weekday,22,TRAIN,TE5,2941,6950,9891,22:00
2026-08-01,weekday,23,TRAIN,TE5,674,3330,4004,23:00
2026-08-01,weekends/holiday,0,TRAIN,TE5,67,537,604,00:00
2026-08-01,weekends/holiday,5,TRAIN,TE5,206,7,213,05:00
2026-08-01,weekends/holiday,6,TRAIN,TE5,1437,521,1958,06:00
2026-08-01,weekends/holiday,7,TRAIN,TE5,2272,2178,4450,07:00
2026-08-01,weekends/holiday,8,TRAIN,TE5,4029,2165,6194,08:00
2026-08-01,weekends/holiday,9,TRAIN,TE5,4413,2459,6872,09:00
2026-08-01,weekends/holiday,10,TRAIN,TE5,4356,2242,6598,10:00
2026-08-01,weekends/holiday,11,TRAIN,TE5,4380,2723,7103,11:00
2026-08-01,weekends/holiday,12,TRAIN,TE5,4539,3399,7938,12:00
2026-08-01,weekends/holiday,13,TRAIN,TE5,3927,3533,7460,13:00
2026-08-01,weekends/holiday,14,TRAIN,TE5,3945,3557,7502,14:00
2026-08-01,weekends/holiday,15,TRAIN,TE5,3758,3652,7410,15:00
2026-08-01,weekends/holiday,16,TRAIN,TE5,4070,4033,8103,16:00
2026-08-01,weekends/holiday,17,TRAIN,TE5,3849,4756,8605,17:00
2026-08-01,weekends/holiday,18,TRAIN,TE5,4191,5676,9867,18:00
2026-08-01,weekends/holiday,19,TRAIN,TE5,3429,4852,8281,19:00
2026-08-01,weekends/holiday,20,TRAIN,TE5,2617,4125,6742,20:00
2026-08-01,weekends/holiday,21,TRAIN,TE5,2489,4168,6657,21:00
2026-08-01,weekends/holiday,22,TRAIN,TE5,1883,3633,5516,22:00
2026-08-01,weekends/holiday,23,TRAIN,TE5,558,2019,2577,23:00
2026-08-01,weekday,0,TRAIN,TE6,120,1766,1886,00:00
2026-08-01,weekday,5,TRAIN,TE6,4860,393,5253,05:00
2026-08-01,weekday,6,TRAIN,TE6,21353,6426,27779,06:00
2026-08-01,weekday,7,TRAIN,TE6,45620,19172,64792,07:00
2026-08-01,weekday,8,TRAIN,TE6,47705,9432,57137,08:00
2026-08-01,weekday,9,TRAIN,TE6,23440,5562,29002,09:00
2026-08-01,weekday,10,TRAIN,TE6,14104,4212,18316,10:00
2026-08-01,weekday,11,TRAIN,TE6,12065,5153,17218,11:00
2026-08-01,weekday,12,TRAIN,TE6,11080,6391,17471,12:00
2026-08-01,weekday,13,TRAIN,TE6,13536,10220,23756,13:00
2026-08-01,weekday,14,TRAIN,TE6,14450,8875,23325,14:00
2026-08-01,weekday,15,TRAIN,TE6,9521,10868,20389,15:00
2026-08-01,weekday,16,TRAIN,TE6,10230,13043,23273,16:00
2026-08-01,weekday,17,TRAIN,TE6,12725,22247,34972,17:00
2026-08-01,weekday,18,TRAIN,TE6,18290,41383,59673,18:00
2026-08-01,weekday,19,TRAIN,TE6,8460,30852,39312,19:00
2026-08-01,weekday,20,TRAIN,TE6,5297,20733,26030,20:00
2026-08-01,weekday,21,TRAIN,TE6,4503,18553,23056,21:00
2026-08-01,weekday,22,TRAIN,TE6,2854,17188,20042,22:00
2026-08-01,weekday,23,TRAIN,TE6,1012,9004,10016,23:00
2026-08-01,weekends/holiday,0,TRAIN,TE6,110,1144,1254,00:00
2026-08-01,weekends/holiday,5,TRAIN,TE6,1011,38,1049,05:00
2026-08-01,weekends/holiday,6,TRAIN,TE6,4334,799,5133,06:00
2026-08-01,weekends/holiday,7,TRAIN,TE6,6017,1900,7917,07:00
2026-08-01,weekends/holiday,8,TRAIN,TE6,8690,3372,12062,08:00
2026-08-01,weekends/holiday,9,TRAIN,TE6,10198,3501,13699,09:00
2026-08-01,weekends/holiday,10,TRAIN,TE6,9662,3434,13096,10:00
2026-08-01,weekends/holiday,11,TRAIN,TE6,8859,3790,12649,11:00
2026-08-01,weekends/holiday,12,TRAIN,TE6,8448,4820,13268,12:00
2026-08-01,weekends/holiday,13,TRAIN,TE6,7573,5556,13129,13:00
2026-08-01,weekends/holiday,14,TRAIN,TE6,6146,5769,11915,14:00
2026-08-01,weekends/holiday,15,TRAIN,TE6,5804,6293,12097,15:00
2026-08-01,weekends/holiday,16,TRAIN,TE6,6428,6447,12875,16:00
2026-08-01,weekends/holiday,17,TRAIN,TE6,6694,7617,14311,17:00
2026-08-01,weekends/holiday,18,TRAIN,TE6,6407,8560,14967,18:00
2026-08-01,weekends/holiday,19,TRAIN,TE6,4570,8840,13410,19:00
2026-08-01,weekends/holiday,20,TRAIN,TE6,3130,8896,12026,20:00
2026-08-01,weekends/holiday,21,TRAIN,TE6,2433,10080,12513,21:00
2026-08-01,weekends/holiday,22,TRAIN,TE6,1992,9609,11601,22:00
2026-08-01,weekends/holiday,23,TRAIN,TE6,763,5491,6254,23:00
2026-08-01,weekday,0,TRAIN,TE7,60,509,569,00:00
2026-08-01,weekday,5,TRAIN,TE7,786,428,1214,05:00
2026-08-01,weekday,6,TRAIN,TE7,8157,4581,12738,06:00
2026-08-01,weekday,7,TRAIN,TE7,17578,18207,35785,07:00
2026-08-01,weekday,8,TRAIN,TE7,17656,17579,35235,08:00
2026-08-01,weekday,9,TRAIN,TE7,9459,9428,18887,09:00
2026-08-01,weekday,10,TRAIN,TE7,6624,4853,11477,10:00
2026-08-01,weekday,11,TRAIN,TE7,7414,3873,11287,11:00
2026-08-01,weekday,12,TRAIN,TE7,7432,4626,12058,12:00
2026-08-01,weekday,13,TRAIN,TE7,10337,7434,17771,13:00
2026-08-01,weekday,14,TRAIN,TE7,6388,6765,13153,14:00
2026-08-01,weekday,15,TRAIN,TE7,5822,6195,12017,15:00
2026-08-01,weekday,16,TRAIN,TE7,8554,7099,15653,16:00
2026-08-01,weekday,17,TRAIN,TE7,13787,10092,23879,17:00
2026-08-01,weekday,18,TRAIN,TE7,19624,16403,36027,18:00
2026-08-01,weekday,19,TRAIN,TE7,7207,12785,19992,19:00
2026-08-01,weekday,20,TRAIN,TE7,3589,7846,11435,20:00
2026-08-01,weekday,21,TRAIN,TE7,3319,6457,9776,21:00
2026-08-01,weekday,22,TRAIN,TE7,1426,5391,6817,22:00
2026-08-01,weekday,23,TRAIN,TE7,603,2633,3236,23:00
2026-08-01,weekends/holiday,0,TRAIN,TE7,39,295,334,00:00
2026-08-01,weekends/holiday,5,TRAIN,TE7,141,30,171,05:00
2026-08-01,weekends/holiday,6,TRAIN,TE7,1174,621,1795,06:00
2026-08-01,weekends/holiday,7,TRAIN,TE7,1952,1821,3773,07:00
2026-08-01,weekends/holiday,8,TRAIN,TE7,3258,3301,6559,08:00
2026-08-01,weekends/holiday,9,TRAIN,TE7,3999,3242,7241,09:00
2026-08-01,weekends/holiday,10,TRAIN,TE7,4486,2923,7409,10:00
2026-08-01,weekends/holiday,11,TRAIN,TE7,5027,2882,7909,11:00
2026-08-01,weekends/holiday,12,TRAIN,TE7,5175,3303,8478,12:00
2026-08-01,weekends/holiday,13,TRAIN,TE7,4017,3665,7682,13:00
2026-08-01,weekends/holiday,14,TRAIN,TE7,3541,3602,7143,14:00
2026-08-01,weekends/holiday,15,TRAIN,TE7,3743,3198,6941,15:00
2026-08-01,weekends/holiday,16,TRAIN,TE7,4346,3109,7455,16:00
2026-08-01,weekends/holiday,17,TRAIN,TE7,4269,3188,7457,17:00
2026-08-01,weekends/holiday,18,TRAIN,TE7,3765,3692,7457,18:00
2026-08-01,weekends/holiday,19,TRAIN,TE7,2257,3783,6040,19:00
2026-08-01,weekends/holiday,20,TRAIN,TE7,1433,3631,5064,20:00
2026-08-01,weekends/holiday,21,TRAIN,TE7,1215,3500,4715,21:00
2026-08-01,weekends/holiday,22,TRAIN,TE7,803,2863,3666,22:00
2026-08-01,weekends/holiday,23,TRAIN,TE7,314,1560,1874,23:00
2026-08-01,weekday,0,TRAIN,TE8,236,555,791,00:00
2026-08-01,weekday,5,TRAIN,TE8,604,335,939,05:00
2026-08-01,weekday,6,TRAIN,TE8,6259,3709,9968,06:00
2026-08-01,weekday,7,TRAIN,TE8,15391,9477,24868,07:00
2026-08-01,weekday,8,TRAIN,TE8,20707,15266,35973,08:00
2026-08-01,weekday,9,TRAIN,TE8,11871,11759,23630,09:00
2026-08-01,weekday,10,TRAIN,TE8,7445,8312,15757,10:00
2026-08-01,weekday,11,TRAIN,TE8,7899,8721,16620,11:00
2026-08-01,weekday,12,TRAIN,TE8,9234,10042,19276,12:00
2026-08-01,weekday,13,TRAIN,TE8,11439,10459,21898,13:00
2026-08-01,weekday,14,TRAIN,TE8,9440,10514,19954,14:00
2026-08-01,weekday,15,TRAIN,TE8,9101,10410,19511,15:00
2026-08-01,weekday,16,TRAIN,TE8,10107,11936,22043,16:00
2026-08-01,weekday,17,TRAIN,TE8,16911,17525,34436,17:00
2026-08-01,weekday,18,TRAIN,TE8,23159,30434,53593,18:00
2026-08-01,weekday,19,TRAIN,TE8,16829,20771,37600,19:00
2026-08-01,weekday,20,TRAIN,TE8,12375,10197,22572,20:00
2026-08-01,weekday,21,TRAIN,TE8,12264,8135,20399,21:00
2026-08-01,weekday,22,TRAIN,TE8,6602,6501,13103,22:00
2026-08-01,weekday,23,TRAIN,TE8,2300,2929,5229,23:00
2026-08-01,weekends/holiday,0,TRAIN,TE8,127,374,501,00:00
2026-08-01,weekends/holiday,5,TRAIN,TE8,87,48,135,05:00
2026-08-01,weekends/holiday,6,TRAIN,TE8,1100,1518,2618,06:00
2026-08-01,weekends/holiday,7,TRAIN,TE8,2272,2802,5074,07:00
2026-08-01,weekends/holiday,8,TRAIN,TE8,3965,5867,9832,08:00
2026-08-01,weekends/holiday,9,TRAIN,TE8,5084,7563,12647,09:00
2026-08-01,weekends/holiday,10,TRAIN,TE8,6689,7371,14060,10:00
2026-08-01,weekends/holiday,11,TRAIN,TE8,7952,7831,15783,11:00
2026-08-01,weekends/holiday,12,TRAIN,TE8,9615,7641,17256,12:00
2026-08-01,weekends/holiday,13,TRAIN,TE8,10267,7156,17423,13:00
2026-08-01,weekends/holiday,14,TRAIN,TE8,8981,6685,15666,14:00
2026-08-01,weekends/holiday,15,TRAIN,TE8,8548,6258,14806,15:00
2026-08-01,weekends/holiday,16,TRAIN,TE8,7940,8144,16084,16:00
2026-08-01,weekends/holiday,17,TRAIN,TE8,7991,7805,15796,17:00
2026-08-01,weekends/holiday,18,TRAIN,TE8,9342,8164,17506,18:00
2026-08-01,weekends/holiday,19,TRAIN,TE8,7966,6448,14414,19:00
2026-08-01,weekends/holiday,20,TRAIN,TE8,5970,4494,10464,20:00
2026-08-01,weekends/holiday,21,TRAIN,TE8,5830,4074,9904,21:00
2026-08-01,weekends/holiday,22,TRAIN,TE8,3390,3522,6912,22:00
2026-08-01,weekends/holiday,23,TRAIN,TE8,1414,1789,3203,23:00
