YEAR_MONTH,DAY_TYPE,TIME_PER_HOUR,PT_TYPE,PT_CODE,TOTAL_TAP_IN_VOLUME,TOTAL_TAP_OUT_VOLUME
2026-07,WEEKENDS/HOLIDAY,14,TRAIN,DT27,3680,3172
2026-07,WEEKENDS/HOLIDAY,22,TRAIN,EW24/NS1,21911,10385
2026-07,WEEKENDS/HOLIDAY,13,TRAIN,TE13,2087,1682
2026-07,WEEKENDS/HOLIDAY,8,TRAIN,EW12/DT14,6821,13925
2026-07,WEEKENDS/HOLIDAY,22,TRAIN,PE5,470,2547
2026-07,WEEKDAY,7,TRAIN,NE8,46032,32381
2026-07,WEEKENDS/HOLIDAY,21,TRAIN,DT28,1675,6983
2026-07,WEEKENDS/HOLIDAY,19,TRAIN,TE29,1255,2106
2026-07,WEEKDAY,12,TRAIN,CC28,4679,3394
2026-07,WEEKDAY,15,TRAIN,PE7,3503,5511
2026-07,WEEKDAY,0,TRAIN,CC11,149,480
2026-07,WEEKENDS/HOLIDAY,15,TRAIN,NS21/DT11,25906,26383
2026-07,WEEKENDS/HOLIDAY,6,TRAIN,PW7,430,569
2026-07,WEEKENDS/HOLIDAY,23,TRAIN,EW17,1360,4869
2026-07,WEEKDAY,19,TRAIN,DT34,8493,13411
2026-07,WEEKDAY,0,TRAIN,EW30,2,309
2026-07,WEEKDAY,15,TRAIN,NS27/CE2/TE20,1768,1515
2026-07,WEEKENDS/HOLIDAY,6,TRAIN,EW12/DT14,4109,4778
2026-07,WEEKENDS/HOLIDAY,5,TRAIN,DT8,24,1
2026-07,WEEKDAY,5,TRAIN,EW9,7508,987
2026-07,WEEKDAY,23,TRAIN,SE4,217,2288
2026-07,WEEKENDS/HOLIDAY,17,TRAIN,NE17/PTC,23798,27105
2026-07,WEEKDAY,0,TRAIN,NE1/CC29,52,300
2026-07,WEEKENDS/HOLIDAY,16,TRAIN,TE11,1944,1931
2026-07,WEEKDAY,19,TRAIN,SE4,3003,10688
2026-07,WEEKENDS/HOLIDAY,11,TRAIN,NS16,18352,13376
2026-07,WEEKDAY,0,TRAIN,BP9,0,1
2026-07,WEEKDAY,7,TRAIN,EW26,154979,65953
2026-07,WEEKENDS/HOLIDAY,22,TRAIN,SE1,412,2220
2026-07,WEEKDAY,19,TRAIN,BP10,2230,9618
2026-07,WEEKENDS/HOLIDAY,21,TRAIN,BP6/DT1,9363,19445
2026-07,WEEKENDS/HOLIDAY,18,TRAIN,NE5,7479,8204
2026-07,WEEKDAY,20,TRAIN,TE24,1961,5304
2026-07,WEEKDAY,15,TRAIN,DT18,13311,8506
2026-07,WEEKDAY,15,TRAIN,BP11,2536,3974
2026-07,WEEKDAY,11,TRAIN,SW2,4371,2340
2026-07,WEEKENDS/HOLIDAY,16,TRAIN,NE16/STC,20365,21944
2026-07,WEEKENDS/HOLIDAY,16,TRAIN,EW23,21601,23441
2026-07,WEEKDAY,19,TRAIN,BP7,874,2611
2026-07,WEEKENDS/HOLIDAY,8,TRAIN,TE3,5109,2529
2026-07,WEEKDAY,20,TRAIN,TE8,14108,11823
2026-07,WEEKENDS/HOLIDAY,6,TRAIN,NE8,5449,2662
2026-07,WEEKDAY,0,TRAIN,NS10,892,8493
2026-07,WEEKDAY,7,TRAIN,TE13,2294,8306
2026-07,WEEKDAY,14,TRAIN,NE16/STC,47663,54641
2026-07,WEEKDAY,11,TRAIN,TE8,8999,9314
2026-07,WEEKDAY,11,TRAIN,TE14/NS22,45121,102273
2026-07,WEEKDAY,11,TRAIN,CC10/DT26,17603,10266
2026-07,WEEKENDS/HOLIDAY,0,TRAIN,EW18,36,201
2026-07,WEEKDAY,0,TRAIN,SW2,27,348
2026-07,WEEKDAY,0,TRAIN,TE18,415,285
2026-07,WEEKDAY,17,TRAIN,EW29,102986,12974
2026-07,WEEKENDS/HOLIDAY,21,TRAIN,TE8,3992,3378
2026-07,WEEKDAY,23,TRAIN,TE5,768,3956
2026-07,WEEKDAY,18,TRAIN,NS11,66301,152208
2026-07,WEEKENDS/HOLIDAY,7,TRAIN,NS4/BP1,14207,8501
2026-07,WEEKDAY,7,TRAIN,CC25,12374,17964
2026-07,WEEKENDS/HOLIDAY,20,TRAIN,NS7,14259,14157
2026-07,WEEKDAY,9,TRAIN,TE28,8428,2761
2026-07,WEEKENDS/HOLIDAY,9,TRAIN,EW18,7048,6779
2026-07,WEEKENDS/HOLIDAY,17,TRAIN,SW6,961,1273
2026-07,WEEKENDS/HOLIDAY,8,TRAIN,CC30,38,51
2026-07,WEEKDAY,15,TRAIN,TE13,5697,5639
2026-07,WEEKDAY,18,TRAIN,SW5,8364,19945
2026-07,WEEKENDS/HOLIDAY,14,TRAIN,NS15,4767,4124
2026-07,WEEKDAY,22,TRAIN,DT31,3789,11482
2026-07,WEEKDAY,0,TRAIN,PE6,77,634
2026-07,WEEKDAY,21,TRAIN,PW5,994,5976
2026-07,WEEKDAY,20,TRAIN,NS28,1145,704
2026-07,WEEKENDS/HOLIDAY,18,TRAIN,CC3,7018,4839
2026-07,WEEKENDS/HOLIDAY,19,TRAIN,BP3,1053,2217
2026-07,WEEKENDS/HOLIDAY,9,TRAIN,BP9,1515,1191
2026-07,WEEKENDS/HOLIDAY,22,TRAIN,DT27,1371,3505
2026-07,WEEKENDS/HOLIDAY,10,TRAIN,CC14,3177,1861
2026-07,WEEKDAY,12,TRAIN,NS7,20929,16288
2026-07,WEEKDAY,18,TRAIN,NE18,38060,33285
2026-07,WEEKDAY,16,TRAIN,NS25/EW13,63025,46837
2026-07,WEEKDAY,19,TRAIN,NS23,65424,61540
2026-07,WEEKENDS/HOLIDAY,23,TRAIN,TE25,135,384
2026-07,WEEKDAY,11,TRAIN,NE14,30999,16409
2026-07,WEEKDAY,8,TRAIN,TE1,11139,58629
2026-07,WEEKENDS/HOLIDAY,14,TRAIN,EW10,5267,6534
2026-07,WEEKDAY,14,TRAIN,DT7,3995,5225
2026-07,WEEKDAY,20,TRAIN,TE11,3608,5561
2026-07,WEEKENDS/HOLIDAY,18,TRAIN,BP5,851,975
2026-07,WEEKENDS/HOLIDAY,23,TRAIN,NS17/CC15,1920,4846
2026-07,WEEKENDS/HOLIDAY,15,TRAIN,NE1/CC29,31751,32787
2026-07,WEEKENDS/HOLIDAY,6,TRAIN,SE4,754,248
2026-07,WEEKENDS/HOLIDAY,17,TRAIN,DT6,3307,2575
2026-07,WEEKDAY,7,TRAIN,BP2,18021,2753
2026-07,WEEKDAY,10,TRAIN,CC30,154,154
2026-07,WEEKENDS/HOLIDAY,18,TRAIN,EW21/CC22,10473,10836
2026-07,WEEKENDS/HOLIDAY,9,TRAIN,CC23,758,2163
2026-07,WEEKDAY,10,TRAIN,EW4,17825,6990
2026-07,WEEKDAY,22,TRAIN,CC25,3256,4693
2026-07,WEEKENDS/HOLIDAY,13,TRAIN,SE5,1316,1248
2026-07,WEEKDAY,21,TRAIN,NS18,7728,26057
2026-07,WEEKENDS/HOLIDAY,18,TRAIN,EW26,12987,17421
2026-07,WEEKENDS/HOLIDAY,7,TRAIN,EW27,16676,14805
2026-07,WEEKENDS/HOLIDAY,19,TRAIN,PE6,2385,3518
2026-07,WEEKENDS/HOLIDAY,19,TRAIN,TE28,1493,2609
2026-07,WEEKDAY,6,TRAIN,NS7,75250,18531
2026-07,WEEKDAY,9,TRAIN,CC5,3849,13576
2026-07,WEEKDAY,11,TRAIN,CC3,4898,10136
2026-07,WEEKENDS/HOLIDAY,14,TRAIN,TE27,2340,2501
2026-07,WEEKDAY,20,TRAIN,DT18,27520,7383
2026-07,WEEKENDS/HOLIDAY,19,TRAIN,NE11,6436,7330
2026-07,WEEKDAY,15,TRAIN,CC4/DT15,22562,20330
2026-07,WEEKENDS/HOLIDAY,7,TRAIN,DT33,3380,1561
2026-07,WEEKENDS/HOLIDAY,16,TRAIN,TE18,7904,5577
2026-07,WEEKDAY,6,TRAIN,CC2,490,2016
2026-07,WEEKENDS/HOLIDAY,19,TRAIN,TE13,1867,1740
2026-07,WEEKENDS/HOLIDAY,16,TRAIN,NS27/CE2/TE20,1427,1696
2026-07,WEEKDAY,17,TRAIN,SW6,3437,5734
2026-07,WEEKDAY,19,TRAIN,CC34/DT16,37241,39096
2026-07,WEEKDAY,7,TRAIN,TE11,9492,15320
2026-07,WEEKENDS/HOLIDAY,18,TRAIN,EW10,7274,9601
2026-07,WEEKENDS/HOLIDAY,22,TRAIN,DT31,1024,4040
2026-07,WEEKENDS/HOLIDAY,13,TRAIN,TE26,8508,7720
2026-07,WEEKENDS/HOLIDAY,12,TRAIN,NS15,6573,3372
2026-07,WEEKENDS/HOLIDAY,0,TRAIN,NS24/NE6/CC1,175,192
2026-07,WEEKDAY,12,TRAIN,PE1,4099,3179
2026-07,WEEKDAY,14,TRAIN,BP10,2943,3881
2026-07,WEEKDAY,17,TRAIN,NE9,58366,37926
2026-07,WEEKENDS/HOLIDAY,18,TRAIN,BP11,1198,1592
2026-07,WEEKENDS/HOLIDAY,14,TRAIN,SE2,2345,2385
2026-07,WEEKDAY,9,TRAIN,EW5,53531,27435
2026-07,WEEKDAY,15,TRAIN,EW24/NS1,71389,63275
2026-07,WEEKDAY,9,TRAIN,NS4/BP1,47455,27121
2026-07,WEEKDAY,7,TRAIN,SE4,13842,2697
2026-07,WEEKDAY,20,TRAIN,CC6,14432,4487
2026-07,WEEKENDS/HOLIDAY,23,TRAIN,EW3,615,3636
2026-07,WEEKENDS/HOLIDAY,8,TRAIN,EW6,4968,3708
2026-07,WEEKENDS/HOLIDAY,14,TRAIN,BP13,482,555
2026-07,WEEKDAY,20,TRAIN,DT31,5964,16865
2026-07,WEEKDAY,13,TRAIN,DT34,4821,6475
2026-07,WEEKDAY,5,TRAIN,CC8,1124,107
2026-07,WEEKENDS/HOLIDAY,10,TRAIN,SW7,595,381
2026-07,WEEKENDS/HOLIDAY,17,TRAIN,DT7,2050,2164
2026-07,WEEKDAY,10,TRAIN,EW20,12909,13174
2026-07,WEEKENDS/HOLIDAY,11,TRAIN,CC31,1124,948
2026-07,WEEKDAY,18,TRAIN,PW4,5682,13287
2026-07,WEEKDAY,22,TRAIN,CC24,12937,3294
2026-07,WEEKDAY,6,TRAIN,PW2,7,165
2026-07,WEEKDAY,19,TRAIN,DT8,8964,8150
2026-07,WEEKENDS/HOLIDAY,13,TRAIN,PW4,2642,2440
2026-07,WEEKENDS/HOLIDAY,15,TRAIN,CC20,2325,2342
2026-07,WEEKDAY,23,TRAIN,CC14,820,2486
2026-07,WEEKENDS/HOLIDAY,9,TRAIN,SW1,993,292
2026-07,WEEKENDS/HOLIDAY,18,TRAIN,NE13,11699,12628
2026-07,WEEKENDS/HOLIDAY,8,TRAIN,CC32,123,132
2026-07,WEEKENDS/HOLIDAY,15,TRAIN,NS28,5104,2364
2026-07,WEEKENDS/HOLIDAY,20,TRAIN,TE15,4744,3743
2026-07,WEEKDAY,16,TRAIN,PE5,6397,8761
2026-07,WEEKDAY,21,TRAIN,SW8,466,2304
2026-07,WEEKENDS/HOLIDAY,23,TRAIN,SW7,25,486
2026-07,WEEKENDS/HOLIDAY,20,TRAIN,NE5,7841,5955
2026-07,WEEKDAY,5,TRAIN,NE16/STC,13005,3068
2026-07,WEEKENDS/HOLIDAY,7,TRAIN,DT21,455,1010
2026-07,WEEKENDS/HOLIDAY,20,TRAIN,NS19,9417,16683
2026-07,WEEKENDS/HOLIDAY,20,TRAIN,PW3,177,586
2026-07,WEEKENDS/HOLIDAY,22,TRAIN,NE14,3249,14876
2026-07,WEEKDAY,22,TRAIN,DT25,1931,5509
2026-07,WEEKENDS/HOLIDAY,22,TRAIN,BP13,92,441
2026-07,WEEKENDS/HOLIDAY,6,TRAIN,PE2,1087,163
2026-07,WEEKENDS/HOLIDAY,5,TRAIN,NS4/BP1,2910,1128
2026-07,WEEKENDS/HOLIDAY,23,TRAIN,EW18,1096,2813
2026-07,WEEKENDS/HOLIDAY,22,TRAIN,CC31,324,842
2026-07,WEEKDAY,13,TRAIN,CC30,231,203
2026-07,WEEKDAY,22,TRAIN,DT30,2031,14389
2026-07,WEEKDAY,8,TRAIN,PE2,17703,2753
2026-07,WEEKDAY,6,TRAIN,PE3,11280,2014
2026-07,WEEKDAY,14,TRAIN,NS25/EW13,55654,51305
2026-07,WEEKENDS/HOLIDAY,21,TRAIN,NS10,5735,19397
2026-07,WEEKENDS/HOLIDAY,16,TRAIN,TE3,5199,3919
2026-07,WEEKDAY,16,TRAIN,NS13,47103,75912
2026-07,WEEKENDS/HOLIDAY,7,TRAIN,CG1/DT35,913,2760
2026-07,WEEKENDS/HOLIDAY,15,TRAIN,NE11,7317,7146
2026-07,WEEKENDS/HOLIDAY,23,TRAIN,NE7/DT12,3501,2436
2026-07,WEEKENDS/HOLIDAY,13,TRAIN,NE1/CC29,20422,37743
2026-07,WEEKENDS/HOLIDAY,14,TRAIN,TE15,5076,4930
2026-07,WEEKDAY,7,TRAIN,SW8,1621,3716
2026-07,WEEKENDS/HOLIDAY,13,TRAIN,TE5,3013,2486
2026-07,WEEKENDS/HOLIDAY,16,TRAIN,SW8,385,561
2026-07,WEEKDAY,18,TRAIN,NE16/STC,75519,182179
2026-07,WEEKENDS/HOLIDAY,11,TRAIN,NE4/DT19,18815,34782
2026-07,WEEKDAY,17,TRAIN,EW8/CC9,118683,79137
2026-07,WEEKDAY,13,TRAIN,CC12,21855,9798
2026-07,WEEKDAY,9,TRAIN,TE15,14412,17502
2026-07,WEEKDAY,18,TRAIN,DT8,18239,10953
2026-07,WEEKDAY,11,TRAIN,NS7,24036,18238
2026-07,WEEKDAY,5,TRAIN,NE4/DT19,1607,61
2026-07,WEEKENDS/HOLIDAY,13,TRAIN,DT34,2011,1589
2026-07,WEEKDAY,7,TRAIN,CC28,11206,7181
2026-07,WEEKDAY,14,TRAIN,NS14,27175,27056
2026-07,WEEKDAY,11,TRAIN,CC24,24621,28613
2026-07,WEEKDAY,12,TRAIN,CC2,5194,5503
2026-07,WEEKDAY,0,TRAIN,PW5,20,635
2026-07,WEEKDAY,13,TRAIN,TE24,3789,3695
2026-07,WEEKDAY,9,TRAIN,BP8,1844,2494
2026-07,WEEKDAY,12,TRAIN,EW33,3741,1960
2026-07,WEEKENDS/HOLIDAY,21,TRAIN,TE6,1815,7430
2026-07,WEEKENDS/HOLIDAY,18,TRAIN,CC10/DT26,8753,7902
2026-07,WEEKENDS/HOLIDAY,5,TRAIN,SE3,279,3
2026-07,WEEKENDS/HOLIDAY,7,TRAIN,BP13,581,192
2026-07,WEEKENDS/HOLIDAY,14,TRAIN,CC28,1855,1773
2026-07,WEEKDAY,22,TRAIN,DT13,7224,9886
2026-07,WEEKDAY,13,TRAIN,NS27/CE2/TE20,1596,3308
2026-07,WEEKENDS/HOLIDAY,11,TRAIN,TE23,1900,1029
2026-07,WEEKENDS/HOLIDAY,16,TRAIN,TE22,2911,6505
2026-07,WEEKDAY,17,TRAIN,NS3,26421,48498
2026-07,WEEKDAY,8,TRAIN,NE15,104704,13339
2026-07,WEEKDAY,12,TRAIN,DT10,4403,2723
2026-07,WEEKENDS/HOLIDAY,11,TRAIN,EW9,10056,9095
2026-07,WEEKDAY,9,TRAIN,DT17,4472,149589
2026-07,WEEKDAY,18,TRAIN,NS27/CE2/TE20,16806,2270
2026-07,WEEKDAY,5,TRAIN,TE16,452,76
2026-07,WEEKDAY,0,TRAIN,CC24,98,125
2026-07,WEEKDAY,12,TRAIN,EW27,39459,40445
2026-07,WEEKDAY,8,TRAIN,NS5,101897,27460
2026-07,WEEKENDS/HOLIDAY,15,TRAIN,TE14/NS22,47486,46968
2026-07,WEEKDAY,11,TRAIN,BP4,7835,2023
2026-07,WEEKENDS/HOLIDAY,12,TRAIN,BP3,2002,1180
2026-07,WEEKDAY,20,TRAIN,NS5,18084,55832
2026-07,WEEKENDS/HOLIDAY,22,TRAIN,CC17/TE9,951,2491
2026-07,WEEKDAY,13,TRAIN,NS12,17017,17304
2026-07,WEEKDAY,23,TRAIN,CC19/DT9,1325,1474
2026-07,WEEKENDS/HOLIDAY,22,TRAIN,DT30,852,4917
2026-07,WEEKDAY,11,TRAIN,EW32,2481,2165
2026-07,WEEKDAY,0,TRAIN,TE8,288,596
2026-07,WEEKENDS/HOLIDAY,21,TRAIN,CC26,783,1506
2026-07,WEEKENDS/HOLIDAY,7,TRAIN,NS17/CC15,9960,4386
2026-07,WEEKENDS/HOLIDAY,21,TRAIN,TE4,1947,2160
2026-07,WEEKDAY,6,TRAIN,NS13,100502,26469
2026-07,WEEKENDS/HOLIDAY,14,TRAIN,EW14/NS26,10280,11232
2026-07,WEEKENDS/HOLIDAY,13,TRAIN,NS23,15523,26527
2026-07,WEEKDAY,21,TRAIN,BP3,1905,6211
2026-07,WEEKDAY,23,TRAIN,NE14,2474,20634
2026-07,WEEKENDS/HOLIDAY,20,TRAIN,DT10,840,1170
2026-07,WEEKENDS/HOLIDAY,8,TRAIN,SW4,1349,580
2026-07,WEEKDAY,6,TRAIN,TE5,10496,2621
2026-07,WEEKDAY,14,TRAIN,PE7,3693,5803
2026-07,WEEKDAY,9,TRAIN,CC2,3030,14401
2026-07,WEEKDAY,6,TRAIN,SW2,8067,1672
2026-07,WEEKENDS/HOLIDAY,0,TRAIN,CC5,16,55
2026-07,WEEKENDS/HOLIDAY,6,TRAIN,TE6,2615,432
2026-07,WEEKENDS/HOLIDAY,17,TRAIN,CC27,1372,963
2026-07,WEEKENDS/HOLIDAY,17,TRAIN,NS20,14183,13785
2026-07,WEEKDAY,13,TRAIN,CC19/DT9,8162,7817
2026-07,WEEKENDS/HOLIDAY,10,TRAIN,NS17/CC15,17856,5110
2026-07,WEEKDAY,6,TRAIN,TE18,1623,4078
2026-07,WEEKDAY,13,TRAIN,EW18,17392,18118
2026-07,WEEKENDS/HOLIDAY,16,TRAIN,NE8,18640,22041
2026-07,WEEKENDS/HOLIDAY,12,TRAIN,DT8,1830,1416
2026-07,WEEKDAY,23,TRAIN,BP6/DT1,4332,22340
2026-07,WEEKDAY,13,TRAIN,PW4,4451,5210
2026-07,WEEKDAY,12,TRAIN,EW12/DT14,58385,90351
2026-07,WEEKENDS/HOLIDAY,10,TRAIN,EW17,10512,9050
2026-07,WEEKDAY,18,TRAIN,TE3,25750,41864
2026-07,WEEKENDS/HOLIDAY,9,TRAIN,NS27/CE2/TE20,242,975
2026-07,WEEKENDS/HOLIDAY,22,TRAIN,EW5,5162,13930
2026-07,WEEKENDS/HOLIDAY,21,TRAIN,NS17/CC15,5506,9870
2026-07,WEEKENDS/HOLIDAY,9,TRAIN,NE14,17636,6430
2026-07,WEEKDAY,22,TRAIN,NS10,11436,49315
2026-07,WEEKENDS/HOLIDAY,8,TRAIN,EW9,9214,8943
2026-07,WEEKENDS/HOLIDAY,7,TRAIN,NE8,8759,5832
2026-07,WEEKENDS/HOLIDAY,17,TRAIN,DT25,1807,2303
2026-07,WEEKENDS/HOLIDAY,8,TRAIN,EW2/DT32,19542,13302
2026-07,WEEKDAY,8,TRAIN,TE26,19932,13179
2026-07,WEEKDAY,0,TRAIN,DT33,30,3054
2026-07,WEEKDAY,22,TRAIN,PW4,1808,3470
2026-07,WEEKDAY,11,TRAIN,TE24,4007,2251
2026-07,WEEKENDS/HOLIDAY,9,TRAIN,CC19/DT9,2632,4514
2026-07,WEEKDAY,6,TRAIN,TE1,12908,7288
2026-07,WEEKENDS/HOLIDAY,18,TRAIN,DT10,1923,1389
2026-07,WEEKENDS/HOLIDAY,0,TRAIN,NS25/EW13,304,172
2026-07,WEEKENDS/HOLIDAY,11,TRAIN,SE1,2141,1422
2026-07,WEEKENDS/HOLIDAY,7,TRAIN,CC4/DT15,540,3056
2026-07,WEEKDAY,15,TRAIN,EW1,24456,32817
2026-07,WEEKENDS/HOLIDAY,7,TRAIN,EW28,17033,7471
2026-07,WEEKENDS/HOLIDAY,10,TRAIN,TE26,5223,8043
2026-07,WEEKDAY,11,TRAIN,DT27,8180,6298
2026-07,WEEKENDS/HOLIDAY,19,TRAIN,CG1/DT35,9874,6411
2026-07,WEEKENDS/HOLIDAY,13,TRAIN,DT28,4417,3062
2026-07,WEEKDAY,20,TRAIN,BP8,1855,2393
2026-07,WEEKDAY,13,TRAIN,NS14,29325,24224
2026-07,WEEKENDS/HOLIDAY,7,TRAIN,NS9/TE2,17448,15713
2026-07,WEEKENDS/HOLIDAY,20,TRAIN,TE19,1929,1828
2026-07,WEEKENDS/HOLIDAY,5,TRAIN,CC3,24,7
2026-07,WEEKENDS/HOLIDAY,22,TRAIN,PE6,864,1998
2026-07,WEEKDAY,14,TRAIN,EW23,48690,46012
2026-07,WEEKENDS/HOLIDAY,16,TRAIN,SE1,1752,1699
2026-07,WEEKENDS/HOLIDAY,16,TRAIN,BP13,460,448
2026-07,WEEKDAY,12,TRAIN,TE15,10408,15102
2026-07,WEEKENDS/HOLIDAY,10,TRAIN,SW3,1108,390
2026-07,WEEKENDS/HOLIDAY,10,TRAIN,NS23,5207,18029
2026-07,WEEKDAY,5,TRAIN,TE26,595,28
2026-07,WEEKDAY,19,TRAIN,DT22,16141,26068
2026-07,WEEKDAY,17,TRAIN,NE8,48396,51498
2026-07,WEEKENDS/HOLIDAY,11,TRAIN,CG2,8412,12892
2026-07,WEEKENDS/HOLIDAY,0,TRAIN,CG2,67,513
2026-07,WEEKDAY,23,TRAIN,CC23,1710,613
2026-07,WEEKDAY,19,TRAIN,PW5,2205,8248
2026-07,WEEKDAY,17,TRAIN,PE6,10810,13789
2026-07,WEEKDAY,10,TRAIN,DT30,11982,2808
2026-07,WEEKDAY,14,TRAIN,CC23,11080,11970
2026-07,WEEKDAY,6,TRAIN,NS15,20793,26038
2026-07,WEEKDAY,10,TRAIN,NS18,18728,9739
2026-07,WEEKDAY,9,TRAIN,EW11,26044,38133
2026-07,WEEKDAY,6,TRAIN,EW28,82013,17974
2026-07,WEEKENDS/HOLIDAY,17,TRAIN,BP11,1358,1571
2026-07,WEEKENDS/HOLIDAY,20,TRAIN,BP8,607,648
2026-07,WEEKENDS/HOLIDAY,22,TRAIN,PE3,511,2390
2026-07,WEEKENDS/HOLIDAY,16,TRAIN,NS9/TE2,25398,27513
2026-07,WEEKDAY,8,TRAIN,NS27/CE2/TE20,777,11489
2026-07,WEEKENDS/HOLIDAY,12,TRAIN,EW33,2217,1065
2026-07,WEEKENDS/HOLIDAY,14,TRAIN,NE9,10298,8831
2026-07,WEEKENDS/HOLIDAY,0,TRAIN,CC7,17,282
2026-07,WEEKENDS/HOLIDAY,7,TRAIN,DT31,1699,775
2026-07,WEEKDAY,21,TRAIN,CC34/DT16,64293,15924
2026-07,WEEKENDS/HOLIDAY,11,TRAIN,DT4,1387,607
2026-07,WEEKDAY,23,TRAIN,EW5,4477,17908
2026-07,WEEKDAY,11,TRAIN,DT8,5644,2553
2026-07,WEEKDAY,6,TRAIN,NS23,3665,10720
2026-07,WEEKDAY,20,TRAIN,EW1,18829,53038
2026-07,WEEKENDS/HOLIDAY,23,TRAIN,PE6,201,953
2026-07,WEEKENDS/HOLIDAY,11,TRAIN,SE5,1583,873
2026-07,WEEKDAY,22,TRAIN,CC30,61,104
2026-07,WEEKDAY,15,TRAIN,PE5,5285,7595
2026-07,WEEKENDS/HOLIDAY,7,TRAIN,CC7,1902,1269
2026-07,WEEKENDS/HOLIDAY,17,TRAIN,CG1/DT35,10839,9163
2026-07,WEEKENDS/HOLIDAY,10,TRAIN,NE15,14454,4951
2026-07,WEEKENDS/HOLIDAY,14,TRAIN,BP11,1364,1311
2026-07,WEEKENDS/HOLIDAY,6,TRAIN,DT6,270,285
2026-07,WEEKENDS/HOLIDAY,17,TRAIN,NE16/STC,21418,25250
2026-07,WEEKENDS/HOLIDAY,20,TRAIN,TE4,2201,2495
2026-07,WEEKENDS/HOLIDAY,12,TRAIN,CC5,2110,3151
2026-07,WEEKDAY,20,TRAIN,CC14,4859,8931
2026-07,WEEKDAY,23,TRAIN,TE16,2781,4260
2026-07,WEEKENDS/HOLIDAY,21,TRAIN,SW7,154,1211
2026-07,WEEKDAY,21,TRAIN,CC3,16579,2700
2026-07,WEEKDAY,9,TRAIN,DT4,5142,944
2026-07,WEEKENDS/HOLIDAY,9,TRAIN,SW3,1083,300
2026-07,WEEKDAY,13,TRAIN,DT8,11182,6097
2026-07,WEEKENDS/HOLIDAY,6,TRAIN,NS27/CE2/TE20,209,203
2026-07,WEEKDAY,17,TRAIN,CC23,80163,7845
2026-07,WEEKENDS/HOLIDAY,12,TRAIN,NS2,13381,10604
2026-07,WEEKDAY,8,TRAIN,NS18,49116,27726
2026-07,WEEKENDS/HOLIDAY,5,TRAIN,DT18,1,1
2026-07,WEEKDAY,16,TRAIN,EW8/CC9,64249,50163
2026-07,WEEKENDS/HOLIDAY,5,TRAIN,PE2,454,29
2026-07,WEEKDAY,5,TRAIN,NS15,4777,3330
2026-07,WEEKDAY,9,TRAIN,TE29,9166,1861
2026-07,WEEKENDS/HOLIDAY,15,TRAIN,NS24/NE6/CC1,23355,21291
2026-07,WEEKENDS/HOLIDAY,22,TRAIN,PW5,328,2005
2026-07,WEEKDAY,16,TRAIN,EW33,7936,4519
2026-07,WEEKDAY,23,TRAIN,DT31,1312,6288
2026-07,WEEKDAY,19,TRAIN,CC17/TE9,9491,16460
2026-07,WEEKENDS/HOLIDAY,13,TRAIN,EW3,8270,7369
2026-07,WEEKENDS/HOLIDAY,10,TRAIN,NE8,9525,16258
2026-07,WEEKDAY,12,TRAIN,TE22,2587,5255
2026-07,WEEKENDS/HOLIDAY,21,TRAIN,TE25,626,1480
2026-07,WEEKENDS/HOLIDAY,20,TRAIN,TE23,12042,2580
2026-07,WEEKENDS/HOLIDAY,19,TRAIN,DT4,549,1232
2026-07,WEEKDAY,14,TRAIN,EW8/CC9,52156,48531
2026-07,WEEKENDS/HOLIDAY,6,TRAIN,DT5,1108,697
2026-07,WEEKENDS/HOLIDAY,11,TRAIN,NS2,12904,8678
2026-07,WEEKENDS/HOLIDAY,9,TRAIN,EW29,2571,2803
2026-07,WEEKENDS/HOLIDAY,20,TRAIN,EW30,1310,1216
2026-07,WEEKENDS/HOLIDAY,8,TRAIN,NE14,14303,5674
2026-07,WEEKENDS/HOLIDAY,23,TRAIN,DT5,780,3037
2026-07,WEEKENDS/HOLIDAY,5,TRAIN,NS25/EW13,177,145
2026-07,WEEKDAY,12,TRAIN,NE16/STC,47644,43791
2026-07,WEEKENDS/HOLIDAY,9,TRAIN,TE6,7635,2516
2026-07,WEEKDAY,5,TRAIN,DT27,933,370
2026-07,WEEKENDS/HOLIDAY,22,TRAIN,DT33,1517,9109
2026-07,WEEKENDS/HOLIDAY,16,TRAIN,EW11,9393,9045
2026-07,WEEKENDS/HOLIDAY,22,TRAIN,SW5,1280,2310
2026-07,WEEKENDS/HOLIDAY,16,TRAIN,NE1/CC29,36994,33112
2026-07,WEEKDAY,17,TRAIN,NS14,48209,71080
2026-07,WEEKDAY,5,TRAIN,NS2,14047,4165
2026-07,WEEKDAY,11,TRAIN,DT17,35055,18511
2026-07,WEEKDAY,7,TRAIN,EW18,38005,42551
2026-07,WEEKDAY,6,TRAIN,CC34/DT16,5346,18285
2026-07,WEEKENDS/HOLIDAY,12,TRAIN,EW4,8006,4152
2026-07,WEEKENDS/HOLIDAY,13,TRAIN,DT4,1055,923
2026-07,WEEKENDS/HOLIDAY,15,TRAIN,EW6,4304,5023
2026-07,WEEKDAY,10,TRAIN,TE13,6631,5960
2026-07,WEEKENDS/HOLIDAY,14,TRAIN,TE3,4850,3808
2026-07,WEEKDAY,16,TRAIN,NE15,19416,33469
2026-07,WEEKDAY,15,TRAIN,NS13,43381,57405
2026-07,WEEKENDS/HOLIDAY,0,TRAIN,TE11,26,129
2026-07,WEEKDAY,14,TRAIN,EW12/DT14,65542,65148
2026-07,WEEKDAY,14,TRAIN,CG1/DT35,11357,13551
2026-07,WEEKENDS/HOLIDAY,21,TRAIN,SW3,227,682
2026-07,WEEKDAY,14,TRAIN,EW28,20336,17903
2026-07,WEEKENDS/HOLIDAY,14,TRAIN,EW19,6329,7291
2026-07,WEEKENDS/HOLIDAY,5,TRAIN,PE6,430,39
2026-07,WEEKENDS/HOLIDAY,8,TRAIN,EW4,7398,4142
2026-07,WEEKDAY,15,TRAIN,PE3,7352,9056
2026-07,WEEKDAY,0,TRAIN,CC19/DT9,81,348
2026-07,WEEKENDS/HOLIDAY,5,TRAIN,EW3,865,47
2026-07,WEEKENDS/HOLIDAY,20,TRAIN,DT17,2814,2375
2026-07,WEEKDAY,14,TRAIN,BP3,3176,4459
2026-07,WEEKENDS/HOLIDAY,21,TRAIN,DT25,766,2408
2026-07,WEEKDAY,9,TRAIN,CC31,3153,1622
2026-07,WEEKENDS/HOLIDAY,12,TRAIN,SW2,3081,1583
2026-07,WEEKENDS/HOLIDAY,23,TRAIN,TE7,216,1118
2026-07,WEEKENDS/HOLIDAY,17,TRAIN,EW5,14803,18827
2026-07,WEEKENDS/HOLIDAY,9,TRAIN,NS23,3628,15051
2026-07,WEEKDAY,14,TRAIN,EW27,35021,41534
2026-07,WEEKDAY,7,TRAIN,SW4,13112,2820
2026-07,WEEKENDS/HOLIDAY,21,TRAIN,EW31,826,1796
2026-07,WEEKENDS/HOLIDAY,5,TRAIN,DT29,168,6
2026-07,WEEKENDS/HOLIDAY,20,TRAIN,CG2,12896,7525
2026-07,WEEKDAY,20,TRAIN,EW29,32382,10087
2026-07,WEEKDAY,13,TRAIN,EW24/NS1,60374,69387
2026-07,WEEKDAY,5,TRAIN,CG2,10231,1199
2026-07,WEEKDAY,19,TRAIN,NS10,41097,108842
2026-07,WEEKDAY,8,TRAIN,PE7,11127,2938
2026-07,WEEKENDS/HOLIDAY,20,TRAIN,SW1,474,393
2026-07,WEEKENDS/HOLIDAY,15,TRAIN,SW6,855,1095
2026-07,WEEKENDS/HOLIDAY,16,TRAIN,NS24/NE6/CC1,25863,21015
2026-07,WEEKDAY,8,TRAIN,CC11,13522,133441
2026-07,WEEKDAY,14,TRAIN,NS21/DT11,56447,64361
2026-07,WEEKENDS/HOLIDAY,0,TRAIN,CC2,1,11
2026-07,WEEKDAY,20,TRAIN,TE4,6231,7482
2026-07,WEEKDAY,15,TRAIN,TE14/NS22,82430,79059
2026-07,WEEKENDS/HOLIDAY,12,TRAIN,SW5,3555,2688
2026-07,WEEKDAY,14,TRAIN,CC27,5064,6187
2026-07,WEEKDAY,20,TRAIN,EW18,15762,23753
2026-07,WEEKENDS/HOLIDAY,12,TRAIN,NE12/CC13,28751,29188
2026-07,WEEKDAY,0,TRAIN,EW18,80,510
2026-07,WEEKENDS/HOLIDAY,6,TRAIN,CC28,748,315
2026-07,WEEKENDS/HOLIDAY,20,TRAIN,CC32,345,591
2026-07,WEEKDAY,7,TRAIN,DT17,2217,44340
2026-07,WEEKDAY,22,TRAIN,NE15,6263,34068
2026-07,WEEKENDS/HOLIDAY,20,TRAIN,EW2/DT32,18945,23345
2026-07,WEEKENDS/HOLIDAY,12,TRAIN,EW22,3532,2121
2026-07,WEEKDAY,9,TRAIN,DT3,15364,3117
2026-07,WEEKDAY,7,TRAIN,PW1,815,2612
2026-07,WEEKENDS/HOLIDAY,15,TRAIN,TE3,4536,3874
2026-07,WEEKDAY,8,TRAIN,EW16/NE3/TE17,42095,156346
2026-07,WEEKDAY,12,TRAIN,NE4/DT19,70037,97794
2026-07,WEEKDAY,5,TRAIN,BP3,3007,195
2026-07,WEEKENDS/HOLIDAY,14,TRAIN,PE1,1538,1769
2026-07,WEEKDAY,15,TRAIN,NS2,25152,32259
2026-07,WEEKENDS/HOLIDAY,11,TRAIN,EW2/DT32,24115,20285
2026-07,WEEKENDS/HOLIDAY,6,TRAIN,EW3,2651,1336
2026-07,WEEKENDS/HOLIDAY,19,TRAIN,DT24,1571,2239
2026-07,WEEKDAY,23,TRAIN,DT22,5360,6972
2026-07,WEEKDAY,11,TRAIN,EW33,3225,2167
2026-07,WEEKENDS/HOLIDAY,12,TRAIN,TE25,1584,1229
2026-07,WEEKDAY,7,TRAIN,EW7,38775,20749
2026-07,WEEKENDS/HOLIDAY,7,TRAIN,BP12,1186,336
2026-07,WEEKENDS/HOLIDAY,20,TRAIN,CC31,598,1227
2026-07,WEEKENDS/HOLIDAY,8,TRAIN,NS19,13066,10155
2026-07,WEEKENDS/HOLIDAY,22,TRAIN,TE23,1063,986
2026-07,WEEKDAY,22,TRAIN,EW5,13801,38094
2026-07,WEEKENDS/HOLIDAY,7,TRAIN,EW29,3703,15715
2026-07,WEEKENDS/HOLIDAY,8,TRAIN,PW4,1788,1164
2026-07,WEEKENDS/HOLIDAY,22,TRAIN,PW1,350,63
2026-07,WEEKDAY,6,TRAIN,CC6,1970,3061
2026-07,WEEKENDS/HOLIDAY,22,TRAIN,SW1,234,147
2026-07,WEEKDAY,5,TRAIN,EW3,4926,307
2026-07,WEEKENDS/HOLIDAY,13,TRAIN,SW8,389,586
2026-07,WEEKDAY,18,TRAIN,CC20,12645,16449
2026-07,WEEKDAY,16,TRAIN,TE6,12379,15249
2026-07,WEEKENDS/HOLIDAY,6,TRAIN,SE3,807,75
2026-07,WEEKDAY,21,TRAIN,SE3,1070,5939
2026-07,WEEKENDS/HOLIDAY,7,TRAIN,BP3,1587,557
2026-07,WEEKENDS/HOLIDAY,18,TRAIN,CC23,2091,1938
2026-07,WEEKDAY,21,TRAIN,EW21/CC22,35477,18352
2026-07,WEEKDAY,17,TRAIN,DT18,62917,12490
2026-07,WEEKDAY,21,TRAIN,TE1,13119,4173
2026-07,WEEKDAY,11,TRAIN,BP2,2582,1198
2026-07,WEEKENDS/HOLIDAY,7,TRAIN,EW25,6233,4881
2026-07,WEEKDAY,15,TRAIN,CC16,11673,7034
2026-07,WEEKENDS/HOLIDAY,21,TRAIN,NE4/DT19,25209,12211
2026-07,WEEKENDS/HOLIDAY,13,TRAIN,NE15,11801,10809
2026-07,WEEKENDS/HOLIDAY,15,TRAIN,TE12,2120,1501
2026-07,WEEKENDS/HOLIDAY,23,TRAIN,NS24/NE6/CC1,4672,1812
2026-07,WEEKENDS/HOLIDAY,21,TRAIN,TE12,913,795
2026-07,WEEKDAY,10,TRAIN,NS24/NE6/CC1,18013,37084
2026-07,WEEKENDS/HOLIDAY,19,TRAIN,TE6,3026,6356
2026-07,WEEKDAY,7,TRAIN,PE6,22273,8644
2026-07,WEEKDAY,11,TRAIN,EW5,30832,23000
2026-07,WEEKDAY,13,TRAIN,TE6,14392,11922
2026-07,WEEKENDS/HOLIDAY,9,TRAIN,SW6,1390,523
2026-07,WEEKDAY,16,TRAIN,DT5,17444,20487
2026-07,WEEKDAY,16,TRAIN,CC21,13909,13245
2026-07,WEEKENDS/HOLIDAY,6,TRAIN,NS13,13575,3639
2026-07,WEEKDAY,5,TRAIN,EW21/CC22,2674,1662
2026-07,WEEKDAY,21,TRAIN,PE1,1296,7038
2026-07,WEEKENDS/HOLIDAY,5,TRAIN,EW26,3101,180
2026-07,WEEKENDS/HOLIDAY,22,TRAIN,DT8,492,879
2026-07,WEEKDAY,7,TRAIN,SE3,16026,3580
2026-07,WEEKDAY,12,TRAIN,CC11,17720,14961
2026-07,WEEKENDS/HOLIDAY,12,TRAIN,BP9,1554,989
2026-07,WEEKDAY,19,TRAIN,EW8/CC9,93260,95023
2026-07,WEEKDAY,16,TRAIN,TE28,4611,6447
2026-07,WEEKENDS/HOLIDAY,22,TRAIN,BP3,358,1419
2026-07,WEEKDAY,21,TRAIN,NE5,31203,12345
2026-07,WEEKENDS/HOLIDAY,16,TRAIN,BP11,1304,1272
2026-07,WEEKENDS/HOLIDAY,21,TRAIN,NS21/DT11,18963,21991
2026-07,WEEKDAY,6,TRAIN,NE14,48085,18638
2026-07,WEEKDAY,21,TRAIN,TE7,3727,7577
2026-07,WEEKENDS/HOLIDAY,6,TRAIN,DT22,1403,813
2026-07,WEEKDAY,20,TRAIN,SE2,2421,10586
2026-07,WEEKDAY,10,TRAIN,CG1/DT35,3956,30148
2026-07,WEEKDAY,11,TRAIN,BP12,2837,1486
2026-07,WEEKDAY,9,TRAIN,NE10,29865,21599
2026-07,WEEKENDS/HOLIDAY,20,TRAIN,DT7,798,1724
2026-07,WEEKENDS/HOLIDAY,9,TRAIN,CC6,2311,7075
2026-07,WEEKENDS/HOLIDAY,7,TRAIN,TE28,786,363
2026-07,WEEKDAY,15,TRAIN,SW2,3976,3877
2026-07,WEEKDAY,23,TRAIN,SW8,120,858
2026-07,WEEKDAY,5,TRAIN,DT23,132,0
2026-07,WEEKENDS/HOLIDAY,19,TRAIN,NS16,14139,21861
2026-07,WEEKENDS/HOLIDAY,23,TRAIN,BP7,28,127
2026-07,WEEKDAY,12,TRAIN,EW28,25149,16279
2026-07,WEEKDAY,16,TRAIN,NS9/TE2,58400,89621
2026-07,WEEKDAY,23,TRAIN,TE28,384,2090
2026-07,WEEKDAY,17,TRAIN,NS27/CC33/TE20,15304,3718
2026-07,WEEKENDS/HOLIDAY,17,TRAIN,DT30,3992,4063
2026-07,WEEKDAY,23,TRAIN,BP13,44,387
2026-07,WEEKDAY,5,TRAIN,EW23,7131,5229
2026-07,WEEKDAY,18,TRAIN,TE5,15818,25888
2026-07,WEEKENDS/HOLIDAY,9,TRAIN,PW5,1865,524
2026-07,WEEKDAY,7,TRAIN,DT27,21272,31302
2026-07,WEEKENDS/HOLIDAY,0,TRAIN,NS16,404,3518
2026-07,WEEKDAY,5,TRAIN,TE29,372,3
2026-07,WEEKDAY,8,TRAIN,SW6,2487,2472
2026-07,WEEKENDS/HOLIDAY,15,TRAIN,CC25,2567,1821
2026-07,WEEKDAY,16,TRAIN,CC2,7033,3620
2026-07,WEEKENDS/HOLIDAY,0,TRAIN,TE15,36,147
2026-07,WEEKENDS/HOLIDAY,18,TRAIN,DT2,1926,1415
2026-07,WEEKENDS/HOLIDAY,19,TRAIN,BP11,853,1831
2026-07,WEEKENDS/HOLIDAY,8,TRAIN,PE1,1955,647
2026-07,WEEKENDS/HOLIDAY,5,TRAIN,BP5,201,93
2026-07,WEEKENDS/HOLIDAY,14,TRAIN,PW2,178,118
2026-07,WEEKENDS/HOLIDAY,20,TRAIN,NS16,11546,20503
2026-07,WEEKENDS/HOLIDAY,5,TRAIN,EW9,1246,102
2026-07,WEEKDAY,22,TRAIN,EW30,1738,958
2026-07,WEEKDAY,21,TRAIN,CC5,5183,4297
2026-07,WEEKENDS/HOLIDAY,0,TRAIN,TE3,49,653
2026-07,WEEKENDS/HOLIDAY,13,TRAIN,CC28,1900,1575
2026-07,WEEKENDS/HOLIDAY,21,TRAIN,CC24,4277,1731
2026-07,WEEKDAY,21,TRAIN,CC20,3326,5879
2026-07,WEEKENDS/HOLIDAY,5,TRAIN,TE14/NS22,192,226
2026-07,WEEKDAY,0,TRAIN,SW4,31,503
2026-07,WEEKENDS/HOLIDAY,17,TRAIN,EW10,7365,9123
2026-07,WEEKDAY,21,TRAIN,CC4/DT15,42591,5904
2026-07,WEEKDAY,16,TRAIN,TE22,3617,8011
2026-07,WEEKDAY,21,TRAIN,NS27/CE2/TE20,1875,1182
2026-07,WEEKDAY,19,TRAIN,CE1/DT16,21729,21708
2026-07,WEEKDAY,22,TRAIN,EW26,9251,40626
2026-07,WEEKDAY,13,TRAIN,TE16,8240,8105
2026-07,WEEKDAY,12,TRAIN,SW1,3535,2047
2026-07,WEEKDAY,14,TRAIN,EW9,19164,17327
2026-07,WEEKDAY,16,TRAIN,BP8,2584,2277
2026-07,WEEKENDS/HOLIDAY,13,TRAIN,PW5,1285,1303
2026-07,WEEKDAY,12,TRAIN,TE4,5601,4707
2026-07,WEEKENDS/HOLIDAY,17,TRAIN,EW16/NE3/TE17,13069,9179
2026-07,WEEKDAY,10,TRAIN,CC28,5004,3587
2026-07,WEEKENDS/HOLIDAY,12,TRAIN,TE8,6772,5289
2026-07,WEEKENDS/HOLIDAY,9,TRAIN,PW7,1786,865
2026-07,WEEKDAY,22,TRAIN,EW2/DT32,27497,50541
2026-07,WEEKENDS/HOLIDAY,20,TRAIN,DT30,1471,4711
2026-07,WEEKENDS/HOLIDAY,9,TRAIN,SE2,3481,1335
2026-07,WEEKDAY,7,TRAIN,EW21/CC22,28785,71572
2026-07,WEEKENDS/HOLIDAY,6,TRAIN,EW21/CC22,2044,2914
2026-07,WEEKENDS/HOLIDAY,5,TRAIN,DT5,149,16
2026-07,WEEKDAY,17,TRAIN,PE4,2608,3025
2026-07,WEEKDAY,12,TRAIN,DT7,3680,3582
2026-07,WEEKENDS/HOLIDAY,15,TRAIN,BP5,821,895
2026-07,WEEKDAY,10,TRAIN,CC21,7530,11773
2026-07,WEEKDAY,20,TRAIN,NS13,44026,91957
2026-07,WEEKDAY,17,TRAIN,DT5,26693,34779
2026-07,WEEKDAY,12,TRAIN,TE12,9123,5994
2026-07,WEEKDAY,11,TRAIN,DT6,9300,7564
2026-07,WEEKENDS/HOLIDAY,22,TRAIN,DT24,665,2518
2026-07,WEEKENDS/HOLIDAY,6,TRAIN,DT17,88,512
2026-07,WEEKENDS/HOLIDAY,13,TRAIN,PE1,1895,1682
2026-07,WEEKENDS/HOLIDAY,6,TRAIN,EW29,2612,7372
2026-07,WEEKENDS/HOLIDAY,7,TRAIN,CE1/DT16,1897,3318
2026-07,WEEKDAY,12,TRAIN,DT28,9720,6596
2026-07,WEEKENDS/HOLIDAY,13,TRAIN,DT23,1481,1649
2026-07,WEEKDAY,22,TRAIN,EW3,5878,20963
2026-07,WEEKENDS/HOLIDAY,22,TRAIN,DT3,770,2401
2026-07,WEEKDAY,12,TRAIN,EW9,21477,16040
2026-07,WEEKDAY,19,TRAIN,CC4/DT15,51783,22878
2026-07,WEEKENDS/HOLIDAY,7,TRAIN,NS3,7771,4795
2026-07,WEEKENDS/HOLIDAY,14,TRAIN,SW2,2330,1696
2026-07,WEEKDAY,10,TRAIN,CC27,1934,13720
2026-07,WEEKENDS/HOLIDAY,5,TRAIN,BP8,335,134
2026-07,WEEKENDS/HOLIDAY,18,TRAIN,PE1,1621,2180
2026-07,WEEKENDS/HOLIDAY,21,TRAIN,BP7,145,415
2026-07,WEEKDAY,13,TRAIN,PW1,2071,3203
2026-07,WEEKDAY,18,TRAIN,EW11,58683,48726
2026-07,WEEKENDS/HOLIDAY,21,TRAIN,NS9/TE2,18984,27515
2026-07,WEEKDAY,16,TRAIN,CC26,8516,3668
2026-07,WEEKDAY,6,TRAIN,CG2,13348,12158
2026-07,WEEKDAY,0,TRAIN,NE11,102,393
2026-07,WEEKENDS/HOLIDAY,17,TRAIN,TE15,5485,5774
2026-07,WEEKENDS/HOLIDAY,23,TRAIN,DT23,408,497
2026-07,WEEKENDS/HOLIDAY,21,TRAIN,EW11,6592,9048
2026-07,WEEKENDS/HOLIDAY,6,TRAIN,TE24,256,161
2026-07,WEEKDAY,13,TRAIN,EW26,29582,20904
2026-07,WEEKDAY,17,TRAIN,SE4,4464,7116
2026-07,WEEKENDS/HOLIDAY,9,TRAIN,EW6,6658,3476
2026-07,WEEKENDS/HOLIDAY,22,TRAIN,CC11,2693,2758
2026-07,WEEKDAY,13,TRAIN,DT18,22072,19723
2026-07,WEEKENDS/HOLIDAY,22,TRAIN,TE5,1272,2563
2026-07,WEEKENDS/HOLIDAY,22,TRAIN,NS28,295,210
2026-07,WEEKDAY,22,TRAIN,EW28,10398,32328
2026-07,WEEKENDS/HOLIDAY,7,TRAIN,NS12,8717,3574
2026-07,WEEKENDS/HOLIDAY,11,TRAIN,NS24/NE6/CC1,11269,20186
2026-07,WEEKDAY,21,TRAIN,BP10,1172,4602
2026-07,WEEKENDS/HOLIDAY,17,TRAIN,EW6,5514,6919
2026-07,WEEKENDS/HOLIDAY,6,TRAIN,DT3,436,223
2026-07,WEEKENDS/HOLIDAY,14,TRAIN,SW6,1010,1105
2026-07,WEEKDAY,20,TRAIN,NS3,12691,35077
2026-07,WEEKENDS/HOLIDAY,12,TRAIN,CC17/TE9,3013,2137
2026-07,WEEKDAY,20,TRAIN,BP5,1719,2980
2026-07,WEEKDAY,8,TRAIN,DT30,52063,6718
2026-07,WEEKENDS/HOLIDAY,22,TRAIN,SW2,615,725
2026-07,WEEKENDS/HOLIDAY,14,TRAIN,EW8/CC9,28304,27541
2026-07,WEEKDAY,13,TRAIN,TE18,20358,15445
2026-07,WEEKDAY,20,TRAIN,PW4,3509,6670
2026-07,WEEKDAY,10,TRAIN,EW2/DT32,51704,37936
2026-07,WEEKENDS/HOLIDAY,12,TRAIN,CC32,552,525
2026-07,WEEKDAY,19,TRAIN,BP8,2939,3914
2026-07,WEEKENDS/HOLIDAY,10,TRAIN,SW6,1375,497
2026-07,WEEKENDS/HOLIDAY,21,TRAIN,CC28,694,2350
2026-07,WEEKENDS/HOLIDAY,21,TRAIN,NS2,6704,13625
2026-07,WEEKENDS/HOLIDAY,16,TRAIN,DT3,3025,2860
2026-07,WEEKENDS/HOLIDAY,20,TRAIN,TE24,842,2090
2026-07,WEEKDAY,17,TRAIN,BP12,4524,4534
2026-07,WEEKENDS/HOLIDAY,15,TRAIN,NS8,6674,5907
2026-07,WEEKENDS/HOLIDAY,14,TRAIN,BP2,1143,950
2026-07,WEEKDAY,7,TRAIN,EW32,7349,41781
2026-07,WEEKDAY,20,TRAIN,DT25,3400,6937
2026-07,WEEKDAY,0,TRAIN,NS27/CC33/TE20,40,157
2026-07,WEEKENDS/HOLIDAY,18,TRAIN,CC12,3535,3691
2026-07,WEEKENDS/HOLIDAY,20,TRAIN,EW7,3307,8186
2026-07,WEEKENDS/HOLIDAY,8,TRAIN,DT33,7572,2202
2026-07,WEEKDAY,16,TRAIN,NE5,16942,15070
2026-07,WEEKDAY,10,TRAIN,NS8,23642,10350
2026-07,WEEKENDS/HOLIDAY,21,TRAIN,NS8,5380,6673
2026-07,WEEKENDS/HOLIDAY,9,TRAIN,BP12,1484,600
2026-07,WEEKDAY,10,TRAIN,NE12/CC13,56555,40233
2026-07,WEEKENDS/HOLIDAY,8,TRAIN,CC34/DT16,2835,8461
2026-07,WEEKDAY,19,TRAIN,SE5,2619,7171
2026-07,WEEKENDS/HOLIDAY,22,TRAIN,CC4/DT15,11760,1761
2026-07,WEEKENDS/HOLIDAY,22,TRAIN,DT29,747,3943
2026-07,WEEKENDS/HOLIDAY,11,TRAIN,CC14,3192,2044
2026-07,WEEKDAY,16,TRAIN,TE16,9078,9315
2026-07,WEEKENDS/HOLIDAY,8,TRAIN,CC6,958,6776
2026-07,WEEKDAY,11,TRAIN,CC27,6902,6125
2026-07,WEEKENDS/HOLIDAY,19,TRAIN,SW1,641,421
2026-07,WEEKENDS/HOLIDAY,12,TRAIN,EW1,15722,10287
2026-07,WEEKENDS/HOLIDAY,20,TRAIN,DT28,2375,6892
2026-07,WEEKDAY,10,TRAIN,DT5,14384,10955
2026-07,WEEKDAY,15,TRAIN,EW19,13903,16997
2026-07,WEEKENDS/HOLIDAY,7,TRAIN,EW24/NS1,12250,16869
2026-07,WEEKDAY,0,TRAIN,NS20,246,444
2026-07,WEEKDAY,6,TRAIN,DT33,34936,11139
2026-07,WEEKDAY,7,TRAIN,NE18,30137,13643
2026-07,WEEKDAY,20,TRAIN,NS21/DT11,60761,67431
2026-07,WEEKENDS/HOLIDAY,18,TRAIN,EW16/NE3/TE17,11642,9480
2026-07,WEEKENDS/HOLIDAY,19,TRAIN,NE18,6208,6027
2026-07,WEEKENDS/HOLIDAY,14,TRAIN,TE24,1339,1413
2026-07,WEEKENDS/HOLIDAY,8,TRAIN,NE18,3408,3810
2026-07,WEEKENDS/HOLIDAY,21,TRAIN,NS14,7940,16327
2026-07,WEEKDAY,19,TRAIN,DT5,23227,41676
2026-07,WEEKDAY,14,TRAIN,EW32,3037,1863
2026-07,WEEKENDS/HOLIDAY,13,TRAIN,CC6,5846,10430
2026-07,WEEKENDS/HOLIDAY,9,TRAIN,EW4,8195,3528
2026-07,WEEKDAY,8,TRAIN,PE1,12124,1992
2026-07,WEEKDAY,5,TRAIN,EW14/NS26,918,2517
2026-07,WEEKDAY,9,TRAIN,DT27,13402,20573
2026-07,WEEKDAY,0,TRAIN,DT24,33,429
2026-07,WEEKDAY,21,TRAIN,EW18,12094,20416
2026-07,WEEKDAY,14,TRAIN,DT5,13816,16467
2026-07,WEEKENDS/HOLIDAY,6,TRAIN,EW24/NS1,7199,11147
2026-07,WEEKENDS/HOLIDAY,5,TRAIN,NS7,7526,1516
2026-07,WEEKDAY,15,TRAIN,DT33,14056,14866
2026-07,WEEKENDS/HOLIDAY,17,TRAIN,CC19/DT9,4402,4229
2026-07,WEEKDAY,15,TRAIN,EW15,34960,21741
2026-07,WEEKENDS/HOLIDAY,14,TRAIN,CC31,1328,1815
2026-07,WEEKENDS/HOLIDAY,17,TRAIN,BP4,722,743
2026-07,WEEKENDS/HOLIDAY,23,TRAIN,EW10,1298,2915
2026-07,WEEKENDS/HOLIDAY,13,TRAIN,EW11,8078,9879
2026-07,WEEKDAY,6,TRAIN,EW6,16184,4978
2026-07,WEEKDAY,18,TRAIN,CC8,17728,23445
2026-07,WEEKDAY,18,TRAIN,DT3,9872,22684
2026-07,WEEKDAY,8,TRAIN,EW25,57421,11295
2026-07,WEEKDAY,5,TRAIN,EW25,11274,588
2026-07,WEEKENDS/HOLIDAY,16,TRAIN,EW27,19599,23849
2026-07,WEEKENDS/HOLIDAY,15,TRAIN,NE17/PTC,22693,22189
2026-07,WEEKENDS/HOLIDAY,6,TRAIN,SW3,551,51
2026-07,WEEKENDS/HOLIDAY,11,TRAIN,NS3,10603,6698
2026-07,WEEKENDS/HOLIDAY,22,TRAIN,CE1/DT16,14682,2910
2026-07,WEEKENDS/HOLIDAY,20,TRAIN,NS4/BP1,10959,19258
2026-07,WEEKENDS/HOLIDAY,23,TRAIN,NE8,5499,3832
2026-07,WEEKENDS/HOLIDAY,13,TRAIN,EW6,5400,5132
2026-07,WEEKENDS/HOLIDAY,12,TRAIN,EW16/NE3/TE17,12538,11257
2026-07,WEEKDAY,18,TRAIN,EW23,124494,150987
2026-07,WEEKDAY,11,TRAIN,EW10,10431,6164
2026-07,WEEKENDS/HOLIDAY,7,TRAIN,EW4,5011,5650
2026-07,WEEKENDS/HOLIDAY,20,TRAIN,DT13,5123,4707
2026-07,WEEKENDS/HOLIDAY,16,TRAIN,CC12,3909,3188
2026-07,WEEKDAY,9,TRAIN,SW2,7110,2856
2026-07,WEEKENDS/HOLIDAY,14,TRAIN,DT24,1917,1525
2026-07,WEEKENDS/HOLIDAY,23,TRAIN,NE5,4504,1783
2026-07,WEEKDAY,22,TRAIN,NE16/STC,14709,50957
2026-07,WEEKDAY,20,TRAIN,SE4,2125,6137
2026-07,WEEKENDS/HOLIDAY,15,TRAIN,NE12/CC13,28941,28185
2026-07,WEEKDAY,21,TRAIN,EW16/NE3/TE17,43043,16711
2026-07,WEEKENDS/HOLIDAY,12,TRAIN,NS11,19239,12324
2026-07,WEEKENDS/HOLIDAY,18,TRAIN,CC14,2978,2962
2026-07,WEEKENDS/HOLIDAY,16,TRAIN,TE8,5850,5795
2026-07,WEEKENDS/HOLIDAY,12,TRAIN,CC23,2266,1842
2026-07,WEEKDAY,15,TRAIN,EW30,3689,806
2026-07,WEEKENDS/HOLIDAY,5,TRAIN,CC16,206,16
2026-07,WEEKDAY,5,TRAIN,EW28,20247,1561
2026-07,WEEKDAY,21,TRAIN,PW1,2702,371
2026-07,WEEKDAY,0,TRAIN,EW8/CC9,1036,1781
2026-07,WEEKDAY,22,TRAIN,EW7,4738,19087
2026-07,WEEKENDS/HOLIDAY,22,TRAIN,EW3,2186,7427
2026-07,WEEKDAY,10,TRAIN,EW1,34087,13552
2026-07,WEEKDAY,19,TRAIN,NS5,24429,88531
2026-07,WEEKENDS/HOLIDAY,21,TRAIN,CC23,1941,974
2026-07,WEEKDAY,11,TRAIN,SE1,4156,2826
2026-07,WEEKENDS/HOLIDAY,21,TRAIN,NE17/PTC,16189,18203
2026-07,WEEKENDS/HOLIDAY,7,TRAIN,CC25,1787,2296
2026-07,WEEKENDS/HOLIDAY,7,TRAIN,CC26,2015,2596
2026-07,WEEKDAY,9,TRAIN,DT2,4774,7182
2026-07,WEEKDAY,5,TRAIN,CC12,1146,189
2026-07,WEEKENDS/HOLIDAY,0,TRAIN,EW10,67,288
2026-07,WEEKENDS/HOLIDAY,6,TRAIN,TE19,126,418
2026-07,WEEKENDS/HOLIDAY,15,TRAIN,NS20,16286,11886
2026-07,WEEKENDS/HOLIDAY,8,TRAIN,NS21/DT11,15822,16463
2026-07,WEEKDAY,11,TRAIN,EW19,16635,9632
2026-07,WEEKENDS/HOLIDAY,13,TRAIN,CC27,1036,1059
2026-07,WEEKDAY,9,TRAIN,NS21/DT11,88446,88334
2026-07,WEEKENDS/HOLIDAY,13,TRAIN,NS16,18807,17760
2026-07,WEEKDAY,16,TRAIN,PE7,4163,6200
2026-07,WEEKENDS/HOLIDAY,14,TRAIN,NE16/STC,21358,20981
2026-07,WEEKENDS/HOLIDAY,8,TRAIN,CC12,3308,1619
2026-07,WEEKDAY,7,TRAIN,PE1,15045,6029
2026-07,WEEKENDS/HOLIDAY,18,TRAIN,EW18,7776,7561
2026-07,WEEKDAY,12,TRAIN,CC25,6360,4562
2026-07,WEEKDAY,5,TRAIN,EW16/NE3/TE17,1995,297
2026-07,WEEKDAY,16,TRAIN,EW9,22956,21175
2026-07,WEEKENDS/HOLIDAY,0,TRAIN,SE3,19,280
2026-07,WEEKDAY,21,TRAIN,DT7,1927,4448
2026-07,WEEKENDS/HOLIDAY,20,TRAIN,NS11,9329,21044
2026-07,WEEKENDS/HOLIDAY,22,TRAIN,BP12,182,820
2026-07,WEEKENDS/HOLIDAY,21,TRAIN,TE11,868,2109
2026-07,WEEKDAY,6,TRAIN,PW6,5039,740
2026-07,WEEKDAY,9,TRAIN,CC26,5195,17042
2026-07,WEEKDAY,22,TRAIN,NS8,8630,17915
2026-07,WEEKDAY,9,TRAIN,NE13,49424,26848
2026-07,WEEKDAY,21,TRAIN,NS8,13791,23687
2026-07,WEEKDAY,12,TRAIN,CC21,11741,18311
2026-07,WEEKENDS/HOLIDAY,15,TRAIN,BP7,388,492
2026-07,WEEKDAY,16,TRAIN,BP5,2822,2675
2026-07,WEEKDAY,0,TRAIN,EW11,219,701
2026-07,WEEKDAY,14,TRAIN,NS9/TE2,51612,65492
2026-07,WEEKDAY,18,TRAIN,NE12/CC13,108539,225335
2026-07,WEEKENDS/HOLIDAY,11,TRAIN,PW1,1264,1986
2026-07,WEEKDAY,17,TRAIN,EW1,44918,63556
2026-07,WEEKENDS/HOLIDAY,9,TRAIN,TE3,4925,2723
2026-07,WEEKDAY,15,TRAIN,CC32,980,1139
2026-07,WEEKDAY,18,TRAIN,CC3,29511,13980
2026-07,WEEKDAY,15,TRAIN,CC27,6875,2744
2026-07,WEEKDAY,19,TRAIN,TE8,19071,23812
2026-07,WEEKENDS/HOLIDAY,17,TRAIN,PE4,950,925
2026-07,WEEKDAY,6,TRAIN,NS25/EW13,3718,18449
2026-07,WEEKDAY,0,TRAIN,NE17/PTC,702,4586
2026-07,WEEKDAY,8,TRAIN,PE6,16776,7366
2026-07,WEEKENDS/HOLIDAY,22,TRAIN,NE13,3349,8643
2026-07,WEEKENDS/HOLIDAY,16,TRAIN,NS28,3261,2290
2026-07,WEEKDAY,16,TRAIN,CC8,9901,8496
2026-07,WEEKENDS/HOLIDAY,13,TRAIN,NS5,11586,11038
2026-07,WEEKDAY,5,TRAIN,EW6,1475,293
2026-07,WEEKENDS/HOLIDAY,18,TRAIN,PW5,1214,2315
2026-07,WEEKDAY,23,TRAIN,TE1,528,1170
2026-07,WEEKDAY,9,TRAIN,NE12/CC13,100574,40665
2026-07,WEEKDAY,11,TRAIN,NS25/EW13,29571,73364
2026-07,WEEKENDS/HOLIDAY,16,TRAIN,CC14,3096,2470
2026-07,WEEKDAY,14,TRAIN,SE5,4882,3066
2026-07,WEEKDAY,9,TRAIN,DT24,10650,7325
2026-07,WEEKDAY,10,TRAIN,CC32,925,1427
2026-07,WEEKENDS/HOLIDAY,17,TRAIN,DT3,3190,3243
2026-07,WEEKENDS/HOLIDAY,11,TRAIN,TE8,5617,5441
2026-07,WEEKDAY,18,TRAIN,BP5,3887,5094
2026-07,WEEKDAY,23,TRAIN,EW17,3514,13543
2026-07,WEEKENDS/HOLIDAY,8,TRAIN,EW3,7685,3565
2026-07,WEEKENDS/HOLIDAY,12,TRAIN,BP10,1591,1228
2026-07,WEEKENDS/HOLIDAY,0,TRAIN,NE8,122,228
2026-07,WEEKENDS/HOLIDAY,19,TRAIN,EW6,3748,6191
2026-07,WEEKDAY,5,TRAIN,DT10,120,121
2026-07,WEEKENDS/HOLIDAY,7,TRAIN,DT34,565,708
2026-07,WEEKENDS/HOLIDAY,7,TRAIN,NE18,2617,3667
2026-07,WEEKENDS/HOLIDAY,12,TRAIN,EW7,7623,5643
2026-07,WEEKENDS/HOLIDAY,21,TRAIN,EW15,9006,3885
2026-07,WEEKDAY,16,TRAIN,NS18,16312,16498
2026-07,WEEKDAY,20,TRAIN,NS23,67853,30139
2026-07,WEEKDAY,11,TRAIN,EW15,28608,46633
2026-07,WEEKENDS/HOLIDAY,0,TRAIN,SE2,18,298
2026-07,WEEKENDS/HOLIDAY,5,TRAIN,NE10,235,70
2026-07,WEEKDAY,8,TRAIN,PW3,1611,911
2026-07,WEEKENDS/HOLIDAY,18,TRAIN,NS8,8268,7880
2026-07,WEEKDAY,20,TRAIN,CC34/DT16,68351,24092
2026-07,WEEKENDS/HOLIDAY,11,TRAIN,NE14,15400,7738
2026-07,WEEKDAY,7,TRAIN,TE8,17266,10734
2026-07,WEEKDAY,14,TRAIN,DT18,13772,12002
2026-07,WEEKDAY,23,TRAIN,EW19,2170,8170
2026-07,WEEKDAY,8,TRAIN,CC24,11530,132597
2026-07,WEEKDAY,13,TRAIN,BP2,3367,2545
2026-07,WEEKDAY,20,TRAIN,EW23,53483,63480
2026-07,WEEKDAY,22,TRAIN,EW17,11632,27790
2026-07,WEEKDAY,10,TRAIN,EW17,25416,21574
2026-07,WEEKENDS/HOLIDAY,10,TRAIN,EW4,8410,3248
2026-07,WEEKDAY,23,TRAIN,CC7,1496,3738
2026-07,WEEKENDS/HOLIDAY,19,TRAIN,EW2/DT32,22407,28033
2026-07,WEEKENDS/HOLIDAY,9,TRAIN,CC12,3909,1624
2026-07,WEEKDAY,6,TRAIN,CC27,762,5889
2026-07,WEEKDAY,15,TRAIN,EW23,50411,49093
2026-07,WEEKENDS/HOLIDAY,6,TRAIN,DT2,135,90
2026-07,WEEKDAY,14,TRAIN,EW1,26619,28940
2026-07,WEEKENDS/HOLIDAY,21,TRAIN,BP2,286,1418
2026-07,WEEKDAY,10,TRAIN,SW2,3924,2415
2026-07,WEEKDAY,17,TRAIN,PW6,2442,2980
2026-07,WEEKENDS/HOLIDAY,5,TRAIN,NS19,984,372
2026-07,WEEKDAY,18,TRAIN,NS15,90830,42634
2026-07,WEEKENDS/HOLIDAY,14,TRAIN,TE26,7659,7045
2026-07,WEEKDAY,17,TRAIN,PE3,9143,12457
2026-07,WEEKDAY,9,TRAIN,NS16,69495,39473
2026-07,WEEKENDS/HOLIDAY,0,TRAIN,NS11,418,3865
2026-07,WEEKENDS/HOLIDAY,10,TRAIN,BP10,1593,1051
2026-07,WEEKDAY,0,TRAIN,DT2,3,435
2026-07,WEEKENDS/HOLIDAY,13,TRAIN,EW22,2809,2534
2026-07,WEEKDAY,13,TRAIN,NE14,32086,25823
2026-07,WEEKENDS/HOLIDAY,17,TRAIN,CC10/DT26,9683,7483
2026-07,WEEKDAY,13,TRAIN,NS9/TE2,58044,62556
2026-07,WEEKDAY,18,TRAIN,EW28,66696,84661
2026-07,WEEKDAY,14,TRAIN,DT6,15385,8234
2026-07,WEEKENDS/HOLIDAY,15,TRAIN,TE24,1265,1494
2026-07,WEEKDAY,6,TRAIN,BP11,13876,1272
2026-07,WEEKDAY,12,TRAIN,CC26,6800,4462
2026-07,WEEKENDS/HOLIDAY,11,TRAIN,CC12,4047,2612
2026-07,WEEKENDS/HOLIDAY,22,TRAIN,TE16,2176,3892
2026-07,WEEKENDS/HOLIDAY,11,TRAIN,CC28,2181,1122
2026-07,WEEKDAY,17,TRAIN,PW7,5402,6162
2026-07,WEEKENDS/HOLIDAY,8,TRAIN,EW33,2859,3036
2026-07,WEEKDAY,10,TRAIN,TE24,4277,1925
2026-07,WEEKDAY,5,TRAIN,EW15,1008,738
2026-07,WEEKENDS/HOLIDAY,11,TRAIN,DT2,1548,699
2026-07,WEEKDAY,17,TRAIN,CC3,19628,8064
2026-07,WEEKENDS/HOLIDAY,12,TRAIN,EW24/NS1,25581,39592
2026-07,WEEKENDS/HOLIDAY,8,TRAIN,NS27/CC33/TE20,340,576
2026-07,WEEKENDS/HOLIDAY,8,TRAIN,TE15,1760,2619
2026-07,WEEKDAY,15,TRAIN,EW31,3645,823
2026-07,WEEKENDS/HOLIDAY,5,TRAIN,CC14,196,13
2026-07,WEEKENDS/HOLIDAY,14,TRAIN,CC16,2916,2387
2026-07,WEEKDAY,9,TRAIN,DT13,10009,17172
2026-07,WEEKDAY,20,TRAIN,EW6,6415,21687
2026-07,WEEKDAY,21,TRAIN,CC31,693,2496
2026-07,WEEKDAY,16,TRAIN,EW7,14487,18284
2026-07,WEEKDAY,0,TRAIN,NE15,134,2565
2026-07,WEEKDAY,7,TRAIN,TE27,18543,16782
2026-07,WEEKDAY,14,TRAIN,EW2/DT32,54674,60421
2026-07,WEEKDAY,6,TRAIN,TE8,6913,4403
2026-07,WEEKDAY,18,TRAIN,DT33,29795,73184
2026-07,WEEKDAY,18,TRAIN,NS24/NE6/CC1,101972,88870
2026-07,WEEKENDS/HOLIDAY,15,TRAIN,EW29,4852,3465
2026-07,WEEKENDS/HOLIDAY,23,TRAIN,NS15,832,2222
2026-07,WEEKENDS/HOLIDAY,6,TRAIN,EW5,6663,2892
2026-07,WEEKDAY,22,TRAIN,CC10/DT26,9450,18748
2026-07,WEEKENDS/HOLIDAY,18,TRAIN,TE7,2682,2946
2026-07,WEEKENDS/HOLIDAY,14,TRAIN,PW1,1525,1829
2026-07,WEEKENDS/HOLIDAY,20,TRAIN,NS23,25239,11238
2026-07,WEEKENDS/HOLIDAY,14,TRAIN,CC12,3224,3453
2026-07,WEEKDAY,21,TRAIN,PE2,1373,9317
2026-07,WEEKDAY,0,TRAIN,EW7,158,1126
2026-07,WEEKDAY,8,TRAIN,EW10,37035,16218
2026-07,WEEKENDS/HOLIDAY,21,TRAIN,NE8,24664,12294
2026-07,WEEKDAY,16,TRAIN,PW2,204,246
2026-07,WEEKDAY,5,TRAIN,SW2,1128,363
2026-07,WEEKENDS/HOLIDAY,7,TRAIN,PE5,2155,503
2026-07,WEEKENDS/HOLIDAY,10,TRAIN,PE6,4005,2888
2026-07,WEEKDAY,10,TRAIN,TE15,8345,11360
2026-07,WEEKDAY,12,TRAIN,NS13,47634,44693
2026-07,WEEKDAY,17,TRAIN,NE4/DT19,100459,75945
2026-07,WEEKDAY,17,TRAIN,NS20,156251,40115
2026-07,WEEKENDS/HOLIDAY,8,TRAIN,TE14/NS22,5227,27060
2026-07,WEEKENDS/HOLIDAY,5,TRAIN,DT17,7,0
2026-07,WEEKENDS/HOLIDAY,7,TRAIN,NS27/CE2/TE20,203,440
2026-07,WEEKDAY,7,TRAIN,DT23,6716,9946
2026-07,WEEKENDS/HOLIDAY,0,TRAIN,TE6,66,663
2026-07,WEEKDAY,15,TRAIN,CC17/TE9,18735,7289
2026-07,WEEKDAY,5,TRAIN,NE7/DT12,1591,354
2026-07,WEEKDAY,20,TRAIN,EW24/NS1,132727,56446
2026-07,WEEKDAY,5,TRAIN,CE1/DT16,542,1
2026-07,WEEKDAY,17,TRAIN,CC24,118428,13672
2026-07,WEEKDAY,18,TRAIN,CC7,12311,19661
2026-07,WEEKENDS/HOLIDAY,9,TRAIN,NS24/NE6/CC1,5069,14743
2026-07,WEEKENDS/HOLIDAY,12,TRAIN,PW3,340,291
2026-07,WEEKDAY,14,TRAIN,DT29,5657,5386
2026-07,WEEKENDS/HOLIDAY,14,TRAIN,TE19,2162,2094
2026-07,WEEKDAY,10,TRAIN,NS27/CC33/TE20,1483,6199
2026-07,WEEKENDS/HOLIDAY,8,TRAIN,CC8,2613,1881
2026-07,WEEKDAY,6,TRAIN,CC12,12680,9298
2026-07,WEEKENDS/HOLIDAY,13,TRAIN,BP9,1118,1007
2026-07,WEEKENDS/HOLIDAY,21,TRAIN,PE3,887,2992
2026-07,WEEKDAY,13,TRAIN,CC14,11826,9926
2026-07,WEEKDAY,12,TRAIN,PW6,2042,1159
2026-07,WEEKENDS/HOLIDAY,11,TRAIN,EW10,5371,5049
2026-07,WEEKENDS/HOLIDAY,11,TRAIN,DT7,1948,1324
2026-07,WEEKENDS/HOLIDAY,16,TRAIN,SE4,1543,1636
2026-07,WEEKDAY,17,TRAIN,CC32,4770,1672
2026-07,WEEKDAY,11,TRAIN,EW26,30274,11873
2026-07,WEEKENDS/HOLIDAY,20,TRAIN,TE27,1373,3221
2026-07,WEEKENDS/HOLIDAY,19,TRAIN,NS5,7993,15266
2026-07,WEEKDAY,6,TRAIN,NS16,62417,37604
2026-07,WEEKENDS/HOLIDAY,23,TRAIN,NS27/CC33/TE20,195,221
2026-07,WEEKENDS/HOLIDAY,8,TRAIN,DT18,507,1946
2026-07,WEEKENDS/HOLIDAY,17,TRAIN,PW4,2450,2489
2026-07,WEEKENDS/HOLIDAY,0,TRAIN,DT13,103,261
2026-07,WEEKENDS/HOLIDAY,19,TRAIN,PW3,291,621
2026-07,WEEKENDS/HOLIDAY,17,TRAIN,NS5,11943,13979
2026-07,WEEKDAY,15,TRAIN,NE15,18263,27764
2026-07,WEEKDAY,5,TRAIN,DT31,2891,105
2026-07,WEEKENDS/HOLIDAY,16,TRAIN,DT24,1712,1796
2026-07,WEEKENDS/HOLIDAY,7,TRAIN,PW5,2312,550
2026-07,WEEKENDS/HOLIDAY,23,TRAIN,EW30,110,610
2026-07,WEEKENDS/HOLIDAY,22,TRAIN,NE17/PTC,8064,14257
2026-07,WEEKENDS/HOLIDAY,22,TRAIN,NS19,4770,13955
2026-07,WEEKENDS/HOLIDAY,16,TRAIN,BP3,1582,1608
2026-07,WEEKENDS/HOLIDAY,17,TRAIN,TE4,3286,2898
2026-07,WEEKDAY,17,TRAIN,SE3,2936,5852
2026-07,WEEKENDS/HOLIDAY,5,TRAIN,SW3,293,6
2026-07,WEEKENDS/HOLIDAY,20,TRAIN,CC8,2196,5356
2026-07,WEEKDAY,19,TRAIN,EW6,10344,32856
2026-07,WEEKENDS/HOLIDAY,23,TRAIN,NE17/PTC,2708,7725
2026-07,WEEKDAY,18,TRAIN,DT30,12086,43309
2026-07,WEEKENDS/HOLIDAY,20,TRAIN,DT23,1175,1325
2026-07,WEEKENDS/HOLIDAY,12,TRAIN,EW25,5928,4884
2026-07,WEEKENDS/HOLIDAY,23,TRAIN,EW19,796,2939
2026-07,WEEKDAY,22,TRAIN,NS15,12126,14075
2026-07,WEEKENDS/HOLIDAY,9,TRAIN,DT25,1735,1403
2026-07,WEEKDAY,23,TRAIN,CC4/DT15,9160,1387
2026-07,WEEKDAY,13,TRAIN,DT31,9861,8664
2026-07,WEEKENDS/HOLIDAY,23,TRAIN,CC11,1195,1204
2026-07,WEEKDAY,9,TRAIN,BP4,2724,12641
2026-07,WEEKDAY,7,TRAIN,PW2,19,284
2026-07,WEEKDAY,11,TRAIN,TE28,4600,2703
2026-07,WEEKDAY,7,TRAIN,EW23,115349,125814
2026-07,WEEKENDS/HOLIDAY,12,TRAIN,TE4,2754,2535
2026-07,WEEKDAY,7,TRAIN,CC17/TE9,28409,27730
2026-07,WEEKENDS/HOLIDAY,13,TRAIN,SE2,2540,2417
2026-07,WEEKENDS/HOLIDAY,10,TRAIN,EW14/NS26,5440,12396
2026-07,WEEKDAY,8,TRAIN,CC7,15332,10074
2026-07,WEEKDAY,0,TRAIN,NS2,501,3426
2026-07,WEEKDAY,0,TRAIN,NS21/DT11,1677,1879
2026-07,WEEKENDS/HOLIDAY,18,TRAIN,PW4,2362,2692
2026-07,WEEKENDS/HOLIDAY,10,TRAIN,CC10/DT26,7610,5607
2026-07,WEEKDAY,23,TRAIN,PW3,77,454
2026-07,WEEKENDS/HOLIDAY,11,TRAIN,NE16/STC,22894,16448
2026-07,WEEKDAY,15,TRAIN,NE9,23980,21195
2026-07,WEEKENDS/HOLIDAY,18,TRAIN,DT3,2674,3688
2026-07,WEEKDAY,23,TRAIN,PE4,307,1016
2026-07,WEEKENDS/HOLIDAY,16,TRAIN,BP10,1109,1237
2026-07,WEEKENDS/HOLIDAY,12,TRAIN,NE16/STC,23689,19989
2026-07,WEEKDAY,11,TRAIN,CC28,4765,2372
2026-07,WEEKDAY,10,TRAIN,NE18,9693,17666
2026-07,WEEKDAY,19,TRAIN,EW24/NS1,156764,116713
2026-07,WEEKENDS/HOLIDAY,21,TRAIN,CE1/DT16,17096,4253
2026-07,WEEKDAY,5,TRAIN,TE1,2292,345
2026-07,WEEKDAY,19,TRAIN,CC30,217,191
2026-07,WEEKDAY,8,TRAIN,NS3,67262,19294
2026-07,WEEKENDS/HOLIDAY,18,TRAIN,DT20,3380,2670
2026-07,WEEKENDS/HOLIDAY,14,TRAIN,CC25,2280,2095
2026-07,WEEKDAY,22,TRAIN,NS5,9212,35847
2026-07,WEEKENDS/HOLIDAY,5,TRAIN,CC7,218,30
2026-07,WEEKENDS/HOLIDAY,16,TRAIN,NS5,10713,12405
2026-07,WEEKENDS/HOLIDAY,11,TRAIN,NE5,3852,6862
2026-07,WEEKDAY,23,TRAIN,EW15,13804,3511
2026-07,WEEKENDS/HOLIDAY,0,TRAIN,EW8/CC9,326,739
2026-07,WEEKENDS/HOLIDAY,17,TRAIN,EW7,7115,7721
2026-07,WEEKDAY,16,TRAIN,SW7,1693,2773
2026-07,WEEKDAY,15,TRAIN,NS8,16111,15365
2026-07,WEEKENDS/HOLIDAY,0,TRAIN,EW20,49,207
2026-07,WEEKDAY,9,TRAIN,PE1,9031,2271
2026-07,WEEKENDS/HOLIDAY,7,TRAIN,NS24/NE6/CC1,2165,5286
2026-07,WEEKDAY,14,TRAIN,CG2,28723,26037
2026-07,WEEKDAY,12,TRAIN,DT27,9683,7915
2026-07,WEEKDAY,12,TRAIN,CC5,5744,6813
2026-07,WEEKENDS/HOLIDAY,0,TRAIN,NE7/DT12,138,303
2026-07,WEEKENDS/HOLIDAY,22,TRAIN,EW26,3660,14919
2026-07,WEEKENDS/HOLIDAY,17,TRAIN,TE16,4472,3886
2026-07,WEEKDAY,12,TRAIN,DT5,16624,13812
2026-07,WEEKENDS/HOLIDAY,12,TRAIN,SW1,1095,596
2026-07,WEEKENDS/HOLIDAY,22,TRAIN,CC25,948,1796
2026-07,WEEKENDS/HOLIDAY,21,TRAIN,DT30,1239,5196
2026-07,WEEKENDS/HOLIDAY,5,TRAIN,BP12,525,31
2026-07,WEEKDAY,23,TRAIN,EW16/NE3/TE17,7563,6798
2026-07,WEEKDAY,15,TRAIN,CC5,4592,4212
2026-07,WEEKENDS/HOLIDAY,9,TRAIN,PW1,259,1644
2026-07,WEEKENDS/HOLIDAY,15,TRAIN,PE6,3309,3042
2026-07,WEEKENDS/HOLIDAY,5,TRAIN,BP11,751,57
2026-07,WEEKDAY,7,TRAIN,PE4,7867,1687
2026-07,WEEKDAY,21,TRAIN,CC12,3498,11540
2026-07,WEEKDAY,22,TRAIN,PW6,229,1449
2026-07,WEEKENDS/HOLIDAY,7,TRAIN,DT27,1367,1376
2026-07,WEEKENDS/HOLIDAY,15,TRAIN,DT4,784,1015
2026-07,WEEKENDS/HOLIDAY,19,TRAIN,BP5,752,993
2026-07,WEEKDAY,7,TRAIN,SW6,6548,8868
2026-07,WEEKENDS/HOLIDAY,11,TRAIN,NE13,14866,10316
2026-07,WEEKENDS/HOLIDAY,10,TRAIN,CC5,1262,2120
2026-07,WEEKDAY,15,TRAIN,CE1/DT16,14656,12987
2026-07,WEEKENDS/HOLIDAY,0,TRAIN,DT2,2,112
2026-07,WEEKENDS/HOLIDAY,8,TRAIN,NS11,21310,8878
2026-07,WEEKDAY,22,TRAIN,SW7,261,2857
2026-07,WEEKENDS/HOLIDAY,18,TRAIN,DT31,3483,4311
2026-07,WEEKDAY,20,TRAIN,SW5,4784,10382
2026-07,WEEKDAY,8,TRAIN,NE12/CC13,183682,53176
2026-07,WEEKDAY,5,TRAIN,PW2,1,37
2026-07,WEEKENDS/HOLIDAY,6,TRAIN,TE22,38,861
2026-07,WEEKDAY,21,TRAIN,CC7,4318,9461
2026-07,WEEKENDS/HOLIDAY,13,TRAIN,SW6,1039,1182
2026-07,WEEKDAY,23,TRAIN,NE17/PTC,6298,19738
2026-07,WEEKENDS/HOLIDAY,21,TRAIN,NS4/BP1,9444,17446
2026-07,WEEKENDS/HOLIDAY,23,TRAIN,TE29,185,740
2026-07,WEEKENDS/HOLIDAY,20,TRAIN,DT33,2779,9048
2026-07,WEEKENDS/HOLIDAY,12,TRAIN,NS21/DT11,27300,25879
2026-07,WEEKENDS/HOLIDAY,9,TRAIN,PE1,2349,682
2026-07,WEEKDAY,21,TRAIN,CC19/DT9,4951,4487
2026-07,WEEKDAY,17,TRAIN,DT10,8880,6139
2026-07,WEEKDAY,21,TRAIN,CG2,32742,15375
2026-07,WEEKENDS/HOLIDAY,8,TRAIN,DT2,1157,505
2026-07,WEEKDAY,17,TRAIN,CC4/DT15,65832,25541
2026-07,WEEKENDS/HOLIDAY,9,TRAIN,BP8,695,768
2026-07,WEEKENDS/HOLIDAY,5,TRAIN,BP10,574,90
2026-07,WEEKENDS/HOLIDAY,5,TRAIN,NS9/TE2,3287,2196
2026-07,WEEKENDS/HOLIDAY,17,TRAIN,EW3,8563,9119
2026-07,WEEKENDS/HOLIDAY,7,TRAIN,SW6,864,392
2026-07,WEEKDAY,16,TRAIN,BP3,3654,5266
2026-07,WEEKDAY,18,TRAIN,NE9,74563,61221
2026-07,WEEKDAY,19,TRAIN,DT33,17683,55829
2026-07,WEEKENDS/HOLIDAY,19,TRAIN,EW26,10056,16576
2026-07,WEEKDAY,22,TRAIN,CC8,3278,6819
2026-07,WEEKDAY,19,TRAIN,DT13,18644,17426
2026-07,WEEKENDS/HOLIDAY,0,TRAIN,CC3,6,8
2026-07,WEEKDAY,12,TRAIN,NS21/DT11,64311,53943
2026-07,WEEKENDS/HOLIDAY,9,TRAIN,BP3,2248,673
2026-07,WEEKDAY,15,TRAIN,CC14,13252,8029
2026-07,WEEKENDS/HOLIDAY,5,TRAIN,BP3,587,45
2026-07,WEEKENDS/HOLIDAY,0,TRAIN,NS3,149,1137
2026-07,WEEKENDS/HOLIDAY,20,TRAIN,CC34/DT16,31894,11342
2026-07,WEEKENDS/HOLIDAY,0,TRAIN,EW2/DT32,290,2251
2026-07,WEEKDAY,16,TRAIN,DT20,6854,6648
2026-07,WEEKENDS/HOLIDAY,14,TRAIN,EW7,5884,6176
2026-07,WEEKENDS/HOLIDAY,5,TRAIN,DT27,50,14
2026-07,WEEKDAY,0,TRAIN,SW5,151,1125
2026-07,WEEKDAY,8,TRAIN,DT7,9987,16081
2026-07,WEEKENDS/HOLIDAY,15,TRAIN,PE2,2112,2309
2026-07,WEEKDAY,13,TRAIN,SE3,4630,3576
2026-07,WEEKDAY,5,TRAIN,TE23,217,7
2026-07,WEEKENDS/HOLIDAY,6,TRAIN,CC7,1152,526
2026-07,WEEKENDS/HOLIDAY,8,TRAIN,SW8,462,216
2026-07,WEEKDAY,15,TRAIN,NE17/PTC,47298,57343
2026-07,WEEKDAY,0,TRAIN,EW25,69,1586
2026-07,WEEKDAY,19,TRAIN,TE18,25952,16632
2026-07,WEEKDAY,5,TRAIN,PE4,843,152
2026-07,WEEKDAY,8,TRAIN,NS20,39250,182353
2026-07,WEEKDAY,13,TRAIN,EW3,19631,18424
2026-07,WEEKENDS/HOLIDAY,0,TRAIN,PW1,27,28
2026-07,WEEKENDS/HOLIDAY,23,TRAIN,EW14/NS26,6323,1439
2026-07,WEEKENDS/HOLIDAY,13,TRAIN,NS11,17773,15165
2026-07,WEEKENDS/HOLIDAY,18,TRAIN,EW22,2609,2497
2026-07,WEEKDAY,8,TRAIN,NS14,139189,33397
2026-07,WEEKENDS/HOLIDAY,6,TRAIN,NS7,16356,8182
2026-07,WEEKDAY,10,TRAIN,CC25,6699,5450
2026-07,WEEKENDS/HOLIDAY,0,TRAIN,NE18,0,401
2026-07,WEEKDAY,11,TRAIN,SW4,2926,1685
2026-07,WEEKENDS/HOLIDAY,7,TRAIN,NS13,18570,8380
2026-07,WEEKENDS/HOLIDAY,9,TRAIN,DT3,4195,1630
2026-07,WEEKENDS/HOLIDAY,0,TRAIN,TE25,9,126
2026-07,WEEKENDS/HOLIDAY,15,TRAIN,TE6,4196,4527
2026-07,WEEKENDS/HOLIDAY,12,TRAIN,BP12,1371,855
2026-07,WEEKDAY,9,TRAIN,SW4,5516,1930
2026-07,WEEKDAY,10,TRAIN,EW14/NS26,22826,105882
2026-07,WEEKENDS/HOLIDAY,20,TRAIN,BP4,305,754
2026-07,WEEKDAY,0,TRAIN,EW4,119,2806
2026-07,WEEKDAY,22,TRAIN,PE7,444,4646
2026-07,WEEKDAY,22,TRAIN,EW24/NS1,57260,26625
2026-07,WEEKENDS/HOLIDAY,23,TRAIN,SE2,114,1368
2026-07,WEEKENDS/HOLIDAY,22,TRAIN,NE10,2325,5446
2026-07,WEEKDAY,20,TRAIN,NS8,14603,27699
2026-07,WEEKENDS/HOLIDAY,0,TRAIN,DT3,28,263
2026-07,WEEKENDS/HOLIDAY,17,TRAIN,CC28,2174,1962
2026-07,WEEKDAY,10,TRAIN,TE25,3855,1966
2026-07,WEEKENDS/HOLIDAY,17,TRAIN,TE3,5288,4205
2026-07,WEEKENDS/HOLIDAY,11,TRAIN,BP9,1986,1174
2026-07,WEEKDAY,23,TRAIN,TE7,683,3087
2026-07,WEEKDAY,13,TRAIN,DT30,8958,6951
2026-07,WEEKENDS/HOLIDAY,17,TRAIN,TE18,7504,6781
2026-07,WEEKDAY,19,TRAIN,PW1,3472,3003
2026-07,WEEKENDS/HOLIDAY,9,TRAIN,CC5,959,1611
2026-07,WEEKDAY,18,TRAIN,NS2,58315,123863
2026-07,WEEKDAY,5,TRAIN,NS24/NE6/CC1,566,340
2026-07,WEEKDAY,14,TRAIN,TE27,10499,6992
2026-07,WEEKDAY,9,TRAIN,NS19,61507,44434
2026-07,WEEKENDS/HOLIDAY,22,TRAIN,SW4,342,1474
2026-07,WEEKDAY,13,TRAIN,PE4,1853,2107
2026-07,WEEKDAY,13,TRAIN,BP12,5072,2483
2026-07,WEEKDAY,20,TRAIN,EW9,18934,45144
2026-07,WEEKDAY,7,TRAIN,CC21,11352,15258
2026-07,WEEKDAY,8,TRAIN,DT8,10058,20368
2026-07,WEEKENDS/HOLIDAY,16,TRAIN,DT34,1863,1612
2026-07,WEEKENDS/HOLIDAY,7,TRAIN,EW5,10248,6151
2026-07,WEEKDAY,19,TRAIN,BP13,1035,3043
2026-07,WEEKDAY,5,TRAIN,TE14/NS22,924,1541
2026-07,WEEKENDS/HOLIDAY,22,TRAIN,EW15,7621,2881
2026-07,WEEKENDS/HOLIDAY,17,TRAIN,CC7,4682,3655
2026-07,WEEKENDS/HOLIDAY,12,TRAIN,EW29,5493,3183
2026-07,WEEKDAY,11,TRAIN,CC17/TE9,6445,4322
2026-07,WEEKDAY,0,TRAIN,CC8,43,501
2026-07,WEEKDAY,20,TRAIN,NE14,19781,55663
2026-07,WEEKDAY,16,TRAIN,PE2,6936,7979
2026-07,WEEKENDS/HOLIDAY,8,TRAIN,PE4,800,330
2026-07,WEEKDAY,17,TRAIN,EW3,32743,33673
2026-07,WEEKENDS/HOLIDAY,10,TRAIN,BP2,1549,602
2026-07,WEEKENDS/HOLIDAY,17,TRAIN,SE3,1309,1460
2026-07,WEEKENDS/HOLIDAY,10,TRAIN,EW10,5753,4774
2026-07,WEEKDAY,12,TRAIN,TE5,6395,5248
2026-07,WEEKDAY,5,TRAIN,CC19/DT9,338,630
2026-07,WEEKDAY,9,TRAIN,EW8/CC9,37330,92655
2026-07,WEEKDAY,5,TRAIN,PW4,2223,123
2026-07,WEEKDAY,20,TRAIN,DT17,33521,6680
2026-07,WEEKDAY,12,TRAIN,BP12,4771,1797
2026-07,WEEKDAY,11,TRAIN,EW3,19513,11971
2026-07,WEEKDAY,16,TRAIN,EW20,17973,13490
2026-07,WEEKENDS/HOLIDAY,6,TRAIN,NE9,4764,3251
2026-07,WEEKENDS/HOLIDAY,6,TRAIN,EW4,3487,1864
2026-07,WEEKENDS/HOLIDAY,12,TRAIN,PW2,142,199
2026-07,WEEKENDS/HOLIDAY,17,TRAIN,DT8,1902,1991
2026-07,WEEKENDS/HOLIDAY,0,TRAIN,TE12,12,40
2026-07,WEEKENDS/HOLIDAY,16,TRAIN,TE5,2929,2956
2026-07,WEEKDAY,18,TRAIN,EW5,62775,113211
2026-07,WEEKDAY,20,TRAIN,NS7,23096,48642
2026-07,WEEKENDS/HOLIDAY,16,TRAIN,EW4,6611,6391
2026-07,WEEKENDS/HOLIDAY,0,TRAIN,NS13,787,4175
2026-07,WEEKDAY,22,TRAIN,DT29,2282,11350
2026-07,WEEKENDS/HOLIDAY,17,TRAIN,TE25,1775,1746
2026-07,WEEKENDS/HOLIDAY,0,TRAIN,NE5,87,46
2026-07,WEEKDAY,19,TRAIN,CC11,53703,23103
2026-07,WEEKENDS/HOLIDAY,8,TRAIN,TE27,2641,1069
2026-07,WEEKENDS/HOLIDAY,18,TRAIN,DT29,2976,3445
2026-07,WEEKENDS/HOLIDAY,14,TRAIN,DT21,3969,4768
2026-07,WEEKDAY,21,TRAIN,TE8,13907,9375
2026-07,WEEKDAY,5,TRAIN,NE13,4574,702
2026-07,WEEKENDS/HOLIDAY,18,TRAIN,TE6,4393,6446
2026-07,WEEKDAY,13,TRAIN,NE5,14111,16366
2026-07,WEEKDAY,8,TRAIN,BP8,3355,4386
2026-07,WEEKENDS/HOLIDAY,15,TRAIN,CC34/DT16,16356,16231
2026-07,WEEKDAY,21,TRAIN,DT6,5680,6180
2026-07,WEEKDAY,15,TRAIN,DT27,8943,7658
2026-07,WEEKENDS/HOLIDAY,19,TRAIN,EW29,7137,7736
2026-07,WEEKENDS/HOLIDAY,0,TRAIN,PE4,30,139
2026-07,WEEKDAY,17,TRAIN,DT29,13253,15791
2026-07,WEEKDAY,11,TRAIN,CC25,6685,3318
2026-07,WEEKENDS/HOLIDAY,13,TRAIN,EW29,5203,3495
2026-07,WEEKDAY,19,TRAIN,TE26,20378,24832
2026-07,WEEKENDS/HOLIDAY,8,TRAIN,CC26,1570,1379
2026-07,WEEKENDS/HOLIDAY,5,TRAIN,NE4/DT19,322,26
2026-07,WEEKDAY,9,TRAIN,NE1/CC29,21677,122634
2026-07,WEEKDAY,17,TRAIN,TE29,4973,8275
2026-07,WEEKENDS/HOLIDAY,0,TRAIN,EW17,30,490
2026-07,WEEKENDS/HOLIDAY,10,TRAIN,BP5,1229,763
2026-07,WEEKENDS/HOLIDAY,23,TRAIN,EW5,1658,6638
2026-07,WEEKENDS/HOLIDAY,18,TRAIN,EW2/DT32,27270,32806
2026-07,WEEKDAY,0,TRAIN,DT34,11,812
2026-07,WEEKDAY,5,TRAIN,NE12/CC13,10703,1473
2026-07,WEEKENDS/HOLIDAY,12,TRAIN,EW32,2690,792
2026-07,WEEKDAY,20,TRAIN,NS2,22477,51468
2026-07,WEEKDAY,16,TRAIN,NE18,18843,13726
2026-07,WEEKENDS/HOLIDAY,5,TRAIN,TE27,70,0
2026-07,WEEKDAY,13,TRAIN,EW11,18297,22107
2026-07,WEEKENDS/HOLIDAY,19,TRAIN,NE9,9159,10188
2026-07,WEEKENDS/HOLIDAY,11,TRAIN,NS23,7952,21473
2026-07,WEEKENDS/HOLIDAY,21,TRAIN,BP12,356,1073
2026-07,WEEKDAY,9,TRAIN,CE1/DT16,2991,17687
2026-07,WEEKDAY,8,TRAIN,CC19/DT9,13135,16086
2026-07,WEEKENDS/HOLIDAY,14,TRAIN,BP7,389,554
2026-07,WEEKENDS/HOLIDAY,16,TRAIN,TE27,2691,2750
2026-07,WEEKENDS/HOLIDAY,10,TRAIN,PW1,684,2154
2026-07,WEEKDAY,9,TRAIN,SW8,1068,1258
2026-07,WEEKENDS/HOLIDAY,8,TRAIN,NS12,11175,4511
2026-07,WEEKENDS/HOLIDAY,0,TRAIN,CC24,23,43
2026-07,WEEKENDS/HOLIDAY,10,TRAIN,NS4/BP1,15144,11892
2026-07,WEEKDAY,10,TRAIN,TE23,4024,1562
2026-07,WEEKDAY,10,TRAIN,TE11,4915,2373
2026-07,WEEKDAY,7,TRAIN,PE5,30179,7801
2026-07,WEEKDAY,11,TRAIN,TE12,7768,6427
2026-07,WEEKENDS/HOLIDAY,8,TRAIN,PW1,228,1434
2026-07,WEEKDAY,13,TRAIN,NS10,33742,28657
2026-07,WEEKENDS/HOLIDAY,9,TRAIN,CG2,6032,8651
2026-07,WEEKDAY,23,TRAIN,EW1,1913,18283
2026-07,WEEKENDS/HOLIDAY,9,TRAIN,TE22,1503,2445
2026-07,WEEKENDS/HOLIDAY,6,TRAIN,NE12/CC13,8482,3256
2026-07,WEEKENDS/HOLIDAY,7,TRAIN,EW10,6289,2604
2026-07,WEEKENDS/HOLIDAY,14,TRAIN,DT30,3400,3391
2026-07,WEEKENDS/HOLIDAY,18,TRAIN,CE1/DT16,12594,10736
2026-07,WEEKDAY,23,TRAIN,DT6,995,2320
2026-07,WEEKDAY,19,TRAIN,DT7,6828,9179
2026-07,WEEKENDS/HOLIDAY,22,TRAIN,TE18,4662,1690
2026-07,WEEKDAY,21,TRAIN,EW6,6278,19483
2026-07,WEEKENDS/HOLIDAY,14,TRAIN,DT25,1687,1442
2026-07,WEEKDAY,0,TRAIN,DT4,10,409
2026-07,WEEKENDS/HOLIDAY,19,TRAIN,DT30,2467,4347
2026-07,WEEKENDS/HOLIDAY,19,TRAIN,SW6,479,1596
2026-07,WEEKENDS/HOLIDAY,23,TRAIN,EW20,714,2356
2026-07,WEEKDAY,10,TRAIN,TE14/NS22,33899,106868
2026-07,WEEKENDS/HOLIDAY,6,TRAIN,NS16,10747,5190
2026-07,WEEKDAY,18,TRAIN,DT29,15161,30313
2026-07,WEEKDAY,17,TRAIN,TE12,18335,5264
2026-07,WEEKENDS/HOLIDAY,9,TRAIN,NS20,9201,17829
2026-07,WEEKDAY,15,TRAIN,SW6,2465,3715
2026-07,WEEKDAY,18,TRAIN,SW3,2329,1725
2026-07,WEEKENDS/HOLIDAY,22,TRAIN,TE27,591,2432
2026-07,WEEKDAY,23,TRAIN,NS11,4792,30297
2026-07,WEEKENDS/HOLIDAY,14,TRAIN,CC26,1083,1087
2026-07,WEEKDAY,5,TRAIN,EW33,14003,1001
2026-07,WEEKDAY,16,TRAIN,CC19/DT9,8908,7634
2026-07,WEEKDAY,0,TRAIN,TE19,183,132
2026-07,WEEKDAY,5,TRAIN,NS7,48483,2457
2026-07,WEEKENDS/HOLIDAY,16,TRAIN,PW3,435,309
2026-07,WEEKDAY,21,TRAIN,NS11,21184,65411
2026-07,WEEKENDS/HOLIDAY,9,TRAIN,EW23,19976,15819
2026-07,WEEKDAY,14,TRAIN,BP13,1070,1482
2026-07,WEEKDAY,18,TRAIN,NS13,78625,225234
2026-07,WEEKENDS/HOLIDAY,19,TRAIN,DT17,2842,2475
2026-07,WEEKDAY,13,TRAIN,SW2,5736,3452
2026-07,WEEKENDS/HOLIDAY,7,TRAIN,NE12/CC13,13651,7573
2026-07,WEEKDAY,22,TRAIN,TE28,1236,4515
2026-07,WEEKENDS/HOLIDAY,5,TRAIN,CC26,80,25
2026-07,WEEKENDS/HOLIDAY,11,TRAIN,NS15,6030,2984
2026-07,WEEKENDS/HOLIDAY,10,TRAIN,TE27,3606,1714
2026-07,WEEKENDS/HOLIDAY,17,TRAIN,NS3,9142,9842
2026-07,WEEKENDS/HOLIDAY,12,TRAIN,CC14,3254,2441
2026-07,WEEKENDS/HOLIDAY,18,TRAIN,CC8,3998,4109
2026-07,WEEKDAY,12,TRAIN,NE14,31761,21360
2026-07,WEEKDAY,11,TRAIN,TE18,11120,20758
2026-07,WEEKENDS/HOLIDAY,13,TRAIN,DT6,3225,2662
2026-07,WEEKENDS/HOLIDAY,23,TRAIN,DT17,917,379
2026-07,WEEKDAY,7,TRAIN,CC7,14939,12882
2026-07,WEEKDAY,7,TRAIN,NE10,34313,45643
2026-07,WEEKENDS/HOLIDAY,9,TRAIN,CC4/DT15,1395,8535
2026-07,WEEKDAY,15,TRAIN,TE19,10861,5152
2026-07,WEEKDAY,16,TRAIN,NS5,26841,36539
2026-07,WEEKDAY,23,TRAIN,TE3,946,7708
2026-07,WEEKENDS/HOLIDAY,11,TRAIN,EW23,21600,16214
2026-07,WEEKENDS/HOLIDAY,13,TRAIN,EW26,13799,9665
2026-07,WEEKENDS/HOLIDAY,18,TRAIN,TE1,2976,2369
2026-07,WEEKDAY,12,TRAIN,SW8,2080,1612
2026-07,WEEKENDS/HOLIDAY,6,TRAIN,EW8/CC9,6154,2932
2026-07,WEEKDAY,19,TRAIN,EW12/DT14,107420,78777
2026-07,WEEKENDS/HOLIDAY,15,TRAIN,NS3,8159,8502
2026-07,WEEKENDS/HOLIDAY,21,TRAIN,EW22,1008,2836
2026-07,WEEKENDS/HOLIDAY,12,TRAIN,PE3,4216,2783
2026-07,WEEKDAY,6,TRAIN,EW18,19265,15931
2026-07,WEEKDAY,20,TRAIN,BP2,1322,4901
2026-07,WEEKDAY,8,TRAIN,CC12,36933,9528
2026-07,WEEKDAY,12,TRAIN,NS24/NE6/CC1,38932,52426
2026-07,WEEKENDS/HOLIDAY,19,TRAIN,NE10,5684,7038
2026-07,WEEKENDS/HOLIDAY,9,TRAIN,CG1/DT35,1139,5377
2026-07,WEEKENDS/HOLIDAY,19,TRAIN,SE5,866,1462
2026-07,WEEKDAY,19,TRAIN,EW28,32441,67535
2026-07,WEEKDAY,8,TRAIN,NE5,5586,59239
2026-07,WEEKDAY,21,TRAIN,CC17/TE9,3996,8529
2026-07,WEEKENDS/HOLIDAY,0,TRAIN,NS23,246,135
2026-07,WEEKENDS/HOLIDAY,6,TRAIN,EW22,882,764
2026-07,WEEKDAY,11,TRAIN,NE7/DT12,31756,35952
2026-07,WEEKENDS/HOLIDAY,14,TRAIN,SE3,1154,1217
2026-07,WEEKDAY,21,TRAIN,NS19,24576,51359
2026-07,WEEKENDS/HOLIDAY,8,TRAIN,DT23,892,1163
2026-07,WEEKDAY,6,TRAIN,CC21,5806,4018
2026-07,WEEKDAY,10,TRAIN,EW23,40283,40318
2026-07,WEEKDAY,8,TRAIN,PE5,20246,3467
2026-07,WEEKENDS/HOLIDAY,10,TRAIN,SE3,1831,566
2026-07,WEEKENDS/HOLIDAY,13,TRAIN,NS2,12968,12162
2026-07,WEEKENDS/HOLIDAY,12,TRAIN,EW9,12858,9432
2026-07,WEEKDAY,18,TRAIN,BP2,3529,9117
2026-07,WEEKDAY,0,TRAIN,EW14/NS26,788,274
2026-07,WEEKDAY,23,TRAIN,TE6,1256,10412
2026-07,WEEKENDS/HOLIDAY,19,TRAIN,CC21,5172,4799
2026-07,WEEKDAY,7,TRAIN,SW1,5677,2464
2026-07,WEEKENDS/HOLIDAY,22,TRAIN,EW7,1716,6377
2026-07,WEEKENDS/HOLIDAY,10,TRAIN,NS13,22379,15341
2026-07,WEEKDAY,16,TRAIN,CC27,14612,2593
2026-07,WEEKENDS/HOLIDAY,7,TRAIN,CC30,56,65
2026-07,WEEKDAY,15,TRAIN,NS25/EW13,55025,48753
2026-07,WEEKENDS/HOLIDAY,0,TRAIN,NS17/CC15,264,814
2026-07,WEEKENDS/HOLIDAY,11,TRAIN,EW12/DT14,17890,36276
2026-07,WEEKDAY,0,TRAIN,TE15,110,357
2026-07,WEEKDAY,12,TRAIN,EW25,10490,7116
2026-07,WEEKENDS/HOLIDAY,19,TRAIN,NS24/NE6/CC1,23016,14279
2026-07,WEEKENDS/HOLIDAY,0,TRAIN,EW26,54,1968
2026-07,WEEKDAY,22,TRAIN,CC7,4371,7518
2026-07,WEEKDAY,12,TRAIN,EW5,32771,27837
2026-07,WEEKENDS/HOLIDAY,6,TRAIN,NS17/CC15,5970,2702
2026-07,WEEKDAY,17,TRAIN,SW4,3604,5507
2026-07,WEEKDAY,18,TRAIN,TE7,21958,18333
2026-07,WEEKENDS/HOLIDAY,10,TRAIN,NS10,19953,8584
2026-07,WEEKDAY,11,TRAIN,NS27/CE2/TE20,2097,2016
2026-07,WEEKDAY,18,TRAIN,TE13,13159,7540
2026-07,WEEKENDS/HOLIDAY,18,TRAIN,DT30,3637,4537
2026-07,WEEKENDS/HOLIDAY,7,TRAIN,NS7,17303,14140
2026-07,WEEKDAY,7,TRAIN,TE1,15741,25698
2026-07,WEEKDAY,17,TRAIN,NE12/CC13,83686,133039
2026-07,WEEKDAY,16,TRAIN,NE8,31867,34918
2026-07,WEEKDAY,18,TRAIN,EW31,24807,3864
2026-07,WEEKENDS/HOLIDAY,0,TRAIN,PW6,2,76
2026-07,WEEKDAY,23,TRAIN,CC3,4065,711
2026-07,WEEKDAY,17,TRAIN,EW14/NS26,230454,43202
2026-07,WEEKENDS/HOLIDAY,10,TRAIN,PE5,3839,1362
2026-07,WEEKENDS/HOLIDAY,5,TRAIN,EW27,3316,451
2026-07,WEEKENDS/HOLIDAY,15,TRAIN,EW14/NS26,11334,10693
2026-07,WEEKDAY,9,TRAIN,SW3,3999,1060
2026-07,WEEKDAY,13,TRAIN,EW6,10791,12180
2026-07,WEEKENDS/HOLIDAY,20,TRAIN,EW20,2799,5155
2026-07,WEEKDAY,5,TRAIN,BP5,1103,372
2026-07,WEEKENDS/HOLIDAY,16,TRAIN,EW2/DT32,27277,27239
2026-07,WEEKDAY,13,TRAIN,TE5,5957,7008
2026-07,WEEKENDS/HOLIDAY,17,TRAIN,EW23,24643,26290
2026-07,WEEKENDS/HOLIDAY,22,TRAIN,CC3,6106,724
2026-07,WEEKENDS/HOLIDAY,6,TRAIN,EW31,2097,2262
2026-07,WEEKENDS/HOLIDAY,11,TRAIN,CC7,2887,1975
2026-07,WEEKDAY,8,TRAIN,TE7,19893,19433
2026-07,WEEKDAY,14,TRAIN,EW33,2693,2520
2026-07,WEEKDAY,14,TRAIN,TE3,15875,10776
2026-07,WEEKENDS/HOLIDAY,11,TRAIN,EW15,6945,12038
2026-07,WEEKENDS/HOLIDAY,7,TRAIN,TE24,594,493
2026-07,WEEKENDS/HOLIDAY,17,TRAIN,NS4/BP1,17020,20719
2026-07,WEEKENDS/HOLIDAY,5,TRAIN,PW6,109,5
2026-07,WEEKDAY,16,TRAIN,CE1/DT16,15018,12913
2026-07,WEEKENDS/HOLIDAY,11,TRAIN,CC4/DT15,3717,12920
2026-07,WEEKENDS/HOLIDAY,18,TRAIN,TE16,4580,4271
2026-07,WEEKDAY,5,TRAIN,EW31,2810,1899
2026-07,WEEKDAY,12,TRAIN,BP2,2642,1710
2026-07,WEEKDAY,16,TRAIN,DT30,7216,12127
2026-07,WEEKENDS/HOLIDAY,10,TRAIN,EW15,5334,11863
2026-07,WEEKDAY,17,TRAIN,EW12/DT14,131390,82538
2026-07,WEEKENDS/HOLIDAY,7,TRAIN,EW1,9524,6199
2026-07,WEEKDAY,20,TRAIN,EW15,72099,14666
2026-07,WEEKDAY,13,TRAIN,PW3,2179,995
2026-07,WEEKENDS/HOLIDAY,23,TRAIN,CC25,281,748
2026-07,WEEKDAY,23,TRAIN,DT29,906,5930
2026-07,WEEKENDS/HOLIDAY,14,TRAIN,NS9/TE2,25975,26752
2026-07,WEEKDAY,0,TRAIN,DT6,46,396
2026-07,WEEKENDS/HOLIDAY,17,TRAIN,TE28,1984,2585
2026-07,WEEKENDS/HOLIDAY,7,TRAIN,PE4,599,232
2026-07,WEEKDAY,10,TRAIN,EW22,8584,20642
2026-07,WEEKDAY,20,TRAIN,TE25,1993,4759
2026-07,WEEKDAY,15,TRAIN,DT31,7285,8319
2026-07,WEEKDAY,21,TRAIN,NS15,19289,16233
2026-07,WEEKENDS/HOLIDAY,5,TRAIN,EW1,1607,123
2026-07,WEEKDAY,18,TRAIN,NE10,45253,46680
2026-07,WEEKDAY,23,TRAIN,NS27/CE2/TE20,531,302
2026-07,WEEKDAY,14,TRAIN,SE3,2754,3399
2026-07,WEEKDAY,6,TRAIN,NS18,21368,9466
2026-07,WEEKENDS/HOLIDAY,10,TRAIN,TE4,2179,2595
2026-07,WEEKENDS/HOLIDAY,10,TRAIN,PE1,2283,844
2026-07,WEEKDAY,21,TRAIN,EW23,44698,52518
2026-07,WEEKENDS/HOLIDAY,11,TRAIN,EW27,18994,15227
2026-07,WEEKENDS/HOLIDAY,8,TRAIN,NE5,1072,3612
2026-07,WEEKDAY,9,TRAIN,DT22,13879,12746
2026-07,WEEKENDS/HOLIDAY,22,TRAIN,EW10,3138,5797
2026-07,WEEKENDS/HOLIDAY,19,TRAIN,EW1,9773,16008
2026-07,WEEKDAY,14,TRAIN,NS10,30811,31579
2026-07,WEEKENDS/HOLIDAY,15,TRAIN,EW5,13959,14534
2026-07,WEEKDAY,10,TRAIN,CC12,8402,3439
2026-07,WEEKENDS/HOLIDAY,14,TRAIN,EW31,1214,594
2026-07,WEEKDAY,19,TRAIN,TE7,7960,13659
2026-07,WEEKDAY,16,TRAIN,NE1/CC29,73767,52524
2026-07,WEEKDAY,21,TRAIN,DT3,2320,9826
2026-07,WEEKDAY,11,TRAIN,SW8,1320,795
2026-07,WEEKENDS/HOLIDAY,19,TRAIN,CC16,2194,2582
2026-07,WEEKDAY,0,TRAIN,DT30,19,1059
2026-07,WEEKENDS/HOLIDAY,21,TRAIN,NS28,527,318
2026-07,WEEKDAY,8,TRAIN,NS8,61583,22675
2026-07,WEEKENDS/HOLIDAY,20,TRAIN,NS27/CC33/TE20,1062,1650
2026-07,WEEKDAY,7,TRAIN,DT4,8496,1050
2026-07,WEEKDAY,6,TRAIN,TE26,4153,2570
2026-07,WEEKENDS/HOLIDAY,23,TRAIN,TE12,295,214
2026-07,WEEKENDS/HOLIDAY,0,TRAIN,SW6,9,203
2026-07,WEEKDAY,18,TRAIN,PE7,5343,13823
2026-07,WEEKENDS/HOLIDAY,20,TRAIN,PW5,587,2536
2026-07,WEEKDAY,21,TRAIN,PW7,1931,4665
2026-07,WEEKENDS/HOLIDAY,7,TRAIN,DT29,1683,593
2026-07,WEEKENDS/HOLIDAY,8,TRAIN,NS4/BP1,15406,10577
2026-07,WEEKENDS/HOLIDAY,21,TRAIN,BP4,213,845
2026-07,WEEKENDS/HOLIDAY,13,TRAIN,EW15,10179,10451
2026-07,WEEKDAY,6,TRAIN,NS20,7937,39185
2026-07,WEEKENDS/HOLIDAY,6,TRAIN,CC23,153,1021
2026-07,WEEKDAY,10,TRAIN,NE13,26149,17023
2026-07,WEEKENDS/HOLIDAY,10,TRAIN,EW3,8555,4171
2026-07,WEEKENDS/HOLIDAY,20,TRAIN,BP12,432,990
2026-07,WEEKDAY,13,TRAIN,NE13,25330,22935
2026-07,WEEKENDS/HOLIDAY,20,TRAIN,TE3,2622,5017
2026-07,WEEKENDS/HOLIDAY,7,TRAIN,TE29,696,634
2026-07,WEEKDAY,12,TRAIN,NS19,45798,37043
2026-07,WEEKENDS/HOLIDAY,19,TRAIN,CC12,2335,3764
2026-07,WEEKENDS/HOLIDAY,14,TRAIN,PE4,853,820
2026-07,WEEKENDS/HOLIDAY,8,TRAIN,CC11,2273,7795
2026-07,WEEKENDS/HOLIDAY,7,TRAIN,BP9,846,770
2026-07,WEEKDAY,13,TRAIN,CC26,4425,6999
2026-07,WEEKENDS/HOLIDAY,8,TRAIN,NS25/EW13,3152,21751
2026-07,WEEKENDS/HOLIDAY,22,TRAIN,TE14/NS22,26230,6566
2026-07,WEEKENDS/HOLIDAY,8,TRAIN,PE6,2916,2017
2026-07,WEEKDAY,14,TRAIN,NS7,17536,15713
2026-07,WEEKDAY,15,TRAIN,NE1/CC29,56268,50345
2026-07,WEEKDAY,21,TRAIN,BP4,1927,2679
2026-07,WEEKENDS/HOLIDAY,19,TRAIN,DT20,2977,2275
2026-07,WEEKENDS/HOLIDAY,18,TRAIN,CC5,3426,6339
2026-07,WEEKENDS/HOLIDAY,10,TRAIN,BP12,1405,592
2026-07,WEEKENDS/HOLIDAY,22,TRAIN,EW12/DT14,22716,9032
2026-07,WEEKDAY,5,TRAIN,EW4,5088,605
2026-07,WEEKENDS/HOLIDAY,23,TRAIN,SW1,88,87
2026-07,WEEKENDS/HOLIDAY,19,TRAIN,TE8,5597,4681
2026-07,WEEKENDS/HOLIDAY,12,TRAIN,SW4,1593,1119
2026-07,WEEKDAY,18,TRAIN,EW19,42669,59825
2026-07,WEEKENDS/HOLIDAY,18,TRAIN,CG1/DT35,10753,8718
2026-07,WEEKENDS/HOLIDAY,11,TRAIN,CC17/TE9,3026,1997
2026-07,WEEKDAY,17,TRAIN,NE17/PTC,63420,94801
2026-07,WEEKENDS/HOLIDAY,10,TRAIN,TE7,3089,1758
2026-07,WEEKDAY,16,TRAIN,CC32,1554,1002
2026-07,WEEKENDS/HOLIDAY,16,TRAIN,NS10,15101,14205
2026-07,WEEKDAY,17,TRAIN,DT20,15047,10690
2026-07,WEEKENDS/HOLIDAY,23,TRAIN,NS20,1218,1501
2026-07,WEEKDAY,12,TRAIN,BP9,2872,2670
2026-07,WEEKDAY,6,TRAIN,NS24/NE6/CC1,4222,10686
2026-07,WEEKENDS/HOLIDAY,16,TRAIN,CC26,1362,1189
2026-07,WEEKDAY,23,TRAIN,SW2,337,844
2026-07,WEEKENDS/HOLIDAY,15,TRAIN,CE1/DT16,8783,10550
2026-07,WEEKENDS/HOLIDAY,18,TRAIN,EW5,14007,18670
2026-07,WEEKENDS/HOLIDAY,6,TRAIN,BP11,1057,131
2026-07,WEEKDAY,8,TRAIN,TE8,23714,16841
2026-07,WEEKDAY,5,TRAIN,NS3,11909,1223
2026-07,WEEKDAY,6,TRAIN,CC31,1174,135
2026-07,WEEKDAY,17,TRAIN,EW26,61432,71012
2026-07,WEEKDAY,5,TRAIN,PE6,2542,286
2026-07,WEEKENDS/HOLIDAY,16,TRAIN,EW33,2562,1886
2026-07,WEEKDAY,20,TRAIN,DT7,2803,5052
2026-07,WEEKDAY,12,TRAIN,EW29,12457,8189
2026-07,WEEKDAY,12,TRAIN,DT18,17879,24333
2026-07,WEEKENDS/HOLIDAY,13,TRAIN,BP12,1076,932
2026-07,WEEKDAY,8,TRAIN,PW1,1062,2879
2026-07,WEEKENDS/HOLIDAY,8,TRAIN,NE15,12026,3612
2026-07,WEEKDAY,5,TRAIN,DT28,2062,366
2026-07,WEEKDAY,0,TRAIN,EW32,1,401
2026-07,WEEKENDS/HOLIDAY,23,TRAIN,BP6/DT1,1717,8579
2026-07,WEEKENDS/HOLIDAY,0,TRAIN,EW4,76,1063
2026-07,WEEKENDS/HOLIDAY,15,TRAIN,SE1,1566,1802
2026-07,WEEKDAY,6,TRAIN,DT24,8926,3481
2026-07,WEEKDAY,16,TRAIN,BP4,13942,2762
2026-07,WEEKENDS/HOLIDAY,14,TRAIN,NS5,10423,11313
2026-07,WEEKENDS/HOLIDAY,22,TRAIN,NE11,2875,4383
2026-07,WEEKDAY,13,TRAIN,EW4,15757,12312
2026-07,WEEKDAY,17,TRAIN,EW30,31711,1687
2026-07,WEEKDAY,20,TRAIN,TE18,21563,9436
2026-07,WEEKDAY,9,TRAIN,PE6,13074,8129
2026-07,WEEKENDS/HOLIDAY,8,TRAIN,TE23,1270,826
2026-07,WEEKENDS/HOLIDAY,12,TRAIN,TE7,3362,2544
2026-07,WEEKDAY,9,TRAIN,TE18,6408,29860
2026-07,WEEKENDS/HOLIDAY,11,TRAIN,DT25,1830,947
2026-07,WEEKDAY,8,TRAIN,PE3,15541,7957
2026-07,WEEKDAY,19,TRAIN,EW25,13815,36542
2026-07,WEEKDAY,13,TRAIN,NE4/DT19,95335,68977
2026-07,WEEKDAY,16,TRAIN,TE29,3554,5505
2026-07,WEEKENDS/HOLIDAY,10,TRAIN,NS15,6736,3369
2026-07,WEEKDAY,23,TRAIN,CC34/DT16,27567,4034
2026-07,WEEKENDS/HOLIDAY,21,TRAIN,SW6,263,1523
2026-07,WEEKENDS/HOLIDAY,11,TRAIN,PE6,4538,3132
2026-07,WEEKDAY,0,TRAIN,EW27,148,5958
2026-07,WEEKDAY,6,TRAIN,DT29,16468,2838
2026-07,WEEKDAY,17,TRAIN,DT25,10154,8087
2026-07,WEEKDAY,16,TRAIN,EW29,31516,6531
2026-07,WEEKDAY,10,TRAIN,TE3,11840,6624
2026-07,WEEKENDS/HOLIDAY,15,TRAIN,CC7,2767,3230
2026-07,WEEKENDS/HOLIDAY,9,TRAIN,SE5,1488,542
2026-07,WEEKENDS/HOLIDAY,6,TRAIN,CC32,33,31
2026-07,WEEKENDS/HOLIDAY,0,TRAIN,CC30,0,1
2026-07,WEEKENDS/HOLIDAY,23,TRAIN,NE15,815,5553
2026-07,WEEKDAY,22,TRAIN,CC6,19958,1564
2026-07,WEEKDAY,19,TRAIN,NE10,24624,35322
2026-07,WEEKDAY,19,TRAIN,EW32,15249,8010
2026-07,WEEKDAY,8,TRAIN,NS2,85937,45258
2026-07,WEEKDAY,22,TRAIN,CC12,2415,8441
2026-07,WEEKDAY,12,TRAIN,EW21/CC22,31077,30182
2026-07,WEEKDAY,7,TRAIN,EW20,30064,34615
2026-07,WEEKENDS/HOLIDAY,0,TRAIN,PW3,9,59
2026-07,WEEKENDS/HOLIDAY,6,TRAIN,TE13,250,528
2026-07,WEEKDAY,13,TRAIN,NS25/EW13,76414,58122
2026-07,WEEKDAY,18,TRAIN,CC17/TE9,25325,26687
2026-07,WEEKDAY,0,TRAIN,NS12,623,3529
2026-07,WEEKDAY,7,TRAIN,NS10,191775,69432
2026-07,WEEKENDS/HOLIDAY,11,TRAIN,DT27,3584,2387
2026-07,WEEKDAY,8,TRAIN,NE1/CC29,35057,128904
2026-07,WEEKENDS/HOLIDAY,6,TRAIN,CC6,466,2055
2026-07,WEEKDAY,11,TRAIN,NS10,37765,19672
2026-07,WEEKDAY,19,TRAIN,CC24,55784,12596
2026-07,WEEKDAY,6,TRAIN,TE23,2375,764
2026-07,WEEKDAY,18,TRAIN,NS7,41883,65285
2026-07,WEEKENDS/HOLIDAY,20,TRAIN,EW32,2227,3809
2026-07,WEEKENDS/HOLIDAY,0,TRAIN,SW4,14,215
2026-07,WEEKDAY,22,TRAIN,SE2,1077,7229
2026-07,WEEKENDS/HOLIDAY,8,TRAIN,EW18,6313,6126
2026-07,WEEKDAY,12,TRAIN,PW7,3835,2685
2026-07,WEEKDAY,10,TRAIN,NS23,13475,45846
2026-07,WEEKENDS/HOLIDAY,18,TRAIN,TE28,1880,2608
2026-07,WEEKENDS/HOLIDAY,22,TRAIN,DT4,214,970
2026-07,WEEKDAY,5,TRAIN,CC7,1515,176
2026-07,WEEKENDS/HOLIDAY,14,TRAIN,DT18,3048,2488
2026-07,WEEKDAY,12,TRAIN,TE27,9134,5323
2026-07,WEEKDAY,16,TRAIN,EW25,8658,14760
2026-07,WEEKENDS/HOLIDAY,0,TRAIN,NE17/PTC,305,1711
2026-07,WEEKENDS/HOLIDAY,20,TRAIN,EW16/NE3/TE17,9123,7645
2026-07,WEEKENDS/HOLIDAY,15,TRAIN,SW7,470,743
2026-07,WEEKDAY,13,TRAIN,BP11,3743,3400
2026-07,WEEKENDS/HOLIDAY,13,TRAIN,EW12/DT14,29590,41659
2026-07,WEEKDAY,17,TRAIN,SW8,2078,2289
2026-07,WEEKENDS/HOLIDAY,22,TRAIN,EW14/NS26,11171,2807
2026-07,WEEKENDS/HOLIDAY,14,TRAIN,TE22,1865,4732
2026-07,WEEKDAY,18,TRAIN,SW6,3361,8866
2026-07,WEEKENDS/HOLIDAY,12,TRAIN,NS25/EW13,25845,39137
2026-07,WEEKDAY,19,TRAIN,NS3,20102,55284
2026-07,WEEKDAY,17,TRAIN,CC28,7589,8860
2026-07,WEEKDAY,19,TRAIN,EW9,25924,72734
2026-07,WEEKENDS/HOLIDAY,12,TRAIN,TE23,1701,1334
2026-07,WEEKDAY,16,TRAIN,CC28,3893,5088
2026-07,WEEKENDS/HOLIDAY,12,TRAIN,NS16,19018,15319
2026-07,WEEKENDS/HOLIDAY,21,TRAIN,PE5,560,3193
2026-07,WEEKDAY,5,TRAIN,NS13,31231,4666
2026-07,WEEKDAY,19,TRAIN,EW18,28345,37355
2026-07,WEEKDAY,21,TRAIN,BP11,1234,5033
2026-07,WEEKDAY,23,TRAIN,DT17,5053,903
2026-07,WEEKDAY,20,TRAIN,DT30,3674,18043
2026-07,WEEKENDS/HOLIDAY,11,TRAIN,SW7,710,514
2026-07,WEEKDAY,21,TRAIN,DT30,3417,15995
2026-07,WEEKENDS/HOLIDAY,21,TRAIN,NS12,3729,10474
2026-07,WEEKDAY,9,TRAIN,DT8,5936,5073
2026-07,WEEKENDS/HOLIDAY,13,TRAIN,SW4,1490,1360
2026-07,WEEKENDS/HOLIDAY,7,TRAIN,DT10,629,716
2026-07,WEEKENDS/HOLIDAY,17,TRAIN,NS16,17847,22304
2026-07,WEEKENDS/HOLIDAY,15,TRAIN,PW4,2373,2330
2026-07,WEEKDAY,21,TRAIN,CC23,10770,2452
2026-07,WEEKENDS/HOLIDAY,6,TRAIN,EW19,2448,1235
2026-07,WEEKENDS/HOLIDAY,9,TRAIN,NS7,15492,12913
2026-07,WEEKENDS/HOLIDAY,9,TRAIN,CC26,1230,1350
2026-07,WEEKDAY,14,TRAIN,SW5,7351,8052
2026-07,WEEKDAY,22,TRAIN,EW32,2500,2742
2026-07,WEEKDAY,20,TRAIN,DT5,16566,22070
2026-07,WEEKENDS/HOLIDAY,8,TRAIN,PW7,1671,664
2026-07,WEEKENDS/HOLIDAY,18,TRAIN,DT25,2101,2024
2026-07,WEEKENDS/HOLIDAY,22,TRAIN,SW7,110,1021
2026-07,WEEKENDS/HOLIDAY,12,TRAIN,CC19/DT9,4276,4066
2026-07,WEEKDAY,14,TRAIN,DT22,8708,8609
2026-07,WEEKENDS/HOLIDAY,13,TRAIN,TE15,5032,5348
2026-07,WEEKDAY,11,TRAIN,TE19,11890,13552
2026-07,WEEKENDS/HOLIDAY,9,TRAIN,EW28,13677,5379
2026-07,WEEKENDS/HOLIDAY,20,TRAIN,DT22,9529,5963
2026-07,WEEKDAY,12,TRAIN,PE3,7365,5607
2026-07,WEEKENDS/HOLIDAY,13,TRAIN,NS21/DT11,28062,27731
2026-07,WEEKDAY,22,TRAIN,NS27/CC33/TE20,2447,1272
2026-07,WEEKDAY,18,TRAIN,DT34,17973,14284
2026-07,WEEKENDS/HOLIDAY,7,TRAIN,EW3,5070,2752
2026-07,WEEKDAY,8,TRAIN,DT2,9613,17763
2026-07,WEEKENDS/HOLIDAY,16,TRAIN,PW4,2379,2535
2026-07,WEEKENDS/HOLIDAY,6,TRAIN,TE12,155,1022
2026-07,WEEKDAY,21,TRAIN,EW22,18003,8072
2026-07,WEEKDAY,19,TRAIN,DT17,74872,8189
2026-07,WEEKENDS/HOLIDAY,9,TRAIN,NS3,10527,6008
2026-07,WEEKDAY,13,TRAIN,CC7,5645,5996
2026-07,WEEKENDS/HOLIDAY,23,TRAIN,EW22,252,1051
2026-07,WEEKENDS/HOLIDAY,15,TRAIN,NE5,6283,6569
2026-07,WEEKENDS/HOLIDAY,18,TRAIN,NS2,11968,16547
2026-07,WEEKDAY,18,TRAIN,EW6,20228,42537
2026-07,WEEKDAY,10,TRAIN,CC8,7033,4935
2026-07,WEEKDAY,16,TRAIN,EW31,8380,1154
2026-07,WEEKENDS/HOLIDAY,15,TRAIN,NS18,5367,5520
2026-07,WEEKDAY,0,TRAIN,NS27/CE2/TE20,16,52
2026-07,WEEKENDS/HOLIDAY,21,TRAIN,EW19,3132,7691
2026-07,WEEKDAY,5,TRAIN,EW7,4063,898
2026-07,WEEKENDS/HOLIDAY,0,TRAIN,TE5,24,329
2026-07,WEEKENDS/HOLIDAY,15,TRAIN,CC10/DT26,7444,7258
2026-07,WEEKDAY,10,TRAIN,DT4,3451,871
2026-07,WEEKENDS/HOLIDAY,19,TRAIN,TE27,2064,3079
2026-07,WEEKENDS/HOLIDAY,23,TRAIN,DT34,341,935
2026-07,WEEKENDS/HOLIDAY,23,TRAIN,DT6,230,843
2026-07,WEEKENDS/HOLIDAY,5,TRAIN,EW30,284,181
2026-07,WEEKDAY,19,TRAIN,EW20,20954,25548
2026-07,WEEKENDS/HOLIDAY,21,TRAIN,EW21/CC22,8322,6620
2026-07,WEEKDAY,8,TRAIN,EW24/NS1,68915,207038
2026-07,WEEKDAY,18,TRAIN,CC32,7755,2499
2026-07,WEEKDAY,15,TRAIN,NS14,27055,29950
2026-07,WEEKENDS/HOLIDAY,13,TRAIN,PW2,153,141
2026-07,WEEKENDS/HOLIDAY,15,TRAIN,NS16,16782,18302
2026-07,WEEKDAY,5,TRAIN,DT5,1890,302
2026-07,WEEKENDS/HOLIDAY,15,TRAIN,CC16,2797,2490
2026-07,WEEKENDS/HOLIDAY,14,TRAIN,DT20,2040,2446
2026-07,WEEKDAY,9,TRAIN,SE3,8109,1525
2026-07,WEEKENDS/HOLIDAY,8,TRAIN,BP13,712,256
2026-07,WEEKENDS/HOLIDAY,5,TRAIN,SE2,594,6
2026-07,WEEKDAY,12,TRAIN,EW11,20243,18883
2026-07,WEEKDAY,12,TRAIN,NS23,29076,57582
2026-07,WEEKENDS/HOLIDAY,16,TRAIN,PE3,2741,2989
2026-07,WEEKDAY,10,TRAIN,BP5,2247,1465
2026-07,WEEKENDS/HOLIDAY,18,TRAIN,NS20,15552,12380
2026-07,WEEKENDS/HOLIDAY,23,TRAIN,CC34/DT16,11442,1783
2026-07,WEEKDAY,22,TRAIN,NS20,17873,9647
2026-07,WEEKDAY,13,TRAIN,TE7,12362,8480
2026-07,WEEKENDS/HOLIDAY,5,TRAIN,NS13,5553,798
2026-07,WEEKENDS/HOLIDAY,16,TRAIN,NS20,16275,12138
2026-07,WEEKENDS/HOLIDAY,10,TRAIN,NE16/STC,21879,12752
2026-07,WEEKDAY,19,TRAIN,DT18,49583,12371
2026-07,WEEKDAY,13,TRAIN,NS16,43547,40443
2026-07,WEEKENDS/HOLIDAY,10,TRAIN,EW20,5790,4510
2026-07,WEEKENDS/HOLIDAY,13,TRAIN,TE29,1652,1608
2026-07,WEEKENDS/HOLIDAY,8,TRAIN,DT28,4566,2721
2026-07,WEEKENDS/HOLIDAY,0,TRAIN,PW7,17,155
2026-07,WEEKDAY,16,TRAIN,CC10/DT26,19830,17680
2026-07,WEEKENDS/HOLIDAY,14,TRAIN,CC6,5791,11924
2026-07,WEEKDAY,0,TRAIN,EW24/NS1,1316,2858
2026-07,WEEKDAY,14,TRAIN,SE2,4503,6560
2026-07,WEEKDAY,22,TRAIN,TE25,824,2608
2026-07,WEEKDAY,9,TRAIN,NS18,29644,18955
2026-07,WEEKDAY,10,TRAIN,DT22,9784,10868
2026-07,WEEKDAY,15,TRAIN,PW5,2200,2746
2026-07,WEEKENDS/HOLIDAY,20,TRAIN,EW6,2251,5919
2026-07,WEEKENDS/HOLIDAY,9,TRAIN,PE4,846,434
2026-07,WEEKENDS/HOLIDAY,13,TRAIN,EW2/DT32,27369,24756
2026-07,WEEKDAY,22,TRAIN,NE8,29048,25200
2026-07,WEEKENDS/HOLIDAY,6,TRAIN,DT13,943,515
2026-07,WEEKENDS/HOLIDAY,11,TRAIN,SW3,1057,485
2026-07,WEEKDAY,22,TRAIN,SE1,1068,5663
2026-07,WEEKDAY,11,TRAIN,DT13,10287,13385
2026-07,WEEKDAY,5,TRAIN,BP2,2313,466
2026-07,WEEKDAY,21,TRAIN,NE10,11054,21169
2026-07,WEEKENDS/HOLIDAY,17,TRAIN,NS12,9157,9710
2026-07,WEEKDAY,17,TRAIN,DT30,11091,21973
2026-07,WEEKENDS/HOLIDAY,5,TRAIN,EW23,1114,484
2026-07,WEEKENDS/HOLIDAY,12,TRAIN,EW23,23321,18273
2026-07,WEEKENDS/HOLIDAY,18,TRAIN,CC20,2405,2559
2026-07,WEEKENDS/HOLIDAY,18,TRAIN,EW31,2899,2168
2026-07,WEEKDAY,21,TRAIN,EW14/NS26,69265,11847
2026-07,WEEKENDS/HOLIDAY,0,TRAIN,CC32,0,2
2026-07,WEEKDAY,5,TRAIN,SW7,1102,70
2026-07,WEEKDAY,5,TRAIN,SE2,3540,79
2026-07,WEEKDAY,17,TRAIN,TE25,4328,7004
2026-07,WEEKDAY,10,TRAIN,BP6/DT1,37494,21523
2026-07,WEEKENDS/HOLIDAY,23,TRAIN,CG2,4450,3649
2026-07,WEEKDAY,21,TRAIN,EW25,7136,19644
2026-07,WEEKDAY,8,TRAIN,CC27,1912,78584
2026-07,WEEKDAY,12,TRAIN,DT30,9165,4821
2026-07,WEEKENDS/HOLIDAY,12,TRAIN,SW8,452,558
2026-07,WEEKENDS/HOLIDAY,8,TRAIN,NE11,4677,4641
2026-07,WEEKDAY,5,TRAIN,CC6,407,39
2026-07,WEEKDAY,7,TRAIN,DT31,37647,13605
2026-07,WEEKDAY,23,TRAIN,NS17/CC15,5250,13568
2026-07,WEEKENDS/HOLIDAY,22,TRAIN,EW11,4702,6889
2026-07,WEEKENDS/HOLIDAY,12,TRAIN,DT29,3357,1811
2026-07,WEEKENDS/HOLIDAY,8,TRAIN,CC14,2592,1364
2026-07,WEEKDAY,17,TRAIN,NS13,71224,132257
2026-07,WEEKENDS/HOLIDAY,19,TRAIN,TE12,1766,1066
2026-07,WEEKENDS/HOLIDAY,13,TRAIN,NS17/CC15,14022,8392
2026-07,WEEKDAY,11,TRAIN,BP7,1091,927
2026-07,WEEKENDS/HOLIDAY,9,TRAIN,DT10,2029,1134
2026-07,WEEKDAY,15,TRAIN,EW29,13721,5848
2026-07,WEEKENDS/HOLIDAY,5,TRAIN,CC11,333,123
2026-07,WEEKENDS/HOLIDAY,6,TRAIN,CC3,112,873
2026-07,WEEKDAY,8,TRAIN,DT17,5924,166490
2026-07,WEEKDAY,8,TRAIN,EW9,57615,39542
2026-07,WEEKDAY,23,TRAIN,EW28,3202,16649
2026-07,WEEKDAY,12,TRAIN,EW19,17120,13589
2026-07,WEEKENDS/HOLIDAY,20,TRAIN,CC19/DT9,2253,1907
2026-07,WEEKENDS/HOLIDAY,14,TRAIN,CC21,5346,4711
2026-07,WEEKDAY,8,TRAIN,NS15,38658,114308
2026-07,WEEKDAY,17,TRAIN,TE14/NS22,137232,98716
2026-07,WEEKENDS/HOLIDAY,12,TRAIN,EW15,9272,12154
2026-07,WEEKDAY,21,TRAIN,PW3,326,1672
2026-07,WEEKENDS/HOLIDAY,13,TRAIN,BP7,431,461
2026-07,WEEKENDS/HOLIDAY,17,TRAIN,SW2,2514,1722
2026-07,WEEKDAY,23,TRAIN,SE3,107,2874
2026-07,WEEKENDS/HOLIDAY,12,TRAIN,TE13,2583,1906
2026-07,WEEKDAY,11,TRAIN,EW1,30765,15077
2026-07,WEEKENDS/HOLIDAY,14,TRAIN,NS3,7910,7928
2026-07,WEEKDAY,14,TRAIN,SW4,2269,4617
2026-07,WEEKENDS/HOLIDAY,5,TRAIN,NS16,3518,453
2026-07,WEEKDAY,0,TRAIN,DT10,51,161
2026-07,WEEKENDS/HOLIDAY,5,TRAIN,EW15,184,53
2026-07,WEEKDAY,18,TRAIN,DT18,108389,22972
2026-07,WEEKDAY,21,TRAIN,EW2/DT32,52062,60187
2026-07,WEEKENDS/HOLIDAY,23,TRAIN,CC19/DT9,402,470
2026-07,WEEKENDS/HOLIDAY,7,TRAIN,DT28,3065,1484
2026-07,WEEKDAY,13,TRAIN,NS3,20619,16894
2026-07,WEEKENDS/HOLIDAY,17,TRAIN,NS2,12643,15537
2026-07,WEEKENDS/HOLIDAY,22,TRAIN,NS13,10220,23864
2026-07,WEEKDAY,10,TRAIN,SE1,4825,2125
2026-07,WEEKDAY,15,TRAIN,BP12,3191,2769
2026-07,WEEKENDS/HOLIDAY,19,TRAIN,NS21/DT11,24281,25809
2026-07,WEEKDAY,19,TRAIN,NS24/NE6/CC1,72018,51803
2026-07,WEEKENDS/HOLIDAY,20,TRAIN,TE16,2556,4547
2026-07,WEEKDAY,5,TRAIN,NE5,538,34
2026-07,WEEKENDS/HOLIDAY,19,TRAIN,DT6,1870,2471
2026-07,WEEKENDS/HOLIDAY,16,TRAIN,DT13,6340,5659
2026-07,WEEKDAY,9,TRAIN,SW6,3339,1932
2026-07,WEEKDAY,17,TRAIN,CC21,16776,22096
2026-07,WEEKENDS/HOLIDAY,14,TRAIN,EW6,4560,4714
2026-07,WEEKENDS/HOLIDAY,15,TRAIN,EW20,4515,4615
2026-07,WEEKENDS/HOLIDAY,14,TRAIN,NS17/CC15,12332,8322
2026-07,WEEKENDS/HOLIDAY,20,TRAIN,PE5,947,3006
2026-07,WEEKDAY,11,TRAIN,EW17,23455,21741
2026-07,WEEKDAY,8,TRAIN,NE9,62182,59640
2026-07,WEEKENDS/HOLIDAY,14,TRAIN,TE13,1799,1743
2026-07,WEEKENDS/HOLIDAY,19,TRAIN,NS23,24800,15560
2026-07,WEEKENDS/HOLIDAY,12,TRAIN,EW2/DT32,26350,22525
2026-07,WEEKDAY,7,TRAIN,EW25,71718,21992
2026-07,WEEKDAY,7,TRAIN,CC30,375,194
2026-07,WEEKENDS/HOLIDAY,16,TRAIN,NS12,8472,8517
2026-07,WEEKENDS/HOLIDAY,16,TRAIN,CC31,1667,1539
2026-07,WEEKDAY,10,TRAIN,NE10,17663,11959
2026-07,WEEKDAY,11,TRAIN,PW5,2647,1617
2026-07,WEEKENDS/HOLIDAY,21,TRAIN,EW20,2514,5413
2026-07,WEEKENDS/HOLIDAY,21,TRAIN,CC19/DT9,1479,1588
2026-07,WEEKDAY,8,TRAIN,DT3,31171,6241
2026-07,WEEKENDS/HOLIDAY,21,TRAIN,CC3,7949,1914
2026-07,WEEKDAY,12,TRAIN,EW26,31021,15912
2026-07,WEEKDAY,14,TRAIN,TE15,12707,11995
2026-07,WEEKENDS/HOLIDAY,0,TRAIN,EW16/NE3/TE17,34,554
2026-07,WEEKENDS/HOLIDAY,18,TRAIN,SE1,1749,2185
2026-07,WEEKDAY,12,TRAIN,NS12,19408,12540
2026-07,WEEKDAY,10,TRAIN,BP8,1498,1475
2026-07,WEEKDAY,18,TRAIN,NE8,52062,85203
2026-07,WEEKDAY,6,TRAIN,NS11,96014,29420
2026-07,WEEKENDS/HOLIDAY,13,TRAIN,BP6/DT1,18020,15579
2026-07,WEEKDAY,12,TRAIN,NS5,28359,18822
2026-07,WEEKDAY,20,TRAIN,NE8,41192,47145
2026-07,WEEKENDS/HOLIDAY,8,TRAIN,CC25,1778,1897
2026-07,WEEKDAY,10,TRAIN,NS2,26771,18369
2026-07,WEEKDAY,12,TRAIN,TE23,3091,2744
2026-07,WEEKENDS/HOLIDAY,21,TRAIN,DT27,1798,4409
2026-07,WEEKDAY,20,TRAIN,EW21/CC22,39717,21455
2026-07,WEEKENDS/HOLIDAY,22,TRAIN,TE26,3486,2391
2026-07,WEEKDAY,15,TRAIN,PW6,1783,2178
2026-07,WEEKENDS/HOLIDAY,11,TRAIN,DT33,7983,2743
2026-07,WEEKDAY,14,TRAIN,DT24,4222,4301
2026-07,WEEKENDS/HOLIDAY,21,TRAIN,EW16/NE3/TE17,9922,6449
2026-07,WEEKDAY,12,TRAIN,SE5,4364,2295
2026-07,WEEKENDS/HOLIDAY,17,TRAIN,NS19,18044,18140
2026-07,WEEKENDS/HOLIDAY,8,TRAIN,EW10,5706,3852
2026-07,WEEKENDS/HOLIDAY,7,TRAIN,PW2,17,60
2026-07,WEEKENDS/HOLIDAY,0,TRAIN,DT29,18,343
2026-07,WEEKENDS/HOLIDAY,11,TRAIN,NS10,19156,9550
2026-07,WEEKDAY,0,TRAIN,PW1,46,57
2026-07,WEEKDAY,14,TRAIN,DT33,16190,13245
2026-07,WEEKENDS/HOLIDAY,12,TRAIN,NS7,10143,9385
2026-07,WEEKENDS/HOLIDAY,13,TRAIN,CC24,4599,3999
2026-07,WEEKENDS/HOLIDAY,17,TRAIN,NE15,10630,13034
2026-07,WEEKENDS/HOLIDAY,13,TRAIN,NE7/DT12,17390,19610
2026-07,WEEKDAY,8,TRAIN,EW12/DT14,31480,143441
2026-07,WEEKENDS/HOLIDAY,22,TRAIN,EW9,6316,9887
2026-07,WEEKDAY,22,TRAIN,NS11,13617,55095
2026-07,WEEKDAY,22,TRAIN,EW12/DT14,63745,24048
2026-07,WEEKENDS/HOLIDAY,6,TRAIN,CE1/DT16,1506,2815
2026-07,WEEKENDS/HOLIDAY,15,TRAIN,NS25/EW13,36628,34563
2026-07,WEEKENDS/HOLIDAY,12,TRAIN,CC11,6429,5784
2026-07,WEEKENDS/HOLIDAY,20,TRAIN,CC17/TE9,1173,2797
2026-07,WEEKENDS/HOLIDAY,0,TRAIN,EW21/CC22,119,348
2026-07,WEEKDAY,11,TRAIN,TE4,4355,4345
2026-07,WEEKDAY,6,TRAIN,EW33,21656,8586
2026-07,WEEKENDS/HOLIDAY,14,TRAIN,DT28,3787,3229
2026-07,WEEKENDS/HOLIDAY,16,TRAIN,DT27,4098,3320
2026-07,WEEKENDS/HOLIDAY,22,TRAIN,PW4,723,1271
2026-07,WEEKDAY,14,TRAIN,TE22,2796,6085
2026-07,WEEKENDS/HOLIDAY,10,TRAIN,CC8,3387,2492
2026-07,WEEKDAY,17,TRAIN,NS25/EW13,103514,69271
2026-07,WEEKDAY,21,TRAIN,NS20,49158,15089
2026-07,WEEKDAY,11,TRAIN,NS4/BP1,33978,26635
2026-07,WEEKENDS/HOLIDAY,11,TRAIN,EW3,8540,5136
2026-07,WEEKENDS/HOLIDAY,10,TRAIN,DT25,2128,1290
2026-07,WEEKDAY,7,TRAIN,NE4/DT19,18623,43323
2026-07,WEEKDAY,0,TRAIN,SW1,27,20
2026-07,WEEKDAY,10,TRAIN,EW18,17845,13948
2026-07,WEEKENDS/HOLIDAY,15,TRAIN,CC4/DT15,12535,13525
2026-07,WEEKENDS/HOLIDAY,12,TRAIN,PE1,2199,1573
2026-07,WEEKDAY,11,TRAIN,NS21/DT11,54469,48195
2026-07,WEEKDAY,7,TRAIN,CC2,1142,5791
2026-07,WEEKDAY,10,TRAIN,CC5,2775,5842
2026-07,WEEKDAY,22,TRAIN,DT27,4302,8659
2026-07,WEEKENDS/HOLIDAY,6,TRAIN,NS23,876,2427
2026-07,WEEKENDS/HOLIDAY,22,TRAIN,CC16,882,1893
2026-07,WEEKENDS/HOLIDAY,23,TRAIN,CC30,14,15
2026-07,WEEKENDS/HOLIDAY,20,TRAIN,NS5,6238,14886
2026-07,WEEKDAY,12,TRAIN,SW4,3260,2475
2026-07,WEEKENDS/HOLIDAY,21,TRAIN,EW23,13939,19085
2026-07,WEEKDAY,7,TRAIN,PW7,11041,10763
2026-07,WEEKENDS/HOLIDAY,14,TRAIN,NE13,11895,9938
2026-07,WEEKENDS/HOLIDAY,9,TRAIN,DT24,2405,1129
2026-07,WEEKENDS/HOLIDAY,11,TRAIN,DT8,1995,1290
2026-07,WEEKENDS/HOLIDAY,10,TRAIN,NE1/CC29,9174,38406
2026-07,WEEKDAY,5,TRAIN,CC5,671,37
2026-07,WEEKDAY,20,TRAIN,NE10,14614,23363
2026-07,WEEKDAY,5,TRAIN,DT30,2313,84
2026-07,WEEKDAY,17,TRAIN,NS9/TE2,89279,155065
2026-07,WEEKDAY,13,TRAIN,TE14/NS22,90978,89793
2026-07,WEEKDAY,15,TRAIN,NS12,14773,21510
2026-07,WEEKENDS/HOLIDAY,14,TRAIN,SW7,437,819
2026-07,WEEKENDS/HOLIDAY,10,TRAIN,EW12/DT14,12898,30512
2026-07,WEEKDAY,6,TRAIN,SW6,4203,1705
2026-07,WEEKENDS/HOLIDAY,0,TRAIN,EW7,90,512
2026-07,WEEKDAY,16,TRAIN,EW14/NS26,82747,35614
2026-07,WEEKDAY,16,TRAIN,CC24,51904,12158
2026-07,WEEKDAY,18,TRAIN,EW15,245978,63143
2026-07,WEEKDAY,6,TRAIN,CC16,7829,4954
2026-07,WEEKENDS/HOLIDAY,23,TRAIN,CC20,175,583
2026-07,WEEKDAY,11,TRAIN,NS14,32939,17959
2026-07,WEEKENDS/HOLIDAY,19,TRAIN,CC34/DT16,18732,16328
2026-07,WEEKENDS/HOLIDAY,15,TRAIN,CC2,2332,2194
2026-07,WEEKENDS/HOLIDAY,17,TRAIN,EW21/CC22,11999,9620
2026-07,WEEKENDS/HOLIDAY,5,TRAIN,PW5,495,11
2026-07,WEEKENDS/HOLIDAY,0,TRAIN,SW8,9,61
2026-07,WEEKDAY,6,TRAIN,DT8,2426,5968
2026-07,WEEKENDS/HOLIDAY,10,TRAIN,PW6,1156,331
2026-07,WEEKDAY,9,TRAIN,BP3,6946,1697
2026-07,WEEKDAY,17,TRAIN,BP2,3267,5002
2026-07,WEEKDAY,16,TRAIN,EW19,18947,20225
2026-07,WEEKENDS/HOLIDAY,13,TRAIN,CG1/DT35,6948,10001
2026-07,WEEKENDS/HOLIDAY,23,TRAIN,EW1,881,6781
2026-07,WEEKENDS/HOLIDAY,7,TRAIN,EW26,15885,8298
2026-07,WEEKENDS/HOLIDAY,7,TRAIN,NE11,2545,2626
2026-07,WEEKENDS/HOLIDAY,20,TRAIN,CG1/DT35,10465,3525
2026-07,WEEKDAY,23,TRAIN,BP12,105,994
2026-07,WEEKENDS/HOLIDAY,12,TRAIN,NE1/CC29,15442,37181
2026-07,WEEKENDS/HOLIDAY,6,TRAIN,NS21/DT11,4427,5027
2026-07,WEEKDAY,11,TRAIN,PW7,2975,2136
2026-07,WEEKDAY,22,TRAIN,NE9,9676,22957
2026-07,WEEKENDS/HOLIDAY,21,TRAIN,SW4,464,1726
2026-07,WEEKDAY,16,TRAIN,SE5,3592,3566
2026-07,WEEKDAY,12,TRAIN,BP6/DT1,37081,32841
2026-07,WEEKDAY,16,TRAIN,NE4/DT19,73226,58239
2026-07,WEEKDAY,5,TRAIN,BP9,1876,1016
2026-07,WEEKENDS/HOLIDAY,12,TRAIN,NS14,14842,9966
2026-07,WEEKENDS/HOLIDAY,15,TRAIN,CC32,660,695
2026-07,WEEKDAY,6,TRAIN,NS10,105093,25510
2026-07,WEEKENDS/HOLIDAY,15,TRAIN,TE18,8413,5714
2026-07,WEEKDAY,6,TRAIN,NS28,262,1871
2026-07,WEEKDAY,0,TRAIN,EW17,54,1020
2026-07,WEEKENDS/HOLIDAY,8,TRAIN,NE16/STC,18569,7583
2026-07,WEEKENDS/HOLIDAY,22,TRAIN,TE15,3459,1651
2026-07,WEEKDAY,11,TRAIN,CC8,7131,4506
2026-07,WEEKDAY,21,TRAIN,DT2,1531,2659
2026-07,WEEKDAY,15,TRAIN,CC25,6027,5258
2026-07,WEEKENDS/HOLIDAY,5,TRAIN,CC4/DT15,30,25
2026-07,WEEKENDS/HOLIDAY,19,TRAIN,DT21,4802,3008
2026-07,WEEKDAY,8,TRAIN,NS28,5052,4966
2026-07,WEEKDAY,0,TRAIN,DT8,19,212
2026-07,WEEKENDS/HOLIDAY,10,TRAIN,NS27/CC33/TE20,812,1271
2026-07,WEEKDAY,11,TRAIN,TE29,4315,1671
2026-07,WEEKENDS/HOLIDAY,23,TRAIN,CC5,518,599
2026-07,WEEKDAY,21,TRAIN,PW4,3455,5095
2026-07,WEEKENDS/HOLIDAY,19,TRAIN,NE14,8985,15255
2026-07,WEEKENDS/HOLIDAY,20,TRAIN,EW5,10148,14754
2026-07,WEEKENDS/HOLIDAY,0,TRAIN,PE1,26,315
2026-07,WEEKDAY,17,TRAIN,DT2,19426,4374
2026-07,WEEKDAY,5,TRAIN,TE22,31,1
2026-07,WEEKDAY,7,TRAIN,EW1,112800,41301
2026-07,WEEKENDS/HOLIDAY,10,TRAIN,PE4,1011,547
2026-07,WEEKENDS/HOLIDAY,8,TRAIN,EW1,14136,6388
2026-07,WEEKDAY,6,TRAIN,TE29,4112,787
2026-07,WEEKENDS/HOLIDAY,18,TRAIN,CC32,589,675
2026-07,WEEKDAY,21,TRAIN,NE16/STC,30439,66065
2026-07,WEEKENDS/HOLIDAY,15,TRAIN,PW2,147,86
2026-07,WEEKDAY,23,TRAIN,PW1,234,96
2026-07,WEEKDAY,0,TRAIN,CC3,11,10
2026-07,WEEKENDS/HOLIDAY,22,TRAIN,NS15,2072,5071
2026-07,WEEKDAY,6,TRAIN,CC10/DT26,23733,9241
2026-07,WEEKENDS/HOLIDAY,17,TRAIN,NS15,6073,5980
2026-07,WEEKENDS/HOLIDAY,16,TRAIN,BP2,1006,914
2026-07,WEEKDAY,0,TRAIN,BP6/DT1,0,5611
2026-07,WEEKDAY,13,TRAIN,NE12/CC13,67676,64137
2026-07,WEEKDAY,10,TRAIN,CC7,5188,3452
2026-07,WEEKDAY,0,TRAIN,CC20,23,264
2026-07,WEEKENDS/HOLIDAY,7,TRAIN,EW8/CC9,8406,8038
2026-07,WEEKDAY,16,TRAIN,EW18,20475,21379
2026-07,WEEKDAY,13,TRAIN,CC4/DT15,30241,32059
2026-07,WEEKENDS/HOLIDAY,12,TRAIN,TE26,7687,7503
2026-07,WEEKDAY,8,TRAIN,TE24,10457,4552
2026-07,WEEKDAY,16,TRAIN,PW3,1092,1121
2026-07,WEEKDAY,20,TRAIN,NS19,32211,51384
2026-07,WEEKDAY,9,TRAIN,TE6,26877,6287
2026-07,WEEKDAY,23,TRAIN,SE1,438,2901
2026-07,WEEKDAY,16,TRAIN,DT6,15808,7330
2026-07,WEEKDAY,10,TRAIN,CC2,3198,6596
2026-07,WEEKDAY,10,TRAIN,TE28,5050,2280
2026-07,WEEKENDS/HOLIDAY,19,TRAIN,TE4,2888,3032
2026-07,WEEKENDS/HOLIDAY,22,TRAIN,DT2,285,671
2026-07,WEEKDAY,15,TRAIN,DT28,7596,7204
2026-07,WEEKDAY,22,TRAIN,DT7,1734,3258
2026-07,WEEKDAY,6,TRAIN,CC32,111,214
2026-07,WEEKDAY,17,TRAIN,DT34,18844,7249
2026-07,WEEKENDS/HOLIDAY,21,TRAIN,DT4,262,1150
2026-07,WEEKENDS/HOLIDAY,21,TRAIN,NS16,10253,21414
2026-07,WEEKDAY,12,TRAIN,DT34,7201,4806
2026-07,WEEKDAY,23,TRAIN,CC30,18,40
2026-07,WEEKENDS/HOLIDAY,20,TRAIN,EW12/DT14,33198,18654
2026-07,WEEKDAY,18,TRAIN,NS8,37166,64549
2026-07,WEEKDAY,12,TRAIN,EW24/NS1,53486,73154
2026-07,WEEKENDS/HOLIDAY,8,TRAIN,DT17,673,1880
2026-07,WEEKDAY,23,TRAIN,DT4,163,1480
2026-07,WEEKENDS/HOLIDAY,19,TRAIN,DT29,1986,3465
2026-07,WEEKENDS/HOLIDAY,10,TRAIN,DT2,1732,530
2026-07,WEEKENDS/HOLIDAY,0,TRAIN,DT10,19,74
2026-07,WEEKDAY,7,TRAIN,EW12/DT14,24476,54916
2026-07,WEEKDAY,8,TRAIN,CC16,21612,24911
2026-07,WEEKENDS/HOLIDAY,8,TRAIN,TE24,1365,644
2026-07,WEEKDAY,5,TRAIN,EW2/DT32,15991,2721
2026-07,WEEKDAY,15,TRAIN,BP8,2390,2005
2026-07,WEEKENDS/HOLIDAY,20,TRAIN,EW21/CC22,7636,6761
2026-07,WEEKENDS/HOLIDAY,23,TRAIN,NE13,1391,4315
2026-07,WEEKENDS/HOLIDAY,11,TRAIN,PE2,3325,1555
2026-07,WEEKENDS/HOLIDAY,18,TRAIN,NE1/CC29,42565,28345
2026-07,WEEKENDS/HOLIDAY,5,TRAIN,TE22,8,1
2026-07,WEEKENDS/HOLIDAY,6,TRAIN,CC14,699,597
2026-07,WEEKDAY,16,TRAIN,EW6,10694,15514
2026-07,WEEKDAY,15,TRAIN,EW17,22787,27209
2026-07,WEEKDAY,6,TRAIN,CC24,1611,23766
2026-07,WEEKENDS/HOLIDAY,8,TRAIN,PW6,942,244
2026-07,WEEKENDS/HOLIDAY,9,TRAIN,DT21,2739,3797
2026-07,WEEKDAY,14,TRAIN,CC28,3400,3734
2026-07,WEEKDAY,8,TRAIN,NE4/DT19,30045,95566
2026-07,WEEKDAY,5,TRAIN,NE15,6764,338
2026-07,WEEKDAY,9,TRAIN,SE4,8283,4335
2026-07,WEEKDAY,18,TRAIN,CC21,17389,37069
2026-07,WEEKENDS/HOLIDAY,12,TRAIN,CC4/DT15,5618,14511
2026-07,WEEKDAY,23,TRAIN,TE27,564,3388
2026-07,WEEKENDS/HOLIDAY,9,TRAIN,NE10,7020,4967
2026-07,WEEKDAY,9,TRAIN,BP10,4834,2372
2026-07,WEEKDAY,18,TRAIN,BP12,3795,8862
2026-07,WEEKDAY,16,TRAIN,NS27/CE2/TE20,3073,1548
2026-07,WEEKDAY,12,TRAIN,EW3,20991,15223
2026-07,WEEKDAY,7,TRAIN,TE24,5943,9281
2026-07,WEEKENDS/HOLIDAY,14,TRAIN,EW21/CC22,10905,9519
2026-07,WEEKDAY,19,TRAIN,NE7/DT12,46714,53293
2026-07,WEEKDAY,0,TRAIN,TE27,12,800
2026-07,WEEKDAY,11,TRAIN,TE23,3420,1779
2026-07,WEEKDAY,19,TRAIN,SW6,1847,8408
2026-07,WEEKDAY,17,TRAIN,CC16,22807,12319
2026-07,WEEKDAY,20,TRAIN,CC11,27479,11354
2026-07,WEEKENDS/HOLIDAY,6,TRAIN,CC8,948,482
2026-07,WEEKDAY,18,TRAIN,SE5,4944,7118
2026-07,WEEKENDS/HOLIDAY,16,TRAIN,EW16/NE3/TE17,13292,8431
2026-07,WEEKENDS/HOLIDAY,22,TRAIN,EW20,1420,4374
2026-07,WEEKENDS/HOLIDAY,16,TRAIN,PW6,718,663
2026-07,WEEKDAY,7,TRAIN,EW14/NS26,6348,106016
2026-07,WEEKENDS/HOLIDAY,8,TRAIN,CG2,5717,7756
2026-07,WEEKDAY,7,TRAIN,TE22,326,2530
2026-07,WEEKENDS/HOLIDAY,20,TRAIN,CC30,66,92
2026-07,WEEKDAY,7,TRAIN,NS20,21979,115855
2026-07,WEEKDAY,5,TRAIN,NS14,17926,3153
2026-07,WEEKENDS/HOLIDAY,13,TRAIN,CC21,5020,5368
2026-07,WEEKDAY,6,TRAIN,PW1,266,954
2026-07,WEEKENDS/HOLIDAY,9,TRAIN,EW20,5691,4697
2026-07,WEEKDAY,9,TRAIN,NE16/STC,89334,28587
2026-07,WEEKDAY,16,TRAIN,TE24,6131,5014
2026-07,WEEKDAY,22,TRAIN,CC32,546,858
2026-07,WEEKENDS/HOLIDAY,5,TRAIN,CE1/DT16,177,3
2026-07,WEEKDAY,18,TRAIN,NS14,56631,129719
2026-07,WEEKDAY,7,TRAIN,CC8,18965,19114
2026-07,WEEKENDS/HOLIDAY,13,TRAIN,TE3,5246,3746
2026-07,WEEKDAY,10,TRAIN,BP3,4343,1449
2026-07,WEEKENDS/HOLIDAY,14,TRAIN,DT23,1446,1606
2026-07,WEEKDAY,20,TRAIN,SW7,608,3960
2026-07,WEEKENDS/HOLIDAY,10,TRAIN,EW16/NE3/TE17,8409,10506
2026-07,WEEKENDS/HOLIDAY,23,TRAIN,DT10,223,554
2026-07,WEEKDAY,16,TRAIN,DT2,10002,3120
2026-07,WEEKDAY,14,TRAIN,NS23,39585,44794
2026-07,WEEKENDS/HOLIDAY,12,TRAIN,DT5,10384,6688
2026-07,WEEKDAY,18,TRAIN,CC25,28063,14672
2026-07,WEEKENDS/HOLIDAY,7,TRAIN,CC24,1462,5373
2026-07,WEEKENDS/HOLIDAY,9,TRAIN,CC11,2175,8128
2026-07,WEEKENDS/HOLIDAY,19,TRAIN,CC31,1087,1128
2026-07,WEEKENDS/HOLIDAY,12,TRAIN,BP2,1423,840
2026-07,WEEKENDS/HOLIDAY,5,TRAIN,NS27/CE2/TE20,70,7
2026-07,WEEKENDS/HOLIDAY,7,TRAIN,NE14,9900,4568
2026-07,WEEKDAY,8,TRAIN,CC31,4078,1759
2026-07,WEEKDAY,5,TRAIN,CC30,15,3
2026-07,WEEKENDS/HOLIDAY,22,TRAIN,DT23,893,1031
2026-07,WEEKDAY,14,TRAIN,TE11,8729,4339
2026-07,WEEKDAY,18,TRAIN,SW7,1383,5762
2026-07,WEEKDAY,5,TRAIN,CC28,1293,57
2026-07,WEEKDAY,21,TRAIN,DT33,6692,29548
2026-07,WEEKENDS/HOLIDAY,20,TRAIN,EW31,1717,2361
2026-07,WEEKDAY,20,TRAIN,BP4,1505,3074
2026-07,WEEKENDS/HOLIDAY,13,TRAIN,PW3,263,372
2026-07,WEEKDAY,19,TRAIN,TE24,4076,8462
2026-07,WEEKDAY,11,TRAIN,NS27/CC33/TE20,4497,4007
2026-07,WEEKENDS/HOLIDAY,12,TRAIN,EW17,11248,10463
2026-07,WEEKENDS/HOLIDAY,8,TRAIN,BP12,1630,585
2026-07,WEEKENDS/HOLIDAY,15,TRAIN,NS17/CC15,11858,8500
2026-07,WEEKDAY,5,TRAIN,NS23,585,651
2026-07,WEEKENDS/HOLIDAY,7,TRAIN,TE23,501,768
2026-07,WEEKENDS/HOLIDAY,16,TRAIN,CC16,3158,2543
2026-07,WEEKDAY,10,TRAIN,PE7,4349,1781
2026-07,WEEKENDS/HOLIDAY,6,TRAIN,NE18,2069,1340
2026-07,WEEKENDS/HOLIDAY,15,TRAIN,CC3,6879,4962
2026-07,WEEKENDS/HOLIDAY,12,TRAIN,NE14,15023,10090
2026-07,WEEKENDS/HOLIDAY,11,TRAIN,EW18,8229,5700
2026-07,WEEKDAY,7,TRAIN,SW3,8633,3697
2026-07,WEEKDAY,14,TRAIN,SW6,2315,4332
2026-07,WEEKENDS/HOLIDAY,17,TRAIN,TE19,2521,1732
2026-07,WEEKENDS/HOLIDAY,19,TRAIN,CC23,1738,1482
2026-07,WEEKDAY,9,TRAIN,NE7/DT12,21951,46526
2026-07,WEEKENDS/HOLIDAY,11,TRAIN,CC30,191,151
2026-07,WEEKENDS/HOLIDAY,13,TRAIN,NS15,5584,3971
2026-07,WEEKDAY,7,TRAIN,TE16,14855,9899
2026-07,WEEKENDS/HOLIDAY,18,TRAIN,PE7,1553,2056
2026-07,WEEKDAY,0,TRAIN,DT23,68,207
2026-07,WEEKENDS/HOLIDAY,18,TRAIN,NS18,5778,7327
2026-07,WEEKDAY,20,TRAIN,PW6,629,2680
2026-07,WEEKENDS/HOLIDAY,19,TRAIN,TE7,1576,2652
2026-07,WEEKDAY,8,TRAIN,TE5,26797,10755
2026-07,WEEKDAY,16,TRAIN,PE6,9990,10405
2026-07,WEEKDAY,17,TRAIN,NS2,50515,74256
2026-07,WEEKENDS/HOLIDAY,18,TRAIN,CC21,5009,5928
2026-07,WEEKDAY,23,TRAIN,DT5,3016,8388
2026-07,WEEKENDS/HOLIDAY,13,TRAIN,NE14,13941,11063
2026-07,WEEKDAY,19,TRAIN,NE9,41770,46141
2026-07,WEEKENDS/HOLIDAY,7,TRAIN,NE10,4014,2993
2026-07,WEEKENDS/HOLIDAY,13,TRAIN,TE19,2067,2111
2026-07,WEEKDAY,17,TRAIN,DT31,15229,20985
2026-07,WEEKDAY,6,TRAIN,EW8/CC9,33553,20641
2026-07,WEEKDAY,9,TRAIN,DT20,9532,13789
2026-07,WEEKENDS/HOLIDAY,11,TRAIN,EW14/NS26,7948,12208
2026-07,WEEKENDS/HOLIDAY,23,TRAIN,BP2,41,410
2026-07,WEEKENDS/HOLIDAY,0,TRAIN,DT22,290,304
2026-07,WEEKDAY,18,TRAIN,CC27,72875,5349
2026-07,WEEKENDS/HOLIDAY,16,TRAIN,NE4/DT19,32995,26838
2026-07,WEEKENDS/HOLIDAY,15,TRAIN,EW3,6958,7266
2026-07,WEEKENDS/HOLIDAY,6,TRAIN,NS15,3157,3362
2026-07,WEEKENDS/HOLIDAY,21,TRAIN,DT3,890,3235
2026-07,WEEKDAY,21,TRAIN,PW6,465,2112
2026-07,WEEKDAY,17,TRAIN,PW5,2860,4907
2026-07,WEEKENDS/HOLIDAY,14,TRAIN,EW20,4927,5035
2026-07,WEEKENDS/HOLIDAY,7,TRAIN,TE5,1445,1577
2026-07,WEEKENDS/HOLIDAY,12,TRAIN,EW19,9273,5590
2026-07,WEEKDAY,22,TRAIN,CC19/DT9,3450,3409
2026-07,WEEKDAY,21,TRAIN,BP5,1337,2342
2026-07,WEEKDAY,14,TRAIN,TE8,10461,11542
2026-07,WEEKENDS/HOLIDAY,17,TRAIN,TE13,2165,1866
2026-07,WEEKDAY,10,TRAIN,TE12,6091,8811
2026-07,WEEKENDS/HOLIDAY,21,TRAIN,TE13,1236,2043
2026-07,WEEKENDS/HOLIDAY,17,TRAIN,EW26,15078,16316
2026-07,WEEKENDS/HOLIDAY,13,TRAIN,EW8/CC9,30432,30724
2026-07,WEEKENDS/HOLIDAY,11,TRAIN,NE10,8143,5437
2026-07,WEEKENDS/HOLIDAY,18,TRAIN,EW33,3585,2982
2026-07,WEEKENDS/HOLIDAY,9,TRAIN,TE12,1249,2624
2026-07,WEEKDAY,20,TRAIN,DT24,3968,8183
2026-07,WEEKDAY,18,TRAIN,SW4,4064,7001
2026-07,WEEKENDS/HOLIDAY,12,TRAIN,PE5,3688,2292
2026-07,WEEKENDS/HOLIDAY,12,TRAIN,BP4,739,583
2026-07,WEEKDAY,0,TRAIN,DT18,329,209
2026-07,WEEKDAY,5,TRAIN,TE25,125,0
2026-07,WEEKDAY,14,TRAIN,CC17/TE9,8194,8402
2026-07,WEEKDAY,9,TRAIN,BP9,3639,2992
2026-07,WEEKDAY,12,TRAIN,SE4,4894,3473
2026-07,WEEKDAY,10,TRAIN,NE8,20919,28530
2026-07,WEEKENDS/HOLIDAY,13,TRAIN,DT21,4440,5182
2026-07,WEEKDAY,9,TRAIN,CC11,8111,83891
2026-07,WEEKENDS/HOLIDAY,11,TRAIN,BP4,822,404
2026-07,WEEKENDS/HOLIDAY,19,TRAIN,NS17/CC15,8602,9300
2026-07,WEEKENDS/HOLIDAY,12,TRAIN,DT6,3839,2245
2026-07,WEEKENDS/HOLIDAY,7,TRAIN,NS8,9208,5329
2026-07,WEEKENDS/HOLIDAY,7,TRAIN,EW17,6283,4037
2026-07,WEEKDAY,11,TRAIN,NS13,43798,34756
2026-07,WEEKDAY,9,TRAIN,SW1,3799,2581
2026-07,WEEKENDS/HOLIDAY,12,TRAIN,EW21/CC22,9270,9308
2026-07,WEEKDAY,22,TRAIN,TE7,1453,6232
2026-07,WEEKDAY,11,TRAIN,NE12/CC13,49749,47017
2026-07,WEEKDAY,22,TRAIN,EW16/NE3/TE17,21439,13255
2026-07,WEEKENDS/HOLIDAY,13,TRAIN,DT24,2002,1566
2026-07,WEEKENDS/HOLIDAY,23,TRAIN,DT13,1321,1617
2026-07,WEEKENDS/HOLIDAY,16,TRAIN,EW29,7550,4640
2026-07,WEEKDAY,11,TRAIN,NS28,1929,3202
2026-07,WEEKENDS/HOLIDAY,19,TRAIN,CC19/DT9,4139,2411
2026-07,WEEKDAY,21,TRAIN,DT25,2934,6936
2026-07,WEEKENDS/HOLIDAY,5,TRAIN,EW7,622,153
2026-07,WEEKDAY,9,TRAIN,TE27,13411,4091
2026-07,WEEKDAY,23,TRAIN,CC2,1752,1238
2026-07,WEEKDAY,5,TRAIN,BP4,1567,325
2026-07,WEEKDAY,13,TRAIN,TE22,2712,5271
2026-07,WEEKENDS/HOLIDAY,23,TRAIN,EW9,2887,4942
2026-07,WEEKENDS/HOLIDAY,20,TRAIN,EW26,7044,16292
2026-07,WEEKDAY,23,TRAIN,CE1/DT16,15364,2284
2026-07,WEEKDAY,21,TRAIN,NS24/NE6/CC1,68841,18787
2026-07,WEEKDAY,13,TRAIN,EW32,2480,2387
2026-07,WEEKENDS/HOLIDAY,22,TRAIN,PE2,412,2868
2026-07,WEEKENDS/HOLIDAY,15,TRAIN,EW11,8469,9401
2026-07,WEEKENDS/HOLIDAY,13,TRAIN,NE4/DT19,29882,32852
2026-07,WEEKENDS/HOLIDAY,9,TRAIN,EW10,5953,4407
2026-07,WEEKDAY,18,TRAIN,EW10,21648,41422
2026-07,WEEKENDS/HOLIDAY,9,TRAIN,PE7,2500,667
2026-07,WEEKENDS/HOLIDAY,12,TRAIN,EW5,16280,12416
2026-07,WEEKDAY,9,TRAIN,NE18,14668,39637
2026-07,WEEKDAY,10,TRAIN,NE17/PTC,38986,27958
2026-07,WEEKENDS/HOLIDAY,18,TRAIN,NE15,9873,14127
2026-07,WEEKDAY,21,TRAIN,PE5,1593,9449
2026-07,WEEKDAY,16,TRAIN,PW6,2281,2454
2026-07,WEEKDAY,14,TRAIN,DT8,12349,5944
2026-07,WEEKDAY,13,TRAIN,NE8,37306,32847
2026-07,WEEKENDS/HOLIDAY,19,TRAIN,EW25,6584,7220
2026-07,WEEKDAY,8,TRAIN,CE1/DT16,4328,17554
2026-07,WEEKDAY,6,TRAIN,NS4/BP1,75980,45969
2026-07,WEEKENDS/HOLIDAY,16,TRAIN,CE1/DT16,9636,8910
2026-07,WEEKENDS/HOLIDAY,11,TRAIN,EW32,2015,747
2026-07,WEEKENDS/HOLIDAY,11,TRAIN,BP12,1325,764
2026-07,WEEKDAY,5,TRAIN,BP6/DT1,14501,11157
2026-07,WEEKENDS/HOLIDAY,20,TRAIN,TE1,1753,2506
2026-07,WEEKDAY,9,TRAIN,SE2,13135,3156
2026-07,WEEKENDS/HOLIDAY,5,TRAIN,CG2,3496,310
2026-07,WEEKDAY,8,TRAIN,NS13,162990,53489
2026-07,WEEKENDS/HOLIDAY,10,TRAIN,SW2,2763,1798
2026-07,WEEKDAY,19,TRAIN,CC14,11579,15528
2026-07,WEEKENDS/HOLIDAY,20,TRAIN,CC27,1011,534
2026-07,WEEKENDS/HOLIDAY,19,TRAIN,CC2,2527,1235
2026-07,WEEKDAY,0,TRAIN,TE13,36,133
2026-07,WEEKENDS/HOLIDAY,5,TRAIN,NS20,120,298
2026-07,WEEKENDS/HOLIDAY,23,TRAIN,TE18,2092,718
2026-07,WEEKDAY,14,TRAIN,EW20,12472,11996
2026-07,WEEKDAY,19,TRAIN,CC23,47705,6600
2026-07,WEEKENDS/HOLIDAY,11,TRAIN,BP5,1173,879
2026-07,WEEKENDS/HOLIDAY,19,TRAIN,CC3,7902,3514
2026-07,WEEKDAY,23,TRAIN,PE3,412,2988
2026-07,WEEKDAY,21,TRAIN,DT29,3461,13086
2026-07,WEEKENDS/HOLIDAY,16,TRAIN,EW25,6342,6160
2026-07,WEEKENDS/HOLIDAY,21,TRAIN,BP10,380,1296
2026-07,WEEKENDS/HOLIDAY,17,TRAIN,CC16,3445,2692
2026-07,WEEKENDS/HOLIDAY,6,TRAIN,TE25,181,60
2026-07,WEEKDAY,23,TRAIN,TE25,287,1158
2026-07,WEEKDAY,14,TRAIN,NE17/PTC,51374,57198
2026-07,WEEKENDS/HOLIDAY,20,TRAIN,NS28,1024,375
2026-07,WEEKENDS/HOLIDAY,18,TRAIN,NE12/CC13,29897,36512
2026-07,WEEKENDS/HOLIDAY,17,TRAIN,TE22,3415,8068
2026-07,WEEKDAY,7,TRAIN,EW30,4129,37369
2026-07,WEEKENDS/HOLIDAY,7,TRAIN,BP5,664,371
2026-07,WEEKENDS/HOLIDAY,5,TRAIN,SW5,768,47
2026-07,WEEKENDS/HOLIDAY,19,TRAIN,TE24,1336,2171
2026-07,WEEKENDS/HOLIDAY,22,TRAIN,EW29,1792,3480
2026-07,WEEKENDS/HOLIDAY,13,TRAIN,EW25,5489,5256
2026-07,WEEKDAY,7,TRAIN,TE28,12055,6578
2026-07,WEEKENDS/HOLIDAY,23,TRAIN,DT28,615,3396
2026-07,WEEKDAY,12,TRAIN,DT25,3661,3063
2026-07,WEEKENDS/HOLIDAY,9,TRAIN,NE8,7520,13598
2026-07,WEEKENDS/HOLIDAY,21,TRAIN,SE3,472,2028
2026-07,WEEKDAY,17,TRAIN,EW5,57715,65595
2026-07,WEEKDAY,23,TRAIN,NS20,3720,3955
2026-07,WEEKENDS/HOLIDAY,7,TRAIN,NS5,13061,4298
2026-07,WEEKDAY,20,TRAIN,EW30,8243,1737
2026-07,WEEKENDS/HOLIDAY,13,TRAIN,NS18,6637,5372
2026-07,WEEKDAY,20,TRAIN,PE2,2319,10962
2026-07,WEEKENDS/HOLIDAY,19,TRAIN,PW6,375,701
2026-07,WEEKENDS/HOLIDAY,20,TRAIN,BP6/DT1,10022,18608
2026-07,WEEKDAY,12,TRAIN,EW18,18013,15501
2026-07,WEEKENDS/HOLIDAY,13,TRAIN,CC20,2863,2152
2026-07,WEEKENDS/HOLIDAY,19,TRAIN,NS15,5223,5672
2026-07,WEEKDAY,0,TRAIN,NE10,116,503
2026-07,WEEKENDS/HOLIDAY,9,TRAIN,EW25,6742,3527
2026-07,WEEKENDS/HOLIDAY,13,TRAIN,TE16,4009,3614
2026-07,WEEKDAY,23,TRAIN,NE13,3372,11862
2026-07,WEEKDAY,7,TRAIN,PE2,24181,11572
2026-07,WEEKENDS/HOLIDAY,21,TRAIN,CC2,1098,1854
2026-07,WEEKENDS/HOLIDAY,11,TRAIN,NS4/BP1,16402,12682
2026-07,WEEKENDS/HOLIDAY,8,TRAIN,TE5,2909,1724
2026-07,WEEKENDS/HOLIDAY,17,TRAIN,NS13,21121,30129
2026-07,WEEKDAY,16,TRAIN,NS14,29850,40132
2026-07,WEEKENDS/HOLIDAY,15,TRAIN,EW18,6585,6982
2026-07,WEEKENDS/HOLIDAY,10,TRAIN,CG1/DT35,1808,7739
2026-07,WEEKENDS/HOLIDAY,12,TRAIN,CC25,3180,1545
2026-07,WEEKENDS/HOLIDAY,15,TRAIN,EW19,6317,7063
2026-07,WEEKDAY,15,TRAIN,CC31,1615,1974
2026-07,WEEKDAY,22,TRAIN,TE27,1277,6619
2026-07,WEEKENDS/HOLIDAY,17,TRAIN,CC23,2774,1709
2026-07,WEEKDAY,5,TRAIN,TE19,34,3
2026-07,WEEKDAY,6,TRAIN,PE1,7057,1871
2026-07,WEEKENDS/HOLIDAY,8,TRAIN,NS14,18260,8116
2026-07,WEEKDAY,11,TRAIN,BP10,3628,2348
2026-07,WEEKDAY,21,TRAIN,NS16,35340,65853
2026-07,WEEKDAY,5,TRAIN,CC16,1424,244
2026-07,WEEKENDS/HOLIDAY,5,TRAIN,SE1,310,94
2026-07,WEEKENDS/HOLIDAY,18,TRAIN,DT24,2118,2334
2026-07,WEEKDAY,15,TRAIN,PE4,1588,2201
2026-07,WEEKENDS/HOLIDAY,12,TRAIN,TE29,1872,1411
2026-07,WEEKDAY,6,TRAIN,EW1,52031,14336
2026-07,WEEKENDS/HOLIDAY,10,TRAIN,NS21/DT11,23576,23634
2026-07,WEEKDAY,12,TRAIN,NS28,2469,3332
2026-07,WEEKDAY,17,TRAIN,NS7,41922,49010
2026-07,WEEKDAY,11,TRAIN,PW3,865,586
2026-07,WEEKDAY,10,TRAIN,TE6,15510,4516
2026-07,WEEKDAY,9,TRAIN,DT5,26543,14335
2026-07,WEEKDAY,19,TRAIN,CC19/DT9,9862,10471
2026-07,WEEKDAY,18,TRAIN,CC10/DT26,74594,47332
2026-07,WEEKENDS/HOLIDAY,19,TRAIN,EW15,10149,6581
2026-07,WEEKENDS/HOLIDAY,0,TRAIN,EW23,156,932
2026-07,WEEKDAY,5,TRAIN,PE3,1928,348
2026-07,WEEKENDS/HOLIDAY,10,TRAIN,TE1,1770,818
2026-07,WEEKDAY,0,TRAIN,DT27,58,652
2026-07,WEEKDAY,5,TRAIN,EW20,2889,915
2026-07,WEEKENDS/HOLIDAY,11,TRAIN,NS28,792,2431
2026-07,WEEKENDS/HOLIDAY,19,TRAIN,SW2,1810,1333
2026-07,WEEKENDS/HOLIDAY,11,TRAIN,PW4,2408,2076
2026-07,WEEKENDS/HOLIDAY,23,TRAIN,DT25,370,1149
2026-07,WEEKENDS/HOLIDAY,13,TRAIN,DT8,1805,1657
2026-07,WEEKDAY,7,TRAIN,CC12,26797,27274
2026-07,WEEKDAY,13,TRAIN,EW1,28391,24899
2026-07,WEEKENDS/HOLIDAY,9,TRAIN,DT8,2129,1282
2026-07,WEEKENDS/HOLIDAY,21,TRAIN,CC31,345,1184
2026-07,WEEKDAY,21,TRAIN,SW2,2775,1579
2026-07,WEEKDAY,8,TRAIN,BP7,3297,879
2026-07,WEEKDAY,20,TRAIN,SE5,1104,4886
2026-07,WEEKENDS/HOLIDAY,13,TRAIN,SW5,3691,2954
2026-07,WEEKDAY,22,TRAIN,EW27,20764,50316
2026-07,WEEKDAY,22,TRAIN,CC17/TE9,2433,7050
2026-07,WEEKENDS/HOLIDAY,5,TRAIN,EW17,514,58
2026-07,WEEKDAY,0,TRAIN,EW29,6,380
2026-07,WEEKENDS/HOLIDAY,13,TRAIN,TE12,2563,1955
2026-07,WEEKENDS/HOLIDAY,8,TRAIN,EW20,4818,4602
2026-07,WEEKDAY,13,TRAIN,SW6,2925,3155
2026-07,WEEKDAY,13,TRAIN,CC3,8345,8260
2026-07,WEEKENDS/HOLIDAY,7,TRAIN,EW9,12666,4735
2026-07,WEEKENDS/HOLIDAY,23,TRAIN,CG1/DT35,1186,749
2026-07,WEEKDAY,22,TRAIN,TE22,5125,774
2026-07,WEEKENDS/HOLIDAY,8,TRAIN,TE25,1215,530
2026-07,WEEKDAY,14,TRAIN,EW30,2442,1406
2026-07,WEEKENDS/HOLIDAY,20,TRAIN,PW7,669,1853
2026-07,WEEKDAY,7,TRAIN,NS21/DT11,80982,90280
2026-07,WEEKENDS/HOLIDAY,13,TRAIN,NS10,16951,12626
2026-07,WEEKENDS/HOLIDAY,9,TRAIN,DT34,1671,920
2026-07,WEEKDAY,9,TRAIN,NS12,37171,12020
2026-07,WEEKENDS/HOLIDAY,9,TRAIN,NE12/CC13,26153,16251
2026-07,WEEKDAY,20,TRAIN,BP10,1392,5422
2026-07,WEEKENDS/HOLIDAY,8,TRAIN,DT22,3573,3488
2026-07,WEEKENDS/HOLIDAY,11,TRAIN,DT5,10525,6472
2026-07,WEEKDAY,17,TRAIN,EW24/NS1,217378,121340
2026-07,WEEKENDS/HOLIDAY,19,TRAIN,EW20,3978,5318
2026-07,WEEKDAY,23,TRAIN,EW22,902,2866
2026-07,WEEKDAY,22,TRAIN,SE3,578,4874
2026-07,WEEKENDS/HOLIDAY,7,TRAIN,NS15,5384,5408
2026-07,WEEKDAY,6,TRAIN,SW4,7767,1160
2026-07,WEEKDAY,16,TRAIN,TE15,13288,13215
2026-07,WEEKENDS/HOLIDAY,8,TRAIN,SE2,2989,1143
2026-07,WEEKENDS/HOLIDAY,19,TRAIN,EW16/NE3/TE17,10871,9119
2026-07,WEEKENDS/HOLIDAY,17,TRAIN,SE2,2406,2576
2026-07,WEEKDAY,0,TRAIN,DT17,270,130
2026-07,WEEKDAY,6,TRAIN,EW2/DT32,65540,31029
2026-07,WEEKDAY,17,TRAIN,BP7,1609,2324
2026-07,WEEKENDS/HOLIDAY,9,TRAIN,NE1/CC29,7310,30496
2026-07,WEEKDAY,20,TRAIN,PE6,5631,10427
2026-07,WEEKDAY,9,TRAIN,TE13,5864,11338
2026-07,WEEKENDS/HOLIDAY,5,TRAIN,NS3,1868,172
2026-07,WEEKENDS/HOLIDAY,23,TRAIN,CC4/DT15,3859,505
2026-07,WEEKDAY,12,TRAIN,PE7,4577,3283
2026-07,WEEKENDS/HOLIDAY,15,TRAIN,EW9,10655,10146
2026-07,WEEKDAY,6,TRAIN,DT28,19869,11371
2026-07,WEEKDAY,10,TRAIN,BP9,3101,1863
2026-07,WEEKDAY,18,TRAIN,NS21/DT11,170495,165864
2026-07,WEEKDAY,17,TRAIN,NE16/STC,62176,106699
2026-07,WEEKENDS/HOLIDAY,10,TRAIN,EW18,8155,5876
2026-07,WEEKENDS/HOLIDAY,17,TRAIN,SE4,1658,1780
2026-07,WEEKDAY,11,TRAIN,EW8/CC9,33642,50491
2026-07,WEEKENDS/HOLIDAY,12,TRAIN,CC12,4667,2901
2026-07,WEEKENDS/HOLIDAY,18,TRAIN,NS17/CC15,12374,10468
2026-07,WEEKENDS/HOLIDAY,12,TRAIN,CC8,3997,3264
2026-07,WEEKDAY,21,TRAIN,NS14,22665,51094
2026-07,WEEKDAY,0,TRAIN,TE6,148,1932
2026-07,WEEKENDS/HOLIDAY,14,TRAIN,CC24,5096,3605
2026-07,WEEKDAY,11,TRAIN,EW23,41431,43825
2026-07,WEEKDAY,8,TRAIN,CC32,924,4447
2026-07,WEEKDAY,6,TRAIN,SW5,12697,2226
2026-07,WEEKENDS/HOLIDAY,14,TRAIN,EW12/DT14,33419,37689
2026-07,WEEKDAY,10,TRAIN,EW12/DT14,31357,76128
2026-07,WEEKDAY,21,TRAIN,PW2,240,40
2026-07,WEEKENDS/HOLIDAY,19,TRAIN,EW3,5573,9902
2026-07,WEEKENDS/HOLIDAY,6,TRAIN,BP4,607,87
2026-07,WEEKDAY,19,TRAIN,EW11,31034,35799
2026-07,WEEKENDS/HOLIDAY,17,TRAIN,NE9,10618,10374
2026-07,WEEKDAY,14,TRAIN,CC26,3203,4736
2026-07,WEEKENDS/HOLIDAY,22,TRAIN,TE22,3001,322
2026-07,WEEKDAY,7,TRAIN,NE1/CC29,19466,70858
2026-07,WEEKENDS/HOLIDAY,19,TRAIN,CC8,3214,4104
2026-07,WEEKENDS/HOLIDAY,13,TRAIN,CE1/DT16,6165,10512
2026-07,WEEKDAY,8,TRAIN,PW6,5209,895
2026-07,WEEKDAY,7,TRAIN,EW3,46267,27946
2026-07,WEEKENDS/HOLIDAY,23,TRAIN,NE1/CC29,13514,1867
2026-07,WEEKENDS/HOLIDAY,10,TRAIN,CG2,6374,11273
2026-07,WEEKDAY,7,TRAIN,EW29,15659,137829
2026-07,WEEKDAY,14,TRAIN,EW22,22773,13175
2026-07,WEEKDAY,0,TRAIN,TE29,11,425
2026-07,WEEKDAY,8,TRAIN,BP6/DT1,163740,63644
2026-07,WEEKDAY,15,TRAIN,DT10,7670,3513
2026-07,WEEKDAY,15,TRAIN,DT5,14553,17483
2026-07,WEEKDAY,16,TRAIN,NS11,34264,51069
2026-07,WEEKENDS/HOLIDAY,16,TRAIN,NS27/CC33/TE20,1766,2076
2026-07,WEEKENDS/HOLIDAY,21,TRAIN,PE4,510,853
2026-07,WEEKENDS/HOLIDAY,19,TRAIN,PW2,155,122
2026-07,WEEKENDS/HOLIDAY,10,TRAIN,PE2,3491,1150
2026-07,WEEKDAY,11,TRAIN,CC21,8236,13566
2026-07,WEEKENDS/HOLIDAY,0,TRAIN,TE24,10,79
2026-07,WEEKENDS/HOLIDAY,23,TRAIN,TE24,187,410
2026-07,WEEKENDS/HOLIDAY,16,TRAIN,PW7,1484,1622
2026-07,WEEKDAY,19,TRAIN,NE8,42622,73167
2026-07,WEEKENDS/HOLIDAY,17,TRAIN,PW2,118,166
2026-07,WEEKDAY,20,TRAIN,TE23,2453,4696
2026-07,WEEKDAY,18,TRAIN,CE1/DT16,23957,21648
2026-07,WEEKENDS/HOLIDAY,9,TRAIN,NE4/DT19,9609,21382
2026-07,WEEKENDS/HOLIDAY,13,TRAIN,EW21/CC22,12480,9805
2026-07,WEEKDAY,20,TRAIN,TE28,2182,7313
2026-07,WEEKDAY,16,TRAIN,NE13,28409,30940
2026-07,WEEKDAY,7,TRAIN,BP11,21032,2728
2026-07,WEEKDAY,23,TRAIN,EW33,467,943
2026-07,WEEKDAY,11,TRAIN,CC32,1658,856
2026-07,WEEKDAY,9,TRAIN,DT25,7392,6407
2026-07,WEEKDAY,23,TRAIN,BP2,112,1063
2026-07,WEEKENDS/HOLIDAY,19,TRAIN,EW18,5803,7316
2026-07,WEEKDAY,13,TRAIN,NE7/DT12,34568,47595
2026-07,WEEKDAY,13,TRAIN,PW7,3314,4816
2026-07,WEEKENDS/HOLIDAY,12,TRAIN,NE18,6285,6825
2026-07,WEEKENDS/HOLIDAY,19,TRAIN,BP10,789,1658
2026-07,WEEKENDS/HOLIDAY,5,TRAIN,BP2,433,49
2026-07,WEEKENDS/HOLIDAY,18,TRAIN,TE27,2623,3162
2026-07,WEEKDAY,12,TRAIN,TE11,4682,3501
2026-07,WEEKENDS/HOLIDAY,21,TRAIN,TE24,753,1625
2026-07,WEEKENDS/HOLIDAY,22,TRAIN,TE6,1367,7036
2026-07,WEEKENDS/HOLIDAY,0,TRAIN,EW11,94,308
2026-07,WEEKDAY,12,TRAIN,NE5,14539,16537
2026-07,WEEKENDS/HOLIDAY,21,TRAIN,CC6,33036,1286
2026-07,WEEKENDS/HOLIDAY,20,TRAIN,CC26,1503,1446
2026-07,WEEKDAY,19,TRAIN,DT4,1662,7035
2026-07,WEEKENDS/HOLIDAY,11,TRAIN,NS27/CC33/TE20,998,1522
2026-07,WEEKDAY,7,TRAIN,EW6,30578,15742
2026-07,WEEKDAY,14,TRAIN,EW26,25067,22838
2026-07,WEEKDAY,15,TRAIN,PE2,5117,6862
2026-07,WEEKDAY,23,TRAIN,CG2,10306,9986
2026-07,WEEKDAY,23,TRAIN,EW8/CC9,12836,11480
2026-07,WEEKDAY,8,TRAIN,TE27,22428,6051
2026-07,WEEKENDS/HOLIDAY,11,TRAIN,DT10,2331,1064
2026-07,WEEKDAY,6,TRAIN,EW20,17516,14564
2026-07,WEEKDAY,9,TRAIN,DT7,5932,5995
2026-07,WEEKDAY,7,TRAIN,NS28,2192,4248
2026-07,WEEKENDS/HOLIDAY,20,TRAIN,EW25,4572,6430
2026-07,WEEKDAY,9,TRAIN,TE26,14807,14982
2026-07,WEEKENDS/HOLIDAY,20,TRAIN,PE1,693,2209
2026-07,WEEKDAY,11,TRAIN,DT2,5203,1430
2026-07,WEEKENDS/HOLIDAY,23,TRAIN,TE27,257,1168
2026-07,WEEKENDS/HOLIDAY,13,TRAIN,TE27,2584,2689
2026-07,WEEKDAY,16,TRAIN,TE14/NS22,98234,78382
2026-07,WEEKDAY,8,TRAIN,BP11,12460,1928
2026-07,WEEKDAY,18,TRAIN,EW33,15203,15621
2026-07,WEEKENDS/HOLIDAY,22,TRAIN,SE4,272,1405
2026-07,WEEKDAY,14,TRAIN,NE12/CC13,68705,64960
2026-07,WEEKDAY,8,TRAIN,CC25,14877,28840
2026-07,WEEKDAY,0,TRAIN,PW3,17,100
2026-07,WEEKENDS/HOLIDAY,6,TRAIN,EW9,12430,2110
2026-07,WEEKENDS/HOLIDAY,19,TRAIN,TE23,2550,6362
2026-07,WEEKENDS/HOLIDAY,9,TRAIN,TE11,1936,1377
2026-07,WEEKENDS/HOLIDAY,11,TRAIN,TE28,2123,1499
2026-07,WEEKDAY,17,TRAIN,EW7,23207,30018
2026-07,WEEKENDS/HOLIDAY,8,TRAIN,CC27,249,1470
2026-07,WEEKENDS/HOLIDAY,20,TRAIN,DT5,4627,7032
2026-07,WEEKENDS/HOLIDAY,11,TRAIN,NS14,15542,8857
2026-07,WEEKDAY,9,TRAIN,EW15,16723,195530
2026-07,WEEKENDS/HOLIDAY,0,TRAIN,CC16,22,102
2026-07,WEEKENDS/HOLIDAY,9,TRAIN,EW33,2399,1347
2026-07,WEEKDAY,20,TRAIN,CC21,17292,10393
2026-07,WEEKENDS/HOLIDAY,19,TRAIN,SW3,458,717
2026-07,WEEKENDS/HOLIDAY,12,TRAIN,NS18,6977,4474
2026-07,WEEKDAY,7,TRAIN,CC27,1935,22525
2026-07,WEEKENDS/HOLIDAY,18,TRAIN,DT6,3114,2821
2026-07,WEEKENDS/HOLIDAY,5,TRAIN,NS10,5079,643
2026-07,WEEKDAY,18,TRAIN,SW2,5264,3612
2026-07,WEEKDAY,23,TRAIN,EW2/DT32,7285,24628
2026-07,WEEKENDS/HOLIDAY,11,TRAIN,TE6,6570,2860
2026-07,WEEKDAY,15,TRAIN,DT21,9323,9257
2026-07,WEEKENDS/HOLIDAY,17,TRAIN,EW4,8565,7520
2026-07,WEEKENDS/HOLIDAY,9,TRAIN,CC7,2606,1800
2026-07,WEEKENDS/HOLIDAY,18,TRAIN,CC6,7002,12144
2026-07,WEEKENDS/HOLIDAY,0,TRAIN,EW32,0,463
2026-07,WEEKDAY,14,TRAIN,CC10/DT26,13806,15699
2026-07,WEEKDAY,9,TRAIN,DT29,18793,5389
2026-07,WEEKENDS/HOLIDAY,22,TRAIN,BP11,234,1315
2026-07,WEEKENDS/HOLIDAY,21,TRAIN,NS27/CE2/TE20,730,625
2026-07,WEEKENDS/HOLIDAY,15,TRAIN,CC17/TE9,2596,2580
2026-07,WEEKENDS/HOLIDAY,17,TRAIN,CC5,3927,4676
2026-07,WEEKDAY,20,TRAIN,CC32,1203,1391
2026-07,WEEKDAY,9,TRAIN,TE11,8308,3653
2026-07,WEEKDAY,10,TRAIN,DT21,8957,10109
2026-07,WEEKDAY,19,TRAIN,EW15,113349,35062
2026-07,WEEKDAY,19,TRAIN,EW5,37516,78809
2026-07,WEEKENDS/HOLIDAY,0,TRAIN,DT30,20,490
2026-07,WEEKENDS/HOLIDAY,17,TRAIN,CC6,7098,28857
2026-07,WEEKDAY,17,TRAIN,NS17/CC15,58776,42952
2026-07,WEEKENDS/HOLIDAY,6,TRAIN,NE17/PTC,5684,2122
2026-07,WEEKENDS/HOLIDAY,13,TRAIN,CC5,2786,3426
2026-07,WEEKENDS/HOLIDAY,16,TRAIN,NE17/PTC,22550,24215
2026-07,WEEKDAY,21,TRAIN,EW28,14873,42189
2026-07,WEEKDAY,9,TRAIN,EW17,47131,29516
2026-07,WEEKDAY,11,TRAIN,CC23,12894,13856
2026-07,WEEKDAY,14,TRAIN,NS13,44998,51690
2026-07,WEEKDAY,17,TRAIN,SE2,5936,10746
2026-07,WEEKENDS/HOLIDAY,0,TRAIN,NE14,75,1280
2026-07,WEEKENDS/HOLIDAY,23,TRAIN,PE5,135,1326
2026-07,WEEKDAY,10,TRAIN,EW11,21547,19970
2026-07,WEEKENDS/HOLIDAY,6,TRAIN,EW27,11878,6561
2026-07,WEEKENDS/HOLIDAY,13,TRAIN,EW23,23122,20878
2026-07,WEEKDAY,17,TRAIN,SE5,4619,4664
2026-07,WEEKDAY,6,TRAIN,CC20,5309,5197
2026-07,WEEKDAY,16,TRAIN,NS15,47749,16242
2026-07,WEEKDAY,20,TRAIN,TE5,5846,11224
2026-07,WEEKDAY,14,TRAIN,SW1,2732,2178
2026-07,WEEKENDS/HOLIDAY,12,TRAIN,PE7,2327,1684
2026-07,WEEKDAY,20,TRAIN,PW3,359,1700
2026-07,WEEKDAY,16,TRAIN,NS16,44013,55633
2026-07,WEEKENDS/HOLIDAY,10,TRAIN,EW11,7946,7562
2026-07,WEEKDAY,17,TRAIN,TE28,6894,9852
2026-07,WEEKDAY,23,TRAIN,CC28,325,2329
2026-07,WEEKENDS/HOLIDAY,23,TRAIN,PW7,236,685
2026-07,WEEKENDS/HOLIDAY,21,TRAIN,SE4,565,1647
2026-07,WEEKDAY,9,TRAIN,PE3,12134,5323
2026-07,WEEKDAY,22,TRAIN,TE3,3364,13796
2026-07,WEEKDAY,22,TRAIN,PE3,1282,6420
2026-07,WEEKDAY,16,TRAIN,PE4,1763,2429
2026-07,WEEKDAY,9,TRAIN,DT30,25230,4098
2026-07,WEEKDAY,18,TRAIN,PW5,2863,7608
2026-07,WEEKDAY,15,TRAIN,TE15,10942,12088
2026-07,WEEKDAY,9,TRAIN,NS5,44544,16005
2026-07,WEEKENDS/HOLIDAY,0,TRAIN,EW19,54,288
2026-07,WEEKDAY,9,TRAIN,EW30,1067,5319
2026-07,WEEKENDS/HOLIDAY,13,TRAIN,DT13,5853,6980
2026-07,WEEKDAY,21,TRAIN,NE11,15081,16797
2026-07,WEEKENDS/HOLIDAY,9,TRAIN,PW2,129,157
2026-07,WEEKDAY,5,TRAIN,BP13,1519,203
2026-07,WEEKENDS/HOLIDAY,12,TRAIN,DT17,2141,2316
2026-07,WEEKDAY,20,TRAIN,NS27/CE2/TE20,3030,1374
2026-07,WEEKENDS/HOLIDAY,5,TRAIN,CC5,82,9
2026-07,WEEKDAY,12,TRAIN,TE28,5563,4322
2026-07,WEEKDAY,13,TRAIN,EW7,14249,14655
2026-07,WEEKENDS/HOLIDAY,9,TRAIN,NS11,21202,8710
2026-07,WEEKENDS/HOLIDAY,22,TRAIN,NE8,16074,8571
2026-07,WEEKENDS/HOLIDAY,19,TRAIN,NE13,8750,11255
2026-07,WEEKDAY,20,TRAIN,NS12,13764,36219
2026-07,WEEKDAY,11,TRAIN,TE13,7411,4453
2026-07,WEEKDAY,0,TRAIN,CC23,57,186
2026-07,WEEKDAY,8,TRAIN,SW7,922,1322
2026-07,WEEKDAY,22,TRAIN,PE2,914,7686
2026-07,WEEKENDS/HOLIDAY,15,TRAIN,NE10,6498,6682
2026-07,WEEKENDS/HOLIDAY,19,TRAIN,EW23,19527,23405
2026-07,WEEKDAY,12,TRAIN,PW2,278,246
2026-07,WEEKENDS/HOLIDAY,15,TRAIN,CC28,1853,1748
2026-07,WEEKENDS/HOLIDAY,19,TRAIN,TE15,5365,4688
2026-07,WEEKDAY,8,TRAIN,NS25/EW13,13195,123958
2026-07,WEEKDAY,23,TRAIN,CC17/TE9,974,3153
2026-07,WEEKENDS/HOLIDAY,0,TRAIN,PW2,4,2
2026-07,WEEKENDS/HOLIDAY,6,TRAIN,EW20,2614,1985
2026-07,WEEKDAY,10,TRAIN,PW6,1760,611
2026-07,WEEKENDS/HOLIDAY,23,TRAIN,TE26,1049,1096
2026-07,WEEKENDS/HOLIDAY,10,TRAIN,NE5,3321,7207
2026-07,WEEKENDS/HOLIDAY,8,TRAIN,BP3,2327,659
2026-07,WEEKENDS/HOLIDAY,16,TRAIN,EW3,7476,8121
2026-07,WEEKDAY,11,TRAIN,BP6/DT1,32253,26302
2026-07,WEEKENDS/HOLIDAY,6,TRAIN,SW5,1317,304
2026-07,WEEKDAY,19,TRAIN,NE15,19126,81596
2026-07,WEEKENDS/HOLIDAY,21,TRAIN,BP13,190,473
2026-07,WEEKDAY,16,TRAIN,TE7,9638,7633
2026-07,WEEKDAY,15,TRAIN,EW9,18396,18434
2026-07,WEEKENDS/HOLIDAY,12,TRAIN,EW12/DT14,23443,40146
2026-07,WEEKDAY,6,TRAIN,NE12/CC13,61281,34401
2026-07,WEEKENDS/HOLIDAY,12,TRAIN,DT30,4493,2567
2026-07,WEEKDAY,0,TRAIN,NS24/NE6/CC1,467,394
2026-07,WEEKENDS/HOLIDAY,9,TRAIN,SW4,1552,653
2026-07,WEEKENDS/HOLIDAY,11,TRAIN,DT17,1889,2287
2026-07,WEEKDAY,21,TRAIN,TE16,6879,12668
2026-07,WEEKDAY,8,TRAIN,TE6,56742,10803
2026-07,WEEKDAY,18,TRAIN,TE18,40068,26546
2026-07,WEEKENDS/HOLIDAY,19,TRAIN,NE8,23704,25249
2026-07,WEEKDAY,15,TRAIN,PW2,218,187
2026-07,WEEKENDS/HOLIDAY,9,TRAIN,DT2,1263,616
2026-07,WEEKENDS/HOLIDAY,21,TRAIN,EW4,2597,7735
2026-07,WEEKDAY,7,TRAIN,NS5,138673,47473
2026-07,WEEKDAY,10,TRAIN,DT7,3396,3122
2026-07,WEEKDAY,5,TRAIN,NS27/CC33/TE20,383,149
2026-07,WEEKENDS/HOLIDAY,5,TRAIN,TE1,200,30
2026-07,WEEKENDS/HOLIDAY,15,TRAIN,NS13,21005,22953
2026-07,WEEKENDS/HOLIDAY,15,TRAIN,DT7,1363,1634
2026-07,WEEKENDS/HOLIDAY,19,TRAIN,EW30,1994,1389
2026-07,WEEKENDS/HOLIDAY,22,TRAIN,DT34,449,1876
2026-07,WEEKDAY,15,TRAIN,DT3,6419,6983
2026-07,WEEKENDS/HOLIDAY,10,TRAIN,TE12,1934,2776
2026-07,WEEKENDS/HOLIDAY,13,TRAIN,NS25/EW13,29039,38847
2026-07,WEEKENDS/HOLIDAY,20,TRAIN,CC7,2400,5470
2026-07,WEEKDAY,14,TRAIN,NS24/NE6/CC1,39594,38813
2026-07,WEEKENDS/HOLIDAY,9,TRAIN,NS14,19946,8624
2026-07,WEEKDAY,8,TRAIN,PW4,9302,3013
2026-07,WEEKDAY,13,TRAIN,DT3,6853,5609
2026-07,WEEKENDS/HOLIDAY,13,TRAIN,BP13,575,509
2026-07,WEEKDAY,14,TRAIN,TE28,5069,5545
2026-07,WEEKDAY,10,TRAIN,CC26,3355,4655
2026-07,WEEKENDS/HOLIDAY,5,TRAIN,EW12/DT14,814,279
2026-07,WEEKENDS/HOLIDAY,8,TRAIN,EW7,6573,4517
2026-07,WEEKDAY,22,TRAIN,NS13,26681,68162
2026-07,WEEKENDS/HOLIDAY,8,TRAIN,DT29,3542,1258
2026-07,WEEKENDS/HOLIDAY,19,TRAIN,EW27,19364,29117
2026-07,WEEKDAY,5,TRAIN,TE12,141,283
2026-07,WEEKDAY,22,TRAIN,NS14,18959,47630
2026-07,WEEKDAY,20,TRAIN,CC2,5316,3334
2026-07,WEEKDAY,12,TRAIN,DT3,7253,3840
2026-07,WEEKENDS/HOLIDAY,16,TRAIN,EW28,11528,9794
2026-07,WEEKENDS/HOLIDAY,6,TRAIN,DT27,825,384
2026-07,WEEKENDS/HOLIDAY,6,TRAIN,TE7,712,347
2026-07,WEEKENDS/HOLIDAY,13,TRAIN,BP10,1263,1413
2026-07,WEEKENDS/HOLIDAY,9,TRAIN,DT6,2916,2014
2026-07,WEEKDAY,15,TRAIN,DT22,8854,9642
2026-07,WEEKENDS/HOLIDAY,13,TRAIN,NE12/CC13,30125,31163
2026-07,WEEKENDS/HOLIDAY,17,TRAIN,NE13,12038,11934
2026-07,WEEKENDS/HOLIDAY,19,TRAIN,TE11,1647,1849
2026-07,WEEKDAY,19,TRAIN,TE5,8781,19539
2026-07,WEEKDAY,6,TRAIN,TE14/NS22,5360,27969
2026-07,WEEKENDS/HOLIDAY,21,TRAIN,TE5,1652,2911
2026-07,WEEKDAY,7,TRAIN,NS12,104124,26271
2026-07,WEEKDAY,21,TRAIN,CC28,2332,6357
2026-07,WEEKDAY,15,TRAIN,EW20,13271,11477
2026-07,WEEKENDS/HOLIDAY,18,TRAIN,CC30,244,164
2026-07,WEEKENDS/HOLIDAY,21,TRAIN,CC16,1239,2466
2026-07,WEEKDAY,14,TRAIN,NE4/DT19,71215,59808
2026-07,WEEKENDS/HOLIDAY,0,TRAIN,TE26,59,269
2026-07,WEEKENDS/HOLIDAY,7,TRAIN,NS28,203,881
2026-07,WEEKDAY,5,TRAIN,PE5,2952,157
2026-07,WEEKDAY,18,TRAIN,NS3,27848,73740
2026-07,WEEKENDS/HOLIDAY,7,TRAIN,TE16,1443,1244
2026-07,WEEKDAY,7,TRAIN,TE7,19933,20472
2026-07,WEEKENDS/HOLIDAY,7,TRAIN,SE1,1472,612
2026-07,WEEKDAY,6,TRAIN,EW3,21109,9261
2026-07,WEEKENDS/HOLIDAY,9,TRAIN,BP6/DT1,19365,10396
2026-07,WEEKENDS/HOLIDAY,8,TRAIN,CG1/DT35,1154,3987
2026-07,WEEKENDS/HOLIDAY,12,TRAIN,CC2,2545,2074
2026-07,WEEKDAY,16,TRAIN,DT34,8313,4892
2026-07,WEEKDAY,14,TRAIN,TE13,4853,6961
2026-07,WEEKDAY,16,TRAIN,DT13,12837,10628
2026-07,WEEKDAY,18,TRAIN,TE27,8682,19038
2026-07,WEEKDAY,22,TRAIN,CC20,1829,4153
2026-07,WEEKDAY,11,TRAIN,DT33,15602,5737
2026-07,WEEKDAY,13,TRAIN,NS19,42640,41898
2026-07,WEEKDAY,19,TRAIN,EW4,20380,38164
2026-07,WEEKDAY,23,TRAIN,TE11,1141,2492
2026-07,WEEKDAY,23,TRAIN,SE5,246,1655
2026-07,WEEKENDS/HOLIDAY,10,TRAIN,NE17/PTC,21207,15350
2026-07,WEEKENDS/HOLIDAY,22,TRAIN,CC28,498,1958
2026-07,WEEKENDS/HOLIDAY,19,TRAIN,CC6,14452,10363
2026-07,WEEKDAY,17,TRAIN,PE5,7828,11582
2026-07,WEEKENDS/HOLIDAY,5,TRAIN,DT34,91,1
2026-07,WEEKENDS/HOLIDAY,11,TRAIN,NE7/DT12,13682,23176
2026-07,WEEKENDS/HOLIDAY,21,TRAIN,NE5,8310,5619
2026-07,WEEKDAY,21,TRAIN,CC27,6931,1022
2026-07,WEEKENDS/HOLIDAY,8,TRAIN,EW29,4289,8259
2026-07,WEEKENDS/HOLIDAY,17,TRAIN,EW20,5564,5146
2026-07,WEEKENDS/HOLIDAY,15,TRAIN,DT30,3325,3279
2026-07,WEEKENDS/HOLIDAY,11,TRAIN,CC34/DT16,5576,17542
2026-07,WEEKDAY,22,TRAIN,DT28,3511,13820
2026-07,WEEKDAY,0,TRAIN,CC4/DT15,325,144
2026-07,WEEKDAY,0,TRAIN,NE14,127,2829
2026-07,WEEKDAY,13,TRAIN,EW16/NE3/TE17,37243,59938
2026-07,WEEKENDS/HOLIDAY,18,TRAIN,DT21,5451,3615
2026-07,WEEKENDS/HOLIDAY,7,TRAIN,EW22,1512,1908
2026-07,WEEKDAY,14,TRAIN,CE1/DT16,11460,15712
2026-07,WEEKENDS/HOLIDAY,5,TRAIN,PW3,88,8
2026-07,WEEKDAY,20,TRAIN,NE12/CC13,61852,89048
2026-07,WEEKENDS/HOLIDAY,14,TRAIN,EW18,6426,7201
2026-07,WEEKENDS/HOLIDAY,14,TRAIN,CC3,5376,5729
2026-07,WEEKDAY,12,TRAIN,DT29,6886,4360
2026-07,WEEKDAY,21,TRAIN,TE26,14675,9294
2026-07,WEEKDAY,10,TRAIN,SE4,5284,2941
2026-07,WEEKENDS/HOLIDAY,16,TRAIN,TE16,4039,3841
2026-07,WEEKENDS/HOLIDAY,22,TRAIN,SW6,184,1193
2026-07,WEEKENDS/HOLIDAY,13,TRAIN,PE4,917,907
2026-07,WEEKENDS/HOLIDAY,19,TRAIN,SE3,729,1800
2026-07,WEEKENDS/HOLIDAY,15,TRAIN,NS7,10534,8674
2026-07,WEEKDAY,12,TRAIN,EW1,30366,21123
2026-07,WEEKENDS/HOLIDAY,22,TRAIN,DT21,3007,3053
2026-07,WEEKENDS/HOLIDAY,12,TRAIN,TE18,6769,8818
2026-07,WEEKENDS/HOLIDAY,16,TRAIN,TE6,4557,4618
2026-07,WEEKENDS/HOLIDAY,16,TRAIN,DT7,1705,1732
2026-07,WEEKDAY,23,TRAIN,EW21/CC22,12007,5472
2026-07,WEEKDAY,14,TRAIN,PW7,3636,4272
2026-07,WEEKDAY,11,TRAIN,PE2,6402,3213
2026-07,WEEKENDS/HOLIDAY,14,TRAIN,TE25,1225,1423
2026-07,WEEKENDS/HOLIDAY,10,TRAIN,DT8,1946,1250
2026-07,WEEKDAY,15,TRAIN,NS21/DT11,57325,63659
2026-07,WEEKDAY,7,TRAIN,CC20,12905,14054
2026-07,WEEKDAY,12,TRAIN,NS25/EW13,46083,84305
2026-07,WEEKDAY,12,TRAIN,PW3,920,643
2026-07,WEEKDAY,8,TRAIN,DT29,37094,12388
2026-07,WEEKDAY,0,TRAIN,NE12/CC13,837,4308
2026-07,WEEKDAY,23,TRAIN,DT23,1228,1421
2026-07,WEEKENDS/HOLIDAY,0,TRAIN,CC12,20,289
2026-07,WEEKDAY,22,TRAIN,NS3,7393,20401
2026-07,WEEKDAY,19,TRAIN,CC8,9428,17080
2026-07,WEEKDAY,23,TRAIN,TE12,779,620
2026-07,WEEKENDS/HOLIDAY,6,TRAIN,CC11,2615,3358
2026-07,WEEKENDS/HOLIDAY,21,TRAIN,CC5,3508,2286
2026-07,WEEKENDS/HOLIDAY,20,TRAIN,BP10,487,1490
2026-07,WEEKDAY,14,TRAIN,CC25,5203,5356
2026-07,WEEKDAY,22,TRAIN,EW31,1582,1830
2026-07,WEEKENDS/HOLIDAY,13,TRAIN,CC11,7914,6215
2026-07,WEEKDAY,11,TRAIN,DT34,6451,3243
2026-07,WEEKDAY,15,TRAIN,EW32,3193,1551
2026-07,WEEKENDS/HOLIDAY,22,TRAIN,BP4,146,676
2026-07,WEEKDAY,18,TRAIN,CC24,122493,22135
2026-07,WEEKENDS/HOLIDAY,9,TRAIN,SE4,2344,1397
2026-07,WEEKENDS/HOLIDAY,11,TRAIN,TE29,2081,1176
2026-07,WEEKDAY,15,TRAIN,CC2,4768,4089
2026-07,WEEKENDS/HOLIDAY,16,TRAIN,NS4/BP1,14838,17728
2026-07,WEEKDAY,9,TRAIN,TE22,590,4103
2026-07,WEEKDAY,20,TRAIN,SW3,972,1350
2026-07,WEEKDAY,7,TRAIN,CC32,383,1223
2026-07,WEEKDAY,6,TRAIN,EW11,20558,8878
2026-07,WEEKDAY,5,TRAIN,NS5,18642,2765
2026-07,WEEKDAY,9,TRAIN,NE15,58583,11334
2026-07,WEEKDAY,18,TRAIN,PW7,6312,9142
2026-07,WEEKDAY,17,TRAIN,NE11,26602,32343
2026-07,WEEKDAY,0,TRAIN,CC16,65,375
2026-07,WEEKENDS/HOLIDAY,6,TRAIN,NE15,3959,928
2026-07,WEEKDAY,6,TRAIN,BP7,3931,679
2026-07,WEEKENDS/HOLIDAY,17,TRAIN,NE18,7227,7472
2026-07,WEEKENDS/HOLIDAY,11,TRAIN,NS19,18401,12813
2026-07,WEEKENDS/HOLIDAY,12,TRAIN,NS4/BP1,17208,15027
2026-07,WEEKENDS/HOLIDAY,14,TRAIN,DT6,2653,2205
2026-07,WEEKENDS/HOLIDAY,11,TRAIN,EW33,2129,1103
2026-07,WEEKDAY,23,TRAIN,NS14,8471,24493
2026-07,WEEKENDS/HOLIDAY,19,TRAIN,EW28,9435,14801
2026-07,WEEKENDS/HOLIDAY,19,TRAIN,EW19,5841,7510
2026-07,WEEKENDS/HOLIDAY,21,TRAIN,PE7,420,2150
2026-07,WEEKENDS/HOLIDAY,9,TRAIN,NS25/EW13,7481,50155
2026-07,WEEKDAY,10,TRAIN,TE19,3620,27098
2026-07,WEEKENDS/HOLIDAY,20,TRAIN,NS9/TE2,19479,28641
2026-07,WEEKDAY,9,TRAIN,DT10,8872,2708
2026-07,WEEKENDS/HOLIDAY,23,TRAIN,SE3,64,998
2026-07,WEEKENDS/HOLIDAY,13,TRAIN,DT10,1813,1254
2026-07,WEEKENDS/HOLIDAY,11,TRAIN,TE7,3354,1988
2026-07,WEEKENDS/HOLIDAY,0,TRAIN,DT7,7,76
2026-07,WEEKDAY,7,TRAIN,EW17,56889,28689
2026-07,WEEKDAY,11,TRAIN,PE6,9461,6591
2026-07,WEEKDAY,14,TRAIN,PE2,7313,6989
2026-07,WEEKENDS/HOLIDAY,5,TRAIN,PE7,312,7
2026-07,WEEKENDS/HOLIDAY,9,TRAIN,BP2,1510,584
2026-07,WEEKENDS/HOLIDAY,20,TRAIN,SE5,408,1591
2026-07,WEEKENDS/HOLIDAY,11,TRAIN,BP8,755,755
2026-07,WEEKDAY,18,TRAIN,TE12,14384,7368
2026-07,WEEKDAY,19,TRAIN,BP2,2190,8173
2026-07,WEEKDAY,23,TRAIN,PW4,624,2066
2026-07,WEEKDAY,5,TRAIN,NE1/CC29,1699,126
2026-07,WEEKENDS/HOLIDAY,14,TRAIN,DT3,2807,2492
2026-07,WEEKDAY,8,TRAIN,CC21,16187,15968
2026-07,WEEKENDS/HOLIDAY,15,TRAIN,DT25,1469,1665
2026-07,WEEKENDS/HOLIDAY,11,TRAIN,EW22,2486,1680
2026-07,WEEKDAY,9,TRAIN,DT23,4618,20700
2026-07,WEEKDAY,16,TRAIN,EW24/NS1,99002,74271
2026-07,WEEKDAY,12,TRAIN,NS2,27167,24031
2026-07,WEEKENDS/HOLIDAY,23,TRAIN,EW6,555,2483
2026-07,WEEKENDS/HOLIDAY,12,TRAIN,BP13,638,522
2026-07,WEEKENDS/HOLIDAY,7,TRAIN,NS16,14436,9813
2026-07,WEEKDAY,0,TRAIN,EW19,124,883
2026-07,WEEKENDS/HOLIDAY,17,TRAIN,CC26,2392,1738
2026-07,WEEKENDS/HOLIDAY,23,TRAIN,NS9/TE2,6371,13393
2026-07,WEEKDAY,22,TRAIN,NE17/PTC,19245,39254
2026-07,WEEKDAY,0,TRAIN,DT28,32,1050
2026-07,WEEKENDS/HOLIDAY,6,TRAIN,BP8,375,424
2026-07,WEEKENDS/HOLIDAY,17,TRAIN,BP13,492,472
2026-07,WEEKDAY,11,TRAIN,SE3,3228,1451
2026-07,WEEKDAY,17,TRAIN,TE1,45853,6151
2026-07,WEEKENDS/HOLIDAY,12,TRAIN,DT27,4276,3135
2026-07,WEEKDAY,18,TRAIN,SE1,6876,11486
2026-07,WEEKDAY,18,TRAIN,PW3,1439,2100
2026-07,WEEKENDS/HOLIDAY,15,TRAIN,SW8,331,559
2026-07,WEEKENDS/HOLIDAY,13,TRAIN,SW7,599,833
2026-07,WEEKDAY,12,TRAIN,SE2,5679,4810
2026-07,WEEKENDS/HOLIDAY,23,TRAIN,TE1,261,1009
2026-07,WEEKDAY,7,TRAIN,SW7,2785,2472
2026-07,WEEKDAY,12,TRAIN,PE2,6672,4946
2026-07,WEEKENDS/HOLIDAY,6,TRAIN,EW32,2297,2368
2026-07,WEEKENDS/HOLIDAY,5,TRAIN,CC27,31,7
2026-07,WEEKDAY,13,TRAIN,NE10,20485,18019
2026-07,WEEKENDS/HOLIDAY,23,TRAIN,EW4,774,4113
2026-07,WEEKENDS/HOLIDAY,23,TRAIN,NS28,147,94
2026-07,WEEKENDS/HOLIDAY,13,TRAIN,DT22,4860,6278
2026-07,WEEKDAY,12,TRAIN,TE1,10966,15914
2026-07,WEEKENDS/HOLIDAY,6,TRAIN,BP10,936,276
2026-07,WEEKDAY,21,TRAIN,CC14,4434,7637
2026-07,WEEKENDS/HOLIDAY,18,TRAIN,TE14/NS22,56806,34852
2026-07,WEEKDAY,11,TRAIN,PE1,4140,2306
2026-07,WEEKENDS/HOLIDAY,5,TRAIN,NE12/CC13,1514,150
2026-07,WEEKDAY,0,TRAIN,DT31,59,995
2026-07,WEEKDAY,15,TRAIN,TE18,15048,10990
2026-07,WEEKDAY,19,TRAIN,SE2,4126,16351
2026-07,WEEKENDS/HOLIDAY,15,TRAIN,CC8,3357,3124
2026-07,WEEKENDS/HOLIDAY,17,TRAIN,TE24,1718,1945
2026-07,WEEKDAY,8,TRAIN,DT4,10338,1283
2026-07,WEEKENDS/HOLIDAY,14,TRAIN,PE7,1729,1986
2026-07,WEEKENDS/HOLIDAY,14,TRAIN,NE12/CC13,28898,28678
2026-07,WEEKENDS/HOLIDAY,22,TRAIN,CC10/DT26,2960,6866
2026-07,WEEKENDS/HOLIDAY,17,TRAIN,EW17,10853,12389
2026-07,WEEKENDS/HOLIDAY,21,TRAIN,SE1,493,2404
2026-07,WEEKENDS/HOLIDAY,11,TRAIN,EW8/CC9,23436,33244
2026-07,WEEKDAY,10,TRAIN,BP2,3276,1017
2026-07,WEEKDAY,12,TRAIN,NS16,42285,37385
2026-07,WEEKDAY,22,TRAIN,NE4/DT19,49073,20399
2026-07,WEEKENDS/HOLIDAY,19,TRAIN,PW4,2129,2332
2026-07,WEEKDAY,22,TRAIN,DT20,7527,4392
2026-07,WEEKENDS/HOLIDAY,5,TRAIN,DT3,94,2
2026-07,WEEKDAY,15,TRAIN,EW2/DT32,50969,62451
2026-07,WEEKENDS/HOLIDAY,15,TRAIN,BP9,893,886
2026-07,WEEKENDS/HOLIDAY,20,TRAIN,NS12,4899,10315
2026-07,WEEKENDS/HOLIDAY,15,TRAIN,NE13,11258,10542
2026-07,WEEKENDS/HOLIDAY,13,TRAIN,TE25,1387,1406
2026-07,WEEKENDS/HOLIDAY,14,TRAIN,DT4,951,1047
2026-07,WEEKENDS/HOLIDAY,16,TRAIN,CC32,681,696
2026-07,WEEKENDS/HOLIDAY,16,TRAIN,CC30,273,302
2026-07,WEEKENDS/HOLIDAY,20,TRAIN,CC2,1256,1532
2026-07,WEEKENDS/HOLIDAY,19,TRAIN,EW10,6481,9315
2026-07,WEEKDAY,16,TRAIN,DT18,20141,8184
2026-07,WEEKDAY,21,TRAIN,DT5,13630,18959
2026-07,WEEKDAY,18,TRAIN,BP10,3891,11280
2026-07,WEEKENDS/HOLIDAY,16,TRAIN,EW30,2661,487
2026-07,WEEKENDS/HOLIDAY,9,TRAIN,EW2/DT32,23083,15070
2026-07,WEEKDAY,7,TRAIN,NS14,144636,49011
2026-07,WEEKDAY,9,TRAIN,DT6,9666,10599
2026-07,WEEKDAY,18,TRAIN,EW2/DT32,117662,226950
2026-07,WEEKDAY,5,TRAIN,SE5,1347,380
2026-07,WEEKENDS/HOLIDAY,8,TRAIN,NS7,14573,15074
2026-07,WEEKENDS/HOLIDAY,20,TRAIN,EW23,16478,20400
2026-07,WEEKENDS/HOLIDAY,6,TRAIN,EW17,4145,1822
2026-07,WEEKENDS/HOLIDAY,10,TRAIN,PW5,1686,657
2026-07,WEEKENDS/HOLIDAY,21,TRAIN,EW33,1782,2516
2026-07,WEEKDAY,6,TRAIN,SW7,1186,668
2026-07,WEEKDAY,19,TRAIN,BP12,1968,7181
2026-07,WEEKENDS/HOLIDAY,17,TRAIN,NS17/CC15,13480,10000
2026-07,WEEKDAY,14,TRAIN,DT30,8103,7677
2026-07,WEEKENDS/HOLIDAY,0,TRAIN,CG1/DT35,6,177
2026-07,WEEKENDS/HOLIDAY,12,TRAIN,EW26,15947,8100
2026-07,WEEKDAY,12,TRAIN,NS4/BP1,38282,35014
2026-07,WEEKENDS/HOLIDAY,17,TRAIN,CC25,3359,2056
2026-07,WEEKENDS/HOLIDAY,22,TRAIN,NS27/CC33/TE20,553,512
2026-07,WEEKENDS/HOLIDAY,21,TRAIN,NS15,2486,5344
2026-07,WEEKENDS/HOLIDAY,9,TRAIN,TE19,758,1865
2026-07,WEEKDAY,7,TRAIN,CC24,6820,78465
2026-07,WEEKDAY,14,TRAIN,NS12,14696,20179
2026-07,WEEKDAY,8,TRAIN,TE16,18389,19603
2026-07,WEEKENDS/HOLIDAY,15,TRAIN,TE19,2346,1722
2026-07,WEEKDAY,5,TRAIN,NS16,19146,3391
2026-07,WEEKDAY,7,TRAIN,NS11,180105,68949
2026-07,WEEKENDS/HOLIDAY,23,TRAIN,DT31,510,2290
2026-07,WEEKENDS/HOLIDAY,6,TRAIN,TE3,1854,1578
2026-07,WEEKDAY,13,TRAIN,DT13,17174,11970
2026-07,WEEKENDS/HOLIDAY,7,TRAIN,EW6,3486,2106
2026-07,WEEKDAY,6,TRAIN,TE19,736,8586
2026-07,WEEKDAY,10,TRAIN,DT25,4085,2641
2026-07,WEEKDAY,19,TRAIN,DT31,8759,28171
2026-07,WEEKENDS/HOLIDAY,11,TRAIN,DT31,3845,2217
2026-07,WEEKENDS/HOLIDAY,17,TRAIN,TE29,1973,2075
2026-07,WEEKENDS/HOLIDAY,23,TRAIN,DT22,3409,2473
2026-07,WEEKDAY,18,TRAIN,EW1,49154,119278
2026-07,WEEKENDS/HOLIDAY,14,TRAIN,SW3,749,600
2026-07,WEEKENDS/HOLIDAY,18,TRAIN,BP6/DT1,15354,22191
2026-07,WEEKENDS/HOLIDAY,13,TRAIN,CG2,11739,13383
2026-07,WEEKDAY,10,TRAIN,NS14,41436,17344
2026-07,WEEKENDS/HOLIDAY,21,TRAIN,TE1,1255,2284
2026-07,WEEKDAY,23,TRAIN,DT10,565,1611
2026-07,WEEKDAY,15,TRAIN,EW22,32457,10935
2026-07,WEEKENDS/HOLIDAY,20,TRAIN,EW14/NS26,12278,6013
2026-07,WEEKENDS/HOLIDAY,23,TRAIN,NE12/CC13,4233,10265
2026-07,WEEKDAY,22,TRAIN,PE1,782,5488
2026-07,WEEKDAY,18,TRAIN,NS16,86939,156598
2026-07,WEEKENDS/HOLIDAY,12,TRAIN,DT34,2435,1275
2026-07,WEEKDAY,12,TRAIN,NE15,23393,17669
2026-07,WEEKENDS/HOLIDAY,0,TRAIN,TE29,1,191
2026-07,WEEKENDS/HOLIDAY,5,TRAIN,EW22,93,46
2026-07,WEEKDAY,10,TRAIN,EW16/NE3/TE17,32154,47295
2026-07,WEEKENDS/HOLIDAY,12,TRAIN,EW3,8320,6246
2026-07,WEEKDAY,21,TRAIN,NS17/CC15,19326,32222
2026-07,WEEKENDS/HOLIDAY,23,TRAIN,NS3,1046,4132
2026-07,WEEKDAY,11,TRAIN,NE10,16859,11567
2026-07,WEEKENDS/HOLIDAY,17,TRAIN,PE2,2474,2482
2026-07,WEEKDAY,8,TRAIN,NS19,99610,84287
2026-07,WEEKDAY,23,TRAIN,EW24/NS1,15935,12245
2026-07,WEEKDAY,17,TRAIN,PE1,4721,7272
2026-07,WEEKDAY,11,TRAIN,NE17/PTC,39537,34006
2026-07,WEEKENDS/HOLIDAY,12,TRAIN,NS27/CE2/TE20,898,1216
2026-07,WEEKENDS/HOLIDAY,18,TRAIN,EW7,6882,8209
2026-07,WEEKENDS/HOLIDAY,11,TRAIN,BP7,533,395
2026-07,WEEKDAY,15,TRAIN,CC20,6082,6522
2026-07,WEEKDAY,6,TRAIN,CC28,6848,2086
2026-07,WEEKDAY,21,TRAIN,TE29,1455,5399
2026-07,WEEKENDS/HOLIDAY,12,TRAIN,NS28,960,2453
2026-07,WEEKDAY,12,TRAIN,NS17/CC15,33648,16398
2026-07,WEEKDAY,11,TRAIN,SW7,1572,1028
2026-07,WEEKDAY,6,TRAIN,DT30,16183,4734
2026-07,WEEKDAY,10,TRAIN,CC19/DT9,6051,8076
2026-07,WEEKDAY,16,TRAIN,NS12,19546,26452
2026-07,WEEKENDS/HOLIDAY,5,TRAIN,TE19,5,0
2026-07,WEEKDAY,8,TRAIN,PW5,5956,1708
2026-07,WEEKENDS/HOLIDAY,10,TRAIN,NS14,17571,9074
2026-07,WEEKDAY,10,TRAIN,CC20,5188,3499
2026-07,WEEKENDS/HOLIDAY,17,TRAIN,DT22,5785,9368
2026-07,WEEKENDS/HOLIDAY,23,TRAIN,NS25/EW13,10614,1849
2026-07,WEEKENDS/HOLIDAY,19,TRAIN,CC27,1152,642
2026-07,WEEKENDS/HOLIDAY,10,TRAIN,EW6,6378,3603
2026-07,WEEKDAY,22,TRAIN,DT18,16850,3428
2026-07,WEEKDAY,10,TRAIN,NE16/STC,47147,26308
2026-07,WEEKENDS/HOLIDAY,7,TRAIN,SW2,1043,429
2026-07,WEEKENDS/HOLIDAY,20,TRAIN,NE17/PTC,18805,20971
2026-07,WEEKENDS/HOLIDAY,19,TRAIN,BP9,717,1046
2026-07,WEEKDAY,9,TRAIN,NS27/CC33/TE20,1285,21206
2026-07,WEEKDAY,21,TRAIN,DT13,10370,13078
2026-07,WEEKDAY,23,TRAIN,TE19,3167,659
2026-07,WEEKENDS/HOLIDAY,18,TRAIN,TE15,5466,5523
2026-07,WEEKENDS/HOLIDAY,0,TRAIN,DT28,23,549
2026-07,WEEKENDS/HOLIDAY,19,TRAIN,NS13,17822,28444
2026-07,WEEKENDS/HOLIDAY,20,TRAIN,NE12/CC13,21534,27511
2026-07,WEEKDAY,5,TRAIN,CC31,50,6
2026-07,WEEKDAY,15,TRAIN,TE3,15876,10847
2026-07,WEEKDAY,7,TRAIN,BP12,14369,9754
2026-07,WEEKDAY,10,TRAIN,PW4,4216,2671
2026-07,WEEKDAY,13,TRAIN,DT20,5482,8557
2026-07,WEEKENDS/HOLIDAY,23,TRAIN,SE4,95,759
2026-07,WEEKDAY,23,TRAIN,CC31,194,903
2026-07,WEEKENDS/HOLIDAY,17,TRAIN,EW28,15055,12957
2026-07,WEEKENDS/HOLIDAY,22,TRAIN,EW30,405,887
2026-07,WEEKDAY,12,TRAIN,EW14/NS26,81702,60520
2026-07,WEEKENDS/HOLIDAY,23,TRAIN,TE8,985,1238
2026-07,WEEKENDS/HOLIDAY,18,TRAIN,CG2,12733,11331
2026-07,WEEKENDS/HOLIDAY,16,TRAIN,EW32,2738,1683
2026-07,WEEKDAY,22,TRAIN,SE4,751,4108
2026-07,WEEKENDS/HOLIDAY,12,TRAIN,TE11,2264,1597
2026-07,WEEKDAY,11,TRAIN,DT24,5049,3287
2026-07,WEEKDAY,23,TRAIN,PW5,191,2117
2026-07,WEEKENDS/HOLIDAY,5,TRAIN,BP13,260,19
2026-07,WEEKENDS/HOLIDAY,19,TRAIN,DT23,1426,1361
2026-07,WEEKENDS/HOLIDAY,18,TRAIN,SW2,2229,1550
2026-07,WEEKENDS/HOLIDAY,23,TRAIN,CC6,1856,304
2026-07,WEEKENDS/HOLIDAY,11,TRAIN,EW28,13334,5478
2026-07,WEEKENDS/HOLIDAY,15,TRAIN,EW27,18859,21147
2026-07,WEEKDAY,17,TRAIN,NS8,34461,37857
2026-07,WEEKDAY,6,TRAIN,EW19,21406,9182
2026-07,WEEKDAY,16,TRAIN,NS17/CC15,38218,26660
2026-07,WEEKDAY,12,TRAIN,NS15,30332,21393
2026-07,WEEKENDS/HOLIDAY,15,TRAIN,CC6,5886,15542
2026-07,WEEKENDS/HOLIDAY,10,TRAIN,NS25/EW13,15785,50183
2026-07,WEEKENDS/HOLIDAY,10,TRAIN,EW31,1023,330
2026-07,WEEKENDS/HOLIDAY,0,TRAIN,CC28,1,30
2026-07,WEEKDAY,9,TRAIN,CC28,9527,8874
2026-07,WEEKDAY,6,TRAIN,BP8,4316,3907
2026-07,WEEKDAY,0,TRAIN,PE4,75,284
2026-07,WEEKENDS/HOLIDAY,17,TRAIN,NE5,6824,7849
2026-07,WEEKENDS/HOLIDAY,18,TRAIN,TE3,4691,4925
2026-07,WEEKENDS/HOLIDAY,0,TRAIN,EW6,41,371
2026-07,WEEKENDS/HOLIDAY,6,TRAIN,EW10,5374,1351
2026-07,WEEKENDS/HOLIDAY,9,TRAIN,DT28,4732,2050
2026-07,WEEKDAY,20,TRAIN,BP6/DT1,31290,65280
2026-07,WEEKENDS/HOLIDAY,6,TRAIN,SW4,645,170
2026-07,WEEKDAY,0,TRAIN,PE2,54,1054
2026-07,WEEKDAY,0,TRAIN,DT25,43,268
2026-07,WEEKENDS/HOLIDAY,11,TRAIN,EW17,10735,9670
2026-07,WEEKENDS/HOLIDAY,19,TRAIN,TE19,2644,1706
2026-07,WEEKENDS/HOLIDAY,13,TRAIN,CC16,3637,2637
2026-07,WEEKDAY,8,TRAIN,BP9,4803,3278
2026-07,WEEKENDS/HOLIDAY,18,TRAIN,NS16,16856,24312
2026-07,WEEKENDS/HOLIDAY,13,TRAIN,NS20,20843,13992
2026-07,WEEKDAY,5,TRAIN,DT4,252,8
2026-07,WEEKENDS/HOLIDAY,8,TRAIN,DT4,1197,215
2026-07,WEEKDAY,17,TRAIN,TE26,22439,23019
2026-07,WEEKENDS/HOLIDAY,23,TRAIN,TE4,950,770
2026-07,WEEKENDS/HOLIDAY,17,TRAIN,NE11,7806,8355
2026-07,WEEKDAY,5,TRAIN,DT13,736,95
2026-07,WEEKDAY,13,TRAIN,DT33,16602,11760
2026-07,WEEKDAY,12,TRAIN,EW6,11810,10187
2026-07,WEEKENDS/HOLIDAY,12,TRAIN,PW5,1336,970
2026-07,WEEKDAY,14,TRAIN,PE6,8710,12046
2026-07,WEEKENDS/HOLIDAY,16,TRAIN,CC23,2228,1744
2026-07,WEEKDAY,8,TRAIN,TE15,20476,20430
2026-07,WEEKENDS/HOLIDAY,8,TRAIN,TE8,2897,3885
2026-07,WEEKDAY,15,TRAIN,NE11,23134,17885
2026-07,WEEKENDS/HOLIDAY,19,TRAIN,DT10,1254,1222
2026-07,WEEKDAY,21,TRAIN,TE4,5325,5994
2026-07,WEEKDAY,14,TRAIN,NS20,46498,48518
2026-07,WEEKDAY,23,TRAIN,NS23,21849,4289
2026-07,WEEKENDS/HOLIDAY,7,TRAIN,TE13,390,1178
2026-07,WEEKDAY,0,TRAIN,EW20,100,541
2026-07,WEEKENDS/HOLIDAY,19,TRAIN,CC7,2699,4078
2026-07,WEEKDAY,5,TRAIN,DT33,7043,116
2026-07,WEEKDAY,15,TRAIN,NS28,5200,2327
2026-07,WEEKENDS/HOLIDAY,19,TRAIN,NS12,5892,10587
2026-07,WEEKENDS/HOLIDAY,16,TRAIN,BP12,1075,892
2026-07,WEEKENDS/HOLIDAY,16,TRAIN,EW20,5314,4619
2026-07,WEEKDAY,21,TRAIN,EW19,9839,23290
2026-07,WEEKDAY,12,TRAIN,CC10/DT26,19081,14183
2026-07,WEEKENDS/HOLIDAY,19,TRAIN,PE7,951,2209
2026-07,WEEKENDS/HOLIDAY,14,TRAIN,SW8,397,601
2026-07,WEEKENDS/HOLIDAY,8,TRAIN,TE6,6154,2206
2026-07,WEEKDAY,21,TRAIN,SW7,361,3555
2026-07,WEEKDAY,6,TRAIN,DT25,6692,4671
2026-07,WEEKDAY,21,TRAIN,DT28,5660,17617
2026-07,WEEKDAY,6,TRAIN,CC7,7914,2691
2026-07,WEEKENDS/HOLIDAY,0,TRAIN,NE10,77,212
2026-07,WEEKENDS/HOLIDAY,8,TRAIN,NS16,18289,12230
2026-07,WEEKDAY,8,TRAIN,NE13,66141,39276
2026-07,WEEKENDS/HOLIDAY,7,TRAIN,TE6,3758,1165
2026-07,WEEKENDS/HOLIDAY,23,TRAIN,CC32,52,117
2026-07,WEEKDAY,19,TRAIN,CC26,18005,7896
2026-07,WEEKDAY,11,TRAIN,EW16/NE3/TE17,46683,35916
2026-07,WEEKENDS/HOLIDAY,16,TRAIN,PE1,1753,1670
2026-07,WEEKENDS/HOLIDAY,14,TRAIN,CE1/DT16,7013,11029
2026-07,WEEKDAY,10,TRAIN,SW1,2604,1807
2026-07,WEEKENDS/HOLIDAY,14,TRAIN,PE5,2376,2451
2026-07,WEEKDAY,13,TRAIN,NS21/DT11,59038,69154
2026-07,WEEKDAY,12,TRAIN,NS20,56011,56230
2026-07,WEEKENDS/HOLIDAY,12,TRAIN,DT18,2707,3292
2026-07,WEEKENDS/HOLIDAY,10,TRAIN,DT17,1268,2188
2026-07,WEEKDAY,20,TRAIN,BP3,2243,8475
2026-07,WEEKENDS/HOLIDAY,11,TRAIN,EW5,15245,10827
2026-07,WEEKDAY,10,TRAIN,TE4,4096,4725
2026-07,WEEKDAY,21,TRAIN,NS27/CC33/TE20,3927,2216
2026-07,WEEKDAY,23,TRAIN,NS16,8438,28501
2026-07,WEEKENDS/HOLIDAY,6,TRAIN,DT18,119,422
2026-07,WEEKDAY,9,TRAIN,EW10,21132,10830
2026-07,WEEKENDS/HOLIDAY,5,TRAIN,PW7,218,90
2026-07,WEEKENDS/HOLIDAY,15,TRAIN,EW12/DT14,37134,35756
2026-07,WEEKDAY,9,TRAIN,EW20,21605,27988
2026-07,WEEKENDS/HOLIDAY,12,TRAIN,EW31,1871,449
2026-07,WEEKENDS/HOLIDAY,7,TRAIN,NS21/DT11,7709,10359
2026-07,WEEKENDS/HOLIDAY,22,TRAIN,DT28,1204,5848
2026-07,WEEKDAY,20,TRAIN,EW5,29454,47978
2026-07,WEEKENDS/HOLIDAY,9,TRAIN,BP5,1057,681
2026-07,WEEKDAY,8,TRAIN,TE4,12449,16839
2026-07,WEEKENDS/HOLIDAY,12,TRAIN,DT2,1693,754
2026-07,WEEKDAY,16,TRAIN,DT10,6642,3831
2026-07,WEEKENDS/HOLIDAY,22,TRAIN,NE4/DT19,16643,8023
2026-07,WEEKDAY,17,TRAIN,CG1/DT35,59479,12460
2026-07,WEEKDAY,6,TRAIN,SW3,5569,1110
2026-07,WEEKDAY,19,TRAIN,EW33,7580,14135
2026-07,WEEKENDS/HOLIDAY,0,TRAIN,NS7,1203,1371
2026-07,WEEKDAY,14,TRAIN,CC32,1213,1478
2026-07,WEEKDAY,21,TRAIN,EW26,13698,51654
2026-07,WEEKENDS/HOLIDAY,17,TRAIN,CC11,10051,5599
2026-07,WEEKENDS/HOLIDAY,5,TRAIN,TE3,634,49
2026-07,WEEKENDS/HOLIDAY,18,TRAIN,BP12,905,1203
2026-07,WEEKDAY,23,TRAIN,NE16/STC,4761,25805
2026-07,WEEKDAY,11,TRAIN,TE22,1745,5937
2026-07,WEEKENDS/HOLIDAY,18,TRAIN,TE4,3749,3746
2026-07,WEEKDAY,15,TRAIN,DT4,1816,2765
2026-07,WEEKENDS/HOLIDAY,20,TRAIN,NE9,6319,10174
2026-07,WEEKDAY,23,TRAIN,CC32,154,298
2026-07,WEEKENDS/HOLIDAY,18,TRAIN,SW8,370,717
2026-07,WEEKDAY,20,TRAIN,CC19/DT9,6073,5267
2026-07,WEEKDAY,20,TRAIN,EW14/NS26,105230,17275
2026-07,WEEKDAY,0,TRAIN,NS7,884,3220
2026-07,WEEKDAY,16,TRAIN,CC25,9960,5851
2026-07,WEEKENDS/HOLIDAY,5,TRAIN,DT24,66,0
2026-07,WEEKENDS/HOLIDAY,14,TRAIN,DT29,2554,2251
2026-07,WEEKENDS/HOLIDAY,14,TRAIN,CG2,13850,12901
2026-07,WEEKENDS/HOLIDAY,20,TRAIN,NE14,6526,15269
2026-07,WEEKDAY,12,TRAIN,BP10,3697,3043
2026-07,WEEKENDS/HOLIDAY,9,TRAIN,NS19,17267,12489
2026-07,WEEKDAY,14,TRAIN,DT20,4462,6845
2026-07,WEEKENDS/HOLIDAY,19,TRAIN,PW7,1064,1905
2026-07,WEEKDAY,9,TRAIN,NE5,7606,52214
2026-07,WEEKDAY,8,TRAIN,CG1/DT35,3694,90237
2026-07,WEEKDAY,20,TRAIN,EW26,20439,61521
2026-07,WEEKDAY,23,TRAIN,DT30,858,7074
2026-07,WEEKENDS/HOLIDAY,22,TRAIN,NS16,7096,20156
2026-07,WEEKDAY,16,TRAIN,EW5,31673,39652
2026-07,WEEKDAY,12,TRAIN,PE4,2005,1576
2026-07,WEEKDAY,13,TRAIN,NE15,24799,23044
2026-07,WEEKENDS/HOLIDAY,8,TRAIN,EW19,6859,4089
2026-07,WEEKENDS/HOLIDAY,23,TRAIN,TE3,442,2694
2026-07,WEEKDAY,10,TRAIN,EW5,34592,23117
2026-07,WEEKDAY,10,TRAIN,EW19,20025,8784
2026-07,WEEKDAY,19,TRAIN,NS2,33566,80231
2026-07,WEEKENDS/HOLIDAY,15,TRAIN,SW2,2079,1740
2026-07,WEEKDAY,6,TRAIN,TE16,6792,3772
2026-07,WEEKENDS/HOLIDAY,11,TRAIN,NS12,10938,5217
2026-07,WEEKDAY,5,TRAIN,DT17,62,1
2026-07,WEEKDAY,20,TRAIN,CE1/DT16,35665,12836
2026-07,WEEKENDS/HOLIDAY,17,TRAIN,NS8,8016,7629
2026-07,WEEKENDS/HOLIDAY,7,TRAIN,DT22,2090,1772
2026-07,WEEKDAY,12,TRAIN,SW6,2716,2366
2026-07,WEEKDAY,13,TRAIN,PE3,8369,7843
2026-07,WEEKENDS/HOLIDAY,10,TRAIN,CC20,2896,2283
2026-07,WEEKDAY,9,TRAIN,CC19/DT9,9286,11426
2026-07,WEEKENDS/HOLIDAY,11,TRAIN,SW4,1600,938
2026-07,WEEKENDS/HOLIDAY,11,TRAIN,TE11,2191,1390
2026-07,WEEKDAY,10,TRAIN,SE3,3777,1086
2026-07,WEEKDAY,20,TRAIN,SW6,1076,5712
2026-07,WEEKENDS/HOLIDAY,0,TRAIN,SW2,16,102
2026-07,WEEKENDS/HOLIDAY,21,TRAIN,PW3,111,528
2026-07,WEEKDAY,6,TRAIN,BP6/DT1,65357,29481
2026-07,WEEKDAY,11,TRAIN,TE3,12086,7859
2026-07,WEEKDAY,12,TRAIN,NS27/CC33/TE20,5240,4250
2026-07,WEEKENDS/HOLIDAY,15,TRAIN,EW4,6023,5952
2026-07,WEEKDAY,17,TRAIN,BP10,3961,6774
2026-07,WEEKDAY,17,TRAIN,EW27,93695,124309
2026-07,WEEKDAY,17,TRAIN,NE14,38891,62954
2026-07,WEEKENDS/HOLIDAY,8,TRAIN,EW24/NS1,13335,21238
2026-07,WEEKDAY,10,TRAIN,EW6,12754,7478
2026-07,WEEKDAY,20,TRAIN,NS9/TE2,53375,100429
2026-07,WEEKENDS/HOLIDAY,16,TRAIN,NS8,6705,6254
2026-07,WEEKENDS/HOLIDAY,5,TRAIN,DT22,27,0
2026-07,WEEKDAY,17,TRAIN,EW28,71042,52552
2026-07,WEEKDAY,14,TRAIN,EW19,12665,16864
2026-07,WEEKENDS/HOLIDAY,0,TRAIN,EW25,46,726
2026-07,WEEKDAY,20,TRAIN,EW17,22229,36842
2026-07,WEEKENDS/HOLIDAY,5,TRAIN,CC25,236,45
2026-07,WEEKENDS/HOLIDAY,16,TRAIN,NS13,20794,25838
2026-07,WEEKDAY,9,TRAIN,CC25,10161,14501
2026-07,WEEKENDS/HOLIDAY,12,TRAIN,NE15,13230,8591
2026-07,WEEKDAY,15,TRAIN,BP10,2493,4122
2026-07,WEEKDAY,21,TRAIN,NS5,15682,44783
2026-07,WEEKDAY,5,TRAIN,EW29,1969,10597
2026-07,WEEKENDS/HOLIDAY,9,TRAIN,TE16,4166,2574
2026-07,WEEKENDS/HOLIDAY,6,TRAIN,BP7,368,61
2026-07,WEEKENDS/HOLIDAY,18,TRAIN,CC17/TE9,2947,2756
2026-07,WEEKENDS/HOLIDAY,13,TRAIN,TE23,1371,1541
2026-07,WEEKENDS/HOLIDAY,22,TRAIN,NS3,2559,7314
2026-07,WEEKDAY,5,TRAIN,TE7,850,408
2026-07,WEEKDAY,23,TRAIN,NS2,4157,14924
2026-07,WEEKDAY,23,TRAIN,EW12/DT14,24229,12432
2026-07,WEEKDAY,5,TRAIN,NS4/BP1,17628,7616
2026-07,WEEKDAY,16,TRAIN,BP13,1450,1555
2026-07,WEEKDAY,7,TRAIN,DT8,8460,36594
2026-07,WEEKENDS/HOLIDAY,6,TRAIN,CC27,131,268
2026-07,WEEKENDS/HOLIDAY,21,TRAIN,TE14/NS22,47679,10881
2026-07,WEEKDAY,6,TRAIN,EW4,21435,14188
2026-07,WEEKENDS/HOLIDAY,5,TRAIN,EW21/CC22,385,147
2026-07,WEEKENDS/HOLIDAY,0,TRAIN,CC4/DT15,95,66
2026-07,WEEKDAY,12,TRAIN,EW17,26019,28304
2026-07,WEEKENDS/HOLIDAY,7,TRAIN,SW3,781,168
2026-07,WEEKDAY,16,TRAIN,TE18,16567,11429
2026-07,WEEKENDS/HOLIDAY,14,TRAIN,NS18,5618,5380
2026-07,WEEKDAY,22,TRAIN,PW3,124,984
2026-07,WEEKENDS/HOLIDAY,18,TRAIN,BP9,885,999
2026-07,WEEKENDS/HOLIDAY,7,TRAIN,NS2,9852,6192
2026-07,WEEKENDS/HOLIDAY,22,TRAIN,TE28,648,1622
2026-07,WEEKDAY,15,TRAIN,NS15,35695,14992
2026-07,WEEKDAY,14,TRAIN,TE5,4838,7052
2026-07,WEEKENDS/HOLIDAY,18,TRAIN,EW8/CC9,37625,28758
2026-07,WEEKDAY,6,TRAIN,TE13,873,3834
2026-07,WEEKENDS/HOLIDAY,11,TRAIN,DT6,3363,2151
2026-07,WEEKDAY,15,TRAIN,TE12,7044,5266
2026-07,WEEKDAY,0,TRAIN,NS28,5,12
2026-07,WEEKENDS/HOLIDAY,15,TRAIN,BP11,1335,1388
2026-07,WEEKDAY,15,TRAIN,NS7,18153,19483
2026-07,WEEKENDS/HOLIDAY,22,TRAIN,PW2,47,3
2026-07,WEEKENDS/HOLIDAY,13,TRAIN,DT20,2045,2390
2026-07,WEEKENDS/HOLIDAY,15,TRAIN,NS12,8058,7927
2026-07,WEEKDAY,15,TRAIN,PE1,3531,4431
2026-07,WEEKDAY,20,TRAIN,CC17/TE9,4552,9503
2026-07,WEEKDAY,18,TRAIN,NS10,81762,132883
2026-07,WEEKENDS/HOLIDAY,19,TRAIN,EW7,4640,8083
2026-07,WEEKDAY,18,TRAIN,CC14,21734,20646
2026-07,WEEKDAY,7,TRAIN,TE18,3172,10882
2026-07,WEEKENDS/HOLIDAY,14,TRAIN,NE7/DT12,16749,17386
2026-07,WEEKDAY,19,TRAIN,TE16,12759,14633
2026-07,WEEKENDS/HOLIDAY,8,TRAIN,DT21,1339,2943
2026-07,WEEKDAY,9,TRAIN,NS13,78982,36927
2026-07,WEEKDAY,6,TRAIN,NE1/CC29,8029,31822
2026-07,WEEKDAY,15,TRAIN,DT29,4707,6586
2026-07,WEEKDAY,23,TRAIN,EW3,1615,9861
2026-07,WEEKENDS/HOLIDAY,6,TRAIN,NS4/BP1,10587,5155
2026-07,WEEKDAY,17,TRAIN,CC19/DT9,13606,11104
2026-07,WEEKDAY,12,TRAIN,TE8,10469,11452
2026-07,WEEKDAY,15,TRAIN,PE6,8774,10544
2026-07,WEEKENDS/HOLIDAY,11,TRAIN,EW20,6116,4270
2026-07,WEEKENDS/HOLIDAY,5,TRAIN,TE11,34,11
2026-07,WEEKENDS/HOLIDAY,11,TRAIN,TE14/NS22,24812,56089
2026-07,WEEKDAY,10,TRAIN,NS16,44066,32744
2026-07,WEEKENDS/HOLIDAY,9,TRAIN,EW15,3632,10690
2026-07,WEEKENDS/HOLIDAY,14,TRAIN,TE4,2699,2184
2026-07,WEEKENDS/HOLIDAY,23,TRAIN,BP8,111,210
2026-07,WEEKDAY,21,TRAIN,SW4,1141,4428
2026-07,WEEKENDS/HOLIDAY,12,TRAIN,DT28,4712,2629
2026-07,WEEKDAY,13,TRAIN,EW31,1866,1234
2026-07,WEEKDAY,5,TRAIN,EW26,21841,2543
2026-07,WEEKENDS/HOLIDAY,16,TRAIN,EW9,12211,11507
2026-07,WEEKDAY,22,TRAIN,PW7,1171,3445
2026-07,WEEKDAY,7,TRAIN,EW31,5168,38673
2026-07,WEEKENDS/HOLIDAY,5,TRAIN,NE17/PTC,1666,382
2026-07,WEEKENDS/HOLIDAY,22,TRAIN,NS23,20073,4204
2026-07,WEEKDAY,14,TRAIN,CC30,247,312
2026-07,WEEKENDS/HOLIDAY,6,TRAIN,NS12,4838,1644
2026-07,WEEKDAY,13,TRAIN,CC23,15300,21358
2026-07,WEEKDAY,17,TRAIN,BP13,1588,2023
2026-07,WEEKENDS/HOLIDAY,7,TRAIN,DT23,499,457
2026-07,WEEKENDS/HOLIDAY,12,TRAIN,NE11,8073,7235
2026-07,WEEKDAY,13,TRAIN,BP8,2754,2315
2026-07,WEEKENDS/HOLIDAY,0,TRAIN,NS18,97,711
2026-07,WEEKDAY,21,TRAIN,TE23,2103,3500
2026-07,WEEKENDS/HOLIDAY,6,TRAIN,NS9/TE2,12279,8642
2026-07,WEEKDAY,13,TRAIN,NS8,19242,13685
2026-07,WEEKDAY,10,TRAIN,NS27/CE2/TE20,732,3000
2026-07,WEEKDAY,18,TRAIN,NS19,99766,108479
2026-07,WEEKDAY,19,TRAIN,TE6,9721,34734
2026-07,WEEKDAY,5,TRAIN,NS10,27203,3513
2026-07,WEEKDAY,6,TRAIN,CC26,2099,16932
2026-07,WEEKDAY,20,TRAIN,DT4,761,4521
2026-07,WEEKDAY,19,TRAIN,PE2,4474,16187
2026-07,WEEKENDS/HOLIDAY,17,TRAIN,EW12/DT14,40330,34524
2026-07,WEEKENDS/HOLIDAY,23,TRAIN,NE14,993,7220
2026-07,WEEKENDS/HOLIDAY,16,TRAIN,CG1/DT35,10000,9620
2026-07,WEEKDAY,9,TRAIN,PE7,8198,2480
2026-07,WEEKDAY,20,TRAIN,DT27,9740,12798
2026-07,WEEKENDS/HOLIDAY,17,TRAIN,BP3,1843,1831
2026-07,WEEKENDS/HOLIDAY,16,TRAIN,NS17/CC15,12654,9320
2026-07,WEEKENDS/HOLIDAY,18,TRAIN,NE4/DT19,32145,28528
2026-07,WEEKENDS/HOLIDAY,22,TRAIN,NE5,7259,3933
2026-07,WEEKDAY,16,TRAIN,NS23,50983,45644
2026-07,WEEKDAY,0,TRAIN,PW2,13,2
2026-07,WEEKENDS/HOLIDAY,23,TRAIN,BP4,37,259
2026-07,WEEKENDS/HOLIDAY,8,TRAIN,BP7,532,246
2026-07,WEEKDAY,10,TRAIN,PW2,189,206
2026-07,WEEKDAY,0,TRAIN,CE1/DT16,646,232
2026-07,WEEKDAY,15,TRAIN,BP13,1141,1405
2026-07,WEEKENDS/HOLIDAY,0,TRAIN,NS28,6,8
2026-07,WEEKDAY,6,TRAIN,TE24,2520,1055
2026-07,WEEKDAY,16,TRAIN,TE13,6849,5860
2026-07,WEEKDAY,5,TRAIN,TE28,315,2
2026-07,WEEKDAY,15,TRAIN,PW4,4264,5371
2026-07,WEEKENDS/HOLIDAY,15,TRAIN,DT8,1440,1594
2026-07,WEEKENDS/HOLIDAY,6,TRAIN,NE5,769,1127
2026-07,WEEKDAY,5,TRAIN,PE1,1883,298
2026-07,WEEKENDS/HOLIDAY,8,TRAIN,DT30,4348,1452
2026-07,WEEKENDS/HOLIDAY,21,TRAIN,CC34/DT16,28803,6853
2026-07,WEEKENDS/HOLIDAY,20,TRAIN,EW4,3825,7615
2026-07,WEEKENDS/HOLIDAY,9,TRAIN,CC3,1174,6116
2026-07,WEEKDAY,16,TRAIN,TE19,20138,4836
2026-07,WEEKENDS/HOLIDAY,22,TRAIN,DT25,682,1976
2026-07,WEEKDAY,18,TRAIN,DT10,10385,10009
2026-07,WEEKENDS/HOLIDAY,11,TRAIN,TE13,2497,1971
2026-07,WEEKENDS/HOLIDAY,9,TRAIN,NE13,12090,10614
2026-07,WEEKENDS/HOLIDAY,9,TRAIN,PW4,2017,1456
2026-07,WEEKDAY,12,TRAIN,NS10,38146,25271
2026-07,WEEKENDS/HOLIDAY,14,TRAIN,TE18,8694,6425
2026-07,WEEKDAY,18,TRAIN,DT23,28118,11522
2026-07,WEEKDAY,11,TRAIN,CC4/DT15,15824,31076
2026-07,WEEKENDS/HOLIDAY,15,TRAIN,NS2,10994,12634
2026-07,WEEKENDS/HOLIDAY,6,TRAIN,EW26,12000,4899
2026-07,WEEKDAY,23,TRAIN,EW23,9516,17993
2026-07,WEEKDAY,17,TRAIN,CC26,32122,6420
2026-07,WEEKDAY,18,TRAIN,DT25,13927,13655
2026-07,WEEKENDS/HOLIDAY,7,TRAIN,DT2,373,313
2026-07,WEEKENDS/HOLIDAY,10,TRAIN,EW23,20920,15571
2026-07,WEEKENDS/HOLIDAY,5,TRAIN,EW14/NS26,312,125
2026-07,WEEKENDS/HOLIDAY,7,TRAIN,CC8,1859,1304
2026-07,WEEKENDS/HOLIDAY,6,TRAIN,EW18,2355,2371
2026-07,WEEKDAY,20,TRAIN,BP11,1562,5990
2026-07,WEEKDAY,10,TRAIN,DT33,21373,5071
2026-07,WEEKDAY,15,TRAIN,PW7,3696,3840
2026-07,WEEKENDS/HOLIDAY,16,TRAIN,DT21,5121,4347
2026-07,WEEKDAY,16,TRAIN,TE27,8878,8048
2026-07,WEEKENDS/HOLIDAY,21,TRAIN,DT34,731,2337
2026-07,WEEKDAY,10,TRAIN,PE6,9318,6529
2026-07,WEEKDAY,17,TRAIN,DT17,89453,9844
2026-07,WEEKDAY,19,TRAIN,NS20,77881,42723
2026-07,WEEKENDS/HOLIDAY,14,TRAIN,NS12,7822,7674
2026-07,WEEKENDS/HOLIDAY,13,TRAIN,SW2,2899,1436
2026-07,WEEKENDS/HOLIDAY,14,TRAIN,SW4,1194,1405
2026-07,WEEKENDS/HOLIDAY,17,TRAIN,EW2/DT32,27815,32263
2026-07,WEEKENDS/HOLIDAY,18,TRAIN,DT34,2467,1877
2026-07,WEEKENDS/HOLIDAY,18,TRAIN,EW17,10113,12624
2026-07,WEEKENDS/HOLIDAY,8,TRAIN,NS20,6866,15925
2026-07,WEEKDAY,21,TRAIN,CC25,4308,7164
2026-07,WEEKDAY,5,TRAIN,EW17,5008,419
2026-07,WEEKENDS/HOLIDAY,9,TRAIN,CC2,1149,2414
2026-07,WEEKENDS/HOLIDAY,6,TRAIN,NS14,9803,2688
2026-07,WEEKENDS/HOLIDAY,20,TRAIN,CC16,1643,2364
2026-07,WEEKENDS/HOLIDAY,23,TRAIN,NS23,8252,1737
2026-07,WEEKDAY,14,TRAIN,NE14,28062,27171
2026-07,WEEKDAY,12,TRAIN,DT8,5686,4110
2026-07,WEEKDAY,12,TRAIN,DT17,44512,21887
2026-07,WEEKENDS/HOLIDAY,0,TRAIN,TE16,40,223
2026-07,WEEKDAY,22,TRAIN,CC14,3364,5666
2026-07,WEEKDAY,5,TRAIN,EW5,12031,1224
2026-07,WEEKDAY,7,TRAIN,NS18,40288,23721
2026-07,WEEKDAY,19,TRAIN,TE19,48758,5470
2026-07,WEEKENDS/HOLIDAY,6,TRAIN,BP12,857,115
2026-07,WEEKENDS/HOLIDAY,21,TRAIN,EW10,5775,7059
2026-07,WEEKENDS/HOLIDAY,19,TRAIN,EW12/DT14,35142,22808
2026-07,WEEKDAY,17,TRAIN,EW15,137997,35244
2026-07,WEEKENDS/HOLIDAY,12,TRAIN,NS19,18634,14539
2026-07,WEEKDAY,11,TRAIN,NS8,19697,10346
2026-07,WEEKDAY,13,TRAIN,CC6,7641,9833
2026-07,WEEKDAY,17,TRAIN,CC7,10449,11492
2026-07,WEEKDAY,0,TRAIN,NE4/DT19,418,1004
2026-07,WEEKENDS/HOLIDAY,22,TRAIN,EW4,2223,6883
2026-07,WEEKDAY,7,TRAIN,NS17/CC15,103756,60552
2026-07,WEEKENDS/HOLIDAY,23,TRAIN,SW3,56,335
2026-07,WEEKENDS/HOLIDAY,15,TRAIN,NE8,17980,19473
2026-07,WEEKDAY,11,TRAIN,EW6,12145,7189
2026-07,WEEKDAY,17,TRAIN,CG2,42920,22266
2026-07,WEEKDAY,11,TRAIN,EW22,20199,16952
2026-07,WEEKDAY,21,TRAIN,PE6,5029,7101
2026-07,WEEKDAY,16,TRAIN,NS4/BP1,43876,56409
2026-07,WEEKDAY,10,TRAIN,EW31,1620,1530
2026-07,WEEKENDS/HOLIDAY,16,TRAIN,CC34/DT16,17381,15012
2026-07,WEEKDAY,19,TRAIN,EW22,15396,14411
2026-07,WEEKDAY,10,TRAIN,CE1/DT16,3799,14957
2026-07,WEEKDAY,9,TRAIN,PW3,1244,1055
2026-07,WEEKENDS/HOLIDAY,11,TRAIN,CC32,496,452
2026-07,WEEKDAY,18,TRAIN,NS5,44864,112868
2026-07,WEEKENDS/HOLIDAY,18,TRAIN,NE17/PTC,24280,28159
2026-07,WEEKDAY,12,TRAIN,CG2,20273,31152
2026-07,WEEKDAY,5,TRAIN,EW12/DT14,6606,1131
2026-07,WEEKDAY,19,TRAIN,NS25/EW13,102735,62595
2026-07,WEEKDAY,9,TRAIN,TE23,7089,2170
2026-07,WEEKDAY,16,TRAIN,DT33,17337,19660
2026-07,WEEKENDS/HOLIDAY,10,TRAIN,EW25,6332,3990
2026-07,WEEKDAY,0,TRAIN,NS18,220,1751
2026-07,WEEKENDS/HOLIDAY,16,TRAIN,NS15,5521,4660
2026-07,WEEKDAY,5,TRAIN,NS11,24267,3768
2026-07,WEEKENDS/HOLIDAY,20,TRAIN,NE1/CC29,47048,12762
2026-07,WEEKENDS/HOLIDAY,0,TRAIN,SE1,37,230
2026-07,WEEKENDS/HOLIDAY,15,TRAIN,TE5,2614,2793
2026-07,WEEKENDS/HOLIDAY,12,TRAIN,TE5,3013,2330
2026-07,WEEKDAY,5,TRAIN,BP8,1976,768
2026-07,WEEKENDS/HOLIDAY,9,TRAIN,DT20,1393,2556
2026-07,WEEKENDS/HOLIDAY,5,TRAIN,TE12,13,22
2026-07,WEEKENDS/HOLIDAY,13,TRAIN,CC14,3274,2867
2026-07,WEEKENDS/HOLIDAY,22,TRAIN,SW3,122,508
2026-07,WEEKENDS/HOLIDAY,11,TRAIN,CC11,4124,5083
2026-07,WEEKENDS/HOLIDAY,8,TRAIN,SW1,803,267
2026-07,WEEKENDS/HOLIDAY,6,TRAIN,NS3,6216,2423
2026-07,WEEKENDS/HOLIDAY,17,TRAIN,TE27,2951,3072
2026-07,WEEKDAY,19,TRAIN,PW4,4209,11268
2026-07,WEEKDAY,17,TRAIN,NS12,33365,45907
2026-07,WEEKENDS/HOLIDAY,20,TRAIN,DT3,1126,3017
2026-07,WEEKENDS/HOLIDAY,6,TRAIN,PW1,34,265
2026-07,WEEKENDS/HOLIDAY,12,TRAIN,NS17/CC15,15838,6624
2026-07,WEEKENDS/HOLIDAY,23,TRAIN,CE1/DT16,7508,1200
2026-07,WEEKENDS/HOLIDAY,23,TRAIN,NS11,2172,12552
2026-07,WEEKDAY,9,TRAIN,SE1,9344,3120
2026-07,WEEKENDS/HOLIDAY,20,TRAIN,NS15,3666,5292
2026-07,WEEKDAY,20,TRAIN,PE3,3569,11094
2026-07,WEEKDAY,7,TRAIN,EW2/DT32,147838,69796
2026-07,WEEKENDS/HOLIDAY,22,TRAIN,NS24/NE6/CC1,13317,4580
2026-07,WEEKDAY,16,TRAIN,BP7,987,1450
2026-07,WEEKENDS/HOLIDAY,15,TRAIN,SE3,1150,1292
2026-07,WEEKENDS/HOLIDAY,10,TRAIN,EW29,2997,2648
2026-07,WEEKDAY,19,TRAIN,SW4,2559,6861
2026-07,WEEKENDS/HOLIDAY,18,TRAIN,DT28,5500,5792
2026-07,WEEKENDS/HOLIDAY,13,TRAIN,SE1,1839,1781
2026-07,WEEKENDS/HOLIDAY,6,TRAIN,BP9,541,390
2026-07,WEEKDAY,11,TRAIN,EW14/NS26,68582,60005
2026-07,WEEKDAY,5,TRAIN,TE6,5609,466
2026-07,WEEKENDS/HOLIDAY,5,TRAIN,NE15,869,34
2026-07,WEEKDAY,20,TRAIN,NE15,12193,49208
2026-07,WEEKDAY,19,TRAIN,PE6,7491,18495
2026-07,WEEKDAY,13,TRAIN,SW8,1268,3454
2026-07,WEEKDAY,8,TRAIN,DT21,12973,25400
2026-07,WEEKENDS/HOLIDAY,7,TRAIN,CC16,1362,2937
2026-07,WEEKDAY,17,TRAIN,DT23,18991,6099
2026-07,WEEKDAY,10,TRAIN,SW7,1396,862
2026-07,WEEKDAY,22,TRAIN,SW6,442,3553
2026-07,WEEKDAY,14,TRAIN,DT34,4197,5677
2026-07,WEEKENDS/HOLIDAY,9,TRAIN,TE1,1925,1425
2026-07,WEEKDAY,10,TRAIN,BP12,3047,1261
2026-07,WEEKDAY,10,TRAIN,TE5,6318,3598
2026-07,WEEKENDS/HOLIDAY,12,TRAIN,BP8,800,803
2026-07,WEEKDAY,16,TRAIN,SW1,4933,1408
2026-07,WEEKDAY,14,TRAIN,TE29,3001,4147
2026-07,WEEKDAY,11,TRAIN,BP3,4493,2104
2026-07,WEEKENDS/HOLIDAY,13,TRAIN,EW14/NS26,10234,10967
2026-07,WEEKENDS/HOLIDAY,10,TRAIN,EW30,719,288
2026-07,WEEKDAY,20,TRAIN,TE27,2782,9929
2026-07,WEEKENDS/HOLIDAY,23,TRAIN,PE4,163,415
2026-07,WEEKDAY,22,TRAIN,SW8,303,1851
2026-07,WEEKDAY,8,TRAIN,CC6,4686,13562
2026-07,WEEKENDS/HOLIDAY,11,TRAIN,NE11,7170,6616
2026-07,WEEKDAY,21,TRAIN,EW17,20234,32557
2026-07,WEEKDAY,20,TRAIN,NE17/PTC,45467,70575
2026-07,WEEKENDS/HOLIDAY,8,TRAIN,CC10/DT26,7828,5564
2026-07,WEEKDAY,0,TRAIN,TE26,145,630
2026-07,WEEKENDS/HOLIDAY,19,TRAIN,CC32,540,473
2026-07,WEEKDAY,21,TRAIN,SE1,1390,7251
2026-07,WEEKDAY,14,TRAIN,BP8,2152,2068
2026-07,WEEKDAY,13,TRAIN,BP4,3148,4929
2026-07,WEEKENDS/HOLIDAY,12,TRAIN,BP5,1222,853
2026-07,WEEKENDS/HOLIDAY,10,TRAIN,DT28,5019,1849
2026-07,WEEKENDS/HOLIDAY,21,TRAIN,PW4,1257,1663
2026-07,WEEKDAY,6,TRAIN,CC23,1267,15085
2026-07,WEEKDAY,17,TRAIN,CC31,2917,2712
2026-07,WEEKDAY,16,TRAIN,NS7,20466,29223
2026-07,WEEKDAY,13,TRAIN,NE11,18786,18308
2026-07,WEEKENDS/HOLIDAY,19,TRAIN,NS14,9515,15703
2026-07,WEEKENDS/HOLIDAY,20,TRAIN,EW19,3658,7584
2026-07,WEEKENDS/HOLIDAY,20,TRAIN,TE18,6608,4459
2026-07,WEEKENDS/HOLIDAY,18,TRAIN,PW3,360,482
2026-07,WEEKENDS/HOLIDAY,20,TRAIN,SE4,741,1701
2026-07,WEEKDAY,11,TRAIN,EW2/DT32,46071,41635
2026-07,WEEKENDS/HOLIDAY,23,TRAIN,CC24,451,393
2026-07,WEEKDAY,13,TRAIN,DT25,6610,4235
2026-07,WEEKENDS/HOLIDAY,10,TRAIN,SW4,1890,719
2026-07,WEEKENDS/HOLIDAY,21,TRAIN,TE26,6206,4074
2026-07,WEEKENDS/HOLIDAY,18,TRAIN,EW24/NS1,42936,42500
2026-07,WEEKDAY,9,TRAIN,CC32,939,4200
2026-07,WEEKENDS/HOLIDAY,20,TRAIN,CC6,54762,3744
2026-07,WEEKDAY,8,TRAIN,EW15,21734,233126
2026-07,WEEKDAY,12,TRAIN,NE1/CC29,38207,86560
2026-07,WEEKENDS/HOLIDAY,20,TRAIN,BP7,185,436
2026-07,WEEKENDS/HOLIDAY,0,TRAIN,TE22,33,35
2026-07,WEEKENDS/HOLIDAY,0,TRAIN,EW31,1,185
2026-07,WEEKENDS/HOLIDAY,15,TRAIN,EW30,1297,437
2026-07,WEEKENDS/HOLIDAY,6,TRAIN,CC24,344,3227
2026-07,WEEKDAY,19,TRAIN,EW2/DT32,80906,146754
2026-07,WEEKENDS/HOLIDAY,21,TRAIN,CC8,1989,4341
2026-07,WEEKENDS/HOLIDAY,13,TRAIN,BP4,660,663
2026-07,WEEKENDS/HOLIDAY,11,TRAIN,NS27/CE2/TE20,735,1206
2026-07,WEEKENDS/HOLIDAY,8,TRAIN,TE11,1965,1388
2026-07,WEEKENDS/HOLIDAY,8,TRAIN,CC17/TE9,2883,2471
2026-07,WEEKDAY,22,TRAIN,BP13,221,1247
2026-07,WEEKDAY,19,TRAIN,DT6,10536,12742
2026-07,WEEKDAY,6,TRAIN,EW31,7489,13795
2026-07,WEEKENDS/HOLIDAY,19,TRAIN,EW22,1816,2633
2026-07,WEEKENDS/HOLIDAY,5,TRAIN,EW10,481,96
2026-07,WEEKENDS/HOLIDAY,9,TRAIN,SE3,1841,526
2026-07,WEEKDAY,16,TRAIN,NE7/DT12,33686,27361
2026-07,WEEKENDS/HOLIDAY,13,TRAIN,SE3,1467,1182
2026-07,WEEKENDS/HOLIDAY,16,TRAIN,NS2,11097,13411
2026-07,WEEKDAY,7,TRAIN,NS25/EW13,6529,46425
2026-07,WEEKDAY,14,TRAIN,NE10,18389,18329
2026-07,WEEKDAY,13,TRAIN,DT23,3305,5022
2026-07,WEEKENDS/HOLIDAY,11,TRAIN,DT28,4508,1919
2026-07,WEEKENDS/HOLIDAY,6,TRAIN,BP2,854,122
2026-07,WEEKENDS/HOLIDAY,16,TRAIN,NS19,16323,16627
2026-07,WEEKENDS/HOLIDAY,12,TRAIN,NS8,8367,5117
2026-07,WEEKDAY,8,TRAIN,EW29,12478,87985
2026-07,WEEKENDS/HOLIDAY,17,TRAIN,CC3,7918,5228
2026-07,WEEKENDS/HOLIDAY,17,TRAIN,EW33,3877,2603
2026-07,WEEKDAY,21,TRAIN,TE25,1242,3742
2026-07,WEEKDAY,12,TRAIN,DT13,12149,18356
2026-07,WEEKENDS/HOLIDAY,15,TRAIN,SE2,2118,2293
2026-07,WEEKDAY,23,TRAIN,CC12,968,3120
2026-07,WEEKDAY,21,TRAIN,NS9/TE2,49515,87095
2026-07,WEEKDAY,20,TRAIN,DT10,2676,3980
2026-07,WEEKENDS/HOLIDAY,9,TRAIN,NS21/DT11,22066,22297
2026-07,WEEKENDS/HOLIDAY,10,TRAIN,DT29,3828,1212
2026-07,WEEKENDS/HOLIDAY,21,TRAIN,EW7,2450,8192
2026-07,WEEKDAY,21,TRAIN,EW12/DT14,101469,34636
2026-07,WEEKDAY,22,TRAIN,EW4,5326,19500
2026-07,WEEKDAY,0,TRAIN,PE7,16,649
2026-07,WEEKDAY,21,TRAIN,BP6/DT1,27057,52323
2026-07,WEEKDAY,16,TRAIN,BP11,3198,4682
2026-07,WEEKENDS/HOLIDAY,16,TRAIN,CC4/DT15,14213,12709
2026-07,WEEKDAY,19,TRAIN,NS7,30882,54564
2026-07,WEEKENDS/HOLIDAY,15,TRAIN,TE23,1266,1913
2026-07,WEEKENDS/HOLIDAY,13,TRAIN,EW16/NE3/TE17,11467,10064
2026-07,WEEKENDS/HOLIDAY,8,TRAIN,SW7,672,307
2026-07,WEEKENDS/HOLIDAY,6,TRAIN,TE26,517,345
2026-07,WEEKENDS/HOLIDAY,8,TRAIN,SE3,1608,479
2026-07,WEEKDAY,14,TRAIN,EW24/NS1,61049,64504
2026-07,WEEKENDS/HOLIDAY,13,TRAIN,CC3,4902,5741
2026-07,WEEKENDS/HOLIDAY,22,TRAIN,NE9,3352,8137
2026-07,WEEKDAY,8,TRAIN,CC2,2886,16735
2026-07,WEEKENDS/HOLIDAY,20,TRAIN,PE6,1917,2933
2026-07,WEEKDAY,20,TRAIN,EW32,11751,5154
2026-07,WEEKENDS/HOLIDAY,20,TRAIN,NS3,4433,9552
2026-07,WEEKDAY,18,TRAIN,NE5,68016,30954
2026-07,WEEKENDS/HOLIDAY,16,TRAIN,TE15,5357,5250
2026-07,WEEKDAY,23,TRAIN,DT21,4404,3470
2026-07,WEEKENDS/HOLIDAY,12,TRAIN,NS10,18892,11165
2026-07,WEEKDAY,0,TRAIN,CC32,0,2
2026-07,WEEKENDS/HOLIDAY,23,TRAIN,DT3,231,1199
2026-07,WEEKENDS/HOLIDAY,22,TRAIN,CC2,717,1056
2026-07,WEEKENDS/HOLIDAY,13,TRAIN,TE14/NS22,37590,53565
2026-07,WEEKDAY,13,TRAIN,TE8,12963,11489
2026-07,WEEKDAY,13,TRAIN,PE1,5276,5123
2026-07,WEEKENDS/HOLIDAY,18,TRAIN,BP10,1073,1613
2026-07,WEEKENDS/HOLIDAY,14,TRAIN,EW16/NE3/TE17,11031,9110
2026-07,WEEKENDS/HOLIDAY,21,TRAIN,DT7,534,1468
2026-07,WEEKENDS/HOLIDAY,8,TRAIN,TE29,1612,546
2026-07,WEEKDAY,17,TRAIN,EW6,16955,22863
2026-07,WEEKENDS/HOLIDAY,5,TRAIN,TE28,14,1
2026-07,WEEKENDS/HOLIDAY,14,TRAIN,CC7,2587,2942
2026-07,WEEKDAY,19,TRAIN,EW19,19548,42522
2026-07,WEEKDAY,19,TRAIN,SW5,6494,17247
2026-07,WEEKDAY,14,TRAIN,CC11,14419,13716
2026-07,WEEKENDS/HOLIDAY,7,TRAIN,NE1/CC29,3860,14142
2026-07,WEEKENDS/HOLIDAY,0,TRAIN,NS4/BP1,487,2180
2026-07,WEEKDAY,11,TRAIN,TE1,9552,8477
2026-07,WEEKDAY,21,TRAIN,NE12/CC13,59303,75219
2026-07,WEEKDAY,10,TRAIN,NS3,22965,12332
2026-07,WEEKDAY,11,TRAIN,CC2,4796,4485
2026-07,WEEKDAY,7,TRAIN,NS19,71732,60407
2026-07,WEEKDAY,12,TRAIN,CC16,9237,6088
2026-07,WEEKENDS/HOLIDAY,13,TRAIN,DT25,1675,1339
2026-07,WEEKDAY,20,TRAIN,TE15,13051,10853
2026-07,WEEKDAY,15,TRAIN,CC23,13894,6133
2026-07,WEEKDAY,7,TRAIN,NS27/CC33/TE20,1140,6441
2026-07,WEEKENDS/HOLIDAY,23,TRAIN,CC23,295,202
2026-07,WEEKDAY,0,TRAIN,SW7,41,323
2026-07,WEEKENDS/HOLIDAY,5,TRAIN,EW32,556,155
2026-07,WEEKENDS/HOLIDAY,11,TRAIN,BP2,1440,771
2026-07,WEEKDAY,13,TRAIN,EW20,13602,12914
2026-07,WEEKENDS/HOLIDAY,18,TRAIN,DT33,6813,7868
2026-07,WEEKENDS/HOLIDAY,21,TRAIN,PW1,810,142
2026-07,WEEKDAY,21,TRAIN,DT31,5687,13522
2026-07,WEEKENDS/HOLIDAY,18,TRAIN,NE16/STC,19953,26904
2026-07,WEEKDAY,11,TRAIN,BP8,1522,1521
2026-07,WEEKENDS/HOLIDAY,11,TRAIN,EW1,15086,8082
2026-07,WEEKENDS/HOLIDAY,10,TRAIN,CC31,928,778
2026-07,WEEKDAY,10,TRAIN,BP4,2331,4840
2026-07,WEEKDAY,22,TRAIN,EW10,5287,17637
2026-07,WEEKDAY,13,TRAIN,NS7,18735,15361
2026-07,WEEKENDS/HOLIDAY,5,TRAIN,DT33,531,9
2026-07,WEEKENDS/HOLIDAY,21,TRAIN,CC4/DT15,18509,3934
2026-07,WEEKENDS/HOLIDAY,0,TRAIN,SW3,2,98
2026-07,WEEKDAY,18,TRAIN,NS17/CC15,71272,78882
2026-07,WEEKENDS/HOLIDAY,14,TRAIN,NE8,17190,18709
2026-07,WEEKENDS/HOLIDAY,16,TRAIN,DT5,8069,7114
2026-07,WEEKDAY,23,TRAIN,TE4,2246,2096
2026-07,WEEKDAY,9,TRAIN,EW12/DT14,30152,127080
2026-07,WEEKDAY,5,TRAIN,SW3,1693,72
2026-07,WEEKDAY,14,TRAIN,CC12,12534,9907
2026-07,WEEKDAY,17,TRAIN,CC12,17694,16250
2026-07,WEEKENDS/HOLIDAY,20,TRAIN,DT29,1523,3996
2026-07,WEEKENDS/HOLIDAY,19,TRAIN,EW4,5458,7985
2026-07,WEEKDAY,5,TRAIN,DT8,186,184
2026-07,WEEKDAY,16,TRAIN,SW2,5203,4090
2026-07,WEEKENDS/HOLIDAY,8,TRAIN,EW26,17428,7412
2026-07,WEEKDAY,8,TRAIN,DT6,17146,21613
2026-07,WEEKDAY,16,TRAIN,SW3,2389,1822
2026-07,WEEKDAY,17,TRAIN,PW3,1290,1442
2026-07,WEEKDAY,12,TRAIN,EW22,24667,22835
2026-07,WEEKDAY,17,TRAIN,CE1/DT16,21305,16012
2026-07,WEEKENDS/HOLIDAY,12,TRAIN,EW11,8540,8804
2026-07,WEEKDAY,20,TRAIN,SE1,1998,8077
2026-07,WEEKDAY,19,TRAIN,NE14,30582,86091
2026-07,WEEKDAY,19,TRAIN,DT25,5343,10831
2026-07,WEEKENDS/HOLIDAY,8,TRAIN,CC19/DT9,2358,3803
2026-07,WEEKENDS/HOLIDAY,18,TRAIN,EW1,12456,17656
2026-07,WEEKENDS/HOLIDAY,16,TRAIN,DT28,4633,3699
2026-07,WEEKENDS/HOLIDAY,15,TRAIN,PE7,1591,1943
2026-07,WEEKENDS/HOLIDAY,5,TRAIN,PE1,192,47
2026-07,WEEKDAY,16,TRAIN,CC12,12889,9359
2026-07,WEEKENDS/HOLIDAY,18,TRAIN,BP13,448,548
2026-07,WEEKENDS/HOLIDAY,18,TRAIN,CC19/DT9,4735,3408
2026-07,WEEKENDS/HOLIDAY,18,TRAIN,NS7,16292,13746
2026-07,WEEKENDS/HOLIDAY,13,TRAIN,PE6,4267,3660
2026-07,WEEKDAY,21,TRAIN,CC8,4813,9472
2026-07,WEEKENDS/HOLIDAY,13,TRAIN,EW10,5314,6318
2026-07,WEEKDAY,19,TRAIN,PE3,6022,17930
2026-07,WEEKDAY,6,TRAIN,TE11,4016,4223
2026-07,WEEKENDS/HOLIDAY,8,TRAIN,TE16,2562,1962
2026-07,WEEKDAY,6,TRAIN,NE18,16828,5156
2026-07,WEEKENDS/HOLIDAY,11,TRAIN,EW24/NS1,17699,36230
2026-07,WEEKDAY,9,TRAIN,CC12,19094,4984
2026-07,WEEKENDS/HOLIDAY,18,TRAIN,DT13,6852,5278
2026-07,WEEKDAY,13,TRAIN,CC8,10086,7519
2026-07,WEEKENDS/HOLIDAY,17,TRAIN,EW31,4747,1347
2026-07,WEEKENDS/HOLIDAY,11,TRAIN,CC16,3078,1986
2026-07,WEEKDAY,23,TRAIN,PE7,172,2560
2026-07,WEEKDAY,20,TRAIN,DT29,4445,14308
2026-07,WEEKENDS/HOLIDAY,6,TRAIN,NE10,2199,1320
2026-07,WEEKENDS/HOLIDAY,12,TRAIN,SE4,2298,1533
2026-07,WEEKENDS/HOLIDAY,15,TRAIN,PE3,2701,2948
2026-07,WEEKENDS/HOLIDAY,23,TRAIN,CC31,233,329
2026-07,WEEKENDS/HOLIDAY,17,TRAIN,EW19,7697,7456
2026-07,WEEKDAY,14,TRAIN,TE7,6787,7271
2026-07,WEEKDAY,7,TRAIN,NE12/CC13,133295,71694
2026-07,WEEKENDS/HOLIDAY,18,TRAIN,DT27,4863,4184
2026-07,WEEKDAY,23,TRAIN,SW5,865,3786
2026-07,WEEKDAY,9,TRAIN,CC27,1755,56310
2026-07,WEEKENDS/HOLIDAY,5,TRAIN,NE14,1048,108
2026-07,WEEKDAY,11,TRAIN,DT4,2937,1035
2026-07,WEEKDAY,10,TRAIN,DT20,5340,7903
2026-07,WEEKDAY,10,TRAIN,EW27,34384,30785
2026-07,WEEKENDS/HOLIDAY,8,TRAIN,NS2,11678,8230
2026-07,WEEKDAY,14,TRAIN,EW29,9756,5717
2026-07,WEEKENDS/HOLIDAY,21,TRAIN,BP5,515,768
2026-07,WEEKENDS/HOLIDAY,17,TRAIN,EW1,14690,16889
2026-07,WEEKDAY,9,TRAIN,TE25,7321,2417
2026-07,WEEKDAY,20,TRAIN,NE1/CC29,112546,30925
2026-07,WEEKENDS/HOLIDAY,14,TRAIN,SW1,909,444
2026-07,WEEKENDS/HOLIDAY,18,TRAIN,NS15,5671,6463
2026-07,WEEKENDS/HOLIDAY,5,TRAIN,NS28,10,0
2026-07,WEEKDAY,22,TRAIN,NS25/EW13,77717,10282
2026-07,WEEKDAY,20,TRAIN,CG2,31024,19357
2026-07,WEEKDAY,6,TRAIN,DT3,8850,1774
2026-07,WEEKENDS/HOLIDAY,14,TRAIN,NS21/DT11,24817,25594
2026-07,WEEKDAY,16,TRAIN,NE10,22042,19364
2026-07,WEEKDAY,12,TRAIN,TE18,16456,20766
2026-07,WEEKENDS/HOLIDAY,14,TRAIN,EW22,2193,2555
2026-07,WEEKENDS/HOLIDAY,14,TRAIN,EW25,5313,5110
2026-07,WEEKDAY,20,TRAIN,PE1,1873,8116
2026-07,WEEKENDS/HOLIDAY,9,TRAIN,EW21/CC22,6402,7249
2026-07,WEEKDAY,22,TRAIN,NS27/CE2/TE20,1140,575
2026-07,WEEKENDS/HOLIDAY,8,TRAIN,CC5,791,937
2026-07,WEEKENDS/HOLIDAY,0,TRAIN,CC6,84,34
2026-07,WEEKDAY,13,TRAIN,TE3,14222,13043
2026-07,WEEKENDS/HOLIDAY,6,TRAIN,EW6,1995,675
2026-07,WEEKENDS/HOLIDAY,11,TRAIN,CC3,2007,5949
2026-07,WEEKENDS/HOLIDAY,5,TRAIN,BP9,310,280
2026-07,WEEKDAY,18,TRAIN,TE6,21221,47237
2026-07,WEEKENDS/HOLIDAY,16,TRAIN,TE13,1959,1670
2026-07,WEEKDAY,9,TRAIN,NS11,63250,22465
2026-07,WEEKDAY,0,TRAIN,NE9,239,792
2026-07,WEEKENDS/HOLIDAY,16,TRAIN,EW22,2108,2523
2026-07,WEEKENDS/HOLIDAY,5,TRAIN,CC6,95,6
2026-07,WEEKENDS/HOLIDAY,21,TRAIN,DT33,2019,10085
2026-07,WEEKDAY,0,TRAIN,SE2,37,804
2026-07,WEEKDAY,17,TRAIN,BP8,3744,3331
2026-07,WEEKDAY,11,TRAIN,DT7,3350,3163
2026-07,WEEKDAY,22,TRAIN,DT34,2480,4965
2026-07,WEEKENDS/HOLIDAY,14,TRAIN,EW26,11982,10138
2026-07,WEEKENDS/HOLIDAY,12,TRAIN,EW20,6430,4272
2026-07,WEEKENDS/HOLIDAY,16,TRAIN,EW8/CC9,36287,29690
2026-07,WEEKDAY,8,TRAIN,SW5,13346,3747
2026-07,WEEKENDS/HOLIDAY,15,TRAIN,CG1/DT35,9503,9732
2026-07,WEEKDAY,20,TRAIN,SW4,1744,4915
2026-07,WEEKENDS/HOLIDAY,21,TRAIN,DT21,3770,4118
2026-07,WEEKENDS/HOLIDAY,10,TRAIN,DT18,1667,3664
2026-07,WEEKENDS/HOLIDAY,20,TRAIN,NE7/DT12,20660,13175
2026-07,WEEKDAY,18,TRAIN,NE7/DT12,77768,59806
2026-07,WEEKDAY,14,TRAIN,PE5,7041,7796
2026-07,WEEKDAY,18,TRAIN,EW26,65961,115736
2026-07,WEEKDAY,20,TRAIN,CC28,2836,7502
2026-07,WEEKDAY,9,TRAIN,NE9,39598,39053
2026-07,WEEKENDS/HOLIDAY,14,TRAIN,TE6,4618,4299
2026-07,WEEKENDS/HOLIDAY,8,TRAIN,DT13,2196,3937
2026-07,WEEKENDS/HOLIDAY,9,TRAIN,BP10,1598,1037
2026-07,WEEKDAY,6,TRAIN,DT20,1503,4200
2026-07,WEEKDAY,15,TRAIN,EW3,18444,19738
2026-07,WEEKDAY,0,TRAIN,PE5,44,947
2026-07,WEEKDAY,19,TRAIN,CC12,7596,22142
2026-07,WEEKENDS/HOLIDAY,9,TRAIN,CC17/TE9,2974,2060
2026-07,WEEKDAY,13,TRAIN,NE17/PTC,55357,54286
2026-07,WEEKDAY,8,TRAIN,EW27,112764,83075
2026-07,WEEKENDS/HOLIDAY,9,TRAIN,SW7,728,340
2026-07,WEEKENDS/HOLIDAY,20,TRAIN,PW6,191,724
2026-07,WEEKDAY,5,TRAIN,DT18,89,0
2026-07,WEEKDAY,12,TRAIN,CG1/DT35,14979,15275
2026-07,WEEKENDS/HOLIDAY,17,TRAIN,CC12,4333,3386
2026-07,WEEKENDS/HOLIDAY,6,TRAIN,EW1,5357,1683
2026-07,WEEKDAY,5,TRAIN,NS20,1107,2419
2026-07,WEEKENDS/HOLIDAY,10,TRAIN,EW22,2604,2293
2026-07,WEEKENDS/HOLIDAY,23,TRAIN,SE5,101,586
2026-07,WEEKENDS/HOLIDAY,20,TRAIN,TE12,1010,1071
2026-07,WEEKDAY,5,TRAIN,EW11,3408,577
2026-07,WEEKENDS/HOLIDAY,16,TRAIN,NS7,11706,9407
2026-07,WEEKENDS/HOLIDAY,9,TRAIN,EW5,16702,9480
2026-07,WEEKENDS/HOLIDAY,18,TRAIN,TE26,9145,7314
2026-07,WEEKDAY,19,TRAIN,PE1,3697,11359
2026-07,WEEKDAY,8,TRAIN,EW8/CC9,60138,118735
2026-07,WEEKDAY,17,TRAIN,DT7,12287,8143
2026-07,WEEKDAY,6,TRAIN,EW17,31028,12258
2026-07,WEEKDAY,6,TRAIN,NS8,53783,13255
2026-07,WEEKENDS/HOLIDAY,9,TRAIN,EW14/NS26,3010,11177
2026-07,WEEKENDS/HOLIDAY,0,TRAIN,CC31,0,1
2026-07,WEEKENDS/HOLIDAY,20,TRAIN,NE13,6884,9947
2026-07,WEEKDAY,13,TRAIN,CG1/DT35,12270,18352
2026-07,WEEKDAY,13,TRAIN,EW23,56241,48609
2026-07,WEEKDAY,7,TRAIN,NE15,97882,15931
2026-07,WEEKDAY,16,TRAIN,NE14,26963,38700
2026-07,WEEKDAY,6,TRAIN,PE4,3729,568
2026-07,WEEKENDS/HOLIDAY,8,TRAIN,BP2,1593,561
2026-07,WEEKENDS/HOLIDAY,16,TRAIN,EW26,12843,12754
2026-07,WEEKDAY,8,TRAIN,TE25,11647,2935
2026-07,WEEKDAY,21,TRAIN,BP12,1081,3771
2026-07,WEEKENDS/HOLIDAY,10,TRAIN,NS27/CE2/TE20,439,1023
2026-07,WEEKENDS/HOLIDAY,10,TRAIN,NS28,491,2393
2026-07,WEEKDAY,0,TRAIN,PW7,97,426
2026-07,WEEKENDS/HOLIDAY,7,TRAIN,CC5,616,721
2026-07,WEEKENDS/HOLIDAY,14,TRAIN,PE6,3673,3355
2026-07,WEEKENDS/HOLIDAY,11,TRAIN,DT13,4768,5948
2026-07,WEEKENDS/HOLIDAY,14,TRAIN,EW4,5947,5170
2026-07,WEEKDAY,5,TRAIN,CC3,117,20
2026-07,WEEKENDS/HOLIDAY,19,TRAIN,DT34,2125,2178
2026-07,WEEKDAY,13,TRAIN,EW25,9085,7978
2026-07,WEEKENDS/HOLIDAY,23,TRAIN,NS2,1666,6424
2026-07,WEEKENDS/HOLIDAY,16,TRAIN,PE2,2338,2297
2026-07,WEEKDAY,21,TRAIN,TE11,3029,5471
2026-07,WEEKDAY,22,TRAIN,CC27,3003,776
2026-07,WEEKDAY,12,TRAIN,CC30,217,271
2026-07,WEEKDAY,15,TRAIN,SE4,3250,4726
2026-07,WEEKENDS/HOLIDAY,21,TRAIN,BP11,390,1716
2026-07,WEEKENDS/HOLIDAY,5,TRAIN,SE4,281,60
2026-07,WEEKENDS/HOLIDAY,15,TRAIN,CC5,2757,2567
2026-07,WEEKDAY,5,TRAIN,EW27,21874,5826
2026-07,WEEKENDS/HOLIDAY,13,TRAIN,EW32,1994,1022
2026-07,WEEKDAY,7,TRAIN,TE5,23325,12391
2026-07,WEEKENDS/HOLIDAY,14,TRAIN,BP8,740,664
2026-07,WEEKDAY,6,TRAIN,EW29,12066,56209
2026-07,WEEKENDS/HOLIDAY,21,TRAIN,DT5,3257,7489
2026-07,WEEKENDS/HOLIDAY,20,TRAIN,TE11,932,1794
2026-07,WEEKENDS/HOLIDAY,12,TRAIN,SW6,1168,909
2026-07,WEEKDAY,8,TRAIN,NS11,136089,44483
2026-07,WEEKENDS/HOLIDAY,14,TRAIN,EW17,10516,10411
2026-07,WEEKENDS/HOLIDAY,23,TRAIN,NS19,1925,7279
2026-07,WEEKENDS/HOLIDAY,8,TRAIN,BP9,1243,1507
2026-07,WEEKDAY,15,TRAIN,EW7,11038,16274
2026-07,WEEKDAY,19,TRAIN,NS21/DT11,94171,100990
2026-07,WEEKDAY,18,TRAIN,TE15,24166,30442
2026-07,WEEKENDS/HOLIDAY,0,TRAIN,EW12/DT14,409,591
2026-07,WEEKDAY,10,TRAIN,PW5,2477,1342
2026-07,WEEKDAY,15,TRAIN,SE2,3960,6578
2026-07,WEEKDAY,22,TRAIN,EW19,6470,17172
2026-07,WEEKDAY,23,TRAIN,DT18,7786,1499
2026-07,WEEKENDS/HOLIDAY,17,TRAIN,CC8,5011,3717
2026-07,WEEKENDS/HOLIDAY,7,TRAIN,CC32,75,73
2026-07,WEEKDAY,6,TRAIN,EW15,5189,31192
2026-07,WEEKDAY,12,TRAIN,NE12/CC13,58076,59124
2026-07,WEEKENDS/HOLIDAY,15,TRAIN,TE16,4036,3713
2026-07,WEEKENDS/HOLIDAY,18,TRAIN,SW7,544,981
2026-07,WEEKDAY,22,TRAIN,DT8,1356,2681
2026-07,WEEKDAY,18,TRAIN,CC12,17473,29212
2026-07,WEEKDAY,20,TRAIN,PW1,2754,945
2026-07,WEEKDAY,15,TRAIN,EW6,8929,13010
2026-07,WEEKDAY,18,TRAIN,PE2,7207,15682
2026-07,WEEKDAY,13,TRAIN,SW5,9370,7213
2026-07,WEEKENDS/HOLIDAY,0,TRAIN,TE4,73,203
2026-07,WEEKDAY,19,TRAIN,NE11,24089,37620
2026-07,WEEKENDS/HOLIDAY,17,TRAIN,BP6/DT1,16260,19332
2026-07,WEEKENDS/HOLIDAY,15,TRAIN,NS15,5138,4272
2026-07,WEEKENDS/HOLIDAY,18,TRAIN,SE4,1576,1910
2026-07,WEEKENDS/HOLIDAY,20,TRAIN,SW8,180,773
2026-07,WEEKDAY,15,TRAIN,NS24/NE6/CC1,43175,37044
2026-07,WEEKENDS/HOLIDAY,17,TRAIN,TE11,2014,1860
2026-07,WEEKENDS/HOLIDAY,12,TRAIN,PE4,1060,747
2026-07,WEEKENDS/HOLIDAY,16,TRAIN,CC19/DT9,4467,4501
2026-07,WEEKDAY,6,TRAIN,NE5,1836,7693
2026-07,WEEKENDS/HOLIDAY,0,TRAIN,NE16/STC,218,1784
2026-07,WEEKDAY,17,TRAIN,NE1/CC29,121086,71833
2026-07,WEEKENDS/HOLIDAY,5,TRAIN,CC2,45,1
2026-07,WEEKENDS/HOLIDAY,7,TRAIN,EW19,4590,2780
2026-07,WEEKDAY,15,TRAIN,DT17,16493,8034
2026-07,WEEKENDS/HOLIDAY,18,TRAIN,TE12,2303,1294
2026-07,WEEKENDS/HOLIDAY,6,TRAIN,DT10,322,298
2026-07,WEEKENDS/HOLIDAY,6,TRAIN,DT21,233,451
2026-07,WEEKDAY,19,TRAIN,NS13,53429,162654
2026-07,WEEKDAY,5,TRAIN,DT6,261,301
2026-07,WEEKENDS/HOLIDAY,17,TRAIN,SW8,420,634
2026-07,WEEKENDS/HOLIDAY,19,TRAIN,SE2,1285,2842
2026-07,WEEKENDS/HOLIDAY,18,TRAIN,EW29,9905,7715
2026-07,WEEKDAY,13,TRAIN,BP9,3210,3232
2026-07,WEEKDAY,17,TRAIN,NE10,35529,28281
2026-07,WEEKENDS/HOLIDAY,7,TRAIN,NE16/STC,12154,5331
2026-07,WEEKDAY,6,TRAIN,SW1,3210,1815
2026-07,WEEKENDS/HOLIDAY,23,TRAIN,NE11,923,1743
2026-07,WEEKENDS/HOLIDAY,16,TRAIN,DT4,932,1051
2026-07,WEEKDAY,16,TRAIN,BP2,2601,3505
2026-07,WEEKENDS/HOLIDAY,5,TRAIN,EW8/CC9,599,145
2026-07,WEEKDAY,9,TRAIN,EW27,51907,39357
2026-07,WEEKENDS/HOLIDAY,12,TRAIN,NS27/CC33/TE20,1204,1656
2026-07,WEEKDAY,10,TRAIN,EW29,4691,7024
2026-07,WEEKDAY,20,TRAIN,PW7,2362,5756
2026-07,WEEKENDS/HOLIDAY,16,TRAIN,PE6,3436,3149
2026-07,WEEKDAY,8,TRAIN,TE12,7892,26733
2026-07,WEEKENDS/HOLIDAY,15,TRAIN,SE5,1090,1166
2026-07,WEEKENDS/HOLIDAY,10,TRAIN,CC24,1998,3930
2026-07,WEEKENDS/HOLIDAY,22,TRAIN,EW27,8657,19940
2026-07,WEEKDAY,23,TRAIN,TE14/NS22,19788,6554
2026-07,WEEKENDS/HOLIDAY,14,TRAIN,BP6/DT1,16331,14855
2026-07,WEEKDAY,22,TRAIN,NE1/CC29,80066,14839
2026-07,WEEKDAY,20,TRAIN,TE6,6153,23685
2026-07,WEEKENDS/HOLIDAY,0,TRAIN,SE5,21,170
2026-07,WEEKENDS/HOLIDAY,20,TRAIN,EW33,2490,2994
2026-07,WEEKENDS/HOLIDAY,11,TRAIN,TE1,1893,772
2026-07,WEEKENDS/HOLIDAY,15,TRAIN,DT23,1430,1503
2026-07,WEEKENDS/HOLIDAY,21,TRAIN,SW8,131,823
2026-07,WEEKDAY,11,TRAIN,DT31,8173,5014
2026-07,WEEKENDS/HOLIDAY,19,TRAIN,NS2,9817,15097
2026-07,WEEKENDS/HOLIDAY,14,TRAIN,CC5,2629,2759
2026-07,WEEKDAY,10,TRAIN,EW24/NS1,31680,69026
2026-07,WEEKDAY,17,TRAIN,DT6,24169,11895
2026-07,WEEKDAY,7,TRAIN,NE14,103845,46113
2026-07,WEEKENDS/HOLIDAY,11,TRAIN,NS5,14089,7429
2026-07,WEEKDAY,20,TRAIN,BP7,555,1649
2026-07,WEEKENDS/HOLIDAY,10,TRAIN,TE18,3732,7382
2026-07,WEEKENDS/HOLIDAY,20,TRAIN,NS17/CC15,6346,9290
2026-07,WEEKENDS/HOLIDAY,7,TRAIN,TE26,1007,1209
2026-07,WEEKENDS/HOLIDAY,8,TRAIN,EW31,1776,2290
2026-07,WEEKDAY,18,TRAIN,PW2,401,321
2026-07,WEEKDAY,10,TRAIN,CG2,15926,25713
2026-07,WEEKENDS/HOLIDAY,13,TRAIN,EW31,1245,445
2026-07,WEEKENDS/HOLIDAY,0,TRAIN,TE8,91,243
2026-07,WEEKDAY,0,TRAIN,EW28,16,4263
2026-07,WEEKENDS/HOLIDAY,19,TRAIN,DT13,6205,4515
2026-07,WEEKDAY,21,TRAIN,EW33,2733,6223
2026-07,WEEKDAY,14,TRAIN,NE15,20702,24904
2026-07,WEEKDAY,6,TRAIN,NS14,75301,19804
2026-07,WEEKENDS/HOLIDAY,15,TRAIN,CC19/DT9,3875,4015
2026-07,WEEKDAY,19,TRAIN,CC5,9788,6802
2026-07,WEEKDAY,6,TRAIN,SE2,14380,956
2026-07,WEEKENDS/HOLIDAY,17,TRAIN,DT24,1983,2153
2026-07,WEEKDAY,22,TRAIN,DT4,444,3108
2026-07,WEEKDAY,0,TRAIN,EW6,55,949
2026-07,WEEKENDS/HOLIDAY,18,TRAIN,SE2,2022,2955
2026-07,WEEKDAY,13,TRAIN,TE26,16663,18288
2026-07,WEEKENDS/HOLIDAY,21,TRAIN,TE27,966,3165
2026-07,WEEKDAY,10,TRAIN,EW33,3512,2618
2026-07,WEEKENDS/HOLIDAY,9,TRAIN,EW26,17436,6099
2026-07,WEEKENDS/HOLIDAY,5,TRAIN,TE13,29,1
2026-07,WEEKDAY,15,TRAIN,DT24,4090,4532
2026-07,WEEKDAY,21,TRAIN,BP9,963,2191
2026-07,WEEKDAY,17,TRAIN,CC30,250,238
2026-07,WEEKDAY,22,TRAIN,BP4,1134,2034
2026-07,WEEKDAY,16,TRAIN,DT8,14309,5346
2026-07,WEEKDAY,13,TRAIN,CC28,4218,3723
2026-07,WEEKDAY,8,TRAIN,PE4,4885,1530
2026-07,WEEKENDS/HOLIDAY,10,TRAIN,TE15,3420,4756
2026-07,WEEKDAY,18,TRAIN,EW20,48195,35474
2026-07,WEEKENDS/HOLIDAY,17,TRAIN,PW5,1174,1742
2026-07,WEEKENDS/HOLIDAY,22,TRAIN,CG1/DT35,6355,1388
2026-07,WEEKDAY,7,TRAIN,BP7,5073,2222
2026-07,WEEKENDS/HOLIDAY,18,TRAIN,EW25,6934,8287
2026-07,WEEKENDS/HOLIDAY,20,TRAIN,EW17,6822,10388
2026-07,WEEKENDS/HOLIDAY,9,TRAIN,NE7/DT12,7507,16193
2026-07,WEEKENDS/HOLIDAY,16,TRAIN,PE7,1630,1829
2026-07,WEEKDAY,14,TRAIN,TE26,16067,18508
2026-07,WEEKENDS/HOLIDAY,18,TRAIN,NE9,10622,10873
2026-07,WEEKDAY,12,TRAIN,EW15,37650,43668
2026-07,WEEKDAY,10,TRAIN,NS10,42839,18766
2026-07,WEEKENDS/HOLIDAY,15,TRAIN,EW21/CC22,10116,8224
2026-07,WEEKDAY,16,TRAIN,BP12,3529,3186
2026-07,WEEKENDS/HOLIDAY,9,TRAIN,NS15,7282,3804
2026-07,WEEKENDS/HOLIDAY,10,TRAIN,DT31,3849,1701
2026-07,WEEKENDS/HOLIDAY,6,TRAIN,EW11,4226,1774
2026-07,WEEKDAY,12,TRAIN,NS11,34935,25438
2026-07,WEEKDAY,5,TRAIN,EW1,11440,560
2026-07,WEEKDAY,23,TRAIN,EW9,5823,12442
2026-07,WEEKDAY,16,TRAIN,CC16,14108,7515
2026-07,WEEKENDS/HOLIDAY,17,TRAIN,NE14,12885,14857
2026-07,WEEKDAY,12,TRAIN,NS27/CE2/TE20,2623,1881
2026-07,WEEKDAY,12,TRAIN,DT24,5517,3982
2026-07,WEEKDAY,11,TRAIN,BP5,2324,1552
2026-07,WEEKENDS/HOLIDAY,11,TRAIN,PW6,961,474
2026-07,WEEKENDS/HOLIDAY,21,TRAIN,TE18,5732,3398
2026-07,WEEKDAY,10,TRAIN,NS4/BP1,34665,24892
2026-07,WEEKDAY,16,TRAIN,NS10,36813,45954
2026-07,WEEKENDS/HOLIDAY,9,TRAIN,NS8,10537,4879
2026-07,WEEKDAY,8,TRAIN,CC8,25927,8158
2026-07,WEEKENDS/HOLIDAY,22,TRAIN,BP6/DT1,6020,16684
2026-07,WEEKDAY,23,TRAIN,CC21,3324,2682
2026-07,WEEKDAY,8,TRAIN,EW14/NS26,11879,405430
2026-07,WEEKENDS/HOLIDAY,19,TRAIN,DT25,1289,2079
2026-07,WEEKDAY,0,TRAIN,TE22,69,71
2026-07,WEEKENDS/HOLIDAY,15,TRAIN,TE4,2801,1883
2026-07,WEEKENDS/HOLIDAY,8,TRAIN,NE17/PTC,16040,9752
2026-07,WEEKENDS/HOLIDAY,12,TRAIN,DT13,5493,6181
2026-07,WEEKDAY,18,TRAIN,SW8,1451,3264
2026-07,WEEKENDS/HOLIDAY,15,TRAIN,TE15,4859,5084
2026-07,WEEKDAY,16,TRAIN,PW1,3276,4019
2026-07,WEEKDAY,17,TRAIN,NS4/BP1,72259,93406
2026-07,WEEKDAY,23,TRAIN,CC11,4431,2582
2026-07,WEEKDAY,17,TRAIN,CC2,13411,4865
2026-07,WEEKENDS/HOLIDAY,16,TRAIN,DT8,1647,1727
2026-07,WEEKDAY,23,TRAIN,NS9/TE2,12760,36571
2026-07,WEEKDAY,19,TRAIN,CC21,17129,23398
2026-07,WEEKDAY,7,TRAIN,DT18,2000,31903
2026-07,WEEKDAY,11,TRAIN,EW7,15175,10489
2026-07,WEEKDAY,10,TRAIN,NS7,32808,24010
2026-07,WEEKENDS/HOLIDAY,16,TRAIN,NE12/CC13,31011,31527
2026-07,WEEKDAY,22,TRAIN,DT5,7721,15877
2026-07,WEEKDAY,0,TRAIN,EW23,499,2137
2026-07,WEEKDAY,16,TRAIN,EW23,64411,56898
2026-07,WEEKENDS/HOLIDAY,15,TRAIN,PE5,2244,2510
2026-07,WEEKENDS/HOLIDAY,17,TRAIN,TE7,3162,2393
2026-07,WEEKDAY,11,TRAIN,SW3,2001,1133
2026-07,WEEKENDS/HOLIDAY,6,TRAIN,TE28,430,80
2026-07,WEEKENDS/HOLIDAY,5,TRAIN,EW19,382,59
2026-07,WEEKENDS/HOLIDAY,14,TRAIN,NS25/EW13,31049,34787
2026-07,WEEKENDS/HOLIDAY,20,TRAIN,EW9,9899,14269
2026-07,WEEKENDS/HOLIDAY,5,TRAIN,EW11,439,57
2026-07,WEEKENDS/HOLIDAY,5,TRAIN,BP4,291,61
2026-07,WEEKDAY,23,TRAIN,DT20,3690,1790
2026-07,WEEKDAY,10,TRAIN,DT27,8846,8236
2026-07,WEEKDAY,20,TRAIN,NE18,17779,14433
2026-07,WEEKDAY,17,TRAIN,SW2,5401,4518
2026-07,WEEKENDS/HOLIDAY,14,TRAIN,DT34,1512,1580
2026-07,WEEKENDS/HOLIDAY,23,TRAIN,BP11,63,534
2026-07,WEEKDAY,17,TRAIN,EW21/CC22,113531,39758
2026-07,WEEKENDS/HOLIDAY,20,TRAIN,EW29,6474,6875
2026-07,WEEKENDS/HOLIDAY,11,TRAIN,EW6,5956,3968
2026-07,WEEKDAY,7,TRAIN,BP5,7856,3308
2026-07,WEEKDAY,22,TRAIN,EW15,36035,8003
2026-07,WEEKDAY,12,TRAIN,EW16/NE3/TE17,57666,42986
2026-07,WEEKENDS/HOLIDAY,10,TRAIN,TE11,2266,1369
2026-07,WEEKENDS/HOLIDAY,20,TRAIN,PE4,518,1102
2026-07,WEEKENDS/HOLIDAY,15,TRAIN,NS10,14071,13387
2026-07,WEEKDAY,15,TRAIN,CC3,9299,6598
2026-07,WEEKDAY,17,TRAIN,NS5,47476,65597
2026-07,WEEKENDS/HOLIDAY,10,TRAIN,SE4,2502,1334
2026-07,WEEKENDS/HOLIDAY,22,TRAIN,CG2,12946,4737
2026-07,WEEKENDS/HOLIDAY,10,TRAIN,EW32,2138,570
2026-07,WEEKDAY,19,TRAIN,EW29,42231,17194
2026-07,WEEKDAY,13,TRAIN,TE12,6627,8223
2026-07,WEEKENDS/HOLIDAY,10,TRAIN,DT30,5123,1608
2026-07,WEEKDAY,14,TRAIN,EW11,16749,20327
2026-07,WEEKENDS/HOLIDAY,8,TRAIN,NS8,9726,5722
2026-07,WEEKENDS/HOLIDAY,19,TRAIN,NS4/BP1,13120,20217
2026-07,WEEKENDS/HOLIDAY,15,TRAIN,EW2/DT32,25469,25197
2026-07,WEEKENDS/HOLIDAY,18,TRAIN,CC24,5610,3329
2026-07,WEEKENDS/HOLIDAY,5,TRAIN,SE5,196,48
2026-07,WEEKENDS/HOLIDAY,6,TRAIN,NE13,3485,2249
2026-07,WEEKENDS/HOLIDAY,10,TRAIN,DT4,1549,495
2026-07,WEEKDAY,13,TRAIN,DT5,18086,15074
2026-07,WEEKDAY,8,TRAIN,EW2/DT32,173421,69906
2026-07,WEEKENDS/HOLIDAY,14,TRAIN,NE1/CC29,25455,34758
2026-07,WEEKENDS/HOLIDAY,7,TRAIN,DT17,312,1316
2026-07,WEEKDAY,0,TRAIN,CC6,155,68
2026-07,WEEKDAY,14,TRAIN,SW3,2123,1618
2026-07,WEEKDAY,20,TRAIN,EW22,15740,9133
2026-07,WEEKENDS/HOLIDAY,11,TRAIN,CC23,1803,1591
2026-07,WEEKDAY,13,TRAIN,CC10/DT26,15951,19533
2026-07,WEEKDAY,16,TRAIN,PW4,4895,6287
2026-07,WEEKENDS/HOLIDAY,20,TRAIN,CC10/DT26,4276,8089
2026-07,WEEKDAY,13,TRAIN,SE4,4561,4554
2026-07,WEEKENDS/HOLIDAY,8,TRAIN,NE1/CC29,7240,17632
2026-07,WEEKENDS/HOLIDAY,7,TRAIN,BP4,699,273
2026-07,WEEKENDS/HOLIDAY,16,TRAIN,CC3,7575,6076
2026-07,WEEKENDS/HOLIDAY,10,TRAIN,DT20,1911,3053
2026-07,WEEKDAY,17,TRAIN,NS16,68488,92870
2026-07,WEEKDAY,5,TRAIN,DT21,101,0
2026-07,WEEKENDS/HOLIDAY,9,TRAIN,CC34/DT16,2251,10853
2026-07,WEEKDAY,18,TRAIN,NS12,35001,81772
2026-07,WEEKDAY,0,TRAIN,SE5,48,467
2026-07,WEEKENDS/HOLIDAY,19,TRAIN,DT8,1141,1819
2026-07,WEEKENDS/HOLIDAY,16,TRAIN,NE7/DT12,16933,18097
2026-07,WEEKENDS/HOLIDAY,9,TRAIN,DT7,2153,1258
2026-07,WEEKDAY,13,TRAIN,BP3,3479,3992
2026-07,WEEKENDS/HOLIDAY,12,TRAIN,NS3,10215,7531
2026-07,WEEKDAY,19,TRAIN,BP6/DT1,54142,117030
2026-07,WEEKENDS/HOLIDAY,17,TRAIN,DT20,3129,2740
2026-07,WEEKDAY,22,TRAIN,CC34/DT16,45640,12401
2026-07,WEEKDAY,0,TRAIN,NE13,179,2044
2026-07,WEEKENDS/HOLIDAY,12,TRAIN,CC26,1286,866
2026-07,WEEKDAY,5,TRAIN,EW22,551,667
2026-07,WEEKENDS/HOLIDAY,9,TRAIN,TE5,3388,1914
2026-07,WEEKDAY,8,TRAIN,NS12,89876,24547
2026-07,WEEKDAY,10,TRAIN,NE4/DT19,33205,76727
2026-07,WEEKDAY,8,TRAIN,DT31,44610,19926
2026-07,WEEKENDS/HOLIDAY,5,TRAIN,CC20,94,44
2026-07,WEEKDAY,20,TRAIN,NE16/STC,36387,83857
2026-07,WEEKENDS/HOLIDAY,8,TRAIN,NS18,7344,3106
2026-07,WEEKDAY,7,TRAIN,DT29,32845,10886
2026-07,WEEKENDS/HOLIDAY,17,TRAIN,EW24/NS1,41643,40541
2026-07,WEEKENDS/HOLIDAY,16,TRAIN,SW6,857,1180
2026-07,WEEKENDS/HOLIDAY,13,TRAIN,BP8,793,825
2026-07,WEEKDAY,15,TRAIN,CC11,18887,11097
2026-07,WEEKDAY,15,TRAIN,BP3,2939,4478
2026-07,WEEKENDS/HOLIDAY,9,TRAIN,EW3,8858,4034
2026-07,WEEKENDS/HOLIDAY,21,TRAIN,DT10,703,1271
2026-07,WEEKDAY,15,TRAIN,NS16,39486,46573
2026-07,WEEKENDS/HOLIDAY,12,TRAIN,CC7,3017,2446
2026-07,WEEKENDS/HOLIDAY,19,TRAIN,NS27/CC33/TE20,1398,2041
2026-07,WEEKENDS/HOLIDAY,0,TRAIN,NE13,92,694
2026-07,WEEKENDS/HOLIDAY,13,TRAIN,CC7,2639,2880
2026-07,WEEKDAY,8,TRAIN,TE3,43368,21260
2026-07,WEEKENDS/HOLIDAY,23,TRAIN,PW2,19,3
2026-07,WEEKDAY,17,TRAIN,CC10/DT26,51491,28244
2026-07,WEEKDAY,14,TRAIN,SE4,3571,4599
2026-07,WEEKENDS/HOLIDAY,22,TRAIN,DT22,6930,4033
2026-07,WEEKENDS/HOLIDAY,6,TRAIN,DT29,1081,273
2026-07,WEEKENDS/HOLIDAY,22,TRAIN,CC24,1636,1120
2026-07,WEEKENDS/HOLIDAY,18,TRAIN,TE24,1736,2128
2026-07,WEEKENDS/HOLIDAY,12,TRAIN,NE5,5213,7200
2026-07,WEEKDAY,12,TRAIN,EW4,17379,9966
2026-07,WEEKDAY,14,TRAIN,NE18,12736,15912
2026-07,WEEKDAY,17,TRAIN,TE23,4361,6923
2026-07,WEEKENDS/HOLIDAY,22,TRAIN,TE24,402,893
2026-07,WEEKENDS/HOLIDAY,6,TRAIN,SW7,259,74
2026-07,WEEKDAY,7,TRAIN,NS24/NE6/CC1,11668,35446
2026-07,WEEKDAY,18,TRAIN,EW16/NE3/TE17,154369,47044
2026-07,WEEKENDS/HOLIDAY,21,TRAIN,PW7,548,1707
2026-07,WEEKDAY,14,TRAIN,CC4/DT15,22370,24001
2026-07,WEEKENDS/HOLIDAY,7,TRAIN,SE3,1212,309
2026-07,WEEKDAY,5,TRAIN,PE2,2802,216
2026-07,WEEKENDS/HOLIDAY,22,TRAIN,NS27/CE2/TE20,302,301
2026-07,WEEKENDS/HOLIDAY,20,TRAIN,DT4,362,1231
2026-07,WEEKENDS/HOLIDAY,15,TRAIN,CG2,16439,12805
2026-07,WEEKENDS/HOLIDAY,11,TRAIN,EW30,787,396
2026-07,WEEKDAY,5,TRAIN,DT29,2243,125
2026-07,WEEKDAY,11,TRAIN,EW25,11113,5491
2026-07,WEEKENDS/HOLIDAY,21,TRAIN,DT29,1175,4407
2026-07,WEEKENDS/HOLIDAY,0,TRAIN,NS2,235,1505
2026-07,WEEKENDS/HOLIDAY,18,TRAIN,SW1,785,477
2026-07,WEEKENDS/HOLIDAY,6,TRAIN,DT24,758,265
2026-07,WEEKDAY,19,TRAIN,TE22,6193,12581
2026-07,WEEKDAY,22,TRAIN,BP3,1195,4073
2026-07,WEEKDAY,18,TRAIN,EW3,36338,63086
2026-07,WEEKDAY,12,TRAIN,TE6,12895,7305
2026-07,WEEKDAY,10,TRAIN,TE1,4975,13442
2026-07,WEEKENDS/HOLIDAY,10,TRAIN,DT27,3880,2283
2026-07,WEEKENDS/HOLIDAY,13,TRAIN,TE22,1640,4135
2026-07,WEEKDAY,18,TRAIN,CC5,19135,9612
2026-07,WEEKENDS/HOLIDAY,19,TRAIN,PE5,1417,3297
2026-07,WEEKDAY,9,TRAIN,CC14,12194,9192
2026-07,WEEKDAY,20,TRAIN,DT3,3227,11978
2026-07,WEEKDAY,20,TRAIN,DT20,11104,7784
2026-07,WEEKENDS/HOLIDAY,14,TRAIN,TE14/NS22,41551,49388
2026-07,WEEKENDS/HOLIDAY,12,TRAIN,NE8,14595,18313
2026-07,WEEKENDS/HOLIDAY,8,TRAIN,CC16,2296,3151
2026-07,WEEKDAY,21,TRAIN,DT17,19346,4957
2026-07,WEEKDAY,5,TRAIN,CC2,165,2
2026-07,WEEKDAY,8,TRAIN,DT13,12133,22234
2026-07,WEEKENDS/HOLIDAY,18,TRAIN,CC25,2864,2842
2026-07,WEEKENDS/HOLIDAY,8,TRAIN,NS9/TE2,21090,19090
2026-07,WEEKDAY,19,TRAIN,EW17,32321,59958
2026-07,WEEKDAY,18,TRAIN,CC4/DT15,108070,42509
2026-07,WEEKENDS/HOLIDAY,11,TRAIN,CC10/DT26,7827,5201
2026-07,WEEKDAY,19,TRAIN,DT28,18542,26649
2026-07,WEEKENDS/HOLIDAY,7,TRAIN,NE13,6000,5020
2026-07,WEEKDAY,12,TRAIN,CC4/DT15,23252,36750
2026-07,WEEKDAY,15,TRAIN,CG1/DT35,14957,9318
2026-07,WEEKENDS/HOLIDAY,9,TRAIN,NS4/BP1,14659,10530
2026-07,WEEKDAY,22,TRAIN,NS4/BP1,17623,37450
2026-07,WEEKDAY,14,TRAIN,DT13,11215,11056
2026-07,WEEKENDS/HOLIDAY,6,TRAIN,EW15,1006,3200
2026-07,WEEKENDS/HOLIDAY,20,TRAIN,EW1,6972,14869
2026-07,WEEKENDS/HOLIDAY,15,TRAIN,NS27/CC33/TE20,1566,1976
2026-07,WEEKENDS/HOLIDAY,5,TRAIN,DT31,197,3
2026-07,WEEKENDS/HOLIDAY,5,TRAIN,NS21/DT11,362,239
2026-07,WEEKDAY,5,TRAIN,DT25,907,394
2026-07,WEEKENDS/HOLIDAY,20,TRAIN,BP11,532,1602
2026-07,WEEKENDS/HOLIDAY,6,TRAIN,CG1/DT35,732,1101
2026-07,WEEKDAY,10,TRAIN,TE29,4576,1407
2026-07,WEEKENDS/HOLIDAY,10,TRAIN,NE18,5392,5205
2026-07,WEEKENDS/HOLIDAY,19,TRAIN,CC25,3363,2571
2026-07,WEEKENDS/HOLIDAY,11,TRAIN,SW1,1075,566
2026-07,WEEKDAY,21,TRAIN,NE15,10511,42978
2026-07,WEEKENDS/HOLIDAY,7,TRAIN,CC14,1448,2053
2026-07,WEEKDAY,7,TRAIN,TE26,12528,6913
2026-07,WEEKENDS/HOLIDAY,12,TRAIN,TE12,2766,2144
2026-07,WEEKDAY,10,TRAIN,CC24,16144,42157
2026-07,WEEKENDS/HOLIDAY,6,TRAIN,PE6,882,424
2026-07,WEEKDAY,22,TRAIN,BP2,493,3429
2026-07,WEEKDAY,0,TRAIN,TE14/NS22,892,786
2026-07,WEEKENDS/HOLIDAY,23,TRAIN,CC26,251,339
2026-07,WEEKENDS/HOLIDAY,10,TRAIN,NE14,16488,7456
2026-07,WEEKDAY,8,TRAIN,DT33,93960,19020
2026-07,WEEKENDS/HOLIDAY,23,TRAIN,CC7,963,1471
2026-07,WEEKDAY,16,TRAIN,EW21/CC22,47274,24798
2026-07,WEEKDAY,22,TRAIN,PW1,959,152
2026-07,WEEKDAY,13,TRAIN,PE5,8610,7747
2026-07,WEEKDAY,23,TRAIN,BP10,268,1289
2026-07,WEEKDAY,16,TRAIN,CC3,10507,6090
2026-07,WEEKDAY,7,TRAIN,CC3,632,8234
2026-07,WEEKENDS/HOLIDAY,7,TRAIN,DT18,243,826
2026-07,WEEKDAY,15,TRAIN,TE24,4904,4372
2026-07,WEEKDAY,13,TRAIN,SE5,5002,3187
2026-07,WEEKDAY,23,TRAIN,DT24,830,3964
2026-07,WEEKENDS/HOLIDAY,12,TRAIN,DT24,2028,1410
2026-07,WEEKDAY,15,TRAIN,EW18,16600,17023
2026-07,WEEKDAY,15,TRAIN,NE14,26324,29701
2026-07,WEEKENDS/HOLIDAY,21,TRAIN,CC10/DT26,3886,8176
2026-07,WEEKENDS/HOLIDAY,5,TRAIN,TE25,5,0
2026-07,WEEKDAY,10,TRAIN,PW7,3058,1829
2026-07,WEEKDAY,15,TRAIN,NE16/STC,44478,58555
2026-07,WEEKENDS/HOLIDAY,9,TRAIN,DT33,9054,2288
2026-07,WEEKDAY,0,TRAIN,SW8,16,155
2026-07,WEEKDAY,20,TRAIN,NS25/EW13,91616,26536
2026-07,WEEKDAY,22,TRAIN,NS19,15101,38839
2026-07,WEEKENDS/HOLIDAY,19,TRAIN,NS8,6508,6992
2026-07,WEEKDAY,19,TRAIN,EW30,14209,3287
2026-07,WEEKDAY,14,TRAIN,CC20,9559,6221
2026-07,WEEKDAY,12,TRAIN,CE1/DT16,9012,15723
2026-07,WEEKENDS/HOLIDAY,21,TRAIN,CC11,4858,3666
2026-07,WEEKENDS/HOLIDAY,17,TRAIN,SE1,1977,1998
2026-07,WEEKDAY,8,TRAIN,BP3,17130,2604
2026-07,WEEKENDS/HOLIDAY,16,TRAIN,EW24/NS1,38747,33279
2026-07,WEEKDAY,10,TRAIN,TE7,6572,4454
2026-07,WEEKDAY,18,TRAIN,EW7,28528,53256
2026-07,WEEKDAY,13,TRAIN,DT27,13633,9744
2026-07,WEEKENDS/HOLIDAY,0,TRAIN,TE28,4,219
2026-07,WEEKDAY,14,TRAIN,NE13,24113,26187
2026-07,WEEKENDS/HOLIDAY,19,TRAIN,NE17/PTC,21535,24929
2026-07,WEEKDAY,19,TRAIN,BP4,2062,5308
2026-07,WEEKDAY,0,TRAIN,SW6,16,574
2026-07,WEEKDAY,20,TRAIN,TE16,7968,11631
2026-07,WEEKDAY,23,TRAIN,EW20,2078,6147
2026-07,WEEKDAY,5,TRAIN,DT3,818,105
2026-07,WEEKENDS/HOLIDAY,18,TRAIN,SE5,1122,1337
2026-07,WEEKENDS/HOLIDAY,22,TRAIN,DT10,612,1021
2026-07,WEEKENDS/HOLIDAY,18,TRAIN,PW7,1492,1680
2026-07,WEEKENDS/HOLIDAY,23,TRAIN,NS21/DT11,8462,8177
2026-07,WEEKDAY,6,TRAIN,EW21/CC22,15025,22288
2026-07,WEEKDAY,0,TRAIN,CC2,15,50
2026-07,WEEKENDS/HOLIDAY,19,TRAIN,CC14,2036,2711
2026-07,WEEKENDS/HOLIDAY,7,TRAIN,TE18,572,1318
2026-07,WEEKDAY,10,TRAIN,DT28,11015,6099
2026-07,WEEKDAY,22,TRAIN,NS12,6710,24690
2026-07,WEEKENDS/HOLIDAY,21,TRAIN,NE1/CC29,50382,8350
2026-07,WEEKDAY,20,TRAIN,BP12,1130,4077
2026-07,WEEKDAY,17,TRAIN,NS11,62507,84496
2026-07,WEEKENDS/HOLIDAY,11,TRAIN,PE5,3516,1616
2026-07,WEEKENDS/HOLIDAY,14,TRAIN,EW5,14301,13611
2026-07,WEEKDAY,16,TRAIN,EW17,26522,32569
2026-07,WEEKDAY,19,TRAIN,NE16/STC,55617,143192
2026-07,WEEKDAY,11,TRAIN,DT10,4557,1706
2026-07,WEEKDAY,0,TRAIN,DT3,30,751
2026-07,WEEKDAY,0,TRAIN,EW26,60,4598
2026-07,WEEKDAY,11,TRAIN,TE11,4646,2504
2026-07,WEEKDAY,13,TRAIN,EW2/DT32,57552,56682
2026-07,WEEKDAY,6,TRAIN,EW27,75224,49182
2026-07,WEEKENDS/HOLIDAY,12,TRAIN,TE15,4896,5316
2026-07,WEEKENDS/HOLIDAY,21,TRAIN,NS25/EW13,36201,6729
2026-07,WEEKENDS/HOLIDAY,5,TRAIN,EW29,358,1024
2026-07,WEEKENDS/HOLIDAY,8,TRAIN,EW15,2352,9995
2026-07,WEEKENDS/HOLIDAY,9,TRAIN,CC20,2668,1872
2026-07,WEEKENDS/HOLIDAY,8,TRAIN,BP11,2150,694
2026-07,WEEKENDS/HOLIDAY,9,TRAIN,NS13,24737,13795
2026-07,WEEKENDS/HOLIDAY,6,TRAIN,CC2,138,277
2026-07,WEEKENDS/HOLIDAY,9,TRAIN,NS18,8601,3434
2026-07,WEEKDAY,12,TRAIN,NS3,22107,16105
2026-07,WEEKDAY,8,TRAIN,EW4,54943,27532
2026-07,WEEKENDS/HOLIDAY,23,TRAIN,DT7,169,476
2026-07,WEEKENDS/HOLIDAY,23,TRAIN,NS13,3821,13942
2026-07,WEEKENDS/HOLIDAY,9,TRAIN,EW32,1739,868
2026-07,WEEKDAY,13,TRAIN,TE28,6990,6708
2026-07,WEEKENDS/HOLIDAY,10,TRAIN,SE1,2405,1134
2026-07,WEEKDAY,7,TRAIN,EW19,48524,27564
2026-07,WEEKENDS/HOLIDAY,0,TRAIN,EW9,145,619
2026-07,WEEKENDS/HOLIDAY,8,TRAIN,DT34,1481,1112
2026-07,WEEKDAY,15,TRAIN,TE27,8692,6947
2026-07,WEEKDAY,6,TRAIN,BP3,13962,1409
2026-07,WEEKENDS/HOLIDAY,17,TRAIN,PE5,2632,2792
2026-07,WEEKDAY,11,TRAIN,PW1,1413,2751
2026-07,WEEKDAY,10,TRAIN,CC14,6867,3941
2026-07,WEEKENDS/HOLIDAY,15,TRAIN,NE7/DT12,16642,16555
2026-07,WEEKENDS/HOLIDAY,0,TRAIN,DT17,57,46
2026-07,WEEKENDS/HOLIDAY,6,TRAIN,TE14/NS22,1396,6814
2026-07,WEEKDAY,8,TRAIN,BP13,3627,849
2026-07,WEEKENDS/HOLIDAY,7,TRAIN,CC23,617,2164
2026-07,WEEKENDS/HOLIDAY,20,TRAIN,NS8,4768,7080
2026-07,WEEKDAY,23,TRAIN,DT3,584,3699
2026-07,WEEKDAY,22,TRAIN,EW20,4975,11734
2026-07,WEEKENDS/HOLIDAY,17,TRAIN,NS9/TE2,27644,32519
2026-07,WEEKDAY,0,TRAIN,CC34/DT16,1307,419
2026-07,WEEKDAY,5,TRAIN,SW8,617,203
2026-07,WEEKENDS/HOLIDAY,10,TRAIN,CC16,2738,2741
2026-07,WEEKDAY,17,TRAIN,TE6,15231,26440
2026-07,WEEKENDS/HOLIDAY,7,TRAIN,BP10,1327,494
2026-07,WEEKENDS/HOLIDAY,18,TRAIN,CC2,2949,1368
2026-07,WEEKENDS/HOLIDAY,22,TRAIN,CC20,511,1425
2026-07,WEEKENDS/HOLIDAY,14,TRAIN,TE28,1532,2044
2026-07,WEEKDAY,5,TRAIN,NS25/EW13,987,1064
2026-07,WEEKENDS/HOLIDAY,19,TRAIN,TE26,8259,5684
2026-07,WEEKDAY,9,TRAIN,CG1/DT35,3035,72102
2026-07,WEEKDAY,10,TRAIN,NS5,29794,13527
2026-07,WEEKDAY,8,TRAIN,NE14,112290,23597
2026-07,WEEKENDS/HOLIDAY,17,TRAIN,SW4,1372,1477
2026-07,WEEKDAY,15,TRAIN,SW5,7310,7881
2026-07,WEEKENDS/HOLIDAY,22,TRAIN,CC23,2528,557
2026-07,WEEKDAY,5,TRAIN,SW5,4638,279
2026-07,WEEKENDS/HOLIDAY,6,TRAIN,PW2,4,26
2026-07,WEEKDAY,23,TRAIN,CC16,887,2418
2026-07,WEEKENDS/HOLIDAY,19,TRAIN,PE4,795,1051
2026-07,WEEKENDS/HOLIDAY,11,TRAIN,PW2,111,158
2026-07,WEEKENDS/HOLIDAY,10,TRAIN,TE14/NS22,17781,51903
2026-07,WEEKENDS/HOLIDAY,21,TRAIN,NE9,4742,10039
2026-07,WEEKDAY,16,TRAIN,SW4,2624,4573
2026-07,WEEKDAY,22,TRAIN,DT3,1631,8264
2026-07,WEEKDAY,16,TRAIN,NE16/STC,49523,64804
2026-07,WEEKENDS/HOLIDAY,10,TRAIN,TE24,1946,883
2026-07,WEEKDAY,16,TRAIN,EW22,44458,9315
2026-07,WEEKENDS/HOLIDAY,6,TRAIN,EW25,4692,1259
2026-07,WEEKDAY,15,TRAIN,CC8,11061,7556
2026-07,WEEKENDS/HOLIDAY,0,TRAIN,EW1,0,1937
2026-07,WEEKENDS/HOLIDAY,9,TRAIN,CC16,2585,3437
2026-07,WEEKENDS/HOLIDAY,15,TRAIN,NE16/STC,20447,20831
2026-07,WEEKENDS/HOLIDAY,20,TRAIN,EW3,4113,9077
2026-07,WEEKDAY,18,TRAIN,CG1/DT35,96967,15491
2026-07,WEEKENDS/HOLIDAY,16,TRAIN,BP7,305,488
2026-07,WEEKENDS/HOLIDAY,6,TRAIN,TE4,702,556
2026-07,WEEKDAY,15,TRAIN,EW21/CC22,31327,21847
2026-07,WEEKENDS/HOLIDAY,13,TRAIN,BP11,1609,1383
2026-07,WEEKENDS/HOLIDAY,5,TRAIN,NE7/DT12,170,31
2026-07,WEEKENDS/HOLIDAY,22,TRAIN,PE4,324,756
2026-07,WEEKDAY,13,TRAIN,NS20,53430,58342
2026-07,WEEKENDS/HOLIDAY,23,TRAIN,TE23,315,509
2026-07,WEEKENDS/HOLIDAY,21,TRAIN,NS11,7373,22118
2026-07,WEEKDAY,18,TRAIN,DT27,46626,25001
2026-07,WEEKDAY,18,TRAIN,DT4,3006,9099
2026-07,WEEKENDS/HOLIDAY,20,TRAIN,EW10,7985,7806
2026-07,WEEKDAY,13,TRAIN,NS15,25942,21750
2026-07,WEEKENDS/HOLIDAY,9,TRAIN,NE17/PTC,18571,11280
2026-07,WEEKDAY,21,TRAIN,TE15,14275,7451
2026-07,WEEKDAY,23,TRAIN,BP7,55,381
2026-07,WEEKDAY,11,TRAIN,EW20,12834,9017
2026-07,WEEKENDS/HOLIDAY,21,TRAIN,NS7,14358,14695
2026-07,WEEKENDS/HOLIDAY,19,TRAIN,NE4/DT19,32819,21721
2026-07,WEEKENDS/HOLIDAY,7,TRAIN,NS20,3310,10267
2026-07,WEEKDAY,18,TRAIN,SE3,3074,9699
2026-07,WEEKDAY,13,TRAIN,SW3,4049,2099
2026-07,WEEKENDS/HOLIDAY,13,TRAIN,DT17,2186,2559
2026-07,WEEKENDS/HOLIDAY,0,TRAIN,TE27,12,300
2026-07,WEEKENDS/HOLIDAY,21,TRAIN,PW5,433,2493
2026-07,WEEKENDS/HOLIDAY,22,TRAIN,EW19,2197,5785
2026-07,WEEKENDS/HOLIDAY,22,TRAIN,NS9/TE2,13139,24945
2026-07,WEEKDAY,10,TRAIN,CC17/TE9,7403,4509
2026-07,WEEKDAY,6,TRAIN,TE15,3858,5278
2026-07,WEEKDAY,0,TRAIN,CC14,51,517
2026-07,WEEKENDS/HOLIDAY,6,TRAIN,CC20,580,451
2026-07,WEEKDAY,7,TRAIN,CC26,7900,26898
2026-07,WEEKENDS/HOLIDAY,16,TRAIN,TE29,1954,2087
2026-07,WEEKDAY,19,TRAIN,EW27,67607,133603
2026-07,WEEKENDS/HOLIDAY,22,TRAIN,TE3,1065,5015
2026-07,WEEKDAY,0,TRAIN,NS23,703,369
2026-07,WEEKDAY,18,TRAIN,EW22,34834,29323
2026-07,WEEKDAY,22,TRAIN,BP9,432,1676
2026-07,WEEKENDS/HOLIDAY,7,TRAIN,CC28,1176,904
2026-07,WEEKENDS/HOLIDAY,10,TRAIN,EW21/CC22,10430,8403
2026-07,WEEKENDS/HOLIDAY,0,TRAIN,DT24,17,174
2026-07,WEEKENDS/HOLIDAY,20,TRAIN,NE8,24861,17503
2026-07,WEEKENDS/HOLIDAY,9,TRAIN,TE27,3604,1521
2026-07,WEEKDAY,16,TRAIN,NS20,74241,33748
2026-07,WEEKENDS/HOLIDAY,0,TRAIN,EW24/NS1,519,1663
2026-07,WEEKDAY,14,TRAIN,CC14,8929,8290
2026-07,WEEKDAY,6,TRAIN,CC17/TE9,13709,7104
2026-07,WEEKENDS/HOLIDAY,19,TRAIN,PE1,1118,2227
2026-07,WEEKDAY,18,TRAIN,EW29,82900,19434
2026-07,WEEKDAY,20,TRAIN,EW12/DT14,93605,47478
2026-07,WEEKENDS/HOLIDAY,8,TRAIN,NE4/DT19,5975,12767
2026-07,WEEKDAY,7,TRAIN,CE1/DT16,4656,11783
2026-07,WEEKDAY,8,TRAIN,EW17,76053,42700
2026-07,WEEKDAY,16,TRAIN,NE12/CC13,62822,80409
2026-07,WEEKDAY,14,TRAIN,PE3,6678,8731
2026-07,WEEKDAY,15,TRAIN,TE28,4074,5461
2026-07,WEEKENDS/HOLIDAY,11,TRAIN,TE5,3235,1832
2026-07,WEEKENDS/HOLIDAY,21,TRAIN,EW1,5952,14668
2026-07,WEEKDAY,12,TRAIN,EW8/CC9,47646,60243
2026-07,WEEKDAY,21,TRAIN,TE24,1249,4233
2026-07,WEEKENDS/HOLIDAY,17,TRAIN,DT23,1875,1456
2026-07,WEEKENDS/HOLIDAY,11,TRAIN,EW11,8460,8001
2026-07,WEEKDAY,12,TRAIN,NE7/DT12,48621,39864
2026-07,WEEKENDS/HOLIDAY,5,TRAIN,NE16/STC,1856,441
2026-07,WEEKENDS/HOLIDAY,6,TRAIN,BP13,378,108
2026-07,WEEKDAY,13,TRAIN,BP5,2569,2524
2026-07,WEEKDAY,22,TRAIN,TE26,7431,6697
2026-07,WEEKENDS/HOLIDAY,15,TRAIN,PW1,1517,1531
2026-07,WEEKDAY,19,TRAIN,NS17/CC15,34866,53636
2026-07,WEEKENDS/HOLIDAY,12,TRAIN,TE28,1927,1716
2026-07,WEEKENDS/HOLIDAY,15,TRAIN,NS11,14944,16263
2026-07,WEEKENDS/HOLIDAY,20,TRAIN,SW2,1273,1115
2026-07,WEEKENDS/HOLIDAY,9,TRAIN,NS16,22249,12939
2026-07,WEEKENDS/HOLIDAY,10,TRAIN,DT22,3550,6121
2026-07,WEEKDAY,7,TRAIN,PW5,12245,6805
2026-07,WEEKDAY,13,TRAIN,DT28,7987,8493
2026-07,WEEKDAY,23,TRAIN,PW2,20,5
2026-07,WEEKDAY,9,TRAIN,CC4/DT15,5676,89506
2026-07,WEEKENDS/HOLIDAY,13,TRAIN,BP5,1059,982
2026-07,WEEKENDS/HOLIDAY,13,TRAIN,EW20,5966,4810
2026-07,WEEKDAY,13,TRAIN,DT21,10858,10081
2026-07,WEEKDAY,23,TRAIN,EW30,293,728
2026-07,WEEKENDS/HOLIDAY,10,TRAIN,NS16,19605,13102
2026-07,WEEKENDS/HOLIDAY,16,TRAIN,EW12/DT14,39886,35548
2026-07,WEEKDAY,13,TRAIN,EW8/CC9,58405,54922
2026-07,WEEKDAY,16,TRAIN,TE3,15331,12793
2026-07,WEEKDAY,22,TRAIN,BP6/DT1,16411,43963
2026-07,WEEKDAY,23,TRAIN,EW26,3033,21498
2026-07,WEEKDAY,11,TRAIN,DT28,10035,4774
2026-07,WEEKENDS/HOLIDAY,13,TRAIN,CC4/DT15,7974,15782
2026-07,WEEKDAY,7,TRAIN,SW2,13191,4387
2026-07,WEEKDAY,10,TRAIN,NS28,3807,3380
2026-07,WEEKENDS/HOLIDAY,22,TRAIN,CC5,2212,1322
2026-07,WEEKDAY,9,TRAIN,EW2/DT32,85489,48200
2026-07,WEEKDAY,10,TRAIN,NS25/EW13,18193,68832
2026-07,WEEKDAY,9,TRAIN,TE5,12084,6098
2026-07,WEEKENDS/HOLIDAY,0,TRAIN,NE12/CC13,332,1615
2026-07,WEEKDAY,14,TRAIN,TE12,5098,7818
2026-07,WEEKDAY,13,TRAIN,PE7,6124,5415
2026-07,WEEKDAY,20,TRAIN,TE14/NS22,118960,42435
2026-07,WEEKDAY,23,TRAIN,NS4/BP1,6726,18557
2026-07,WEEKDAY,5,TRAIN,NS17/CC15,6534,1726
2026-07,WEEKDAY,17,TRAIN,TE27,10264,11855
2026-07,WEEKDAY,20,TRAIN,NS10,29504,64914
2026-07,WEEKDAY,16,TRAIN,NS8,19383,20183
2026-07,WEEKENDS/HOLIDAY,12,TRAIN,NE13,15166,9665
2026-07,WEEKENDS/HOLIDAY,22,TRAIN,TE4,1887,1502
2026-07,WEEKENDS/HOLIDAY,19,TRAIN,CG2,12176,9583
2026-07,WEEKDAY,5,TRAIN,CC25,1115,271
2026-07,WEEKENDS/HOLIDAY,21,TRAIN,NS18,2264,8534
2026-07,WEEKDAY,23,TRAIN,EW7,1655,8421
2026-07,WEEKENDS/HOLIDAY,11,TRAIN,NE15,13605,7518
2026-07,WEEKDAY,23,TRAIN,NE1/CC29,25248,4529
2026-07,WEEKDAY,13,TRAIN,DT29,6696,5749
2026-07,WEEKDAY,22,TRAIN,PW2,93,16
2026-07,WEEKENDS/HOLIDAY,11,TRAIN,DT34,2009,942
2026-07,WEEKDAY,12,TRAIN,CC17/TE9,10799,5444
2026-07,WEEKENDS/HOLIDAY,19,TRAIN,NS19,12678,17635
2026-07,WEEKDAY,17,TRAIN,CC20,11390,11594
2026-07,WEEKENDS/HOLIDAY,13,TRAIN,TE8,7207,5229
2026-07,WEEKDAY,7,TRAIN,EW28,152040,50020
2026-07,WEEKDAY,6,TRAIN,NS9/TE2,98253,50857
2026-07,WEEKENDS/HOLIDAY,16,TRAIN,CC21,5077,4403
2026-07,WEEKDAY,14,TRAIN,NS8,16329,13691
2026-07,WEEKENDS/HOLIDAY,11,TRAIN,PW3,407,280
2026-07,WEEKENDS/HOLIDAY,8,TRAIN,PE3,2991,2057
2026-07,WEEKDAY,8,TRAIN,PW7,7133,3001
2026-07,WEEKDAY,21,TRAIN,NS12,11267,31757
2026-07,WEEKDAY,6,TRAIN,PE5,16537,2070
2026-07,WEEKDAY,7,TRAIN,DT33,79198,39855
2026-07,WEEKENDS/HOLIDAY,18,TRAIN,EW6,5279,7036
2026-07,WEEKENDS/HOLIDAY,10,TRAIN,SE2,3497,1520
2026-07,WEEKDAY,20,TRAIN,EW16/NE3/TE17,43824,22076
2026-07,WEEKENDS/HOLIDAY,22,TRAIN,EW18,2596,5252
2026-07,WEEKENDS/HOLIDAY,10,TRAIN,DT21,3538,4462
2026-07,WEEKENDS/HOLIDAY,22,TRAIN,BP5,352,523
2026-07,WEEKENDS/HOLIDAY,17,TRAIN,SW7,581,906
2026-07,WEEKDAY,11,TRAIN,NE5,10581,16218
2026-07,WEEKENDS/HOLIDAY,19,TRAIN,NE15,6831,13858
2026-07,WEEKENDS/HOLIDAY,23,TRAIN,EW23,3050,7363
2026-07,WEEKENDS/HOLIDAY,10,TRAIN,BP8,778,727
2026-07,WEEKDAY,7,TRAIN,CC5,3445,6951
2026-07,WEEKENDS/HOLIDAY,16,TRAIN,EW17,10295,11470
2026-07,WEEKDAY,21,TRAIN,TE27,2011,8540
2026-07,WEEKENDS/HOLIDAY,5,TRAIN,EW24/NS1,2434,461
2026-07,WEEKENDS/HOLIDAY,20,TRAIN,BP2,430,1300
2026-07,WEEKDAY,18,TRAIN,DT6,24332,17789
2026-07,WEEKDAY,17,TRAIN,TE8,19721,20229
2026-07,WEEKDAY,10,TRAIN,EW3,20024,11303
2026-07,WEEKDAY,17,TRAIN,PW1,4798,4215
2026-07,WEEKENDS/HOLIDAY,10,TRAIN,EW19,8231,5042
2026-07,WEEKENDS/HOLIDAY,17,TRAIN,PW6,724,669
2026-07,WEEKDAY,8,TRAIN,SE4,10353,3149
2026-07,WEEKDAY,21,TRAIN,CC21,17064,7869
2026-07,WEEKDAY,6,TRAIN,CC19/DT9,3752,4869
2026-07,WEEKENDS/HOLIDAY,20,TRAIN,CC12,1382,3941
2026-07,WEEKENDS/HOLIDAY,22,TRAIN,TE7,547,2037
2026-07,WEEKDAY,9,TRAIN,TE1,5547,40076
2026-07,WEEKDAY,10,TRAIN,DT13,8904,14032
2026-07,WEEKENDS/HOLIDAY,22,TRAIN,DT5,2224,6213
2026-07,WEEKDAY,15,TRAIN,EW14/NS26,55896,33804
2026-07,WEEKENDS/HOLIDAY,0,TRAIN,DT18,113,116
2026-07,WEEKDAY,19,TRAIN,PW6,1135,3971
2026-07,WEEKDAY,7,TRAIN,TE6,51273,20475
2026-07,WEEKDAY,5,TRAIN,NS9/TE2,26280,10823
2026-07,WEEKENDS/HOLIDAY,22,TRAIN,NS2,4401,11079
2026-07,WEEKENDS/HOLIDAY,13,TRAIN,DT29,3093,2204
2026-07,WEEKDAY,23,TRAIN,PW7,562,1927
2026-07,WEEKDAY,7,TRAIN,CC31,2399,1063
2026-07,WEEKDAY,12,TRAIN,CC7,7024,4434
2026-07,WEEKENDS/HOLIDAY,20,TRAIN,TE22,11255,3528
2026-07,WEEKDAY,10,TRAIN,NS17/CC15,41306,12228
2026-07,WEEKENDS/HOLIDAY,0,TRAIN,NS21/DT11,608,714
2026-07,WEEKDAY,10,TRAIN,CC16,6983,5956
2026-07,WEEKENDS/HOLIDAY,23,TRAIN,PE1,152,1016
2026-07,WEEKENDS/HOLIDAY,19,TRAIN,PE2,1423,3205
2026-07,WEEKENDS/HOLIDAY,6,TRAIN,PE1,659,136
2026-07,WEEKENDS/HOLIDAY,15,TRAIN,NE15,10380,10229
2026-07,WEEKENDS/HOLIDAY,21,TRAIN,DT23,1242,1136
2026-07,WEEKDAY,19,TRAIN,CC2,8422,5604
2026-07,WEEKENDS/HOLIDAY,8,TRAIN,EW25,6357,3530
2026-07,WEEKENDS/HOLIDAY,14,TRAIN,BP12,953,1003
2026-07,WEEKENDS/HOLIDAY,0,TRAIN,PE5,16,405
2026-07,WEEKENDS/HOLIDAY,11,TRAIN,NS18,7232,3696
2026-07,WEEKDAY,7,TRAIN,TE12,4127,12480
2026-07,WEEKENDS/HOLIDAY,23,TRAIN,EW8/CC9,4739,4304
2026-07,WEEKDAY,21,TRAIN,NE18,14845,10094
2026-07,WEEKENDS/HOLIDAY,18,TRAIN,EW3,7514,10103
2026-07,WEEKDAY,18,TRAIN,NS25/EW13,155146,118531
2026-07,WEEKENDS/HOLIDAY,15,TRAIN,DT31,3314,3184
2026-07,WEEKENDS/HOLIDAY,8,TRAIN,BP5,942,634
2026-07,WEEKENDS/HOLIDAY,20,TRAIN,DT2,795,851
2026-07,WEEKENDS/HOLIDAY,23,TRAIN,CC3,1574,181
2026-07,WEEKENDS/HOLIDAY,12,TRAIN,CC30,171,189
2026-07,WEEKENDS/HOLIDAY,23,TRAIN,NE4/DT19,7124,3549
2026-07,WEEKDAY,0,TRAIN,NS16,1066,6613
2026-07,WEEKDAY,0,TRAIN,DT13,190,685
2026-07,WEEKDAY,11,TRAIN,TE25,3785,2158
2026-07,WEEKENDS/HOLIDAY,18,TRAIN,EW14/NS26,10716,12630
2026-07,WEEKENDS/HOLIDAY,20,TRAIN,BP5,602,848
2026-07,WEEKENDS/HOLIDAY,10,TRAIN,TE5,3140,1610
2026-07,WEEKENDS/HOLIDAY,0,TRAIN,CC34/DT16,469,197
2026-07,WEEKENDS/HOLIDAY,11,TRAIN,PW7,1862,1178
2026-07,WEEKENDS/HOLIDAY,12,TRAIN,TE1,2378,783
2026-07,WEEKDAY,15,TRAIN,CC6,6062,9950
2026-07,WEEKENDS/HOLIDAY,20,TRAIN,NS27/CE2/TE20,1058,965
2026-07,WEEKDAY,15,TRAIN,DT23,3696,3411
2026-07,WEEKDAY,0,TRAIN,TE28,10,428
2026-07,WEEKENDS/HOLIDAY,22,TRAIN,TE12,888,532
2026-07,WEEKDAY,10,TRAIN,DT3,7891,2577
2026-07,WEEKDAY,0,TRAIN,EW2/DT32,712,5848
2026-07,WEEKDAY,20,TRAIN,NE7/DT12,39131,32744
2026-07,WEEKENDS/HOLIDAY,23,TRAIN,NS16,2951,11495
2026-07,WEEKDAY,13,TRAIN,NS11,35407,32335
2026-07,WEEKDAY,15,TRAIN,TE8,10060,11401
2026-07,WEEKDAY,18,TRAIN,CC26,32972,12350
2026-07,WEEKENDS/HOLIDAY,14,TRAIN,EW2/DT32,25844,24516
2026-07,WEEKDAY,23,TRAIN,NE8,10885,10295
2026-07,WEEKDAY,17,TRAIN,SE1,7012,7275
2026-07,WEEKENDS/HOLIDAY,6,TRAIN,SW2,516,328
2026-07,WEEKDAY,9,TRAIN,NS2,42575,23452
2026-07,WEEKDAY,15,TRAIN,EW8/CC9,55633,45699
2026-07,WEEKENDS/HOLIDAY,19,TRAIN,CC17/TE9,1957,2595
2026-07,WEEKENDS/HOLIDAY,9,TRAIN,CC28,2302,990
2026-07,WEEKENDS/HOLIDAY,7,TRAIN,DT6,760,931
2026-07,WEEKDAY,16,TRAIN,EW1,27934,39106
2026-07,WEEKENDS/HOLIDAY,6,TRAIN,NS20,1082,8224
2026-07,WEEKDAY,19,TRAIN,BP5,2650,4256
2026-07,WEEKENDS/HOLIDAY,13,TRAIN,CC32,513,530
2026-07,WEEKENDS/HOLIDAY,13,TRAIN,NS3,9630,7769
2026-07,WEEKDAY,22,TRAIN,EW11,14066,18871
2026-07,WEEKENDS/HOLIDAY,13,TRAIN,DT2,1325,798
2026-07,WEEKDAY,16,TRAIN,DT17,28973,8290
2026-07,WEEKENDS/HOLIDAY,22,TRAIN,EW17,4163,9007
2026-07,WEEKDAY,0,TRAIN,DT22,356,793
2026-07,WEEKDAY,13,TRAIN,BP7,1119,1195
2026-07,WEEKENDS/HOLIDAY,14,TRAIN,DT31,3293,3208
2026-07,WEEKENDS/HOLIDAY,23,TRAIN,DT20,1240,830
2026-07,WEEKDAY,9,TRAIN,CC17/TE9,15618,12551
2026-07,WEEKENDS/HOLIDAY,23,TRAIN,BP10,98,492
2026-07,WEEKDAY,7,TRAIN,DT30,40070,11723
2026-07,WEEKENDS/HOLIDAY,13,TRAIN,EW9,12081,10825
2026-07,WEEKDAY,8,TRAIN,DT5,52909,22828
2026-07,WEEKENDS/HOLIDAY,18,TRAIN,TE23,1991,5194
2026-07,WEEKENDS/HOLIDAY,13,TRAIN,DT30,4002,3115
2026-07,WEEKDAY,14,TRAIN,NS27/CC33/TE20,3130,4504
2026-07,WEEKENDS/HOLIDAY,8,TRAIN,EW27,17501,11685
2026-07,WEEKENDS/HOLIDAY,14,TRAIN,EW32,1794,1126
2026-07,WEEKDAY,19,TRAIN,DT20,12342,11719
2026-07,WEEKENDS/HOLIDAY,17,TRAIN,DT28,6219,4770
2026-07,WEEKENDS/HOLIDAY,20,TRAIN,PW4,1609,2064
2026-07,WEEKENDS/HOLIDAY,20,TRAIN,NS24/NE6/CC1,20991,11159
2026-07,WEEKDAY,21,TRAIN,BP7,457,1550
2026-07,WEEKENDS/HOLIDAY,11,TRAIN,EW31,1280,461
2026-07,WEEKDAY,6,TRAIN,TE28,4303,1380
2026-07,WEEKENDS/HOLIDAY,12,TRAIN,NS23,11498,24546
2026-07,WEEKENDS/HOLIDAY,19,TRAIN,DT22,8403,8600
2026-07,WEEKENDS/HOLIDAY,0,TRAIN,NS14,544,2336
2026-07,WEEKENDS/HOLIDAY,14,TRAIN,TE23,1338,1691
2026-07,WEEKDAY,17,TRAIN,CC14,20820,12445
2026-07,WEEKENDS/HOLIDAY,14,TRAIN,DT5,8688,6661
2026-07,WEEKDAY,18,TRAIN,PE1,5003,11037
2026-07,WEEKENDS/HOLIDAY,21,TRAIN,EW5,7738,14945
2026-07,WEEKENDS/HOLIDAY,14,TRAIN,DT8,1427,1629
2026-07,WEEKENDS/HOLIDAY,16,TRAIN,SE3,1061,1322
2026-07,WEEKENDS/HOLIDAY,13,TRAIN,CC25,2594,1762
2026-07,WEEKENDS/HOLIDAY,9,TRAIN,NE9,11862,7161
2026-07,WEEKDAY,10,TRAIN,DT6,6432,6027
2026-07,WEEKDAY,15,TRAIN,TE1,19052,3224
2026-07,WEEKENDS/HOLIDAY,9,TRAIN,CC24,1716,4380
2026-07,WEEKENDS/HOLIDAY,23,TRAIN,BP13,13,161
2026-07,WEEKDAY,11,TRAIN,EW4,16523,7177
2026-07,WEEKDAY,8,TRAIN,CC14,23404,34648
2026-07,WEEKDAY,17,TRAIN,DT22,13218,18484
2026-07,WEEKENDS/HOLIDAY,16,TRAIN,TE23,1561,3144
2026-07,WEEKDAY,16,TRAIN,CC4/DT15,29258,19121
2026-07,WEEKENDS/HOLIDAY,10,TRAIN,CC17/TE9,2992,1891
2026-07,WEEKENDS/HOLIDAY,12,TRAIN,EW6,6180,4509
2026-07,WEEKENDS/HOLIDAY,0,TRAIN,EW30,2,168
2026-07,WEEKDAY,6,TRAIN,BP9,5230,1874
2026-07,WEEKDAY,7,TRAIN,DT5,42969,21133
2026-07,WEEKENDS/HOLIDAY,14,TRAIN,PW5,1240,1212
2026-07,WEEKENDS/HOLIDAY,6,TRAIN,DT31,954,402
2026-07,WEEKDAY,11,TRAIN,DT3,7029,2674
2026-07,WEEKDAY,11,TRAIN,SE5,3030,1516
2026-07,WEEKENDS/HOLIDAY,9,TRAIN,EW1,16107,6452
2026-07,WEEKDAY,18,TRAIN,BP4,4285,6037
2026-07,WEEKENDS/HOLIDAY,13,TRAIN,DT7,1719,1522
2026-07,WEEKDAY,19,TRAIN,DT29,7822,21630
2026-07,WEEKDAY,22,TRAIN,TE1,4090,2635
2026-07,WEEKDAY,13,TRAIN,DT22,10128,9201
2026-07,WEEKDAY,9,TRAIN,NS15,21614,50889
2026-07,WEEKDAY,15,TRAIN,CC30,262,277
2026-07,WEEKDAY,9,TRAIN,NS9/TE2,79755,55959
2026-07,WEEKDAY,15,TRAIN,CC21,15443,11785
2026-07,WEEKDAY,14,TRAIN,NS15,25816,16378
2026-07,WEEKDAY,7,TRAIN,CC10/DT26,42707,29681
2026-07,WEEKENDS/HOLIDAY,9,TRAIN,EW30,742,626
2026-07,WEEKDAY,7,TRAIN,NS4/BP1,133132,83834
2026-07,WEEKDAY,19,TRAIN,CG2,31722,27401
2026-07,WEEKENDS/HOLIDAY,13,TRAIN,NE5,5541,6331
2026-07,WEEKDAY,7,TRAIN,EW10,37826,11074
2026-07,WEEKENDS/HOLIDAY,8,TRAIN,DT6,2167,2522
2026-07,WEEKENDS/HOLIDAY,13,TRAIN,NE9,11576,9384
2026-07,WEEKENDS/HOLIDAY,6,TRAIN,CG2,4593,2651
2026-07,WEEKENDS/HOLIDAY,11,TRAIN,SW2,3022,1630
2026-07,WEEKDAY,21,TRAIN,NE17/PTC,39034,52621
2026-07,WEEKDAY,20,TRAIN,PE4,1111,3109
2026-07,WEEKENDS/HOLIDAY,13,TRAIN,TE11,1881,1772
2026-07,WEEKENDS/HOLIDAY,11,TRAIN,CC21,3791,5214
2026-07,WEEKDAY,20,TRAIN,NS16,39611,70507
2026-07,WEEKENDS/HOLIDAY,8,TRAIN,EW28,14781,8133
2026-07,WEEKDAY,8,TRAIN,DT34,18965,16572
2026-07,WEEKENDS/HOLIDAY,12,TRAIN,NS24/NE6/CC1,14719,22298
2026-07,WEEKENDS/HOLIDAY,21,TRAIN,DT17,2590,2010
2026-07,WEEKDAY,21,TRAIN,SE4,1789,4921
2026-07,WEEKENDS/HOLIDAY,17,TRAIN,EW15,11454,9260
2026-07,WEEKENDS/HOLIDAY,12,TRAIN,PW1,1567,2052
2026-07,WEEKENDS/HOLIDAY,6,TRAIN,NS11,11551,3635
2026-07,WEEKENDS/HOLIDAY,15,TRAIN,PW3,263,354
2026-07,WEEKENDS/HOLIDAY,6,TRAIN,DT4,151,45
2026-07,WEEKENDS/HOLIDAY,21,TRAIN,NS19,7615,17033
2026-07,WEEKDAY,20,TRAIN,DT34,4887,8922
2026-07,WEEKENDS/HOLIDAY,21,TRAIN,EW9,8441,12372
2026-07,WEEKDAY,6,TRAIN,BP2,8492,1631
2026-07,WEEKDAY,17,TRAIN,CC34/DT16,38674,29029
2026-07,WEEKDAY,16,TRAIN,DT29,6042,9222
2026-07,WEEKENDS/HOLIDAY,11,TRAIN,SW8,551,455
2026-07,WEEKDAY,7,TRAIN,CC14,19655,21603
2026-07,WEEKDAY,6,TRAIN,DT2,3154,3118
2026-07,WEEKENDS/HOLIDAY,16,TRAIN,CC6,6813,33499
2026-07,WEEKENDS/HOLIDAY,19,TRAIN,BP7,319,485
2026-07,WEEKDAY,22,TRAIN,BP12,372,2592
2026-07,WEEKDAY,11,TRAIN,CC19/DT9,7062,7300
2026-07,WEEKDAY,7,TRAIN,BP10,13534,3612
2026-07,WEEKENDS/HOLIDAY,23,TRAIN,EW33,125,838
2026-07,WEEKDAY,12,TRAIN,TE25,3516,2847
2026-07,WEEKENDS/HOLIDAY,17,TRAIN,EW18,8494,7545
2026-07,WEEKDAY,9,TRAIN,EW26,59463,16274
2026-07,WEEKDAY,20,TRAIN,BP9,1538,3089
2026-07,WEEKENDS/HOLIDAY,13,TRAIN,BP3,1701,1609
2026-07,WEEKDAY,14,TRAIN,TE16,6976,8065
2026-07,WEEKDAY,10,TRAIN,NE9,27859,19555
2026-07,WEEKENDS/HOLIDAY,19,TRAIN,NE12/CC13,25051,31264
2026-07,WEEKDAY,17,TRAIN,NE7/DT12,58351,39285
2026-07,WEEKDAY,9,TRAIN,EW21/CC22,21797,104282
2026-07,WEEKENDS/HOLIDAY,18,TRAIN,TE25,1678,1928
2026-07,WEEKENDS/HOLIDAY,17,TRAIN,CC31,1948,1405
2026-07,WEEKDAY,21,TRAIN,EW30,3695,1420
2026-07,WEEKDAY,11,TRAIN,CC16,7347,3956
2026-07,WEEKDAY,14,TRAIN,NS11,31647,35162
2026-07,WEEKDAY,20,TRAIN,NS14,22388,58003
2026-07,WEEKDAY,16,TRAIN,BP9,2262,3180
2026-07,WEEKENDS/HOLIDAY,12,TRAIN,SE5,1709,1099
2026-07,WEEKENDS/HOLIDAY,16,TRAIN,DT22,5522,6880
2026-07,WEEKDAY,9,TRAIN,BP11,5859,1994
2026-07,WEEKDAY,12,TRAIN,EW32,3341,1852
2026-07,WEEKDAY,15,TRAIN,CC26,4319,3166
2026-07,WEEKENDS/HOLIDAY,22,TRAIN,NS14,6901,16226
2026-07,WEEKDAY,6,TRAIN,EW23,60587,56115
2026-07,WEEKDAY,6,TRAIN,BP4,5335,824
2026-07,WEEKENDS/HOLIDAY,10,TRAIN,DT10,2259,914
2026-07,WEEKDAY,20,TRAIN,PE7,1558,8374
2026-07,WEEKENDS/HOLIDAY,17,TRAIN,DT10,2014,1461
2026-07,WEEKDAY,0,TRAIN,TE4,159,514
2026-07,WEEKDAY,16,TRAIN,DT27,11631,8676
2026-07,WEEKENDS/HOLIDAY,12,TRAIN,NS13,22572,20382
2026-07,WEEKDAY,15,TRAIN,TE29,2813,4523
2026-07,WEEKENDS/HOLIDAY,5,TRAIN,TE8,39,16
2026-07,WEEKENDS/HOLIDAY,8,TRAIN,NE8,7909,9447
2026-07,WEEKENDS/HOLIDAY,19,TRAIN,DT31,2590,4352
2026-07,WEEKENDS/HOLIDAY,12,TRAIN,SE3,1772,1051
2026-07,WEEKENDS/HOLIDAY,8,TRAIN,BP10,1584,925
2026-07,WEEKENDS/HOLIDAY,7,TRAIN,NE15,7249,2180
2026-07,WEEKDAY,23,TRAIN,EW14/NS26,23339,3383
2026-07,WEEKDAY,18,TRAIN,NS28,2941,1616
2026-07,WEEKENDS/HOLIDAY,0,TRAIN,CC19/DT9,26,111
2026-07,WEEKENDS/HOLIDAY,9,TRAIN,TE29,2166,797
2026-07,WEEKENDS/HOLIDAY,7,TRAIN,NS14,14779,5778
2026-07,WEEKDAY,18,TRAIN,SW1,5518,1560
2026-07,WEEKDAY,0,TRAIN,DT20,166,227
2026-07,WEEKDAY,23,TRAIN,CC24,3561,1244
2026-07,WEEKDAY,21,TRAIN,EW29,12747,6672
2026-07,WEEKDAY,10,TRAIN,CC10/DT26,17457,14601
2026-07,WEEKDAY,9,TRAIN,EW9,33453,24910
2026-07,WEEKDAY,8,TRAIN,CC3,2139,22988
2026-07,WEEKENDS/HOLIDAY,21,TRAIN,CC7,3302,4498
2026-07,WEEKDAY,23,TRAIN,NE11,2538,4915
2026-07,WEEKDAY,10,TRAIN,EW9,20625,14509
2026-07,WEEKENDS/HOLIDAY,9,TRAIN,DT29,4189,1226
2026-07,WEEKENDS/HOLIDAY,11,TRAIN,TE24,1908,1152
2026-07,WEEKDAY,21,TRAIN,EW32,5054,3868
2026-07,WEEKENDS/HOLIDAY,11,TRAIN,NS21/DT11,26051,25188
2026-07,WEEKENDS/HOLIDAY,17,TRAIN,DT2,1207,1445
2026-07,WEEKDAY,21,TRAIN,NE7/DT12,34351,22058
2026-07,WEEKENDS/HOLIDAY,7,TRAIN,DT20,320,1696
2026-07,WEEKDAY,17,TRAIN,PE2,7381,10042
2026-07,WEEKDAY,21,TRAIN,EW5,23153,43036
2026-07,WEEKDAY,5,TRAIN,TE15,232,43
2026-07,WEEKENDS/HOLIDAY,14,TRAIN,DT10,1730,1215
2026-07,WEEKDAY,23,TRAIN,NS7,7655,21950
2026-07,WEEKDAY,22,TRAIN,SW4,1120,3913
2026-07,WEEKENDS/HOLIDAY,17,TRAIN,NS7,12315,11656
2026-07,WEEKENDS/HOLIDAY,22,TRAIN,NS17/CC15,4386,9266
2026-07,WEEKDAY,9,TRAIN,TE3,18341,9067
2026-07,WEEKDAY,9,TRAIN,SW7,1801,1125
2026-07,WEEKDAY,15,TRAIN,DT2,6497,2493
2026-07,WEEKENDS/HOLIDAY,15,TRAIN,EW23,20290,20680
2026-07,WEEKENDS/HOLIDAY,23,TRAIN,BP5,89,141
2026-07,WEEKDAY,5,TRAIN,CC34/DT16,1037,184
2026-07,WEEKENDS/HOLIDAY,11,TRAIN,SW5,3636,2659
2026-07,WEEKENDS/HOLIDAY,23,TRAIN,NS8,2309,3769
2026-07,WEEKDAY,7,TRAIN,DT2,7917,19005
2026-07,WEEKDAY,9,TRAIN,SW5,10876,4879
2026-07,WEEKENDS/HOLIDAY,13,TRAIN,PW7,1672,1706
2026-07,WEEKENDS/HOLIDAY,7,TRAIN,CC12,2058,1130
2026-07,WEEKENDS/HOLIDAY,13,TRAIN,CC17/TE9,2636,2487
2026-07,WEEKDAY,11,TRAIN,SW1,3315,1695
2026-07,WEEKENDS/HOLIDAY,22,TRAIN,TE11,706,1740
2026-07,WEEKENDS/HOLIDAY,19,TRAIN,EW14/NS26,10561,9842
2026-07,WEEKDAY,23,TRAIN,EW6,1436,7060
2026-07,WEEKENDS/HOLIDAY,11,TRAIN,SE4,2519,1431
2026-07,WEEKDAY,20,TRAIN,TE22,14944,6655
2026-07,WEEKDAY,15,TRAIN,TE11,7177,4997
2026-07,WEEKENDS/HOLIDAY,13,TRAIN,CC23,2245,2156
2026-07,WEEKDAY,14,TRAIN,TE1,9926,6912
2026-07,WEEKENDS/HOLIDAY,17,TRAIN,EW25,7393,8180
2026-07,WEEKDAY,5,TRAIN,BP12,3298,212
2026-07,WEEKENDS/HOLIDAY,6,TRAIN,SE1,877,343
2026-07,WEEKENDS/HOLIDAY,17,TRAIN,CE1/DT16,10742,10034
2026-07,WEEKDAY,19,TRAIN,CC25,14941,11330
2026-07,WEEKENDS/HOLIDAY,11,TRAIN,NS9/TE2,23505,22901
2026-07,WEEKDAY,14,TRAIN,DT27,8939,7671
2026-07,WEEKDAY,8,TRAIN,NS16,123988,68787
2026-07,WEEKENDS/HOLIDAY,16,TRAIN,EW7,6223,6876
2026-07,WEEKDAY,20,TRAIN,TE29,2139,7193
2026-07,WEEKENDS/HOLIDAY,0,TRAIN,DT31,15,488
2026-07,WEEKENDS/HOLIDAY,0,TRAIN,CC25,8,73
2026-07,WEEKENDS/HOLIDAY,10,TRAIN,NS5,14008,6261
2026-07,WEEKENDS/HOLIDAY,8,TRAIN,TE4,1772,2094
2026-07,WEEKENDS/HOLIDAY,9,TRAIN,EW24/NS1,11918,22475
2026-07,WEEKDAY,5,TRAIN,EW24/NS1,13692,7192
2026-07,WEEKENDS/HOLIDAY,15,TRAIN,BP12,959,906
2026-07,WEEKDAY,6,TRAIN,SE3,8187,1020
2026-07,WEEKENDS/HOLIDAY,6,TRAIN,DT33,2193,639
2026-07,WEEKDAY,11,TRAIN,NS24/NE6/CC1,26045,39592
2026-07,WEEKDAY,21,TRAIN,NE14,15114,50388
2026-07,WEEKDAY,12,TRAIN,TE19,13431,11839
2026-07,WEEKENDS/HOLIDAY,10,TRAIN,CC21,3320,5531
2026-07,WEEKDAY,12,TRAIN,BP3,4104,2643
2026-07,WEEKDAY,7,TRAIN,TE4,11537,18258
2026-07,WEEKENDS/HOLIDAY,18,TRAIN,TE18,7446,7291
2026-07,WEEKDAY,19,TRAIN,TE15,15754,19793
2026-07,WEEKENDS/HOLIDAY,6,TRAIN,CC26,339,2598
2026-07,WEEKENDS/HOLIDAY,0,TRAIN,NS27/CC33/TE20,10,50
2026-07,WEEKDAY,0,TRAIN,EW1,2,5172
2026-07,WEEKENDS/HOLIDAY,13,TRAIN,SW3,800,616
2026-07,WEEKDAY,8,TRAIN,NE11,44506,28319
2026-07,WEEKDAY,6,TRAIN,NE10,17027,11953
2026-07,WEEKDAY,9,TRAIN,NS28,6150,3432
2026-07,WEEKENDS/HOLIDAY,7,TRAIN,SW7,355,250
2026-07,WEEKDAY,17,TRAIN,EW9,40717,37210
2026-07,WEEKENDS/HOLIDAY,10,TRAIN,TE23,1851,893
2026-07,WEEKDAY,0,TRAIN,SE1,81,645
2026-07,WEEKENDS/HOLIDAY,13,TRAIN,NS9/TE2,26744,28128
2026-07,WEEKDAY,0,TRAIN,CC21,117,276
2026-07,WEEKDAY,12,TRAIN,DT2,6480,2629
2026-07,WEEKDAY,9,TRAIN,EW33,5417,5386
2026-07,WEEKDAY,11,TRAIN,TE26,12230,14254
2026-07,WEEKENDS/HOLIDAY,16,TRAIN,TE28,1711,2323
2026-07,WEEKENDS/HOLIDAY,9,TRAIN,EW31,1418,882
2026-07,WEEKDAY,21,TRAIN,CC26,3858,3609
2026-07,WEEKDAY,21,TRAIN,DT18,21912,5451
2026-07,WEEKDAY,23,TRAIN,NS27/CC33/TE20,1059,541
2026-07,WEEKENDS/HOLIDAY,23,TRAIN,DT24,273,1541
2026-07,WEEKENDS/HOLIDAY,12,TRAIN,NS5,13515,8949
2026-07,WEEKENDS/HOLIDAY,8,TRAIN,CC24,1606,5435
2026-07,WEEKENDS/HOLIDAY,9,TRAIN,SW8,467,249
2026-07,WEEKDAY,23,TRAIN,CC6,10095,594
2026-07,WEEKDAY,15,TRAIN,CC12,11671,8578
2026-07,WEEKDAY,10,TRAIN,BP13,1579,797
2026-07,WEEKENDS/HOLIDAY,8,TRAIN,DT25,1561,1541
2026-07,WEEKDAY,23,TRAIN,CC10/DT26,3318,9328
2026-07,WEEKENDS/HOLIDAY,20,TRAIN,NE18,5985,4764
2026-07,WEEKDAY,12,TRAIN,NE17/PTC,45536,45428
2026-07,WEEKDAY,21,TRAIN,EW11,17056,25772
2026-07,WEEKENDS/HOLIDAY,7,TRAIN,CC27,278,866
2026-07,WEEKENDS/HOLIDAY,0,TRAIN,NE11,37,109
2026-07,WEEKENDS/HOLIDAY,14,TRAIN,CC2,2129,2401
2026-07,WEEKENDS/HOLIDAY,6,TRAIN,CC31,158,28
2026-07,WEEKDAY,21,TRAIN,TE6,5197,21796
2026-07,WEEKENDS/HOLIDAY,20,TRAIN,EW15,8989,4473
2026-07,WEEKDAY,20,TRAIN,CC25,6123,7918
2026-07,WEEKDAY,5,TRAIN,NE9,3888,82
2026-07,WEEKENDS/HOLIDAY,5,TRAIN,NS14,3073,529
2026-07,WEEKENDS/HOLIDAY,23,TRAIN,EW28,1098,7894
2026-07,WEEKENDS/HOLIDAY,16,TRAIN,TE26,8776,7636
2026-07,WEEKDAY,10,TRAIN,EW32,1810,2212
2026-07,WEEKDAY,10,TRAIN,DT31,9386,5220
2026-07,WEEKENDS/HOLIDAY,8,TRAIN,EW30,932,2644
2026-07,WEEKENDS/HOLIDAY,21,TRAIN,EW29,2948,5395
2026-07,WEEKENDS/HOLIDAY,7,TRAIN,NE4/DT19,3296,6693
2026-07,WEEKDAY,5,TRAIN,NS21/DT11,4288,2915
2026-07,WEEKDAY,8,TRAIN,EW7,50906,26151
2026-07,WEEKDAY,6,TRAIN,BP13,4396,544
2026-07,WEEKDAY,12,TRAIN,CC34/DT16,15173,30176
2026-07,WEEKENDS/HOLIDAY,15,TRAIN,DT34,1503,1431
2026-07,WEEKENDS/HOLIDAY,20,TRAIN,TE7,1089,2696
2026-07,WEEKENDS/HOLIDAY,23,TRAIN,DT18,1746,654
2026-07,WEEKDAY,7,TRAIN,DT10,9709,17204
2026-07,WEEKENDS/HOLIDAY,18,TRAIN,DT4,901,1275
2026-07,WEEKENDS/HOLIDAY,23,TRAIN,PE7,93,937
2026-07,WEEKDAY,0,TRAIN,SW3,7,298
2026-07,WEEKDAY,22,TRAIN,PE4,832,2120
2026-07,WEEKDAY,0,TRAIN,NE16/STC,478,4556
2026-07,WEEKDAY,22,TRAIN,NS23,59038,11217
2026-07,WEEKDAY,16,TRAIN,EW16/NE3/TE17,66763,24055
2026-07,WEEKENDS/HOLIDAY,5,TRAIN,CC34/DT16,142,33
2026-07,WEEKENDS/HOLIDAY,22,TRAIN,TE8,2595,2498
2026-07,WEEKDAY,13,TRAIN,TE25,3040,3741
2026-07,WEEKDAY,6,TRAIN,TE12,1324,5636
2026-07,WEEKDAY,11,TRAIN,DT29,7397,3183
2026-07,WEEKENDS/HOLIDAY,19,TRAIN,DT5,6793,7808
2026-07,WEEKENDS/HOLIDAY,6,TRAIN,DT20,124,475
2026-07,WEEKENDS/HOLIDAY,0,TRAIN,NE15,44,856
2026-07,WEEKENDS/HOLIDAY,16,TRAIN,DT2,894,1231
2026-07,WEEKDAY,6,TRAIN,NE4/DT19,10779,19496
2026-07,WEEKENDS/HOLIDAY,11,TRAIN,NS13,20984,17789
2026-07,WEEKDAY,7,TRAIN,CC34/DT16,8489,21776
2026-07,WEEKENDS/HOLIDAY,20,TRAIN,EW18,4302,7002
2026-07,WEEKENDS/HOLIDAY,14,TRAIN,SE1,1637,1833
2026-07,WEEKENDS/HOLIDAY,0,TRAIN,CC20,11,76
2026-07,WEEKDAY,22,TRAIN,EW22,8262,6230
2026-07,WEEKDAY,12,TRAIN,SE1,5841,3458
2026-07,WEEKDAY,19,TRAIN,TE11,6303,8528
2026-07,WEEKDAY,7,TRAIN,EW5,79161,39278
2026-07,WEEKDAY,8,TRAIN,EW30,2523,26868
2026-07,WEEKENDS/HOLIDAY,8,TRAIN,SW2,1813,1171
2026-07,WEEKENDS/HOLIDAY,21,TRAIN,EW3,3467,8671
2026-07,WEEKDAY,14,TRAIN,NS3,16664,20021
2026-07,WEEKENDS/HOLIDAY,0,TRAIN,DT6,14,114
2026-07,WEEKENDS/HOLIDAY,18,TRAIN,EW30,2554,1348
2026-07,WEEKENDS/HOLIDAY,12,TRAIN,PE2,3187,2040
2026-07,WEEKENDS/HOLIDAY,10,TRAIN,CC7,2751,1865
2026-07,WEEKENDS/HOLIDAY,16,TRAIN,BP5,923,786
2026-07,WEEKDAY,13,TRAIN,CC27,5533,10853
2026-07,WEEKENDS/HOLIDAY,14,TRAIN,NS16,17273,17501
2026-07,WEEKENDS/HOLIDAY,19,TRAIN,DT2,1108,1082
2026-07,WEEKENDS/HOLIDAY,18,TRAIN,CC16,3167,2829
2026-07,WEEKENDS/HOLIDAY,14,TRAIN,NS8,6956,5546
2026-07,WEEKENDS/HOLIDAY,20,TRAIN,CC3,7309,2729
2026-07,WEEKDAY,21,TRAIN,NE13,19360,30828
2026-07,WEEKENDS/HOLIDAY,20,TRAIN,DT25,903,2143
2026-07,WEEKDAY,23,TRAIN,TE22,1363,231
2026-07,WEEKENDS/HOLIDAY,9,TRAIN,NE18,4235,4505
2026-07,WEEKDAY,17,TRAIN,BP11,4115,7173
2026-07,WEEKENDS/HOLIDAY,19,TRAIN,NS9/TE2,22466,30439
2026-07,WEEKDAY,21,TRAIN,CC30,100,114
2026-07,WEEKENDS/HOLIDAY,19,TRAIN,EW5,11756,16252
2026-07,WEEKENDS/HOLIDAY,19,TRAIN,BP2,628,1270
2026-07,WEEKENDS/HOLIDAY,7,TRAIN,CC6,557,6304
2026-07,WEEKENDS/HOLIDAY,17,TRAIN,TE14/NS22,58284,41203
2026-07,WEEKENDS/HOLIDAY,23,TRAIN,DT33,612,4865
2026-07,WEEKDAY,14,TRAIN,TE14/NS22,79155,80821
2026-07,WEEKENDS/HOLIDAY,23,TRAIN,NE9,1579,4210
2026-07,WEEKENDS/HOLIDAY,16,TRAIN,DT10,2038,1295
2026-07,WEEKENDS/HOLIDAY,7,TRAIN,PE7,1311,242
2026-07,WEEKDAY,10,TRAIN,PE4,1911,806
2026-07,WEEKENDS/HOLIDAY,23,TRAIN,SE1,171,1099
2026-07,WEEKENDS/HOLIDAY,15,TRAIN,BP6/DT1,15705,15217
2026-07,WEEKDAY,7,TRAIN,DT22,20576,13376
2026-07,WEEKDAY,0,TRAIN,CC10/DT26,202,1358
2026-07,WEEKDAY,16,TRAIN,TE11,7094,5799
2026-07,WEEKENDS/HOLIDAY,15,TRAIN,BP10,1078,1365
2026-07,WEEKDAY,16,TRAIN,DT4,2159,3278
2026-07,WEEKDAY,0,TRAIN,NE5,247,81
2026-07,WEEKENDS/HOLIDAY,13,TRAIN,CC30,219,259
2026-07,WEEKDAY,19,TRAIN,NS4/BP1,44962,106004
2026-07,WEEKDAY,0,TRAIN,NS13,1797,9711
2026-07,WEEKENDS/HOLIDAY,20,TRAIN,TE8,4535,3228
2026-07,WEEKDAY,12,TRAIN,DT23,4380,3930
2026-07,WEEKENDS/HOLIDAY,8,TRAIN,TE13,858,1680
2026-07,WEEKENDS/HOLIDAY,14,TRAIN,NS14,12419,11186
2026-07,WEEKDAY,0,TRAIN,NS5,499,5645
2026-07,WEEKDAY,21,TRAIN,EW8/CC9,66413,34742
2026-07,WEEKENDS/HOLIDAY,15,TRAIN,EW15,10939,7993
2026-07,WEEKENDS/HOLIDAY,5,TRAIN,CC28,196,9
2026-07,WEEKENDS/HOLIDAY,13,TRAIN,PE3,3575,3025
2026-07,WEEKDAY,17,TRAIN,EW33,21501,13421
2026-07,WEEKDAY,8,TRAIN,DT23,8246,25654
2026-07,WEEKENDS/HOLIDAY,11,TRAIN,NE17/PTC,22123,20293
2026-07,WEEKDAY,18,TRAIN,DT7,14038,13210
2026-07,WEEKENDS/HOLIDAY,19,TRAIN,TE5,2537,3574
2026-07,WEEKENDS/HOLIDAY,7,TRAIN,NE7/DT12,6429,7641
2026-07,WEEKDAY,11,TRAIN,CG1/DT35,9639,16293
2026-07,WEEKENDS/HOLIDAY,8,TRAIN,NS3,9321,6831
2026-07,WEEKENDS/HOLIDAY,23,TRAIN,EW31,123,746
2026-07,WEEKENDS/HOLIDAY,14,TRAIN,CC30,262,329
2026-07,WEEKDAY,10,TRAIN,TE8,8301,9249
2026-07,WEEKDAY,9,TRAIN,CC20,9783,5481
2026-07,WEEKDAY,14,TRAIN,PE4,1560,2570
2026-07,WEEKDAY,11,TRAIN,CC26,5137,3076
2026-07,WEEKENDS/HOLIDAY,17,TRAIN,NS18,6120,6371
2026-07,WEEKDAY,15,TRAIN,SW3,1824,1654
2026-07,WEEKDAY,7,TRAIN,TE14/NS22,15965,66522
2026-07,WEEKENDS/HOLIDAY,10,TRAIN,CC2,1554,2261
2026-07,WEEKENDS/HOLIDAY,13,TRAIN,EW7,6867,6547
2026-07,WEEKDAY,15,TRAIN,NS23,43300,44394
2026-07,WEEKENDS/HOLIDAY,7,TRAIN,EW12/DT14,5454,8812
2026-07,WEEKENDS/HOLIDAY,23,TRAIN,NS18,765,3949
2026-07,WEEKENDS/HOLIDAY,23,TRAIN,EW2/DT32,2857,9186
2026-07,WEEKDAY,14,TRAIN,DT21,8097,9162
2026-07,WEEKDAY,22,TRAIN,CC4/DT15,27425,3865
2026-07,WEEKDAY,16,TRAIN,DT22,9807,12264
2026-07,WEEKENDS/HOLIDAY,6,TRAIN,NE14,6452,2003
2026-07,WEEKENDS/HOLIDAY,22,TRAIN,CC26,761,856
2026-07,WEEKDAY,12,TRAIN,SW7,1893,1676
2026-07,WEEKENDS/HOLIDAY,6,TRAIN,EW7,3420,1605
2026-07,WEEKENDS/HOLIDAY,12,TRAIN,NS9/TE2,25426,25716
2026-07,WEEKENDS/HOLIDAY,17,TRAIN,CC4/DT15,14737,13272
2026-07,WEEKDAY,20,TRAIN,CC3,14906,4036
2026-07,WEEKDAY,11,TRAIN,TE15,8684,11603
2026-07,WEEKENDS/HOLIDAY,0,TRAIN,PE6,29,272
2026-07,WEEKENDS/HOLIDAY,9,TRAIN,DT5,7269,7253
2026-07,WEEKDAY,12,TRAIN,DT31,8677,8043
2026-07,WEEKENDS/HOLIDAY,5,TRAIN,TE16,59,16
2026-07,WEEKDAY,23,TRAIN,BP3,264,1351
2026-07,WEEKENDS/HOLIDAY,17,TRAIN,DT31,3789,4040
2026-07,WEEKDAY,18,TRAIN,CC16,26097,19852
2026-07,WEEKDAY,15,TRAIN,SE1,4109,4522
2026-07,WEEKENDS/HOLIDAY,5,TRAIN,EW6,183,24
2026-07,WEEKENDS/HOLIDAY,9,TRAIN,NS5,13944,6568
2026-07,WEEKDAY,16,TRAIN,DT28,10471,9433
2026-07,WEEKDAY,12,TRAIN,NS18,17772,11457
2026-07,WEEKENDS/HOLIDAY,15,TRAIN,TE7,2802,2341
2026-07,WEEKDAY,8,TRAIN,TE29,19012,2664
2026-07,WEEKENDS/HOLIDAY,0,TRAIN,PW5,16,327
2026-07,WEEKENDS/HOLIDAY,5,TRAIN,SW6,221,17
2026-07,WEEKENDS/HOLIDAY,5,TRAIN,EW31,596,135
2026-07,WEEKDAY,0,TRAIN,EW12/DT14,894,1355
2026-07,WEEKENDS/HOLIDAY,9,TRAIN,CC14,3081,1748
2026-07,WEEKDAY,21,TRAIN,SW5,5141,8744
2026-07,WEEKENDS/HOLIDAY,16,TRAIN,TE14/NS22,54271,46041
2026-07,WEEKDAY,10,TRAIN,CC31,1693,1038
2026-07,WEEKENDS/HOLIDAY,10,TRAIN,NE4/DT19,14099,31302
2026-07,WEEKDAY,0,TRAIN,NE18,0,803
2026-07,WEEKENDS/HOLIDAY,23,TRAIN,CC10/DT26,1065,3621
2026-07,WEEKDAY,7,TRAIN,CG1/DT35,3156,36246
2026-07,WEEKENDS/HOLIDAY,7,TRAIN,EW2/DT32,12864,8518
2026-07,WEEKDAY,15,TRAIN,BP5,2394,2216
2026-07,WEEKDAY,15,TRAIN,NE18,13895,12003
2026-07,WEEKENDS/HOLIDAY,17,TRAIN,CC20,2672,2774
2026-07,WEEKDAY,6,TRAIN,CE1/DT16,2970,9914
2026-07,WEEKDAY,8,TRAIN,EW21/CC22,35376,130772
2026-07,WEEKENDS/HOLIDAY,7,TRAIN,CC3,263,1971
2026-07,WEEKENDS/HOLIDAY,18,TRAIN,SW4,1275,1845
2026-07,WEEKDAY,8,TRAIN,EW20,37749,46780
2026-07,WEEKDAY,12,TRAIN,PW4,4169,3705
2026-07,WEEKENDS/HOLIDAY,15,TRAIN,EW1,12467,12753
2026-07,WEEKENDS/HOLIDAY,0,TRAIN,DT27,27,359
2026-07,WEEKENDS/HOLIDAY,19,TRAIN,SW4,801,1780
2026-07,WEEKENDS/HOLIDAY,9,TRAIN,BP7,529,371
2026-07,WEEKENDS/HOLIDAY,23,TRAIN,CC16,267,888
2026-07,WEEKENDS/HOLIDAY,18,TRAIN,DT5,8508,8896
2026-07,WEEKENDS/HOLIDAY,12,TRAIN,NS12,10516,6178
2026-07,WEEKDAY,10,TRAIN,SW6,2623,1288
2026-07,WEEKDAY,14,TRAIN,DT4,1919,2743
2026-07,WEEKDAY,12,TRAIN,NE13,25616,19400
2026-07,WEEKENDS/HOLIDAY,14,TRAIN,DT7,1412,1498
2026-07,WEEKDAY,16,TRAIN,DT25,5262,5085
2026-07,WEEKDAY,12,TRAIN,SW5,7741,6674
2026-07,WEEKDAY,17,TRAIN,EW16/NE3/TE17,151442,31236
2026-07,WEEKDAY,0,TRAIN,EW10,87,641
2026-07,WEEKDAY,7,TRAIN,CC19/DT9,9506,12571
2026-07,WEEKENDS/HOLIDAY,23,TRAIN,PW6,32,307
2026-07,WEEKENDS/HOLIDAY,19,TRAIN,BP12,668,1116
2026-07,WEEKDAY,13,TRAIN,CC34/DT16,20272,30736
2026-07,WEEKDAY,18,TRAIN,EW9,47958,71800
2026-07,WEEKDAY,5,TRAIN,TE11,141,43
2026-07,WEEKENDS/HOLIDAY,16,TRAIN,EW19,7266,7573
2026-07,WEEKENDS/HOLIDAY,8,TRAIN,EW16/NE3/TE17,6897,9796
2026-07,WEEKDAY,17,TRAIN,NS28,4192,2724
2026-07,WEEKDAY,18,TRAIN,NS9/TE2,109401,237594
2026-07,WEEKDAY,16,TRAIN,CC31,1845,2005
2026-07,WEEKDAY,16,TRAIN,DT21,13146,8874
2026-07,WEEKENDS/HOLIDAY,14,TRAIN,CC27,1091,949
2026-07,WEEKENDS/HOLIDAY,17,TRAIN,CC34/DT16,19448,15251
2026-07,WEEKDAY,18,TRAIN,TE28,6461,15470
2026-07,WEEKENDS/HOLIDAY,18,TRAIN,NS24/NE6/CC1,26286,17700
2026-07,WEEKENDS/HOLIDAY,20,TRAIN,NE11,5242,6538
2026-07,WEEKENDS/HOLIDAY,0,TRAIN,NS9/TE2,1046,3602
2026-07,WEEKDAY,12,TRAIN,PW5,2316,2054
2026-07,WEEKENDS/HOLIDAY,7,TRAIN,SW8,236,258
2026-07,WEEKDAY,7,TRAIN,EW27,142944,116158
2026-07,WEEKENDS/HOLIDAY,21,TRAIN,DT22,8765,4860
2026-07,WEEKENDS/HOLIDAY,22,TRAIN,CC14,850,1824
2026-07,WEEKENDS/HOLIDAY,22,TRAIN,NS18,1747,7572
2026-07,WEEKENDS/HOLIDAY,11,TRAIN,DT30,4653,1780
2026-07,WEEKENDS/HOLIDAY,19,TRAIN,SE4,1063,1811
2026-07,WEEKDAY,6,TRAIN,NS2,57146,20694
2026-07,WEEKENDS/HOLIDAY,0,TRAIN,DT20,57,120
2026-07,WEEKENDS/HOLIDAY,18,TRAIN,DT23,1967,1472
2026-07,WEEKENDS/HOLIDAY,13,TRAIN,CC2,2339,2542
2026-07,WEEKDAY,18,TRAIN,DT21,29462,23218
2026-07,WEEKENDS/HOLIDAY,5,TRAIN,SW7,244,3
2026-07,WEEKENDS/HOLIDAY,19,TRAIN,CC11,7328,5653
2026-07,WEEKENDS/HOLIDAY,14,TRAIN,EW23,20374,19838
2026-07,WEEKENDS/HOLIDAY,12,TRAIN,SE2,3089,2229
2026-07,WEEKDAY,22,TRAIN,TE11,2291,4457
2026-07,WEEKENDS/HOLIDAY,15,TRAIN,DT6,2655,2454
2026-07,WEEKENDS/HOLIDAY,18,TRAIN,TE22,3932,7845
2026-07,WEEKENDS/HOLIDAY,15,TRAIN,NS19,15567,16694
2026-07,WEEKDAY,13,TRAIN,EW30,1688,1774
2026-07,WEEKENDS/HOLIDAY,21,TRAIN,SE2,776,3026
2026-07,WEEKDAY,6,TRAIN,SE4,7196,1024
2026-07,WEEKDAY,22,TRAIN,EW14/NS26,46971,7145
2026-07,WEEKENDS/HOLIDAY,5,TRAIN,NE18,577,73
2026-07,WEEKENDS/HOLIDAY,15,TRAIN,DT2,934,855
2026-07,WEEKENDS/HOLIDAY,14,TRAIN,TE16,3900,3742
2026-07,WEEKDAY,0,TRAIN,TE24,34,240
2026-07,WEEKDAY,18,TRAIN,NE13,42220,75932
2026-07,WEEKENDS/HOLIDAY,23,TRAIN,PE3,162,1137
2026-07,WEEKENDS/HOLIDAY,8,TRAIN,NS23,2207,7894
2026-07,WEEKDAY,19,TRAIN,CC28,5209,10968
2026-07,WEEKDAY,16,TRAIN,EW11,21266,19964
2026-07,WEEKDAY,23,TRAIN,CG1/DT35,3151,1323
2026-07,WEEKENDS/HOLIDAY,6,TRAIN,CC34/DT16,2621,4422
2026-07,WEEKENDS/HOLIDAY,15,TRAIN,NS14,12914,11394
2026-07,WEEKDAY,23,TRAIN,NE10,2552,6940
2026-07,WEEKDAY,22,TRAIN,CC31,574,2072
2026-07,WEEKDAY,10,TRAIN,PE2,7337,2431
2026-07,WEEKDAY,23,TRAIN,NS3,3891,10284
2026-07,WEEKENDS/HOLIDAY,9,TRAIN,NE5,2284,5999
2026-07,WEEKENDS/HOLIDAY,10,TRAIN,NS24/NE6/CC1,7568,16692
2026-07,WEEKDAY,19,TRAIN,CG1/DT35,46839,12325
2026-07,WEEKENDS/HOLIDAY,13,TRAIN,CC34/DT16,13215,16889
2026-07,WEEKDAY,13,TRAIN,NS4/BP1,36362,38847
2026-07,WEEKDAY,10,TRAIN,DT17,5773,37642
2026-07,WEEKENDS/HOLIDAY,15,TRAIN,CC23,1926,1448
2026-07,WEEKDAY,19,TRAIN,CC31,2221,3472
2026-07,WEEKENDS/HOLIDAY,20,TRAIN,CC24,4841,2009
2026-07,WEEKDAY,6,TRAIN,TE3,22072,12208
2026-07,WEEKDAY,13,TRAIN,DT24,5020,4521
2026-07,WEEKENDS/HOLIDAY,10,TRAIN,NS7,12369,10636
2026-07,WEEKDAY,19,TRAIN,NE4/DT19,108278,70182
2026-07,WEEKDAY,12,TRAIN,CC12,9638,5635
2026-07,WEEKENDS/HOLIDAY,11,TRAIN,CE1/DT16,3191,8766
2026-07,WEEKENDS/HOLIDAY,11,TRAIN,PE7,2573,1249
2026-07,WEEKDAY,11,TRAIN,EW31,1981,1083
2026-07,WEEKENDS/HOLIDAY,9,TRAIN,CC8,3479,2310
2026-07,WEEKDAY,9,TRAIN,DT34,9323,7728
2026-07,WEEKDAY,18,TRAIN,DT5,31894,59242
2026-07,WEEKENDS/HOLIDAY,15,TRAIN,DT17,2590,2199
2026-07,WEEKDAY,21,TRAIN,SW1,2602,716
2026-07,WEEKENDS/HOLIDAY,17,TRAIN,NS21/DT11,29307,30707
2026-07,WEEKDAY,19,TRAIN,NS19,51939,74035
2026-07,WEEKDAY,20,TRAIN,EW4,12162,25285
2026-07,WEEKENDS/HOLIDAY,12,TRAIN,DT4,1332,686
2026-07,WEEKENDS/HOLIDAY,13,TRAIN,NE17/PTC,25282,23393
2026-07,WEEKENDS/HOLIDAY,19,TRAIN,BP13,316,515
2026-07,WEEKDAY,11,TRAIN,NS20,44510,49722
2026-07,WEEKDAY,20,TRAIN,NS18,10522,24526
2026-07,WEEKDAY,6,TRAIN,NS27/CC33/TE20,1160,2913
2026-07,WEEKDAY,16,TRAIN,CC5,6178,4313
2026-07,WEEKENDS/HOLIDAY,16,TRAIN,NE14,12566,12990
2026-07,WEEKDAY,12,TRAIN,EW7,15990,13790
2026-07,WEEKDAY,22,TRAIN,CC16,3841,5444
2026-07,WEEKDAY,17,TRAIN,NS27/CE2/TE20,7463,1678
2026-07,WEEKENDS/HOLIDAY,6,TRAIN,NS28,113,349
2026-07,WEEKENDS/HOLIDAY,6,TRAIN,TE11,764,606
2026-07,WEEKDAY,7,TRAIN,DT13,11652,10273
2026-07,WEEKENDS/HOLIDAY,19,TRAIN,DT7,1285,2038
2026-07,WEEKENDS/HOLIDAY,18,TRAIN,EW27,22663,32493
2026-07,WEEKDAY,9,TRAIN,DT33,43574,7404
2026-07,WEEKENDS/HOLIDAY,14,TRAIN,NS28,3337,2137
2026-07,WEEKDAY,18,TRAIN,NS18,41212,40851
2026-07,WEEKDAY,22,TRAIN,NS18,5332,21827
2026-07,WEEKENDS/HOLIDAY,14,TRAIN,NS27/CC33/TE20,1328,1928
2026-07,WEEKENDS/HOLIDAY,15,TRAIN,PE1,1575,1631
2026-07,WEEKDAY,11,TRAIN,DT21,8724,10142
2026-07,WEEKENDS/HOLIDAY,16,TRAIN,EW6,4973,5556
2026-07,WEEKDAY,16,TRAIN,NS28,3924,3085
2026-07,WEEKDAY,18,TRAIN,DT28,43965,30583
2026-07,WEEKDAY,22,TRAIN,CC23,4353,1546
2026-07,WEEKDAY,11,TRAIN,PW6,1593,991
2026-07,WEEKENDS/HOLIDAY,7,TRAIN,NS11,16821,8120
2026-07,WEEKENDS/HOLIDAY,6,TRAIN,NS8,6822,2697
2026-07,WEEKENDS/HOLIDAY,0,TRAIN,CC14,17,142
2026-07,WEEKDAY,0,TRAIN,TE16,90,455
2026-07,WEEKDAY,23,TRAIN,BP5,300,395
2026-07,WEEKDAY,20,TRAIN,TE19,23128,3550
2026-07,WEEKENDS/HOLIDAY,15,TRAIN,NS5,10387,11574
2026-07,WEEKDAY,7,TRAIN,EW8/CC9,52821,63308
2026-07,WEEKENDS/HOLIDAY,21,TRAIN,CC27,918,432
2026-07,WEEKENDS/HOLIDAY,19,TRAIN,BP4,493,877
2026-07,WEEKENDS/HOLIDAY,8,TRAIN,NE12/CC13,20190,12905
2026-07,WEEKENDS/HOLIDAY,19,TRAIN,NE16/STC,15986,24716
2026-07,WEEKENDS/HOLIDAY,0,TRAIN,CC21,42,113
2026-07,WEEKDAY,20,TRAIN,DT6,5499,7053
2026-07,WEEKDAY,5,TRAIN,NS27/CE2/TE20,250,85
2026-07,WEEKENDS/HOLIDAY,21,TRAIN,CC21,5124,2905
2026-07,WEEKDAY,13,TRAIN,NS5,28211,23286
2026-07,WEEKDAY,19,TRAIN,NS14,33720,92601
2026-07,WEEKDAY,17,TRAIN,CC8,13992,13319
2026-07,WEEKDAY,12,TRAIN,TE13,8708,4852
2026-07,WEEKDAY,13,TRAIN,DT17,14454,55711
2026-07,WEEKDAY,6,TRAIN,NE11,13556,9579
2026-07,WEEKDAY,22,TRAIN,DT22,10935,12257
2026-07,WEEKDAY,21,TRAIN,NS23,77140,19799
2026-07,WEEKENDS/HOLIDAY,5,TRAIN,TE5,161,7
2026-07,WEEKENDS/HOLIDAY,21,TRAIN,NE10,3025,7224
2026-07,WEEKDAY,11,TRAIN,BP11,3297,1944
2026-07,WEEKENDS/HOLIDAY,6,TRAIN,NS19,6118,3255
2026-07,WEEKDAY,19,TRAIN,TE25,3139,8726
2026-07,WEEKENDS/HOLIDAY,10,TRAIN,NS11,20468,9539
2026-07,WEEKDAY,18,TRAIN,CC19/DT9,16247,16430
2026-07,WEEKDAY,19,TRAIN,PE7,3128,12172
2026-07,WEEKENDS/HOLIDAY,18,TRAIN,EW23,23699,26382
2026-07,WEEKDAY,8,TRAIN,TE28,16460,4893
2026-07,WEEKDAY,10,TRAIN,NS20,32903,52986
2026-07,WEEKDAY,20,TRAIN,TE26,16105,12146
2026-07,WEEKDAY,18,TRAIN,EW24/NS1,267681,194012
2026-07,WEEKENDS/HOLIDAY,22,TRAIN,NE18,2477,2666
2026-07,WEEKDAY,15,TRAIN,BP9,1862,2694
2026-07,WEEKENDS/HOLIDAY,23,TRAIN,EW21/CC22,4088,2025
2026-07,WEEKENDS/HOLIDAY,12,TRAIN,DT21,3888,4671
2026-07,WEEKDAY,20,TRAIN,DT23,5272,4325
2026-07,WEEKDAY,6,TRAIN,SE5,5433,2759
2026-07,WEEKDAY,16,TRAIN,SW8,1360,2053
2026-07,WEEKENDS/HOLIDAY,21,TRAIN,CG1/DT35,10831,2121
2026-07,WEEKDAY,22,TRAIN,TE15,9039,4854
2026-07,WEEKENDS/HOLIDAY,9,TRAIN,TE8,3817,5662
2026-07,WEEKDAY,5,TRAIN,CC27,119,174
2026-07,WEEKDAY,16,TRAIN,NS2,29389,41469
2026-07,WEEKENDS/HOLIDAY,16,TRAIN,DT33,6557,5786
2026-07,WEEKENDS/HOLIDAY,23,TRAIN,SW8,39,368
2026-07,WEEKENDS/HOLIDAY,18,TRAIN,BP7,484,454
2026-07,WEEKENDS/HOLIDAY,16,TRAIN,EW1,13163,14235
2026-07,WEEKDAY,15,TRAIN,NE7/DT12,28636,26460
2026-07,WEEKENDS/HOLIDAY,15,TRAIN,CC27,1194,934
2026-07,WEEKDAY,17,TRAIN,TE22,4886,9991
2026-07,WEEKENDS/HOLIDAY,6,TRAIN,NS24/NE6/CC1,1052,2185
2026-07,WEEKDAY,23,TRAIN,DT2,154,1227
2026-07,WEEKENDS/HOLIDAY,15,TRAIN,NS4/BP1,14554,16375
2026-07,WEEKDAY,20,TRAIN,CC30,124,125
2026-07,WEEKENDS/HOLIDAY,16,TRAIN,DT6,3491,2413
2026-07,WEEKENDS/HOLIDAY,22,TRAIN,CC27,650,316
2026-07,WEEKDAY,13,TRAIN,PW6,2617,2363
2026-07,WEEKDAY,8,TRAIN,SW8,896,2745
2026-07,WEEKENDS/HOLIDAY,17,TRAIN,SE5,1268,1260
2026-07,WEEKENDS/HOLIDAY,0,TRAIN,TE23,18,91
2026-07,WEEKDAY,21,TRAIN,DT27,6281,10508
2026-07,WEEKENDS/HOLIDAY,16,TRAIN,CC20,2113,2265
2026-07,WEEKENDS/HOLIDAY,9,TRAIN,DT27,3526,2633
2026-07,WEEKDAY,17,TRAIN,BP5,3988,3426
2026-07,WEEKDAY,0,TRAIN,CC30,0,2
2026-07,WEEKENDS/HOLIDAY,0,TRAIN,EW33,1,221
2026-07,WEEKENDS/HOLIDAY,20,TRAIN,EW8/CC9,24564,18373
2026-07,WEEKDAY,6,TRAIN,CC5,2456,2037
2026-07,WEEKENDS/HOLIDAY,17,TRAIN,NS28,2690,1749
2026-07,WEEKENDS/HOLIDAY,21,TRAIN,BP8,523,625
2026-07,WEEKDAY,6,TRAIN,EW24/NS1,36248,81801
2026-07,WEEKENDS/HOLIDAY,23,TRAIN,DT8,162,404
2026-07,WEEKDAY,13,TRAIN,CC25,5900,5527
2026-07,WEEKENDS/HOLIDAY,13,TRAIN,EW5,15843,13768
2026-07,WEEKENDS/HOLIDAY,18,TRAIN,TE8,6924,6196
2026-07,WEEKENDS/HOLIDAY,16,TRAIN,CC17/TE9,2890,2633
2026-07,WEEKDAY,6,TRAIN,NE9,30365,20994
2026-07,WEEKDAY,18,TRAIN,TE16,26677,20808
2026-07,WEEKDAY,18,TRAIN,EW27,105689,186296
2026-07,WEEKENDS/HOLIDAY,22,TRAIN,DT18,3514,1407
2026-07,WEEKENDS/HOLIDAY,9,TRAIN,NE11,5751,4680
2026-07,WEEKDAY,12,TRAIN,DT21,9387,12117
2026-07,WEEKDAY,15,TRAIN,NS5,22951,28489
2026-07,WEEKDAY,11,TRAIN,CC12,8136,3704
2026-07,WEEKENDS/HOLIDAY,15,TRAIN,SW4,1072,1315
2026-07,WEEKDAY,18,TRAIN,BP8,4676,4966
2026-07,WEEKDAY,21,TRAIN,PE4,1038,2580
2026-07,WEEKDAY,22,TRAIN,EW8/CC9,36802,25653
2026-07,WEEKENDS/HOLIDAY,13,TRAIN,EW4,6817,4904
2026-07,WEEKDAY,17,TRAIN,CC25,26189,8703
2026-07,WEEKDAY,10,TRAIN,NE14,36203,14365
2026-07,WEEKDAY,6,TRAIN,DT5,18010,7019
2026-07,WEEKDAY,16,TRAIN,DT3,7133,7940
2026-07,WEEKENDS/HOLIDAY,10,TRAIN,EW26,17298,5343
2026-07,WEEKDAY,7,TRAIN,CC6,2264,5556
2026-07,WEEKENDS/HOLIDAY,0,TRAIN,NS5,263,2286
2026-07,WEEKDAY,14,TRAIN,NS16,40964,42146
2026-07,WEEKDAY,15,TRAIN,CC19/DT9,7693,8077
2026-07,WEEKENDS/HOLIDAY,22,TRAIN,PW7,374,1195
2026-07,WEEKENDS/HOLIDAY,17,TRAIN,PE1,1745,1898
2026-07,WEEKENDS/HOLIDAY,20,TRAIN,SE2,875,2953
2026-07,WEEKENDS/HOLIDAY,8,TRAIN,DT24,2218,1092
2026-07,WEEKENDS/HOLIDAY,16,TRAIN,PW1,1470,1605
2026-07,WEEKDAY,17,TRAIN,SW1,6942,1712
2026-07,WEEKDAY,5,TRAIN,BP7,1113,397
2026-07,WEEKDAY,10,TRAIN,EW10,12386,6422
2026-07,WEEKDAY,6,TRAIN,TE4,7986,4519
2026-07,WEEKENDS/HOLIDAY,18,TRAIN,NS13,20372,31791
2026-07,WEEKENDS/HOLIDAY,11,TRAIN,CC24,2851,4904
2026-07,WEEKENDS/HOLIDAY,21,TRAIN,NS3,3520,8871
2026-07,WEEKENDS/HOLIDAY,6,TRAIN,EW14/NS26,1073,3600
2026-07,WEEKDAY,20,TRAIN,EW2/DT32,58221,77302
2026-07,WEEKDAY,17,TRAIN,CC6,12647,15232
2026-07,WEEKENDS/HOLIDAY,18,TRAIN,TE19,2600,1862
2026-07,WEEKDAY,23,TRAIN,CC8,1036,3182
2026-07,WEEKENDS/HOLIDAY,16,TRAIN,NS21/DT11,27189,27978
2026-07,WEEKDAY,23,TRAIN,NS15,4011,5683
2026-07,WEEKENDS/HOLIDAY,16,TRAIN,DT31,3616,3502
2026-07,WEEKDAY,18,TRAIN,NS4/BP1,81869,146742
2026-07,WEEKENDS/HOLIDAY,18,TRAIN,BP8,853,836
2026-07,WEEKENDS/HOLIDAY,22,TRAIN,TE1,700,1801
2026-07,WEEKENDS/HOLIDAY,22,TRAIN,DT17,2236,932
2026-07,WEEKDAY,13,TRAIN,BP13,1635,1638
2026-07,WEEKDAY,18,TRAIN,EW17,54056,89295
2026-07,WEEKENDS/HOLIDAY,22,TRAIN,EW23,8119,14782
2026-07,WEEKENDS/HOLIDAY,5,TRAIN,CC23,40,34
2026-07,WEEKENDS/HOLIDAY,20,TRAIN,EW27,15421,27006
2026-07,WEEKENDS/HOLIDAY,20,TRAIN,NS20,13725,6735
2026-07,WEEKENDS/HOLIDAY,21,TRAIN,PW2,72,13
2026-07,WEEKENDS/HOLIDAY,14,TRAIN,CG1/DT35,8255,10155
2026-07,WEEKENDS/HOLIDAY,23,TRAIN,DT4,69,468
2026-07,WEEKDAY,15,TRAIN,TE26,14862,16571
2026-07,WEEKDAY,15,TRAIN,EW33,3580,2384
2026-07,WEEKDAY,0,TRAIN,CC12,77,689
2026-07,WEEKENDS/HOLIDAY,15,TRAIN,CC21,5273,4088
2026-07,WEEKDAY,7,TRAIN,NE7/DT12,31578,40981
2026-07,WEEKENDS/HOLIDAY,20,TRAIN,EW28,6583,15213
2026-07,WEEKDAY,21,TRAIN,NS25/EW13,99320,16295
2026-07,WEEKDAY,0,TRAIN,NS25/EW13,696,264
2026-07,WEEKENDS/HOLIDAY,18,TRAIN,NE11,7691,8645
2026-07,WEEKENDS/HOLIDAY,12,TRAIN,PW6,975,603
2026-07,WEEKENDS/HOLIDAY,16,TRAIN,SW1,1101,432
2026-07,WEEKENDS/HOLIDAY,22,TRAIN,NS11,5348,19823
2026-07,WEEKENDS/HOLIDAY,19,TRAIN,CE1/DT16,11645,10761
2026-07,WEEKENDS/HOLIDAY,21,TRAIN,TE19,1713,1272
2026-07,WEEKDAY,15,TRAIN,PW3,992,990
2026-07,WEEKENDS/HOLIDAY,7,TRAIN,BP7,437,194
2026-07,WEEKDAY,17,TRAIN,DT3,9750,12719
2026-07,WEEKENDS/HOLIDAY,17,TRAIN,TE6,4777,5697
2026-07,WEEKENDS/HOLIDAY,19,TRAIN,EW11,8657,8814
2026-07,WEEKENDS/HOLIDAY,9,TRAIN,TE15,2969,4501
2026-07,WEEKENDS/HOLIDAY,9,TRAIN,SW2,2217,1478
2026-07,WEEKDAY,7,TRAIN,NS16,114102,83578
2026-07,WEEKENDS/HOLIDAY,22,TRAIN,SE5,267,1156
2026-07,WEEKDAY,18,TRAIN,CC23,107470,11600
2026-07,WEEKDAY,22,TRAIN,TE8,7270,7778
2026-07,WEEKDAY,18,TRAIN,PE5,6999,18789
2026-07,WEEKENDS/HOLIDAY,16,TRAIN,SW3,763,551
2026-07,WEEKDAY,21,TRAIN,BP13,424,1474
2026-07,WEEKENDS/HOLIDAY,7,TRAIN,DT5,2312,2279
2026-07,WEEKENDS/HOLIDAY,17,TRAIN,BP10,1212,1402
2026-07,WEEKDAY,23,TRAIN,DT27,1199,4069
2026-07,WEEKENDS/HOLIDAY,0,TRAIN,EW28,9,2122
2026-07,WEEKENDS/HOLIDAY,8,TRAIN,NE7/DT12,6504,10724
2026-07,WEEKENDS/HOLIDAY,23,TRAIN,EW29,432,1256
2026-07,WEEKDAY,22,TRAIN,TE5,3627,8220
2026-07,WEEKDAY,17,TRAIN,DT4,2849,5323
2026-07,WEEKDAY,20,TRAIN,EW8/CC9,72333,46372
2026-07,WEEKENDS/HOLIDAY,20,TRAIN,SW7,299,1078
2026-07,WEEKDAY,22,TRAIN,CC21,12084,5711
2026-07,WEEKENDS/HOLIDAY,8,TRAIN,SW5,3064,1442
2026-07,WEEKENDS/HOLIDAY,5,TRAIN,NE9,433,0
2026-07,WEEKENDS/HOLIDAY,12,TRAIN,DT20,2484,2450
2026-07,WEEKENDS/HOLIDAY,20,TRAIN,DT27,2108,4592
2026-07,WEEKENDS/HOLIDAY,20,TRAIN,BP13,218,423
2026-07,WEEKDAY,21,TRAIN,SW3,528,1343
2026-07,WEEKDAY,21,TRAIN,NE4/DT19,79075,31156
2026-07,WEEKDAY,12,TRAIN,TE24,3885,3025
2026-07,WEEKENDS/HOLIDAY,8,TRAIN,PE7,2460,489
2026-07,WEEKENDS/HOLIDAY,23,TRAIN,TE16,1120,1806
2026-07,WEEKDAY,12,TRAIN,PE5,6747,4438
2026-07,WEEKDAY,11,TRAIN,PW4,4185,3008
2026-07,WEEKDAY,20,TRAIN,CC31,1096,2577
2026-07,WEEKENDS/HOLIDAY,18,TRAIN,PW2,183,168
2026-07,WEEKENDS/HOLIDAY,20,TRAIN,NS14,7706,15335
2026-07,WEEKENDS/HOLIDAY,10,TRAIN,NE9,12726,7567
2026-07,WEEKDAY,8,TRAIN,NS24/NE6/CC1,32521,68915
2026-07,WEEKENDS/HOLIDAY,6,TRAIN,SE5,571,114
2026-07,WEEKDAY,17,TRAIN,TE5,11530,14244
2026-07,WEEKDAY,13,TRAIN,SW4,2429,3627
2026-07,WEEKDAY,14,TRAIN,DT17,12645,21336
2026-07,WEEKDAY,8,TRAIN,TE23,9217,3196
2026-07,WEEKENDS/HOLIDAY,19,TRAIN,NS11,12142,21357
2026-07,WEEKENDS/HOLIDAY,14,TRAIN,EW11,8122,9879
2026-07,WEEKENDS/HOLIDAY,13,TRAIN,TE4,2702,2470
2026-07,WEEKENDS/HOLIDAY,16,TRAIN,BP4,639,647
2026-07,WEEKDAY,20,TRAIN,EW28,20957,50303
2026-07,WEEKENDS/HOLIDAY,10,TRAIN,BP6/DT1,18454,11128
2026-07,WEEKENDS/HOLIDAY,20,TRAIN,CC5,11568,3603
2026-07,WEEKDAY,9,TRAIN,NE8,28824,35763
2026-07,WEEKDAY,8,TRAIN,TE11,15177,8504
2026-07,WEEKENDS/HOLIDAY,21,TRAIN,DT8,692,1450
2026-07,WEEKDAY,15,TRAIN,EW12/DT14,66736,60564
2026-07,WEEKDAY,10,TRAIN,NS12,22489,8775
2026-07,WEEKDAY,7,TRAIN,TE29,12483,4844
2026-07,WEEKDAY,8,TRAIN,DT25,14301,12886
2026-07,WEEKDAY,13,TRAIN,NS2,27133,26630
2026-07,WEEKENDS/HOLIDAY,16,TRAIN,CC10/DT26,8614,7253
2026-07,WEEKDAY,10,TRAIN,CC3,2705,14216
2026-07,WEEKDAY,5,TRAIN,TE8,701,349
2026-07,WEEKDAY,0,TRAIN,DT5,163,1833
2026-07,WEEKDAY,13,TRAIN,PW2,254,238
2026-07,WEEKDAY,9,TRAIN,NE4/DT19,30502,93868
2026-07,WEEKDAY,23,TRAIN,EW4,1817,10423
2026-07,WEEKENDS/HOLIDAY,11,TRAIN,BP6/DT1,18211,12877
2026-07,WEEKDAY,15,TRAIN,NE5,13601,13757
2026-07,WEEKENDS/HOLIDAY,15,TRAIN,CC12,3377,3093
2026-07,WEEKENDS/HOLIDAY,15,TRAIN,DT29,2547,2499
2026-07,WEEKENDS/HOLIDAY,10,TRAIN,TE25,1776,994
2026-07,WEEKENDS/HOLIDAY,14,TRAIN,EW9,10802,10299
2026-07,WEEKENDS/HOLIDAY,15,TRAIN,EW33,2107,1308
2026-07,WEEKDAY,6,TRAIN,PW5,8944,2009
2026-07,WEEKENDS/HOLIDAY,23,TRAIN,TE22,758,123
2026-07,WEEKENDS/HOLIDAY,17,TRAIN,DT34,2776,1706
2026-07,WEEKENDS/HOLIDAY,5,TRAIN,EW18,291,87
2026-07,WEEKENDS/HOLIDAY,17,TRAIN,DT18,2538,3199
2026-07,WEEKDAY,11,TRAIN,EW24/NS1,38020,69990
2026-07,WEEKENDS/HOLIDAY,0,TRAIN,NS19,252,1223
2026-07,WEEKDAY,23,TRAIN,DT7,513,1380
2026-07,WEEKENDS/HOLIDAY,10,TRAIN,DT6,3039,1931
2026-07,WEEKENDS/HOLIDAY,7,TRAIN,EW30,1187,4581
2026-07,WEEKDAY,19,TRAIN,TE4,9524,12074
2026-07,WEEKENDS/HOLIDAY,7,TRAIN,CC19/DT9,1858,3174
2026-07,WEEKDAY,14,TRAIN,NS17/CC15,35358,19550
2026-07,WEEKDAY,9,TRAIN,EW29,4571,19270
2026-07,WEEKDAY,5,TRAIN,SW1,293,183
2026-07,WEEKENDS/HOLIDAY,22,TRAIN,SE3,206,1661
2026-07,WEEKENDS/HOLIDAY,17,TRAIN,TE5,3101,3558
2026-07,WEEKENDS/HOLIDAY,14,TRAIN,DT17,2342,2383
2026-07,WEEKENDS/HOLIDAY,17,TRAIN,NE4/DT19,33069,30901
2026-07,WEEKDAY,17,TRAIN,SW7,2027,3559
2026-07,WEEKENDS/HOLIDAY,18,TRAIN,TE11,2200,1981
2026-07,WEEKENDS/HOLIDAY,0,TRAIN,SW5,57,433
2026-07,WEEKENDS/HOLIDAY,11,TRAIN,PE1,2210,1203
2026-07,WEEKENDS/HOLIDAY,6,TRAIN,CC16,853,665
2026-07,WEEKDAY,20,TRAIN,CC20,3786,6935
2026-07,WEEKENDS/HOLIDAY,10,TRAIN,NS20,10117,17107
2026-07,WEEKENDS/HOLIDAY,21,TRAIN,CC20,911,1921
2026-07,WEEKDAY,0,TRAIN,DT29,68,824
2026-07,WEEKDAY,17,TRAIN,CC17/TE9,20134,16812
2026-07,WEEKENDS/HOLIDAY,6,TRAIN,NS10,13092,3563
2026-07,WEEKDAY,16,TRAIN,SE1,5154,5476
2026-07,WEEKDAY,14,TRAIN,TE18,17476,12762
2026-07,WEEKENDS/HOLIDAY,18,TRAIN,NS19,17010,18578
2026-07,WEEKDAY,10,TRAIN,CC34/DT16,7307,26547
2026-07,WEEKDAY,12,TRAIN,EW10,10170,8170
2026-07,WEEKENDS/HOLIDAY,5,TRAIN,CC31,12,0
2026-07,WEEKENDS/HOLIDAY,13,TRAIN,DT27,4099,3008
2026-07,WEEKENDS/HOLIDAY,21,TRAIN,BP9,307,686
2026-07,WEEKENDS/HOLIDAY,21,TRAIN,PE6,1438,2754
2026-07,WEEKDAY,17,TRAIN,EW18,40971,33386
2026-07,WEEKENDS/HOLIDAY,15,TRAIN,NE14,11863,12205
2026-07,WEEKENDS/HOLIDAY,18,TRAIN,CC34/DT16,20107,16260
2026-07,WEEKDAY,23,TRAIN,PE6,572,2763
2026-07,WEEKDAY,20,TRAIN,DT8,3061,3763
2026-07,WEEKENDS/HOLIDAY,7,TRAIN,NS18,5326,2157
2026-07,WEEKDAY,7,TRAIN,NS9/TE2,179275,96567
2026-07,WEEKENDS/HOLIDAY,18,TRAIN,PW1,1434,1173
2026-07,WEEKDAY,13,TRAIN,CC11,15874,18717
2026-07,WEEKENDS/HOLIDAY,18,TRAIN,DT7,2113,2275
2026-07,WEEKDAY,0,TRAIN,NS11,918,8560
2026-07,WEEKENDS/HOLIDAY,0,TRAIN,CC17/TE9,25,330
2026-07,WEEKDAY,19,TRAIN,CC7,7214,15825
2026-07,WEEKENDS/HOLIDAY,11,TRAIN,NE12/CC13,26032,24561
2026-07,WEEKENDS/HOLIDAY,14,TRAIN,NE10,6880,6669
2026-07,WEEKDAY,10,TRAIN,PE1,4053,1726
2026-07,WEEKDAY,11,TRAIN,DT30,9199,3147
2026-07,WEEKDAY,14,TRAIN,BP6/DT1,32162,37209
2026-07,WEEKDAY,0,TRAIN,PW6,8,201
2026-07,WEEKDAY,6,TRAIN,DT31,14965,4795
2026-07,WEEKENDS/HOLIDAY,10,TRAIN,SW1,987,493
2026-07,WEEKDAY,21,TRAIN,NS3,11208,28306
2026-07,WEEKDAY,18,TRAIN,TE26,23908,34657
2026-07,WEEKDAY,13,TRAIN,PE2,11248,6948
2026-07,WEEKDAY,22,TRAIN,NS16,21003,56712
2026-07,WEEKDAY,17,TRAIN,TE19,65661,6508
2026-07,WEEKDAY,5,TRAIN,SE4,1861,184
2026-07,WEEKDAY,18,TRAIN,CC28,10086,13788
2026-07,WEEKDAY,19,TRAIN,BP3,3304,13556
2026-07,WEEKENDS/HOLIDAY,19,TRAIN,EW33,2807,3447
2026-07,WEEKENDS/HOLIDAY,0,TRAIN,NS27/CE2/TE20,9,31
2026-07,WEEKENDS/HOLIDAY,14,TRAIN,CC34/DT16,11714,18048
2026-07,WEEKDAY,13,TRAIN,NE1/CC29,60861,61351
2026-07,WEEKENDS/HOLIDAY,14,TRAIN,EW15,11509,9095
2026-07,WEEKENDS/HOLIDAY,14,TRAIN,CC11,7160,5342
2026-07,WEEKENDS/HOLIDAY,16,TRAIN,CC28,1920,1698
2026-07,WEEKDAY,11,TRAIN,EW18,16955,12227
2026-07,WEEKDAY,0,TRAIN,TE23,43,227
2026-07,WEEKENDS/HOLIDAY,18,TRAIN,SE3,1261,1705
2026-07,WEEKDAY,8,TRAIN,NS7,55468,50394
2026-07,WEEKDAY,11,TRAIN,SE4,5340,2937
2026-07,WEEKDAY,22,TRAIN,TE29,693,3852
2026-07,WEEKENDS/HOLIDAY,12,TRAIN,EW30,1235,597
2026-07,WEEKENDS/HOLIDAY,9,TRAIN,TE18,2389,5354
2026-07,WEEKENDS/HOLIDAY,7,TRAIN,PE1,1188,367
2026-07,WEEKENDS/HOLIDAY,8,TRAIN,TE1,1933,2499
2026-07,WEEKENDS/HOLIDAY,5,TRAIN,EW16/NE3/TE17,292,41
2026-07,WEEKDAY,14,TRAIN,EW15,32616,30157
2026-07,WEEKDAY,5,TRAIN,CC20,706,345
2026-07,WEEKENDS/HOLIDAY,0,TRAIN,BP6/DT1,0,2080
2026-07,WEEKENDS/HOLIDAY,11,TRAIN,PW5,1691,723
2026-07,WEEKENDS/HOLIDAY,5,TRAIN,NS8,2347,421
2026-07,WEEKENDS/HOLIDAY,10,TRAIN,TE16,4877,2952
2026-07,WEEKDAY,14,TRAIN,PW3,626,749
2026-07,WEEKDAY,9,TRAIN,NS10,65323,27900
2026-07,WEEKDAY,16,TRAIN,CC7,7827,7442
2026-07,WEEKDAY,16,TRAIN,CG1/DT35,23973,9359
2026-07,WEEKDAY,11,TRAIN,NS23,19918,47198
2026-07,WEEKDAY,21,TRAIN,NS13,46301,75082
2026-07,WEEKDAY,19,TRAIN,EW7,14766,39743
2026-07,WEEKDAY,8,TRAIN,EW33,10940,16672
2026-07,WEEKDAY,19,TRAIN,PW2,458,219
2026-07,WEEKENDS/HOLIDAY,23,TRAIN,EW24/NS1,6604,5413
2026-07,WEEKENDS/HOLIDAY,18,TRAIN,PE3,2691,3353
2026-07,WEEKENDS/HOLIDAY,21,TRAIN,NE15,3437,14625
2026-07,WEEKDAY,5,TRAIN,PW6,755,35
2026-07,WEEKENDS/HOLIDAY,11,TRAIN,BP11,1977,1104
2026-07,WEEKENDS/HOLIDAY,5,TRAIN,DT25,56,6
2026-07,WEEKDAY,0,TRAIN,CG1/DT35,22,351
2026-07,WEEKDAY,21,TRAIN,NS2,20257,41505
2026-07,WEEKENDS/HOLIDAY,8,TRAIN,DT8,1603,1193
2026-07,WEEKENDS/HOLIDAY,0,TRAIN,TE13,27,48
2026-07,WEEKENDS/HOLIDAY,23,TRAIN,PW4,260,772
2026-07,WEEKENDS/HOLIDAY,23,TRAIN,TE5,361,1393
2026-07,WEEKDAY,5,TRAIN,SE1,2121,789
2026-07,WEEKDAY,18,TRAIN,CC2,17432,8169
2026-07,WEEKDAY,17,TRAIN,NS15,80894,27598
2026-07,WEEKENDS/HOLIDAY,8,TRAIN,PW5,1865,508
2026-07,WEEKDAY,20,TRAIN,EW25,8935,24906
2026-07,WEEKENDS/HOLIDAY,6,TRAIN,NS25/EW13,969,4545
2026-07,WEEKENDS/HOLIDAY,7,TRAIN,EW23,14006,15023
2026-07,WEEKDAY,14,TRAIN,CC16,8758,7412
2026-07,WEEKDAY,19,TRAIN,DT23,11212,7596
2026-07,WEEKENDS/HOLIDAY,10,TRAIN,SW5,3395,2233
2026-07,WEEKENDS/HOLIDAY,15,TRAIN,DT13,5867,5619
2026-07,WEEKENDS/HOLIDAY,6,TRAIN,NS18,3619,1029
2026-07,WEEKENDS/HOLIDAY,8,TRAIN,SW3,973,276
2026-07,WEEKENDS/HOLIDAY,13,TRAIN,NE18,6411,6121
2026-07,WEEKENDS/HOLIDAY,14,TRAIN,EW3,7153,7364
2026-07,WEEKENDS/HOLIDAY,20,TRAIN,NS13,16497,25039
2026-07,WEEKENDS/HOLIDAY,11,TRAIN,EW25,5926,4611
2026-07,WEEKDAY,11,TRAIN,EW12/DT14,43992,78031
2026-07,WEEKENDS/HOLIDAY,6,TRAIN,PE3,883,277
2026-07,WEEKDAY,20,TRAIN,NS11,26627,72862
2026-07,WEEKDAY,12,TRAIN,EW2/DT32,53732,53667
2026-07,WEEKENDS/HOLIDAY,0,TRAIN,NS15,132,548
2026-07,WEEKENDS/HOLIDAY,10,TRAIN,EW9,9030,10058
2026-07,WEEKENDS/HOLIDAY,15,TRAIN,TE29,1573,1650
2026-07,WEEKENDS/HOLIDAY,14,TRAIN,BP10,1192,1308
2026-07,WEEKDAY,5,TRAIN,TE27,1085,3
2026-07,WEEKDAY,6,TRAIN,NE17/PTC,63247,18706
2026-07,WEEKENDS/HOLIDAY,8,TRAIN,SE5,1426,685
2026-07,WEEKDAY,23,TRAIN,BP4,163,657
2026-07,WEEKDAY,8,TRAIN,EW3,55438,22713
2026-07,WEEKENDS/HOLIDAY,23,TRAIN,EW7,800,3163
2026-07,WEEKDAY,12,TRAIN,SW3,2603,1453
2026-07,WEEKENDS/HOLIDAY,20,TRAIN,TE25,803,1668
2026-07,WEEKDAY,8,TRAIN,TE22,516,3479
2026-07,WEEKDAY,21,TRAIN,TE13,3595,4617
2026-07,WEEKDAY,11,TRAIN,CC31,1752,1108
2026-07,WEEKDAY,12,TRAIN,SE3,3050,2114
2026-07,WEEKDAY,20,TRAIN,EW20,10750,16901
2026-07,WEEKDAY,8,TRAIN,EW32,4702,29303
2026-07,WEEKDAY,22,TRAIN,TE19,7935,1493
2026-07,WEEKDAY,9,TRAIN,BP2,5552,1317
2026-07,WEEKDAY,10,TRAIN,EW28,25840,14143
2026-07,WEEKENDS/HOLIDAY,10,TRAIN,TE29,2109,904
2026-07,WEEKDAY,5,TRAIN,CC14,1096,259
2026-07,WEEKDAY,10,TRAIN,SW5,6783,4750
2026-07,WEEKENDS/HOLIDAY,23,TRAIN,DT29,345,2212
2026-07,WEEKENDS/HOLIDAY,16,TRAIN,DT17,2605,2429
2026-07,WEEKDAY,9,TRAIN,PE4,3440,942
2026-07,WEEKENDS/HOLIDAY,9,TRAIN,PE2,3385,941
2026-07,WEEKDAY,8,TRAIN,BP2,12639,1880
2026-07,WEEKDAY,11,TRAIN,NE16/STC,45289,33981
2026-07,WEEKENDS/HOLIDAY,14,TRAIN,BP9,1013,996
2026-07,WEEKDAY,21,TRAIN,BP2,921,4144
2026-07,WEEKENDS/HOLIDAY,15,TRAIN,TE22,2559,5220
2026-07,WEEKENDS/HOLIDAY,15,TRAIN,TE11,1628,1651
2026-07,WEEKDAY,8,TRAIN,EW28,103055,53639
2026-07,WEEKENDS/HOLIDAY,11,TRAIN,BP10,1604,1144
2026-07,WEEKDAY,20,TRAIN,EW31,8869,3939
2026-07,WEEKDAY,11,TRAIN,EW21/CC22,23891,22269
2026-07,WEEKDAY,19,TRAIN,SW3,1362,1685
2026-07,WEEKENDS/HOLIDAY,5,TRAIN,NE8,254,14
2026-07,WEEKDAY,19,TRAIN,EW1,29353,95232
2026-07,WEEKDAY,16,TRAIN,PW7,3730,4605
2026-07,WEEKENDS/HOLIDAY,23,TRAIN,TE28,274,672
2026-07,WEEKENDS/HOLIDAY,11,TRAIN,TE25,1812,1113
2026-07,WEEKDAY,16,TRAIN,EW30,10276,823
2026-07,WEEKENDS/HOLIDAY,21,TRAIN,NS20,12698,5123
2026-07,WEEKENDS/HOLIDAY,6,TRAIN,CC21,715,645
2026-07,WEEKDAY,23,TRAIN,TE23,1426,1241
2026-07,WEEKENDS/HOLIDAY,23,TRAIN,TE6,529,4040
2026-07,WEEKDAY,19,TRAIN,DT2,4579,5741
2026-07,WEEKDAY,19,TRAIN,DT21,18598,13532
2026-07,WEEKDAY,7,TRAIN,DT24,17566,8307
2026-07,WEEKENDS/HOLIDAY,15,TRAIN,SE4,1513,1648
2026-07,WEEKENDS/HOLIDAY,23,TRAIN,CC8,491,1099
2026-07,WEEKENDS/HOLIDAY,14,TRAIN,NS27/CE2/TE20,1016,1615
2026-07,WEEKENDS/HOLIDAY,12,TRAIN,CC3,4332,6038
2026-07,WEEKDAY,6,TRAIN,DT21,1939,3532
2026-07,WEEKDAY,14,TRAIN,TE23,2580,3722
2026-07,WEEKENDS/HOLIDAY,7,TRAIN,DT13,1411,1251
2026-07,WEEKENDS/HOLIDAY,22,TRAIN,TE19,1592,583
2026-07,WEEKDAY,8,TRAIN,DT22,20348,14989
2026-07,WEEKDAY,16,TRAIN,PW5,3192,3551
2026-07,WEEKENDS/HOLIDAY,5,TRAIN,CC19/DT9,93,67
2026-07,WEEKENDS/HOLIDAY,6,TRAIN,SW8,117,149
2026-07,WEEKDAY,21,TRAIN,EW9,18301,38614
2026-07,WEEKENDS/HOLIDAY,20,TRAIN,NE4/DT19,31941,16656
2026-07,WEEKDAY,9,TRAIN,NS20,31558,95137
2026-07,WEEKDAY,0,TRAIN,PE1,67,927
2026-07,WEEKDAY,0,TRAIN,CC5,27,101
2026-07,WEEKENDS/HOLIDAY,10,TRAIN,BP11,2068,755
2026-07,WEEKENDS/HOLIDAY,9,TRAIN,DT4,1450,333
2026-07,WEEKENDS/HOLIDAY,12,TRAIN,DT33,7358,3815
2026-07,WEEKDAY,18,TRAIN,EW25,17685,51935
2026-07,WEEKDAY,19,TRAIN,NS15,37326,28784
2026-07,WEEKENDS/HOLIDAY,11,TRAIN,PE4,1106,653
2026-07,WEEKDAY,12,TRAIN,TE16,9606,6707
2026-07,WEEKDAY,12,TRAIN,CC31,2074,1603
2026-07,WEEKENDS/HOLIDAY,21,TRAIN,SW1,870,294
2026-07,WEEKDAY,22,TRAIN,DT10,1712,2919
2026-07,WEEKENDS/HOLIDAY,8,TRAIN,DT27,3050,2942
2026-07,WEEKDAY,13,TRAIN,TE4,5640,4924
2026-07,WEEKDAY,15,TRAIN,CC24,31564,17053
2026-07,WEEKENDS/HOLIDAY,13,TRAIN,NE16/STC,23411,21499
2026-07,WEEKDAY,7,TRAIN,DT7,7172,17580
2026-07,WEEKENDS/HOLIDAY,19,TRAIN,NS7,15519,14298
2026-07,WEEKDAY,13,TRAIN,SE1,4676,4219
2026-07,WEEKENDS/HOLIDAY,5,TRAIN,EW25,1413,54
2026-07,WEEKENDS/HOLIDAY,19,TRAIN,EW24/NS1,42885,31143
2026-07,WEEKDAY,16,TRAIN,CC34/DT16,28502,23894
2026-07,WEEKENDS/HOLIDAY,7,TRAIN,CC31,337,149
2026-07,WEEKENDS/HOLIDAY,19,TRAIN,DT27,3220,4496
2026-07,WEEKDAY,22,TRAIN,DT2,744,2238
2026-07,WEEKDAY,23,TRAIN,PE1,317,2995
2026-07,WEEKENDS/HOLIDAY,23,TRAIN,NS7,9711,8440
2026-07,WEEKENDS/HOLIDAY,12,TRAIN,CC28,2157,1294
2026-07,WEEKENDS/HOLIDAY,11,TRAIN,CC19/DT9,4307,4666
2026-07,WEEKDAY,23,TRAIN,DT33,1626,14739
2026-07,WEEKDAY,7,TRAIN,CC23,4435,39540
2026-07,WEEKDAY,7,TRAIN,EW15,11076,82375
2026-07,WEEKDAY,22,TRAIN,EW23,25131,40905
2026-07,WEEKENDS/HOLIDAY,14,TRAIN,NS2,11535,11859
2026-07,WEEKENDS/HOLIDAY,20,TRAIN,CC23,2141,882
2026-07,WEEKENDS/HOLIDAY,13,TRAIN,TE18,8161,7924
2026-07,WEEKENDS/HOLIDAY,18,TRAIN,BP3,1667,2119
2026-07,WEEKDAY,23,TRAIN,BP11,122,1487
2026-07,WEEKDAY,19,TRAIN,CC27,28763,3244
2026-07,WEEKDAY,8,TRAIN,NS4/BP1,97709,44599
2026-07,WEEKDAY,21,TRAIN,NE9,15089,30329
2026-07,WEEKDAY,6,TRAIN,SW8,806,1161
2026-07,WEEKENDS/HOLIDAY,6,TRAIN,PE7,701,92
2026-07,WEEKDAY,8,TRAIN,DT27,23021,41903
2026-07,WEEKDAY,14,TRAIN,DT3,7655,6833
2026-07,WEEKDAY,9,TRAIN,CG2,17003,31586
2026-07,WEEKDAY,7,TRAIN,TE3,48847,35313
2026-07,WEEKDAY,21,TRAIN,EW31,3486,2822
2026-07,WEEKENDS/HOLIDAY,0,TRAIN,SW1,11,21
2026-07,WEEKDAY,19,TRAIN,PE5,4396,18392
2026-07,WEEKENDS/HOLIDAY,11,TRAIN,CC25,2606,1557
2026-07,WEEKDAY,13,TRAIN,DT7,3793,4842
2026-07,WEEKDAY,16,TRAIN,DT23,6415,3559
2026-07,WEEKDAY,0,TRAIN,NS9/TE2,1956,9377
2026-07,WEEKDAY,19,TRAIN,EW3,19015,48835
2026-07,WEEKENDS/HOLIDAY,13,TRAIN,CC8,3507,3291
2026-07,WEEKENDS/HOLIDAY,13,TRAIN,NS27/CC33/TE20,1285,1921
2026-07,WEEKENDS/HOLIDAY,22,TRAIN,BP7,84,324
2026-07,WEEKENDS/HOLIDAY,6,TRAIN,TE15,328,625
2026-07,WEEKDAY,21,TRAIN,PE3,2915,8462
2026-07,WEEKENDS/HOLIDAY,20,TRAIN,TE26,6887,4925
2026-07,WEEKENDS/HOLIDAY,12,TRAIN,CC21,4814,5479
2026-07,WEEKDAY,13,TRAIN,CC32,1266,2016
2026-07,WEEKENDS/HOLIDAY,22,TRAIN,CC7,1922,2914
2026-07,WEEKENDS/HOLIDAY,21,TRAIN,CC25,1205,2480
2026-07,WEEKDAY,11,TRAIN,EW9,17870,13819
2026-07,WEEKENDS/HOLIDAY,0,TRAIN,CC27,2,13
2026-07,WEEKENDS/HOLIDAY,5,TRAIN,DT30,155,3
2026-07,WEEKENDS/HOLIDAY,21,TRAIN,NS27/CC33/TE20,872,1035
2026-07,WEEKDAY,22,TRAIN,TE4,4919,4160
2026-07,WEEKDAY,16,TRAIN,PE1,4139,5677
2026-07,WEEKENDS/HOLIDAY,9,TRAIN,PE6,3606,2392
2026-07,WEEKDAY,7,TRAIN,PW4,14143,2011
2026-07,WEEKDAY,14,TRAIN,SE1,6856,5182
2026-07,WEEKENDS/HOLIDAY,7,TRAIN,PE6,1518,1029
2026-07,WEEKENDS/HOLIDAY,8,TRAIN,NS24/NE6/CC1,3417,9045
2026-07,WEEKENDS/HOLIDAY,23,TRAIN,PW5,96,1175
2026-07,WEEKDAY,15,TRAIN,CC7,7008,6081
2026-07,WEEKENDS/HOLIDAY,21,TRAIN,DT31,1587,4697
2026-07,WEEKDAY,5,TRAIN,EW18,2649,725
2026-07,WEEKDAY,19,TRAIN,DT24,7229,11740
2026-07,WEEKENDS/HOLIDAY,0,TRAIN,CC26,1,78
2026-07,WEEKENDS/HOLIDAY,17,TRAIN,CC14,3234,2800
2026-07,WEEKENDS/HOLIDAY,9,TRAIN,DT23,818,1551
2026-07,WEEKDAY,14,TRAIN,NE5,12818,14742
2026-07,WEEKENDS/HOLIDAY,12,TRAIN,CG2,9061,14949
2026-07,WEEKDAY,11,TRAIN,DT25,3472,2228
2026-07,WEEKDAY,8,TRAIN,SE2,18030,2920
2026-07,WEEKDAY,22,TRAIN,CC2,4682,2702
2026-07,WEEKENDS/HOLIDAY,14,TRAIN,TE12,1742,1548
2026-07,WEEKENDS/HOLIDAY,16,TRAIN,NS14,13194,12434
2026-07,WEEKENDS/HOLIDAY,16,TRAIN,SE2,2248,2409
2026-07,WEEKDAY,8,TRAIN,TE19,2902,112698
2026-07,WEEKENDS/HOLIDAY,15,TRAIN,NE4/DT19,33430,28658
2026-07,WEEKENDS/HOLIDAY,0,TRAIN,EW29,8,237
2026-07,WEEKENDS/HOLIDAY,10,TRAIN,EW2/DT32,23509,17660
2026-07,WEEKDAY,19,TRAIN,TE13,7112,5451
2026-07,WEEKENDS/HOLIDAY,12,TRAIN,TE6,6218,3365
2026-07,WEEKDAY,11,TRAIN,BP13,1461,916
2026-07,WEEKDAY,14,TRAIN,NS5,24950,25764
2026-07,WEEKENDS/HOLIDAY,5,TRAIN,CC24,85,63
2026-07,WEEKDAY,13,TRAIN,NE16/STC,49971,51053
2026-07,WEEKENDS/HOLIDAY,6,TRAIN,TE5,779,338
2026-07,WEEKENDS/HOLIDAY,22,TRAIN,TE25,458,897
2026-07,WEEKENDS/HOLIDAY,8,TRAIN,CC21,1927,3290
2026-07,WEEKENDS/HOLIDAY,6,TRAIN,NE4/DT19,2038,4115
2026-07,WEEKENDS/HOLIDAY,14,TRAIN,NS23,19155,24601
2026-07,WEEKENDS/HOLIDAY,7,TRAIN,PW1,100,464
2026-07,WEEKDAY,10,TRAIN,NS21/DT11,53398,52260
2026-07,WEEKDAY,14,TRAIN,DT28,7291,7377
2026-07,WEEKENDS/HOLIDAY,14,TRAIN,NE18,6656,5935
2026-07,WEEKDAY,11,TRAIN,NS12,19743,9067
2026-07,WEEKENDS/HOLIDAY,9,TRAIN,EW7,7844,5171
2026-07,WEEKENDS/HOLIDAY,14,TRAIN,PW6,684,717
2026-07,WEEKENDS/HOLIDAY,5,TRAIN,EW33,1375,120
2026-07,WEEKDAY,13,TRAIN,BP10,3530,3694
2026-07,WEEKDAY,11,TRAIN,DT5,14516,11052
2026-07,WEEKDAY,15,TRAIN,DT30,6421,8621
2026-07,WEEKENDS/HOLIDAY,11,TRAIN,DT22,4072,6229
2026-07,WEEKENDS/HOLIDAY,22,TRAIN,TE29,393,1347
2026-07,WEEKENDS/HOLIDAY,7,TRAIN,EW18,4010,5281
2026-07,WEEKDAY,5,TRAIN,CC11,1483,1208
2026-07,WEEKDAY,6,TRAIN,EW14/NS26,3890,41535
2026-07,WEEKENDS/HOLIDAY,14,TRAIN,CC14,2856,2619
2026-07,WEEKDAY,6,TRAIN,DT23,3086,3936
2026-07,WEEKDAY,14,TRAIN,NE11,17996,22526
2026-07,WEEKDAY,8,TRAIN,NE7/DT12,28911,71141
2026-07,WEEKENDS/HOLIDAY,20,TRAIN,EW24/NS1,44183,19646
2026-07,WEEKDAY,19,TRAIN,CC32,2811,1504
2026-07,WEEKENDS/HOLIDAY,23,TRAIN,TE15,819,730
2026-07,WEEKENDS/HOLIDAY,14,TRAIN,NS7,10834,8491
2026-07,WEEKDAY,7,TRAIN,NS27/CE2/TE20,522,3091
2026-07,WEEKDAY,18,TRAIN,TE22,5346,13184
2026-07,WEEKDAY,9,TRAIN,BP7,1690,1003
2026-07,WEEKDAY,11,TRAIN,NE13,25502,15658
2026-07,WEEKENDS/HOLIDAY,9,TRAIN,EW12/DT14,9228,22449
2026-07,WEEKDAY,14,TRAIN,DT10,9644,3679
2026-07,WEEKENDS/HOLIDAY,13,TRAIN,NE8,16438,19772
2026-07,WEEKDAY,10,TRAIN,DT18,6297,30924
2026-07,WEEKENDS/HOLIDAY,11,TRAIN,NE8,11393,18485
2026-07,WEEKDAY,20,TRAIN,SW8,521,2519
2026-07,WEEKDAY,10,TRAIN,CC23,4093,33653
2026-07,WEEKDAY,21,TRAIN,CC24,25737,4396
2026-07,WEEKENDS/HOLIDAY,23,TRAIN,BP9,47,242
2026-07,WEEKENDS/HOLIDAY,14,TRAIN,EW1,12546,11946
2026-07,WEEKENDS/HOLIDAY,16,TRAIN,TE12,2277,1455
2026-07,WEEKDAY,22,TRAIN,EW29,5820,4863
2026-07,WEEKDAY,6,TRAIN,EW16/NE3/TE17,13444,45711
2026-07,WEEKDAY,10,TRAIN,EW7,16443,10013
2026-07,WEEKDAY,23,TRAIN,EW31,195,798
2026-07,WEEKDAY,15,TRAIN,NS3,18286,20484
2026-07,WEEKENDS/HOLIDAY,18,TRAIN,EW12/DT14,38208,30982
2026-07,WEEKDAY,11,TRAIN,SW6,2580,1582
2026-07,WEEKENDS/HOLIDAY,19,TRAIN,TE18,7777,5398
2026-07,WEEKDAY,19,TRAIN,NS8,23310,44762
2026-07,WEEKENDS/HOLIDAY,17,TRAIN,CG2,13882,11926
2026-07,WEEKDAY,21,TRAIN,TE3,9846,15995
2026-07,WEEKENDS/HOLIDAY,9,TRAIN,EW16/NE3/TE17,7124,9786
2026-07,WEEKDAY,22,TRAIN,TE23,2898,2496
2026-07,WEEKENDS/HOLIDAY,12,TRAIN,TE27,2944,2455
2026-07,WEEKENDS/HOLIDAY,5,TRAIN,EW28,3316,219
2026-07,WEEKENDS/HOLIDAY,14,TRAIN,NE14,12214,11402
2026-07,WEEKENDS/HOLIDAY,0,TRAIN,DT8,12,102
2026-07,WEEKDAY,14,TRAIN,PW5,2273,2839
2026-07,WEEKENDS/HOLIDAY,23,TRAIN,NS27/CE2/TE20,159,144
2026-07,WEEKENDS/HOLIDAY,17,TRAIN,PE7,1868,2015
2026-07,WEEKENDS/HOLIDAY,15,TRAIN,CC11,7550,5244
2026-07,WEEKDAY,22,TRAIN,SE5,572,3094
2026-07,WEEKENDS/HOLIDAY,15,TRAIN,DT22,5388,5547
2026-07,WEEKDAY,9,TRAIN,PW2,233,441
2026-07,WEEKENDS/HOLIDAY,21,TRAIN,DT20,2296,2263
2026-07,WEEKDAY,13,TRAIN,CC2,4752,6624
2026-07,WEEKDAY,10,TRAIN,BP7,1188,739
2026-07,WEEKENDS/HOLIDAY,16,TRAIN,SE5,1210,1229
2026-07,WEEKENDS/HOLIDAY,15,TRAIN,NE9,9495,8473
2026-07,WEEKENDS/HOLIDAY,21,TRAIN,CC32,201,718
2026-07,WEEKENDS/HOLIDAY,12,TRAIN,CC6,7483,8330
2026-07,WEEKDAY,21,TRAIN,CC10/DT26,12284,22582
2026-07,WEEKENDS/HOLIDAY,6,TRAIN,CC12,1019,448
2026-07,WEEKENDS/HOLIDAY,5,TRAIN,PW2,1,1
2026-07,WEEKENDS/HOLIDAY,18,TRAIN,DT18,2500,3868
2026-07,WEEKENDS/HOLIDAY,7,TRAIN,BP11,1421,347
2026-07,WEEKENDS/HOLIDAY,13,TRAIN,NS19,18802,16332
2026-07,WEEKDAY,9,TRAIN,SE5,5629,1523
2026-07,WEEKDAY,11,TRAIN,CG2,18799,27932
2026-07,WEEKDAY,19,TRAIN,NE12/CC13,76618,152913
2026-07,WEEKDAY,15,TRAIN,TE6,11158,12273
2026-07,WEEKDAY,15,TRAIN,DT34,5945,4373
2026-07,WEEKDAY,19,TRAIN,CC3,17712,8961
2026-07,WEEKDAY,14,TRAIN,DT31,7396,7579
2026-07,WEEKENDS/HOLIDAY,22,TRAIN,DT20,2263,1474
2026-07,WEEKENDS/HOLIDAY,22,TRAIN,CC21,3958,2102
2026-07,WEEKENDS/HOLIDAY,10,TRAIN,CC34/DT16,5115,13582
2026-07,WEEKDAY,18,TRAIN,NE4/DT19,139185,105026
2026-07,WEEKDAY,9,TRAIN,TE16,14732,11773
2026-07,WEEKDAY,8,TRAIN,EW5,96120,39682
2026-07,WEEKDAY,21,TRAIN,CE1/DT16,33470,8817
2026-07,WEEKDAY,17,TRAIN,SW5,9138,12551
2026-07,WEEKDAY,17,TRAIN,DT21,21624,12615
2026-07,WEEKENDS/HOLIDAY,18,TRAIN,NS14,13005,16666
2026-07,WEEKDAY,15,TRAIN,DT13,11047,10489
2026-07,WEEKENDS/HOLIDAY,7,TRAIN,SE4,1198,688
2026-07,WEEKENDS/HOLIDAY,20,TRAIN,TE5,1927,2931
2026-07,WEEKDAY,8,TRAIN,NE18,24744,38172
2026-07,WEEKDAY,5,TRAIN,CG1/DT35,746,361
2026-07,WEEKDAY,8,TRAIN,CC23,5521,90018
2026-07,WEEKDAY,6,TRAIN,EW22,6804,8732
2026-07,WEEKDAY,15,TRAIN,SW1,3336,1740
2026-07,WEEKENDS/HOLIDAY,22,TRAIN,PW6,94,583
2026-07,WEEKDAY,17,TRAIN,NS19,72846,70382
2026-07,WEEKENDS/HOLIDAY,19,TRAIN,DT3,1776,3318
2026-07,WEEKENDS/HOLIDAY,12,TRAIN,CG1/DT35,4965,9359
2026-07,WEEKENDS/HOLIDAY,21,TRAIN,EW24/NS1,41157,13128
2026-07,WEEKDAY,12,TRAIN,CC27,9539,6230
2026-07,WEEKENDS/HOLIDAY,13,TRAIN,PE2,2690,2516
2026-07,WEEKENDS/HOLIDAY,23,TRAIN,CC28,136,921
2026-07,WEEKDAY,0,TRAIN,PW4,72,544
2026-07,WEEKENDS/HOLIDAY,6,TRAIN,EW23,8855,7880
2026-07,WEEKDAY,12,TRAIN,CC3,6504,9655
2026-07,WEEKDAY,15,TRAIN,CC34/DT16,27331,23773
2026-07,WEEKENDS/HOLIDAY,23,TRAIN,NS4/BP1,2544,7611
2026-07,WEEKDAY,10,TRAIN,NS19,41205,30611
2026-07,WEEKDAY,21,TRAIN,NS10,18947,58731
2026-07,WEEKDAY,9,TRAIN,CC6,4022,12813
2026-07,WEEKENDS/HOLIDAY,15,TRAIN,EW31,1539,501
2026-07,WEEKENDS/HOLIDAY,22,TRAIN,SE2,418,2705
2026-07,WEEKENDS/HOLIDAY,22,TRAIN,EW1,4426,12684
2026-07,WEEKENDS/HOLIDAY,17,TRAIN,CC32,662,695
2026-07,WEEKENDS/HOLIDAY,18,TRAIN,NS21/DT11,29548,31155
2026-07,WEEKENDS/HOLIDAY,22,TRAIN,NE15,2630,11526
2026-07,WEEKENDS/HOLIDAY,23,TRAIN,TE14/NS22,7625,2572
2026-07,WEEKENDS/HOLIDAY,9,TRAIN,CC25,2325,1767
2026-07,WEEKDAY,8,TRAIN,EW26,131691,42942
2026-07,WEEKDAY,21,TRAIN,DT20,8904,6347
2026-07,WEEKENDS/HOLIDAY,5,TRAIN,NS17/CC15,568,198
2026-07,WEEKDAY,12,TRAIN,DT33,17951,8558
2026-07,WEEKDAY,22,TRAIN,NE7/DT12,18720,14439
2026-07,WEEKENDS/HOLIDAY,19,TRAIN,PE3,2061,3242
2026-07,WEEKENDS/HOLIDAY,12,TRAIN,BP11,1885,1194
2026-07,WEEKENDS/HOLIDAY,16,TRAIN,NE5,6544,7054
2026-07,WEEKENDS/HOLIDAY,15,TRAIN,DT5,7929,6720
2026-07,WEEKDAY,14,TRAIN,BP9,2544,2438
2026-07,WEEKENDS/HOLIDAY,5,TRAIN,NS27/CC33/TE20,63,3
2026-07,WEEKDAY,23,TRAIN,DT34,1445,2540
2026-07,WEEKDAY,18,TRAIN,EW8/CC9,152564,141927
2026-07,WEEKENDS/HOLIDAY,20,TRAIN,DT18,2976,2708
2026-07,WEEKENDS/HOLIDAY,16,TRAIN,EW5,14365,16061
2026-07,WEEKDAY,5,TRAIN,TE13,232,123
2026-07,WEEKDAY,23,TRAIN,TE13,1420,1314
2026-07,WEEKENDS/HOLIDAY,19,TRAIN,EW17,8317,11313
2026-07,WEEKDAY,17,TRAIN,EW11,44100,28830
2026-07,WEEKENDS/HOLIDAY,21,TRAIN,NS24/NE6/CC1,21102,8556
2026-07,WEEKENDS/HOLIDAY,6,TRAIN,DT23,259,193
2026-07,WEEKENDS/HOLIDAY,7,TRAIN,EW32,2626,6117
2026-07,WEEKDAY,13,TRAIN,NE9,28035,25165
2026-07,WEEKDAY,19,TRAIN,EW10,13073,35218
2026-07,WEEKDAY,19,TRAIN,EW23,75211,101116
2026-07,WEEKDAY,9,TRAIN,PE5,13090,3108
2026-07,WEEKDAY,17,TRAIN,BP6/DT1,50674,87706
2026-07,WEEKDAY,7,TRAIN,TE23,5425,2637
2026-07,WEEKDAY,0,TRAIN,EW22,77,299
2026-07,WEEKDAY,18,TRAIN,BP3,5005,16265
2026-07,WEEKENDS/HOLIDAY,21,TRAIN,EW18,3539,6720
2026-07,WEEKDAY,14,TRAIN,NS28,3342,2354
2026-07,WEEKENDS/HOLIDAY,11,TRAIN,PE3,3976,2521
2026-07,WEEKDAY,22,TRAIN,NS17/CC15,13204,28546
2026-07,WEEKENDS/HOLIDAY,21,TRAIN,EW30,477,1121
2026-07,WEEKENDS/HOLIDAY,10,TRAIN,EW1,16021,6860
2026-07,WEEKENDS/HOLIDAY,14,TRAIN,CC19/DT9,4077,4174
2026-07,WEEKDAY,15,TRAIN,NS17/CC15,32950,22024
2026-07,WEEKDAY,5,TRAIN,TE4,946,436
2026-07,WEEKDAY,6,TRAIN,PE2,12091,3406
2026-07,WEEKENDS/HOLIDAY,11,TRAIN,DT18,2262,3587
2026-07,WEEKDAY,11,TRAIN,EW11,21309,16098
2026-07,WEEKENDS/HOLIDAY,8,TRAIN,NS10,20499,10814
2026-07,WEEKENDS/HOLIDAY,19,TRAIN,NS28,2356,593
2026-07,WEEKENDS/HOLIDAY,8,TRAIN,NS27/CE2/TE20,229,458
2026-07,WEEKDAY,22,TRAIN,NE12/CC13,34144,60832
2026-07,WEEKENDS/HOLIDAY,20,TRAIN,NS2,7502,14614
2026-07,WEEKENDS/HOLIDAY,17,TRAIN,TE23,2005,3998
2026-07,WEEKENDS/HOLIDAY,17,TRAIN,NS14,14224,15102
2026-07,WEEKENDS/HOLIDAY,14,TRAIN,DT13,5582,6088
2026-07,WEEKDAY,13,TRAIN,PW5,5454,3176
2026-07,WEEKDAY,19,TRAIN,TE14/NS22,127520,80096
2026-07,WEEKDAY,0,TRAIN,CC26,11,186
2026-07,WEEKDAY,14,TRAIN,CC2,4170,5072
2026-07,WEEKDAY,10,TRAIN,NE1/CC29,18473,93481
2026-07,WEEKENDS/HOLIDAY,8,TRAIN,CC20,1945,1842
2026-07,WEEKDAY,0,TRAIN,EW3,131,2342
2026-07,WEEKDAY,20,TRAIN,NS20,52502,20681
2026-07,WEEKENDS/HOLIDAY,5,TRAIN,CC8,157,10
2026-07,WEEKDAY,12,TRAIN,TE26,14202,16212
2026-07,WEEKENDS/HOLIDAY,17,TRAIN,NE12/CC13,30957,36215
2026-07,WEEKDAY,19,TRAIN,PW3,610,2468
2026-07,WEEKENDS/HOLIDAY,16,TRAIN,DT29,2879,2867
2026-07,WEEKENDS/HOLIDAY,8,TRAIN,NS15,6527,4919
2026-07,WEEKDAY,16,TRAIN,SW5,7322,9807
2026-07,WEEKDAY,18,TRAIN,TE24,8170,10659
2026-07,WEEKENDS/HOLIDAY,0,TRAIN,PW4,37,197
2026-07,WEEKENDS/HOLIDAY,12,TRAIN,CC10/DT26,8508,6371
2026-07,WEEKENDS/HOLIDAY,22,TRAIN,NS8,4142,6044
2026-07,WEEKENDS/HOLIDAY,5,TRAIN,PE5,427,20
2026-07,WEEKENDS/HOLIDAY,21,TRAIN,NE7/DT12,18295,8618
2026-07,WEEKDAY,0,TRAIN,CC7,32,641
2026-07,WEEKDAY,13,TRAIN,EW15,39610,44249
2026-07,WEEKENDS/HOLIDAY,20,TRAIN,CC21,4972,3207
2026-07,WEEKDAY,9,TRAIN,NE17/PTC,71573,28699
2026-07,WEEKDAY,14,TRAIN,BP12,4198,2745
2026-07,WEEKDAY,12,TRAIN,PW1,2103,2849
2026-07,WEEKENDS/HOLIDAY,10,TRAIN,BP3,2277,705
2026-07,WEEKDAY,19,TRAIN,EW26,30680,90378
2026-07,WEEKENDS/HOLIDAY,12,TRAIN,TE3,5925,3725
2026-07,WEEKDAY,5,TRAIN,TE18,183,31
2026-07,WEEKDAY,7,TRAIN,CC11,16868,69611
2026-07,WEEKENDS/HOLIDAY,21,TRAIN,BP3,504,1904
2026-07,WEEKENDS/HOLIDAY,18,TRAIN,SW6,798,1518
2026-07,WEEKDAY,8,TRAIN,BP10,8890,2639
2026-07,WEEKENDS/HOLIDAY,21,TRAIN,DT24,926,2564
2026-07,WEEKENDS/HOLIDAY,5,TRAIN,DT7,17,3
2026-07,WEEKENDS/HOLIDAY,8,TRAIN,TE26,2078,4320
2026-07,WEEKDAY,11,TRAIN,NE18,12681,12982
2026-07,WEEKDAY,12,TRAIN,CC23,20546,17486
2026-07,WEEKDAY,9,TRAIN,BP5,3272,1912
2026-07,WEEKENDS/HOLIDAY,22,TRAIN,EW33,1041,1962
2026-07,WEEKENDS/HOLIDAY,0,TRAIN,TE7,31,204
2026-07,WEEKENDS/HOLIDAY,15,TRAIN,SW3,699,567
2026-07,WEEKDAY,11,TRAIN,NE11,13628,12083
2026-07,WEEKDAY,7,TRAIN,EW11,26113,26871
2026-07,WEEKENDS/HOLIDAY,21,TRAIN,TE22,7232,925
2026-07,WEEKDAY,18,TRAIN,BP9,2820,6172
2026-07,WEEKDAY,10,TRAIN,PW3,741,413
2026-07,WEEKENDS/HOLIDAY,18,TRAIN,CC11,8351,5962
2026-07,WEEKDAY,9,TRAIN,CC8,13366,5933
2026-07,WEEKENDS/HOLIDAY,13,TRAIN,TE28,2000,2067
2026-07,WEEKDAY,0,TRAIN,EW21/CC22,487,916
2026-07,WEEKENDS/HOLIDAY,14,TRAIN,CC4/DT15,10343,14533
2026-07,WEEKENDS/HOLIDAY,13,TRAIN,EW19,7500,6860
2026-07,WEEKDAY,14,TRAIN,NS19,38085,41611
2026-07,WEEKENDS/HOLIDAY,14,TRAIN,NS13,22336,21870
2026-07,WEEKENDS/HOLIDAY,13,TRAIN,EW28,11915,8039
2026-07,WEEKENDS/HOLIDAY,17,TRAIN,DT4,1060,1152
2026-07,WEEKDAY,11,TRAIN,TE27,7021,3505
2026-07,WEEKENDS/HOLIDAY,15,TRAIN,EW26,11657,11305
2026-07,WEEKENDS/HOLIDAY,9,TRAIN,EW27,17617,11056
2026-07,WEEKDAY,0,TRAIN,NS4/BP1,1166,4446
2026-07,WEEKENDS/HOLIDAY,19,TRAIN,CC10/DT26,6095,7579
2026-07,WEEKDAY,8,TRAIN,DT24,20581,13970
2026-07,WEEKENDS/HOLIDAY,6,TRAIN,BP6/DT1,4739,2829
2026-07,WEEKENDS/HOLIDAY,13,TRAIN,TE1,2133,1000
2026-07,WEEKDAY,19,TRAIN,NS16,54924,111441
2026-07,WEEKENDS/HOLIDAY,22,TRAIN,TE13,992,1390
2026-07,WEEKENDS/HOLIDAY,15,TRAIN,PW5,1191,1204
2026-07,WEEKDAY,15,TRAIN,SW8,1257,1832
2026-07,WEEKENDS/HOLIDAY,7,TRAIN,EW7,5097,3257
2026-07,WEEKDAY,15,TRAIN,TE5,4802,7421
2026-07,WEEKENDS/HOLIDAY,6,TRAIN,NE11,1288,1086
2026-07,WEEKENDS/HOLIDAY,17,TRAIN,EW11,10811,9725
2026-07,WEEKENDS/HOLIDAY,5,TRAIN,PE3,278,81
2026-07,WEEKENDS/HOLIDAY,16,TRAIN,BP8,726,691
2026-07,WEEKDAY,10,TRAIN,NE5,8367,23382
2026-07,WEEKENDS/HOLIDAY,13,TRAIN,CC31,1124,1306
2026-07,WEEKENDS/HOLIDAY,0,TRAIN,TE18,119,146
2026-07,WEEKDAY,22,TRAIN,NE5,23403,8267
2026-07,WEEKENDS/HOLIDAY,21,TRAIN,NE12/CC13,19902,26478
2026-07,WEEKDAY,17,TRAIN,EW2/DT32,85025,132205
2026-07,WEEKENDS/HOLIDAY,12,TRAIN,NE10,8649,6208
2026-07,WEEKDAY,21,TRAIN,NE8,43881,35140
2026-07,WEEKENDS/HOLIDAY,5,TRAIN,NS2,2239,401
2026-07,WEEKENDS/HOLIDAY,10,TRAIN,CC30,120,148
2026-07,WEEKDAY,20,TRAIN,NE9,21618,32288
2026-07,WEEKENDS/HOLIDAY,12,TRAIN,EW8/CC9,28361,31772
2026-07,WEEKENDS/HOLIDAY,16,TRAIN,NE9,9539,8702
2026-07,WEEKENDS/HOLIDAY,11,TRAIN,DT3,4331,1605
2026-07,WEEKENDS/HOLIDAY,13,TRAIN,PW1,1582,2024
2026-07,WEEKENDS/HOLIDAY,18,TRAIN,NS10,15353,18573
2026-07,WEEKDAY,19,TRAIN,CC10/DT26,29067,35532
2026-07,WEEKENDS/HOLIDAY,10,TRAIN,SW8,496,372
2026-07,WEEKENDS/HOLIDAY,6,TRAIN,SW6,485,136
2026-07,WEEKDAY,6,TRAIN,NE16/STC,67969,28367
2026-07,WEEKDAY,23,TRAIN,DT25,799,3055
2026-07,WEEKENDS/HOLIDAY,10,TRAIN,DT7,1814,1198
2026-07,WEEKDAY,19,TRAIN,EW14/NS26,190477,33677
2026-07,WEEKENDS/HOLIDAY,22,TRAIN,NS12,2466,8669
2026-07,WEEKDAY,13,TRAIN,EW29,9610,8030
2026-07,WEEKENDS/HOLIDAY,6,TRAIN,CC30,53,19
2026-07,WEEKDAY,12,TRAIN,BP13,1547,1099
2026-07,WEEKENDS/HOLIDAY,11,TRAIN,EW16/NE3/TE17,9969,11127
2026-07,WEEKDAY,5,TRAIN,DT24,1675,4
2026-07,WEEKENDS/HOLIDAY,5,TRAIN,SW4,217,8
2026-07,WEEKDAY,10,TRAIN,SW8,966,782
2026-07,WEEKDAY,6,TRAIN,NE8,26397,12028
2026-07,WEEKENDS/HOLIDAY,7,TRAIN,EW33,3603,3430
2026-07,WEEKDAY,6,TRAIN,DT4,3215,311
2026-07,WEEKDAY,7,TRAIN,EW22,15466,30267
2026-07,WEEKDAY,20,TRAIN,CC12,5098,13733
2026-07,WEEKDAY,12,TRAIN,CC20,5019,4669
2026-07,WEEKDAY,8,TRAIN,NS17/CC15,137978,28704
2026-07,WEEKDAY,17,TRAIN,CC11,99597,17651
2026-07,WEEKDAY,6,TRAIN,PE6,11858,2945
2026-07,WEEKENDS/HOLIDAY,21,TRAIN,CG2,13222,6592
2026-07,WEEKDAY,19,TRAIN,DT10,4971,6613
2026-07,WEEKDAY,8,TRAIN,NS27/CC33/TE20,1827,23760
2026-07,WEEKENDS/HOLIDAY,9,TRAIN,EW22,2276,2170
2026-07,WEEKENDS/HOLIDAY,7,TRAIN,TE4,1192,1335
2026-07,WEEKENDS/HOLIDAY,19,TRAIN,BP8,697,763
2026-07,WEEKENDS/HOLIDAY,12,TRAIN,DT25,2364,989
2026-07,WEEKENDS/HOLIDAY,5,TRAIN,SW2,180,55
2026-07,WEEKENDS/HOLIDAY,12,TRAIN,TE22,1408,3962
2026-07,WEEKDAY,22,TRAIN,NS7,15930,45291
2026-07,WEEKDAY,23,TRAIN,SW6,173,1709
2026-07,WEEKENDS/HOLIDAY,16,TRAIN,SW7,567,806
2026-07,WEEKDAY,22,TRAIN,CC11,12417,7335
2026-07,WEEKENDS/HOLIDAY,22,TRAIN,NS5,4024,12519
2026-07,WEEKDAY,16,TRAIN,CC11,31767,11212
2026-07,WEEKDAY,17,TRAIN,DT27,31447,14948
2026-07,WEEKENDS/HOLIDAY,23,TRAIN,EW15,3359,1342
2026-07,WEEKENDS/HOLIDAY,21,TRAIN,EW12/DT14,34189,13400
2026-07,WEEKDAY,10,TRAIN,TE18,7721,20103
2026-07,WEEKENDS/HOLIDAY,22,TRAIN,SW8,94,624
2026-07,WEEKENDS/HOLIDAY,19,TRAIN,TE16,3814,3665
2026-07,WEEKENDS/HOLIDAY,10,TRAIN,CE1/DT16,2220,7782
2026-07,WEEKDAY,11,TRAIN,EW30,2300,1261
2026-07,WEEKDAY,23,TRAIN,BP8,292,541
2026-07,WEEKDAY,18,TRAIN,CC11,129010,30401
2026-07,WEEKENDS/HOLIDAY,19,TRAIN,SE1,1053,2180
2026-07,WEEKENDS/HOLIDAY,10,TRAIN,NS19,17413,12842
2026-07,WEEKENDS/HOLIDAY,19,TRAIN,CC26,3153,1897
2026-07,WEEKENDS/HOLIDAY,6,TRAIN,EW33,2749,1219
2026-07,WEEKENDS/HOLIDAY,5,TRAIN,TE23,16,0
2026-07,WEEKENDS/HOLIDAY,19,TRAIN,PW5,952,2522
2026-07,WEEKENDS/HOLIDAY,5,TRAIN,TE6,571,18
2026-07,WEEKDAY,0,TRAIN,EW5,240,2749
2026-07,WEEKDAY,23,TRAIN,SW4,244,2061
2026-07,WEEKENDS/HOLIDAY,13,TRAIN,CC19/DT9,4600,3976
2026-07,WEEKENDS/HOLIDAY,7,TRAIN,PW7,819,732
2026-07,WEEKDAY,20,TRAIN,CC27,11653,1460
2026-07,WEEKDAY,5,TRAIN,NE18,3580,412
2026-07,WEEKDAY,23,TRAIN,TE26,2361,3123
2026-07,WEEKENDS/HOLIDAY,11,TRAIN,TE4,2411,2564
2026-07,WEEKDAY,0,TRAIN,TE7,65,613
2026-07,WEEKDAY,14,TRAIN,NE8,29797,30180
2026-07,WEEKDAY,15,TRAIN,EW27,37399,47757
2026-07,WEEKDAY,11,TRAIN,PE5,6676,3406
2026-07,WEEKENDS/HOLIDAY,14,TRAIN,NS20,16758,11073
2026-07,WEEKDAY,19,TRAIN,PE4,2094,4607
2026-07,WEEKENDS/HOLIDAY,16,TRAIN,SW4,1278,1401
2026-07,WEEKDAY,9,TRAIN,PW4,6692,3706
2026-07,WEEKENDS/HOLIDAY,16,TRAIN,TE19,2473,1765
2026-07,WEEKENDS/HOLIDAY,12,TRAIN,TE19,2074,2173
2026-07,WEEKENDS/HOLIDAY,6,TRAIN,NE1/CC29,2212,8222
2026-07,WEEKDAY,15,TRAIN,TE22,3209,6622
2026-07,WEEKDAY,7,TRAIN,SE5,11207,12141
2026-07,WEEKENDS/HOLIDAY,5,TRAIN,EW5,1769,118
2026-07,WEEKDAY,23,TRAIN,NS24/NE6/CC1,13881,5340
2026-07,WEEKENDS/HOLIDAY,13,TRAIN,NS13,23125,22991
2026-07,WEEKENDS/HOLIDAY,0,TRAIN,DT4,7,147
2026-07,WEEKDAY,15,TRAIN,NS27/CC33/TE20,3471,2956
2026-07,WEEKDAY,16,TRAIN,EW32,10159,2716
2026-07,WEEKDAY,6,TRAIN,TE27,6522,2538
2026-07,WEEKENDS/HOLIDAY,18,TRAIN,TE29,1848,2279
2026-07,WEEKDAY,8,TRAIN,EW31,3880,27018
2026-07,WEEKDAY,6,TRAIN,DT18,1006,11415
2026-07,WEEKDAY,22,TRAIN,EW1,10014,37610
2026-07,WEEKENDS/HOLIDAY,16,TRAIN,NS18,5698,5708
2026-07,WEEKDAY,22,TRAIN,EW33,1553,3306
2026-07,WEEKENDS/HOLIDAY,15,TRAIN,CC14,2641,2537
2026-07,WEEKDAY,7,TRAIN,BP9,7567,3711
2026-07,WEEKDAY,9,TRAIN,NE14,71169,17757
2026-07,WEEKDAY,19,TRAIN,TE23,3681,8481
2026-07,WEEKENDS/HOLIDAY,11,TRAIN,NS8,8409,4716
2026-07,WEEKDAY,7,TRAIN,SE1,16040,13873
2026-07,WEEKENDS/HOLIDAY,12,TRAIN,BP7,449,438
2026-07,WEEKENDS/HOLIDAY,15,TRAIN,BP8,686,743
2026-07,WEEKDAY,12,TRAIN,TE3,16800,11815
2026-07,WEEKDAY,14,TRAIN,NS2,25175,27635
2026-07,WEEKENDS/HOLIDAY,17,TRAIN,NE10,7784,7175
2026-07,WEEKENDS/HOLIDAY,8,TRAIN,BP8,663,789
2026-07,WEEKENDS/HOLIDAY,22,TRAIN,EW22,727,2215
2026-07,WEEKDAY,22,TRAIN,TE18,15959,4169
2026-07,WEEKDAY,16,TRAIN,SW6,2413,4232
2026-07,WEEKDAY,14,TRAIN,EW17,24664,25673
2026-07,WEEKDAY,13,TRAIN,EW19,16451,15532
2026-07,WEEKDAY,18,TRAIN,EW18,63555,52937
2026-07,WEEKDAY,21,TRAIN,DT34,3222,6146
2026-07,WEEKDAY,6,TRAIN,TE6,24091,6816
2026-07,WEEKENDS/HOLIDAY,11,TRAIN,TE16,4911,3288
2026-07,WEEKDAY,8,TRAIN,EW19,64270,31336
2026-07,WEEKENDS/HOLIDAY,12,TRAIN,NE4/DT19,24627,33691
2026-07,WEEKENDS/HOLIDAY,17,TRAIN,PE3,3044,3104
2026-07,WEEKDAY,17,TRAIN,DT24,13018,10277
2026-07,WEEKENDS/HOLIDAY,22,TRAIN,NS20,5134,3456
2026-07,WEEKENDS/HOLIDAY,22,TRAIN,PE7,234,1702
2026-07,WEEKDAY,14,TRAIN,TE25,2783,3932
2026-07,WEEKENDS/HOLIDAY,10,TRAIN,DT13,4087,6063
2026-07,WEEKDAY,14,TRAIN,CC7,6442,6275
2026-07,WEEKENDS/HOLIDAY,6,TRAIN,EW28,12147,2255
2026-07,WEEKDAY,7,TRAIN,PE7,16087,4600
2026-07,WEEKDAY,8,TRAIN,DT20,12726,20773
2026-07,WEEKENDS/HOLIDAY,18,TRAIN,NE8,21701,30047
2026-07,WEEKENDS/HOLIDAY,12,TRAIN,PE6,4547,3463
2026-07,WEEKENDS/HOLIDAY,16,TRAIN,NS25/EW13,42641,36546
2026-07,WEEKDAY,11,TRAIN,NS16,37610,30717
2026-07,WEEKDAY,22,TRAIN,TE14/NS22,69687,17157
2026-07,WEEKDAY,18,TRAIN,DT31,16274,43046
2026-07,WEEKENDS/HOLIDAY,5,TRAIN,TE18,18,3
2026-07,WEEKENDS/HOLIDAY,10,TRAIN,BP4,792,336
2026-07,WEEKDAY,22,TRAIN,NS28,647,351
2026-07,WEEKDAY,14,TRAIN,SW8,1593,2031
2026-07,WEEKDAY,15,TRAIN,NS10,28528,35849
2026-07,WEEKDAY,23,TRAIN,PE2,466,3941
2026-07,WEEKENDS/HOLIDAY,9,TRAIN,TE25,1712,802
2026-07,WEEKDAY,15,TRAIN,SE5,3974,3083
2026-07,WEEKENDS/HOLIDAY,17,TRAIN,NS25/EW13,53135,34135
2026-07,WEEKDAY,13,TRAIN,TE23,2640,3293
2026-07,WEEKENDS/HOLIDAY,10,TRAIN,PW2,104,176
2026-07,WEEKDAY,17,TRAIN,TE13,12833,5702
2026-07,WEEKENDS/HOLIDAY,10,TRAIN,TE3,4925,2789
2026-07,WEEKENDS/HOLIDAY,12,TRAIN,DT22,4562,6427
2026-07,WEEKENDS/HOLIDAY,21,TRAIN,TE16,2242,5225
2026-07,WEEKDAY,16,TRAIN,NE9,28673,24902
2026-07,WEEKENDS/HOLIDAY,23,TRAIN,EW16/NE3/TE17,2426,2565
2026-07,WEEKDAY,23,TRAIN,NS25/EW13,27509,3975
2026-07,WEEKDAY,20,TRAIN,PW5,1305,6511
2026-07,WEEKENDS/HOLIDAY,9,TRAIN,DT31,4057,1842
2026-07,WEEKDAY,21,TRAIN,NE1/CC29,116528,19403
2026-07,WEEKENDS/HOLIDAY,7,TRAIN,CC21,1040,1989
2026-07,WEEKENDS/HOLIDAY,17,TRAIN,SW5,2970,3607
2026-07,WEEKDAY,9,TRAIN,TE14/NS22,28330,137037
2026-07,WEEKENDS/HOLIDAY,11,TRAIN,CC2,1979,1855
2026-07,WEEKDAY,10,TRAIN,EW30,1352,1720
2026-07,WEEKENDS/HOLIDAY,9,TRAIN,PW3,449,184
2026-07,WEEKENDS/HOLIDAY,5,TRAIN,CC17/TE9,343,29
2026-07,WEEKENDS/HOLIDAY,14,TRAIN,SW5,3326,2755
2026-07,WEEKENDS/HOLIDAY,5,TRAIN,BP7,172,82
2026-07,WEEKENDS/HOLIDAY,14,TRAIN,DT2,1038,788
2026-07,WEEKDAY,5,TRAIN,CC4/DT15,231,344
2026-07,WEEKENDS/HOLIDAY,20,TRAIN,DT31,1881,4336
2026-07,WEEKDAY,19,TRAIN,CC16,11609,15132
2026-07,WEEKENDS/HOLIDAY,21,TRAIN,CC30,28,77
2026-07,WEEKENDS/HOLIDAY,6,TRAIN,CC4/DT15,264,1585
2026-07,WEEKENDS/HOLIDAY,20,TRAIN,PW2,180,34
2026-07,WEEKDAY,19,TRAIN,NE18,25466,27421
2026-07,WEEKDAY,17,TRAIN,EW22,55194,17797
2026-07,WEEKDAY,7,TRAIN,NE9,56524,45406
2026-07,WEEKENDS/HOLIDAY,11,TRAIN,CC6,4238,7086
2026-07,WEEKENDS/HOLIDAY,7,TRAIN,NS19,9514,6050
2026-07,WEEKENDS/HOLIDAY,0,TRAIN,CC8,12,158
2026-07,WEEKENDS/HOLIDAY,7,TRAIN,EW21/CC22,3030,7038
2026-07,WEEKENDS/HOLIDAY,22,TRAIN,CC8,1580,2376
2026-07,WEEKDAY,19,TRAIN,EW31,13637,6554
2026-07,WEEKDAY,23,TRAIN,EW32,333,1411
2026-07,WEEKDAY,9,TRAIN,DT28,19000,16705
2026-07,WEEKDAY,8,TRAIN,SW1,4783,2824
2026-07,WEEKDAY,16,TRAIN,CG2,35657,21060
2026-07,WEEKENDS/HOLIDAY,22,TRAIN,BP9,178,609
2026-07,WEEKENDS/HOLIDAY,17,TRAIN,NS24/NE6/CC1,26895,20285
2026-07,WEEKENDS/HOLIDAY,16,TRAIN,CC8,4600,3614
2026-07,WEEKENDS/HOLIDAY,22,TRAIN,NE7/DT12,10782,5086
2026-07,WEEKENDS/HOLIDAY,14,TRAIN,TE29,1394,1663
2026-07,WEEKENDS/HOLIDAY,7,TRAIN,TE25,476,316
2026-07,WEEKENDS/HOLIDAY,7,TRAIN,TE27,1406,632
2026-07,WEEKDAY,5,TRAIN,NS12,8299,1737
2026-07,WEEKDAY,17,TRAIN,NS21/DT11,116242,113104
2026-07,WEEKENDS/HOLIDAY,17,TRAIN,DT5,8435,8533
2026-07,WEEKDAY,15,TRAIN,DT20,4803,5809
2026-07,WEEKENDS/HOLIDAY,16,TRAIN,DT25,1926,1652
2026-07,WEEKENDS/HOLIDAY,16,TRAIN,DT30,3448,3639
2026-07,WEEKENDS/HOLIDAY,12,TRAIN,SE1,2224,1666
2026-07,WEEKDAY,19,TRAIN,SW2,3906,3244
2026-07,WEEKDAY,8,TRAIN,SE1,13081,5486
2026-07,WEEKENDS/HOLIDAY,17,TRAIN,EW14/NS26,12128,11805
2026-07,WEEKENDS/HOLIDAY,11,TRAIN,CC20,2725,2219
2026-07,WEEKDAY,0,TRAIN,TE1,17,380
2026-07,WEEKDAY,22,TRAIN,CG2,31693,11921
2026-07,WEEKDAY,15,TRAIN,SW4,1962,3887
2026-07,WEEKENDS/HOLIDAY,23,TRAIN,SW6,73,673
2026-07,WEEKDAY,21,TRAIN,DT8,3000,3515
2026-07,WEEKDAY,6,TRAIN,CC11,11042,27094
2026-07,WEEKENDS/HOLIDAY,8,TRAIN,NS17/CC15,14926,6174
2026-07,WEEKDAY,12,TRAIN,NS8,19727,11415
2026-07,WEEKDAY,7,TRAIN,NS7,84024,50204
2026-07,WEEKDAY,13,TRAIN,TE13,5004,7103
2026-07,WEEKDAY,10,TRAIN,EW15,16534,79201
2026-07,WEEKENDS/HOLIDAY,16,TRAIN,CC2,2777,2011
2026-07,WEEKENDS/HOLIDAY,22,TRAIN,BP2,209,1289
2026-07,WEEKDAY,22,TRAIN,DT17,11764,2685
2026-07,WEEKENDS/HOLIDAY,19,TRAIN,SW5,2312,3331
2026-07,WEEKDAY,11,TRAIN,NS18,16583,8914
2026-07,WEEKDAY,9,TRAIN,TE12,6899,13338
2026-07,WEEKENDS/HOLIDAY,16,TRAIN,PE5,2299,2467
2026-07,WEEKENDS/HOLIDAY,5,TRAIN,NS18,609,124
2026-07,WEEKDAY,11,TRAIN,TE5,6087,3456
2026-07,WEEKENDS/HOLIDAY,18,TRAIN,DT17,2833,2924
2026-07,WEEKDAY,22,TRAIN,EW9,12998,29317
2026-07,WEEKDAY,6,TRAIN,SE1,9128,3498
2026-07,WEEKDAY,16,TRAIN,TE8,11958,13856
2026-07,WEEKDAY,14,TRAIN,NS27/CE2/TE20,1498,2190
2026-07,WEEKENDS/HOLIDAY,21,TRAIN,TE28,877,2413
2026-07,WEEKDAY,22,TRAIN,PE6,2149,5328
2026-07,WEEKDAY,6,TRAIN,CG1/DT35,2360,12984
2026-07,WEEKENDS/HOLIDAY,8,TRAIN,EW23,17659,15942
2026-07,WEEKENDS/HOLIDAY,16,TRAIN,EW31,2124,775
2026-07,WEEKENDS/HOLIDAY,5,TRAIN,EW20,292,82
2026-07,WEEKDAY,21,TRAIN,DT22,14405,14149
2026-07,WEEKENDS/HOLIDAY,20,TRAIN,EW22,1160,2713
2026-07,WEEKDAY,23,TRAIN,TE29,323,1933
2026-07,WEEKDAY,8,TRAIN,NS9/TE2,151145,88104
2026-07,WEEKENDS/HOLIDAY,8,TRAIN,TE7,2365,2152
2026-07,WEEKENDS/HOLIDAY,12,TRAIN,NE9,12866,8567
2026-07,WEEKENDS/HOLIDAY,13,TRAIN,NE13,15004,11208
2026-07,WEEKENDS/HOLIDAY,7,TRAIN,DT8,422,466
2026-07,WEEKENDS/HOLIDAY,14,TRAIN,NE17/PTC,23464,22525
2026-07,WEEKENDS/HOLIDAY,13,TRAIN,TE24,1381,1500
2026-07,WEEKDAY,13,TRAIN,CC20,8071,5817
2026-07,WEEKDAY,22,TRAIN,BP10,715,3303
2026-07,WEEKENDS/HOLIDAY,20,TRAIN,NS21/DT11,20672,23048
2026-07,WEEKENDS/HOLIDAY,0,TRAIN,CC23,12,66
2026-07,WEEKDAY,15,TRAIN,EW4,17663,14362
2026-07,WEEKENDS/HOLIDAY,14,TRAIN,NE15,10369,10633
2026-07,WEEKDAY,15,TRAIN,NE4/DT19,67305,57056
2026-07,WEEKDAY,12,TRAIN,DT4,2758,1588
2026-07,WEEKENDS/HOLIDAY,22,TRAIN,NS7,14872,15823
2026-07,WEEKENDS/HOLIDAY,17,TRAIN,PW3,421,425
2026-07,WEEKDAY,8,TRAIN,NS23,17899,59820
2026-07,WEEKENDS/HOLIDAY,14,TRAIN,CC23,1922,1671
2026-07,WEEKDAY,13,TRAIN,PE6,9193,10978
2026-07,WEEKENDS/HOLIDAY,19,TRAIN,TE1,2581,3088
2026-07,WEEKDAY,22,TRAIN,CC3,14678,1818
2026-07,WEEKDAY,13,TRAIN,EW17,30941,26716
2026-07,WEEKDAY,20,TRAIN,TE12,3677,3259
2026-07,WEEKENDS/HOLIDAY,22,TRAIN,EW6,1248,5010
2026-07,WEEKDAY,15,TRAIN,BP6/DT1,31121,41135
2026-07,WEEKENDS/HOLIDAY,6,TRAIN,TE29,348,117
2026-07,WEEKDAY,14,TRAIN,PW1,2087,3716
2026-07,WEEKDAY,6,TRAIN,BP5,5249,1606
2026-07,WEEKDAY,12,TRAIN,CC32,1837,1618
2026-07,WEEKDAY,16,TRAIN,TE12,9521,4572
2026-07,WEEKDAY,14,TRAIN,CC19/DT9,7627,7792
2026-07,WEEKDAY,12,TRAIN,DT22,9832,11244
2026-07,WEEKENDS/HOLIDAY,6,TRAIN,BP3,1179,213
2026-07,WEEKDAY,17,TRAIN,PW4,5544,8717
2026-07,WEEKENDS/HOLIDAY,7,TRAIN,CC11,3508,5312
2026-07,WEEKDAY,20,TRAIN,EW33,5546,9497
2026-07,WEEKDAY,17,TRAIN,NS18,28179,25697
2026-07,WEEKENDS/HOLIDAY,10,TRAIN,NS9/TE2,22026,20134
2026-07,WEEKDAY,19,TRAIN,NS11,39550,123524
2026-07,WEEKENDS/HOLIDAY,17,TRAIN,CC17/TE9,3055,2719
2026-07,WEEKENDS/HOLIDAY,8,TRAIN,CC3,460,2987
2026-07,WEEKENDS/HOLIDAY,13,TRAIN,SW1,1008,569
2026-07,WEEKENDS/HOLIDAY,19,TRAIN,CC4/DT15,14881,8258
2026-07,WEEKENDS/HOLIDAY,14,TRAIN,DT33,6156,5381
2026-07,WEEKENDS/HOLIDAY,5,TRAIN,BP6/DT1,1309,1399
2026-07,WEEKENDS/HOLIDAY,13,TRAIN,CC26,1293,1247
2026-07,WEEKDAY,8,TRAIN,CG2,16564,40684
2026-07,WEEKENDS/HOLIDAY,20,TRAIN,TE28,1090,2464
2026-07,WEEKDAY,6,TRAIN,NS17/CC15,49108,25442
2026-07,WEEKENDS/HOLIDAY,14,TRAIN,PW3,323,343
2026-07,WEEKDAY,13,TRAIN,DT10,8275,3260
2026-07,WEEKENDS/HOLIDAY,20,TRAIN,CC11,5673,4507
2026-07,WEEKENDS/HOLIDAY,10,TRAIN,NE13,13278,11028
2026-07,WEEKENDS/HOLIDAY,5,TRAIN,NS15,849,319
2026-07,WEEKENDS/HOLIDAY,7,TRAIN,BP6/DT1,7719,5420
2026-07,WEEKDAY,14,TRAIN,EW21/CC22,27770,23098
2026-07,WEEKDAY,5,TRAIN,DT20,58,0
2026-07,WEEKENDS/HOLIDAY,0,TRAIN,NE4/DT19,151,395
2026-07,WEEKDAY,17,TRAIN,TE18,25406,15916
2026-07,WEEKENDS/HOLIDAY,8,TRAIN,EW11,5083,5600
2026-07,WEEKENDS/HOLIDAY,16,TRAIN,NE10,6895,6930
2026-07,WEEKENDS/HOLIDAY,5,TRAIN,DT13,53,5
2026-07,WEEKENDS/HOLIDAY,21,TRAIN,EW14/NS26,11704,4501
2026-07,WEEKDAY,22,TRAIN,CE1/DT16,29247,6813
2026-07,WEEKDAY,16,TRAIN,EW28,31660,26173
2026-07,WEEKDAY,16,TRAIN,SE3,2805,4381
2026-07,WEEKENDS/HOLIDAY,10,TRAIN,CC11,2635,6725
2026-07,WEEKDAY,9,TRAIN,EW24/NS1,40471,106074
2026-07,WEEKDAY,17,TRAIN,NS23,71281,58569
2026-07,WEEKENDS/HOLIDAY,23,TRAIN,SW5,427,1400
2026-07,WEEKDAY,10,TRAIN,DT10,5086,1656
2026-07,WEEKENDS/HOLIDAY,23,TRAIN,NS14,3461,9654
2026-07,WEEKDAY,22,TRAIN,BP8,1311,1306
2026-07,WEEKENDS/HOLIDAY,6,TRAIN,PW6,248,29
2026-07,WEEKDAY,11,TRAIN,DT23,4527,3469
2026-07,WEEKENDS/HOLIDAY,18,TRAIN,EW28,14469,14209
2026-07,WEEKENDS/HOLIDAY,22,TRAIN,CC19/DT9,1097,1096
2026-07,WEEKENDS/HOLIDAY,15,TRAIN,SW5,2983,2971
2026-07,WEEKDAY,17,TRAIN,EW31,34575,2243
2026-07,WEEKENDS/HOLIDAY,10,TRAIN,PW4,2299,1557
2026-07,WEEKENDS/HOLIDAY,19,TRAIN,TE22,4794,6587
2026-07,WEEKENDS/HOLIDAY,10,TRAIN,CC12,4304,2203
2026-07,WEEKENDS/HOLIDAY,0,TRAIN,CC10/DT26,94,616
2026-07,WEEKENDS/HOLIDAY,15,TRAIN,PE4,871,834
2026-07,WEEKDAY,17,TRAIN,DT13,22610,14478
2026-07,WEEKENDS/HOLIDAY,9,TRAIN,EW8/CC9,11755,33085
2026-07,WEEKDAY,10,TRAIN,EW8/CC9,27108,55038
2026-07,WEEKENDS/HOLIDAY,13,TRAIN,EW24/NS1,31868,38359
2026-07,WEEKDAY,14,TRAIN,PW4,4520,5977
2026-07,WEEKENDS/HOLIDAY,23,TRAIN,CC2,373,324
2026-07,WEEKENDS/HOLIDAY,5,TRAIN,PW4,367,18
2026-07,WEEKDAY,16,TRAIN,BP6/DT1,35081,52449
2026-07,WEEKDAY,12,TRAIN,NE11,15497,16291
2026-07,WEEKENDS/HOLIDAY,12,TRAIN,EW10,5716,5951
2026-07,WEEKDAY,5,TRAIN,EW19,4284,427
2026-07,WEEKENDS/HOLIDAY,8,TRAIN,EW17,8505,6810
2026-07,WEEKDAY,15,TRAIN,EW26,25001,26789
2026-07,WEEKENDS/HOLIDAY,16,TRAIN,CC25,2716,2016
2026-07,WEEKDAY,22,TRAIN,DT6,3564,4930
2026-07,WEEKENDS/HOLIDAY,23,TRAIN,PW1,95,57
2026-07,WEEKDAY,15,TRAIN,EW5,27607,34413
2026-07,WEEKDAY,19,TRAIN,TE1,19409,9813
2026-07,WEEKDAY,10,TRAIN,CC11,6747,23412
2026-07,WEEKENDS/HOLIDAY,21,TRAIN,DT2,527,821
2026-07,WEEKDAY,8,TRAIN,TE18,5210,29861
2026-07,WEEKDAY,20,TRAIN,CC8,5442,10763
2026-07,WEEKDAY,20,TRAIN,DT22,14683,17992
2026-07,WEEKDAY,18,TRAIN,CG2,43718,29037
2026-07,WEEKDAY,12,TRAIN,CC24,30344,29692
2026-07,WEEKENDS/HOLIDAY,17,TRAIN,BP5,980,806
2026-07,WEEKDAY,22,TRAIN,BP5,839,1504
2026-07,WEEKENDS/HOLIDAY,22,TRAIN,NE16/STC,5445,17965
2026-07,WEEKENDS/HOLIDAY,18,TRAIN,NS9/TE2,26824,33586
2026-07,WEEKDAY,14,TRAIN,SW2,4380,3703
2026-07,WEEKENDS/HOLIDAY,17,TRAIN,EW9,13656,15667
2026-07,WEEKENDS/HOLIDAY,20,TRAIN,CE1/DT16,21515,6608
2026-07,WEEKDAY,19,TRAIN,EW16/NE3/TE17,65614,34286
2026-07,WEEKDAY,18,TRAIN,PE3,7732,18326
2026-07,WEEKENDS/HOLIDAY,9,TRAIN,EW19,7531,4254
2026-07,WEEKENDS/HOLIDAY,5,TRAIN,TE26,39,1
2026-07,WEEKDAY,11,TRAIN,NS11,34811,18856
2026-07,WEEKDAY,20,TRAIN,BP13,501,1898
2026-07,WEEKDAY,6,TRAIN,DT34,5328,2961
2026-07,WEEKDAY,18,TRAIN,NE14,48068,108918
2026-07,WEEKENDS/HOLIDAY,6,TRAIN,SW1,155,305
2026-07,WEEKDAY,10,TRAIN,NS13,52147,33626
2026-07,WEEKDAY,21,TRAIN,NS21/DT11,56748,65927
2026-07,WEEKENDS/HOLIDAY,13,TRAIN,PE5,2687,2542
2026-07,WEEKENDS/HOLIDAY,7,TRAIN,CG2,6011,6762
2026-07,WEEKDAY,13,TRAIN,EW12/DT14,79023,74030
2026-07,WEEKENDS/HOLIDAY,0,TRAIN,SE4,13,205
2026-07,WEEKENDS/HOLIDAY,18,TRAIN,SW5,2781,3897
2026-07,WEEKENDS/HOLIDAY,16,TRAIN,NS23,24900,23122
2026-07,WEEKDAY,18,TRAIN,DT2,11676,7655
2026-07,WEEKENDS/HOLIDAY,8,TRAIN,TE18,1116,3041
2026-07,WEEKENDS/HOLIDAY,20,TRAIN,NS18,3071,7468
2026-07,WEEKDAY,0,TRAIN,TE12,21,121
2026-07,WEEKENDS/HOLIDAY,19,TRAIN,TE14/NS22,49733,24202
2026-07,WEEKDAY,16,TRAIN,EW12/DT14,78542,64263
2026-07,WEEKDAY,17,TRAIN,EW4,41060,23594
2026-07,WEEKENDS/HOLIDAY,18,TRAIN,PE6,2968,3597
2026-07,WEEKDAY,0,TRAIN,DT21,288,510
2026-07,WEEKDAY,5,TRAIN,NS28,63,5
2026-07,WEEKDAY,16,TRAIN,SE2,4489,8215
2026-07,WEEKENDS/HOLIDAY,6,TRAIN,NE7/DT12,3958,4172
2026-07,WEEKENDS/HOLIDAY,11,TRAIN,EW29,3797,3022
2026-07,WEEKDAY,16,TRAIN,EW4,19468,15965
2026-07,WEEKDAY,14,TRAIN,PE1,4429,4187
2026-07,WEEKENDS/HOLIDAY,16,TRAIN,EW21/CC22,13503,8704
2026-07,WEEKENDS/HOLIDAY,23,TRAIN,SW4,146,769
2026-07,WEEKENDS/HOLIDAY,0,TRAIN,NE9,92,359
2026-07,WEEKDAY,20,TRAIN,SE3,1070,6822
2026-07,WEEKENDS/HOLIDAY,12,TRAIN,EW14/NS26,9970,11171
2026-07,WEEKDAY,23,TRAIN,EW25,1508,8151
2026-07,WEEKDAY,17,TRAIN,TE11,9611,8832
2026-07,WEEKENDS/HOLIDAY,6,TRAIN,TE18,328,682
2026-07,WEEKDAY,16,TRAIN,CC23,25198,5745
2026-07,WEEKENDS/HOLIDAY,0,TRAIN,CC11,38,216
2026-07,WEEKDAY,20,TRAIN,EW10,8111,24011
2026-07,WEEKDAY,20,TRAIN,PE5,2278,11761
2026-07,WEEKDAY,16,TRAIN,NE11,19127,20075
2026-07,WEEKENDS/HOLIDAY,8,TRAIN,CC7,2186,1703
2026-07,WEEKDAY,11,TRAIN,SE2,5912,3585
2026-07,WEEKDAY,0,TRAIN,EW15,264,306
2026-07,WEEKDAY,17,TRAIN,CC27,50537,3590
2026-07,WEEKENDS/HOLIDAY,19,TRAIN,CC24,4973,2570
2026-07,WEEKDAY,0,TRAIN,TE5,113,789
2026-07,WEEKENDS/HOLIDAY,19,TRAIN,EW31,2134,2296
2026-07,WEEKENDS/HOLIDAY,8,TRAIN,CC31,544,203
2026-07,WEEKDAY,19,TRAIN,NS28,2575,969
2026-07,WEEKENDS/HOLIDAY,6,TRAIN,CC17/TE9,1580,779
2026-07,WEEKDAY,0,TRAIN,TE25,7,200
2026-07,WEEKENDS/HOLIDAY,16,TRAIN,NS11,15908,17752
2026-07,WEEKENDS/HOLIDAY,10,TRAIN,PW7,1736,908
2026-07,WEEKENDS/HOLIDAY,0,TRAIN,EW27,71,2493
2026-07,WEEKDAY,16,TRAIN,TE26,16126,19709
2026-07,WEEKENDS/HOLIDAY,18,TRAIN,BP2,984,1231
2026-07,WEEKENDS/HOLIDAY,0,TRAIN,EW15,57,137
2026-07,WEEKENDS/HOLIDAY,10,TRAIN,NE11,6432,5480
2026-07,WEEKDAY,14,TRAIN,DT25,3863,3200
2026-07,WEEKENDS/HOLIDAY,5,TRAIN,TE4,101,15
2026-07,WEEKDAY,18,TRAIN,CC6,18158,31132
2026-07,WEEKENDS/HOLIDAY,14,TRAIN,NS11,15775,15983
2026-07,WEEKENDS/HOLIDAY,6,TRAIN,PE5,1333,168
2026-07,WEEKDAY,16,TRAIN,DT31,9995,11170
2026-07,WEEKDAY,13,TRAIN,EW28,24109,17444
2026-07,WEEKDAY,21,TRAIN,DT24,2867,7804
2026-07,WEEKDAY,0,TRAIN,TE11,78,384
2026-07,WEEKENDS/HOLIDAY,23,TRAIN,NS5,1435,7130
2026-07,WEEKDAY,9,TRAIN,EW18,32530,31242
2026-07,WEEKDAY,9,TRAIN,CC24,11511,94121
2026-07,WEEKDAY,0,TRAIN,EW31,4,181
2026-07,WEEKDAY,0,TRAIN,NS17/CC15,688,1948
2026-07,WEEKDAY,17,TRAIN,TE4,19718,9346
2026-07,WEEKENDS/HOLIDAY,11,TRAIN,CC26,1100,806
2026-07,WEEKDAY,7,TRAIN,NE13,56493,31339
2026-07,WEEKENDS/HOLIDAY,22,TRAIN,EW8/CC9,13550,9198
2026-07,WEEKDAY,5,TRAIN,PW1,123,156
2026-07,WEEKDAY,19,TRAIN,CC20,6602,12453
2026-07,WEEKENDS/HOLIDAY,12,TRAIN,NE7/DT12,16671,22813
2026-07,WEEKDAY,8,TRAIN,EW6,41784,20954
2026-07,WEEKENDS/HOLIDAY,16,TRAIN,EW15,11497,8203
2026-07,WEEKENDS/HOLIDAY,6,TRAIN,TE8,719,894
2026-07,WEEKDAY,23,TRAIN,NS5,3312,17398
2026-07,WEEKENDS/HOLIDAY,0,TRAIN,NS12,249,1380
2026-07,WEEKDAY,22,TRAIN,CG1/DT35,12829,2637
2026-07,WEEKDAY,23,TRAIN,CC25,1560,2067
2026-07,WEEKDAY,5,TRAIN,NE11,947,452
2026-07,WEEKENDS/HOLIDAY,10,TRAIN,TE6,6878,2386
2026-07,WEEKENDS/HOLIDAY,14,TRAIN,TE8,6503,4758
2026-07,WEEKDAY,9,TRAIN,CC30,149,130
2026-07,WEEKDAY,14,TRAIN,TE6,15273,9964
2026-07,WEEKDAY,20,TRAIN,NE13,21212,35723
2026-07,WEEKDAY,20,TRAIN,TE13,4859,4606
2026-07,WEEKENDS/HOLIDAY,13,TRAIN,NE11,8656,8368
2026-07,WEEKDAY,8,TRAIN,NS10,136301,54686
2026-07,WEEKENDS/HOLIDAY,0,TRAIN,PE7,2,254
2026-07,WEEKENDS/HOLIDAY,21,TRAIN,EW28,4921,15864
2026-07,WEEKENDS/HOLIDAY,12,TRAIN,DT31,3734,2893
2026-07,WEEKENDS/HOLIDAY,7,TRAIN,DT25,960,485
2026-07,WEEKENDS/HOLIDAY,16,TRAIN,TE24,1399,1820
2026-07,WEEKENDS/HOLIDAY,19,TRAIN,EW32,2945,4178
2026-07,WEEKENDS/HOLIDAY,7,TRAIN,NS25/EW13,1822,10013
2026-07,WEEKENDS/HOLIDAY,9,TRAIN,DT18,955,3157
2026-07,WEEKENDS/HOLIDAY,20,TRAIN,BP3,734,2099
2026-07,WEEKDAY,5,TRAIN,CC10/DT26,4565,621
2026-07,WEEKDAY,19,TRAIN,SE1,3819,11131
2026-07,WEEKENDS/HOLIDAY,8,TRAIN,NE13,9486,9435
2026-07,WEEKDAY,15,TRAIN,TE7,6525,6880
2026-07,WEEKENDS/HOLIDAY,14,TRAIN,PW7,1418,1681
2026-07,WEEKENDS/HOLIDAY,23,TRAIN,TE19,640,249
2026-07,WEEKDAY,19,TRAIN,NE5,40308,21569
2026-07,WEEKDAY,16,TRAIN,TE1,36471,3690
2026-07,WEEKDAY,10,TRAIN,SW3,2286,728
2026-07,WEEKDAY,11,TRAIN,CC30,167,159
2026-07,WEEKENDS/HOLIDAY,22,TRAIN,DT13,2703,3553
2026-07,WEEKENDS/HOLIDAY,6,TRAIN,NE16/STC,7069,2992
2026-07,WEEKDAY,7,TRAIN,NS23,8900,27157
2026-07,WEEKDAY,21,TRAIN,EW7,7069,24101
2026-07,WEEKDAY,14,TRAIN,TE4,4793,4947
2026-07,WEEKDAY,15,TRAIN,EW28,20521,20321
2026-07,WEEKDAY,18,TRAIN,EW21/CC22,146387,67605
2026-07,WEEKENDS/HOLIDAY,9,TRAIN,TE7,3047,2272
2026-07,WEEKENDS/HOLIDAY,18,TRAIN,NE18,6587,7226
2026-07,WEEKENDS/HOLIDAY,13,TRAIN,EW33,1965,1565
2026-07,WEEKDAY,20,TRAIN,TE3,8716,18077
2026-07,WEEKDAY,21,TRAIN,EW27,38730,64491
2026-07,WEEKENDS/HOLIDAY,23,TRAIN,EW12/DT14,9599,4387
2026-07,WEEKENDS/HOLIDAY,9,TRAIN,TE14/NS22,10321,48292
2026-07,WEEKENDS/HOLIDAY,7,TRAIN,TE22,157,1432
2026-07,WEEKDAY,19,TRAIN,SE3,1977,10221
2026-07,WEEKENDS/HOLIDAY,16,TRAIN,EW10,6599,7839
2026-07,WEEKDAY,19,TRAIN,TE12,6756,4835
2026-07,WEEKDAY,22,TRAIN,BP11,775,3794
2026-07,WEEKENDS/HOLIDAY,8,TRAIN,CC2,571,2264
2026-07,WEEKDAY,14,TRAIN,NE9,24753,21390
2026-07,WEEKENDS/HOLIDAY,8,TRAIN,BP4,802,459
2026-07,WEEKENDS/HOLIDAY,18,TRAIN,SW3,628,682
2026-07,WEEKENDS/HOLIDAY,23,TRAIN,PW3,23,206
2026-07,WEEKENDS/HOLIDAY,21,TRAIN,PW6,152,688
2026-07,WEEKENDS/HOLIDAY,16,TRAIN,CC27,1282,973
2026-07,WEEKDAY,20,TRAIN,DT28,8600,17448
2026-07,WEEKENDS/HOLIDAY,5,TRAIN,DT10,9,3
2026-07,WEEKENDS/HOLIDAY,0,TRAIN,EW5,71,1196
2026-07,WEEKENDS/HOLIDAY,5,TRAIN,TE7,97,17
2026-07,WEEKENDS/HOLIDAY,5,TRAIN,NS12,1498,264
2026-07,WEEKENDS/HOLIDAY,12,TRAIN,DT7,1722,1272
2026-07,WEEKENDS/HOLIDAY,18,TRAIN,EW19,7285,7648
2026-07,WEEKENDS/HOLIDAY,6,TRAIN,PE4,315,94
2026-07,WEEKDAY,12,TRAIN,NE8,28121,37945
2026-07,WEEKENDS/HOLIDAY,16,TRAIN,CC5,3400,3187
2026-07,WEEKDAY,8,TRAIN,SW2,9587,2153
2026-07,WEEKENDS/HOLIDAY,12,TRAIN,DT10,2260,1159
2026-07,WEEKENDS/HOLIDAY,10,TRAIN,SE5,1598,585
2026-07,WEEKENDS/HOLIDAY,18,TRAIN,PE4,1080,1048
2026-07,WEEKDAY,9,TRAIN,EW3,29509,13373
2026-07,WEEKENDS/HOLIDAY,21,TRAIN,EW17,6319,10665
2026-07,WEEKDAY,10,TRAIN,SW4,3006,1284
2026-07,WEEKENDS/HOLIDAY,23,TRAIN,BP12,36,352
2026-07,WEEKENDS/HOLIDAY,10,TRAIN,CC19/DT9,3562,4893
2026-07,WEEKDAY,19,TRAIN,SW1,2706,1274
2026-07,WEEKDAY,5,TRAIN,EW32,1977,1843
2026-07,WEEKENDS/HOLIDAY,0,TRAIN,NE1/CC29,58,155
2026-07,WEEKDAY,13,TRAIN,EW22,18015,25927
2026-07,WEEKDAY,23,TRAIN,EW27,5125,24499
2026-07,WEEKDAY,21,TRAIN,TE28,1864,6239
2026-07,WEEKENDS/HOLIDAY,17,TRAIN,SW3,810,618
2026-07,WEEKDAY,7,TRAIN,NS13,190304,62400
2026-07,WEEKDAY,23,TRAIN,EW18,2794,7589
2026-07,WEEKENDS/HOLIDAY,13,TRAIN,EW27,20317,19949
2026-07,WEEKDAY,10,TRAIN,TE16,11076,6497
2026-07,WEEKDAY,5,TRAIN,NE10,1793,679
2026-07,WEEKDAY,17,TRAIN,BP4,9583,3956
2026-07,WEEKENDS/HOLIDAY,19,TRAIN,PW1,960,818
2026-07,WEEKDAY,17,TRAIN,EW10,17440,22502
2026-07,WEEKDAY,11,TRAIN,NE15,24512,11293
2026-07,WEEKENDS/HOLIDAY,19,TRAIN,NS20,15887,10400
2026-07,WEEKDAY,13,TRAIN,EW14/NS26,51231,101243
2026-07,WEEKDAY,23,TRAIN,NS19,5334,18654
2026-07,WEEKENDS/HOLIDAY,20,TRAIN,SE3,480,1859
2026-07,WEEKENDS/HOLIDAY,23,TRAIN,EW26,1360,8722
2026-07,WEEKENDS/HOLIDAY,19,TRAIN,CC30,152,135
2026-07,WEEKDAY,11,TRAIN,CC20,4879,3338
2026-07,WEEKENDS/HOLIDAY,15,TRAIN,TE28,1594,2000
2026-07,WEEKENDS/HOLIDAY,15,TRAIN,NS23,22318,24649
2026-07,WEEKDAY,19,TRAIN,DT30,6717,31303
2026-07,WEEKENDS/HOLIDAY,11,TRAIN,DT24,2128,1183
2026-07,WEEKENDS/HOLIDAY,5,TRAIN,TE29,22,0
2026-07,WEEKDAY,15,TRAIN,CC28,3186,4227
2026-07,WEEKENDS/HOLIDAY,8,TRAIN,TE19,476,1395
2026-07,WEEKDAY,18,TRAIN,DT17,164552,13818
2026-07,WEEKENDS/HOLIDAY,11,TRAIN,EW26,15834,6101
2026-07,WEEKENDS/HOLIDAY,9,TRAIN,TE24,1881,745
2026-07,WEEKENDS/HOLIDAY,5,TRAIN,NS5,3167,282
2026-07,WEEKDAY,14,TRAIN,DT23,2927,3799
2026-07,WEEKDAY,11,TRAIN,NS19,39909,29776
2026-07,WEEKDAY,7,TRAIN,PW3,4238,3009
2026-07,WEEKENDS/HOLIDAY,10,TRAIN,EW28,13780,4874
2026-07,WEEKDAY,14,TRAIN,DT2,5932,2932
2026-07,WEEKDAY,23,TRAIN,NE9,4201,11542
2026-07,WEEKENDS/HOLIDAY,21,TRAIN,TE23,6412,1531
2026-07,WEEKDAY,17,TRAIN,TE16,18882,12825
2026-07,WEEKDAY,9,TRAIN,TE24,7189,2534
2026-07,WEEKENDS/HOLIDAY,12,TRAIN,BP6/DT1,18547,14490
2026-07,WEEKDAY,7,TRAIN,NE17/PTC,137241,37881
2026-07,WEEKENDS/HOLIDAY,14,TRAIN,EW28,10698,8161
2026-07,WEEKENDS/HOLIDAY,20,TRAIN,NE16/STC,12563,22497
2026-07,WEEKENDS/HOLIDAY,15,TRAIN,DT10,1692,1166
2026-07,WEEKENDS/HOLIDAY,21,TRAIN,SW5,1819,2965
2026-07,WEEKDAY,11,TRAIN,CC7,5054,3267
2026-07,WEEKDAY,21,TRAIN,NS28,824,492
2026-07,WEEKDAY,9,TRAIN,CC10/DT26,27714,36302
2026-07,WEEKDAY,0,TRAIN,EW9,300,1379
2026-07,WEEKENDS/HOLIDAY,14,TRAIN,CC17/TE9,2502,2591
2026-07,WEEKENDS/HOLIDAY,17,TRAIN,NS27/CC33/TE20,1819,2162
2026-07,WEEKENDS/HOLIDAY,20,TRAIN,DT6,1104,2104
2026-07,WEEKENDS/HOLIDAY,5,TRAIN,DT21,2,0
2026-07,WEEKDAY,8,TRAIN,TE13,4645,15619
2026-07,WEEKDAY,7,TRAIN,BP6/DT1,159868,75357
2026-07,WEEKDAY,9,TRAIN,CC21,11644,14121
2026-07,WEEKDAY,8,TRAIN,CC10/DT26,49128,67267
2026-07,WEEKDAY,13,TRAIN,NS18,17248,14275
2026-07,WEEKENDS/HOLIDAY,9,TRAIN,NE16/STC,21023,9724
2026-07,WEEKENDS/HOLIDAY,12,TRAIN,SW3,869,507
2026-07,WEEKENDS/HOLIDAY,0,TRAIN,DT23,15,71
2026-07,WEEKDAY,8,TRAIN,CC17/TE9,30013,26312
2026-07,WEEKENDS/HOLIDAY,14,TRAIN,SE5,1126,1350
2026-07,WEEKDAY,23,TRAIN,EW10,2394,7726
2026-07,WEEKDAY,5,TRAIN,PW3,647,111
2026-07,WEEKDAY,9,TRAIN,BP13,2344,841
2026-07,WEEKENDS/HOLIDAY,7,TRAIN,TE11,1588,1535
2026-07,WEEKENDS/HOLIDAY,9,TRAIN,TE28,2153,1069
2026-07,WEEKENDS/HOLIDAY,7,TRAIN,NE9,8420,4091
2026-07,WEEKENDS/HOLIDAY,11,TRAIN,EW21/CC22,8802,10954
2026-07,WEEKENDS/HOLIDAY,9,TRAIN,TE4,2200,2306
2026-07,WEEKENDS/HOLIDAY,9,TRAIN,CC27,414,1314
2026-07,WEEKDAY,5,TRAIN,SE3,2203,46
2026-07,WEEKENDS/HOLIDAY,20,TRAIN,NE10,3896,6819
2026-07,WEEKENDS/HOLIDAY,11,TRAIN,TE15,4237,5020
2026-07,WEEKDAY,18,TRAIN,SE4,4643,10987
2026-07,WEEKDAY,9,TRAIN,EW19,40469,13590
2026-07,WEEKENDS/HOLIDAY,9,TRAIN,NS12,11139,4416
2026-07,WEEKENDS/HOLIDAY,15,TRAIN,EW7,5362,6457
2026-07,WEEKDAY,5,TRAIN,EW8/CC9,3427,1621
2026-07,WEEKDAY,16,TRAIN,CC20,7750,7264
2026-07,WEEKDAY,11,TRAIN,CE1/DT16,6481,14931
2026-07,WEEKDAY,14,TRAIN,CC24,22629,24819
2026-07,WEEKDAY,5,TRAIN,SW6,1561,176
2026-07,WEEKENDS/HOLIDAY,10,TRAIN,CC23,1145,1972
2026-07,WEEKENDS/HOLIDAY,10,TRAIN,NE10,7907,5062
2026-07,WEEKENDS/HOLIDAY,20,TRAIN,NE15,4309,14145
2026-07,WEEKDAY,5,TRAIN,CC32,11,3
2026-07,WEEKENDS/HOLIDAY,9,TRAIN,DT30,5209,1533
2026-07,WEEKDAY,11,TRAIN,NS2,24429,19134
2026-07,WEEKENDS/HOLIDAY,22,TRAIN,EW25,1935,5231
2026-07,WEEKENDS/HOLIDAY,11,TRAIN,NS11,19311,10371
2026-07,WEEKENDS/HOLIDAY,11,TRAIN,CC5,1608,2333
2026-07,WEEKDAY,11,TRAIN,NS17/CC15,34180,11156
2026-07,WEEKDAY,21,TRAIN,NS4/BP1,27361,52459
2026-07,WEEKENDS/HOLIDAY,23,TRAIN,DT21,1400,1190
2026-07,WEEKDAY,0,TRAIN,NS19,627,2879
2026-07,WEEKENDS/HOLIDAY,15,TRAIN,TE26,7700,6590
2026-07,WEEKDAY,20,TRAIN,EW7,8299,28075
2026-07,WEEKDAY,9,TRAIN,NS25/EW13,15202,110882
2026-07,WEEKENDS/HOLIDAY,9,TRAIN,BP11,2109,747
2026-07,WEEKDAY,10,TRAIN,NS15,16820,23358
2026-07,WEEKENDS/HOLIDAY,18,TRAIN,NS25/EW13,51363,28638
2026-07,WEEKDAY,18,TRAIN,NE11,35180,55982
2026-07,WEEKDAY,9,TRAIN,EW7,29254,15674
2026-07,WEEKENDS/HOLIDAY,13,TRAIN,NS24/NE6/CC1,19413,23644
2026-07,WEEKDAY,15,TRAIN,TE25,2878,4272
2026-07,WEEKENDS/HOLIDAY,9,TRAIN,DT22,3613,4939
2026-07,WEEKDAY,6,TRAIN,PW7,6609,4118
2026-07,WEEKDAY,13,TRAIN,NS28,1505,3082
2026-07,WEEKDAY,10,TRAIN,DT23,2948,6411
2026-07,WEEKENDS/HOLIDAY,16,TRAIN,SW5,3020,3065
2026-07,WEEKDAY,23,TRAIN,TE18,6725,2027
2026-07,WEEKDAY,22,TRAIN,TE13,2705,3661
2026-07,WEEKDAY,21,TRAIN,BP8,1743,1809
2026-07,WEEKDAY,6,TRAIN,EW32,7655,13363
2026-07,WEEKENDS/HOLIDAY,8,TRAIN,EW21/CC22,4570,10142
2026-07,WEEKENDS/HOLIDAY,7,TRAIN,NS27/CC33/TE20,383,535
2026-07,WEEKDAY,22,TRAIN,CC28,1362,5454
2026-07,WEEKDAY,5,TRAIN,TE5,1019,150
2026-07,WEEKDAY,12,TRAIN,TE14/NS22,63784,115922
2026-07,WEEKENDS/HOLIDAY,9,TRAIN,EW9,9350,12596
2026-07,WEEKDAY,7,TRAIN,BP3,23596,3054
2026-07,WEEKDAY,5,TRAIN,CC26,223,383
2026-07,WEEKDAY,0,TRAIN,NS8,700,3279
2026-07,WEEKDAY,19,TRAIN,NS12,20612,65393
2026-07,WEEKENDS/HOLIDAY,9,TRAIN,CC10/DT26,7484,5894
2026-07,WEEKDAY,17,TRAIN,DT8,15024,7374
2026-07,WEEKDAY,13,TRAIN,SW7,2458,2400
2026-07,WEEKDAY,10,TRAIN,EW21/CC22,15669,30216
2026-07,WEEKENDS/HOLIDAY,12,TRAIN,PW4,2543,2227
2026-07,WEEKENDS/HOLIDAY,7,TRAIN,PW6,431,76
2026-07,WEEKENDS/HOLIDAY,11,TRAIN,TE19,1587,2046
2026-07,WEEKENDS/HOLIDAY,5,TRAIN,SW8,92,16
2026-07,WEEKDAY,5,TRAIN,EW10,3840,497
2026-07,WEEKENDS/HOLIDAY,9,TRAIN,TE23,1504,990
2026-07,WEEKENDS/HOLIDAY,11,TRAIN,TE27,3346,2127
2026-07,WEEKDAY,6,TRAIN,NE15,43383,6935
2026-07,WEEKENDS/HOLIDAY,12,TRAIN,CC24,4155,4999
2026-07,WEEKDAY,20,TRAIN,NE5,30864,14668
2026-07,WEEKDAY,22,TRAIN,DT23,3423,3263
2026-07,WEEKDAY,15,TRAIN,NE10,18841,18691
2026-07,WEEKENDS/HOLIDAY,14,TRAIN,NE4/DT19,33279,29161
2026-07,WEEKENDS/HOLIDAY,17,TRAIN,NS10,17192,16702
2026-07,WEEKDAY,21,TRAIN,SW6,672,4688
2026-07,WEEKENDS/HOLIDAY,15,TRAIN,EW17,9551,10349
2026-07,WEEKDAY,16,TRAIN,SE4,3713,5457
2026-07,WEEKENDS/HOLIDAY,15,TRAIN,DT28,3810,3296
2026-07,WEEKENDS/HOLIDAY,5,TRAIN,CC32,1,1
2026-07,WEEKENDS/HOLIDAY,20,TRAIN,CC25,1533,2303
2026-07,WEEKENDS/HOLIDAY,8,TRAIN,CC23,670,2395
2026-07,WEEKDAY,9,TRAIN,PW5,4044,1765
2026-07,WEEKDAY,15,TRAIN,BP2,2109,2943
2026-07,WEEKDAY,15,TRAIN,DT7,5565,5233
2026-07,WEEKENDS/HOLIDAY,10,TRAIN,NE7/DT12,10345,23629
2026-07,WEEKENDS/HOLIDAY,18,TRAIN,DT8,1824,2208
2026-07,WEEKDAY,23,TRAIN,PE5,337,3904
2026-07,WEEKDAY,22,TRAIN,NE13,9584,26897
2026-07,WEEKDAY,22,TRAIN,DT24,1702,7348
2026-07,WEEKENDS/HOLIDAY,16,TRAIN,NE18,6390,5866
2026-07,WEEKENDS/HOLIDAY,11,TRAIN,TE22,1189,4381
2026-07,WEEKENDS/HOLIDAY,21,TRAIN,EW32,978,3703
2026-07,WEEKDAY,8,TRAIN,BP4,5636,16076
2026-07,WEEKDAY,5,TRAIN,CC23,338,845
2026-07,WEEKDAY,11,TRAIN,CC14,8053,3522
2026-07,WEEKDAY,0,TRAIN,TE3,79,1761
2026-07,WEEKENDS/HOLIDAY,15,TRAIN,SW1,1047,347
2026-07,WEEKDAY,13,TRAIN,NS17/CC15,38986,18662
2026-07,WEEKENDS/HOLIDAY,8,TRAIN,TE22,1018,1311
2026-07,WEEKENDS/HOLIDAY,6,TRAIN,TE27,766,166
2026-07,WEEKDAY,22,TRAIN,CC5,4865,3392
2026-07,WEEKENDS/HOLIDAY,17,TRAIN,DT33,8146,6656
2026-07,WEEKENDS/HOLIDAY,23,TRAIN,DT27,483,1834
2026-07,WEEKENDS/HOLIDAY,10,TRAIN,EW24/NS1,13409,28779
2026-07,WEEKENDS/HOLIDAY,8,TRAIN,PW2,52,128
2026-07,WEEKENDS/HOLIDAY,17,TRAIN,TE1,3008,1828
2026-07,WEEKENDS/HOLIDAY,7,TRAIN,PW3,340,102
2026-07,WEEKDAY,18,TRAIN,BP6/DT1,69106,158432
2026-07,WEEKENDS/HOLIDAY,7,TRAIN,BP8,522,709
2026-07,WEEKDAY,21,TRAIN,CG1/DT35,21104,4168
2026-07,WEEKENDS/HOLIDAY,13,TRAIN,EW1,14161,11956
2026-07,WEEKDAY,9,TRAIN,EW4,28391,12151
2026-07,WEEKDAY,17,TRAIN,BP3,4920,8069
2026-07,WEEKENDS/HOLIDAY,7,TRAIN,TE7,1236,965
2026-07,WEEKENDS/HOLIDAY,11,TRAIN,DT23,1109,1397
2026-07,WEEKDAY,23,TRAIN,CC27,676,301
2026-07,WEEKDAY,0,TRAIN,CC27,10,11
2026-07,WEEKDAY,6,TRAIN,NS19,36208,23652
2026-07,WEEKDAY,14,TRAIN,BP11,3012,3452
2026-07,WEEKENDS/HOLIDAY,7,TRAIN,CC17/TE9,2188,1995
2026-07,WEEKDAY,13,TRAIN,DT6,12938,9991
2026-07,WEEKDAY,7,TRAIN,TE25,6880,2193
2026-07,WEEKENDS/HOLIDAY,7,TRAIN,CC10/DT26,7160,4613
2026-07,WEEKENDS/HOLIDAY,5,TRAIN,CC10/DT26,717,108
2026-07,WEEKDAY,20,TRAIN,NS17/CC15,21482,32292
2026-07,WEEKDAY,16,TRAIN,CC17/TE9,13256,9186
2026-07,WEEKDAY,18,TRAIN,PE4,2698,4444
2026-07,WEEKDAY,14,TRAIN,EW31,2027,1165
2026-07,WEEKDAY,7,TRAIN,CG2,17282,25859
2026-07,WEEKDAY,12,TRAIN,DT20,8684,6994
2026-07,WEEKENDS/HOLIDAY,17,TRAIN,BP7,458,537
2026-07,WEEKDAY,13,TRAIN,CC21,18337,11382
2026-07,WEEKDAY,14,TRAIN,EW16/NE3/TE17,34128,45092
2026-07,WEEKDAY,16,TRAIN,PE3,7673,9873
2026-07,WEEKENDS/HOLIDAY,13,TRAIN,TE6,5520,4056
2026-07,WEEKDAY,7,TRAIN,TE19,1379,29241
2026-07,WEEKDAY,18,TRAIN,TE1,31839,8964
2026-07,WEEKENDS/HOLIDAY,17,TRAIN,DT21,5446,4286
2026-07,WEEKENDS/HOLIDAY,22,TRAIN,CC32,141,396
2026-07,WEEKDAY,13,TRAIN,CC24,25210,32310
2026-07,WEEKDAY,9,TRAIN,CC16,11630,13735
2026-07,WEEKENDS/HOLIDAY,6,TRAIN,TE1,1994,890
2026-07,WEEKENDS/HOLIDAY,22,TRAIN,DT7,614,1063
2026-07,WEEKENDS/HOLIDAY,8,TRAIN,EW32,2204,2747
2026-07,WEEKDAY,23,TRAIN,EW29,1131,2093
2026-07,WEEKDAY,18,TRAIN,DT24,14672,17950
2026-07,WEEKENDS/HOLIDAY,7,TRAIN,CC2,308,862
2026-07,WEEKENDS/HOLIDAY,13,TRAIN,NS8,7887,5798
2026-07,WEEKDAY,16,TRAIN,EW2/DT32,57369,77477
2026-07,WEEKDAY,19,TRAIN,TE3,12270,33067
2026-07,WEEKENDS/HOLIDAY,21,TRAIN,NS5,5209,15187
2026-07,WEEKDAY,19,TRAIN,NS18,18958,31175
2026-07,WEEKDAY,12,TRAIN,BP11,3568,2480
2026-07,WEEKENDS/HOLIDAY,20,TRAIN,SW4,613,1747
2026-07,WEEKENDS/HOLIDAY,15,TRAIN,DT3,2790,2525
2026-07,WEEKDAY,23,TRAIN,CC5,1294,2006
2026-07,WEEKENDS/HOLIDAY,23,TRAIN,EW25,733,3128
2026-07,WEEKDAY,16,TRAIN,EW10,9779,13761
2026-07,WEEKENDS/HOLIDAY,8,TRAIN,CE1/DT16,1550,4803
2026-07,WEEKENDS/HOLIDAY,17,TRAIN,DT27,4950,3878
2026-07,WEEKDAY,13,TRAIN,TE27,14099,7665
2026-07,WEEKDAY,23,TRAIN,NS13,9250,36696
2026-07,WEEKENDS/HOLIDAY,22,TRAIN,BP10,291,1049
2026-07,WEEKDAY,13,TRAIN,EW33,2320,2761
2026-07,WEEKENDS/HOLIDAY,17,TRAIN,NS27/CE2/TE20,1389,1644
2026-07,WEEKENDS/HOLIDAY,18,TRAIN,NE7/DT12,21845,23932
2026-07,WEEKDAY,11,TRAIN,TE6,12565,5262
2026-07,WEEKDAY,17,TRAIN,EW20,35904,22469
2026-07,WEEKENDS/HOLIDAY,22,TRAIN,NS21/DT11,15758,17249
2026-07,WEEKDAY,6,TRAIN,DT27,9452,8917
2026-07,WEEKENDS/HOLIDAY,5,TRAIN,NE1/CC29,550,16
2026-07,WEEKDAY,20,TRAIN,DT33,9237,36138
2026-07,WEEKENDS/HOLIDAY,7,TRAIN,SW5,1918,549
2026-07,WEEKDAY,18,TRAIN,DT20,20148,17804
2026-07,WEEKDAY,22,TRAIN,EW6,3273,15590
2026-07,WEEKENDS/HOLIDAY,21,TRAIN,NE13,5468,10069
2026-07,WEEKDAY,14,TRAIN,SW7,1617,2388
2026-07,WEEKENDS/HOLIDAY,8,TRAIN,DT3,3162,1368
2026-07,WEEKENDS/HOLIDAY,7,TRAIN,DT7,509,717
2026-07,WEEKENDS/HOLIDAY,13,TRAIN,EW18,7664,7315
2026-07,WEEKENDS/HOLIDAY,11,TRAIN,SW6,1281,777
2026-07,WEEKDAY,17,TRAIN,NE5,38623,20034
2026-07,WEEKDAY,17,TRAIN,TE7,15551,11423
2026-07,WEEKENDS/HOLIDAY,17,TRAIN,CC2,3190,2018
2026-07,WEEKDAY,11,TRAIN,SW5,6956,5237
2026-07,WEEKDAY,14,TRAIN,EW10,7917,10047
2026-07,WEEKDAY,23,TRAIN,PW6,82,851
2026-07,WEEKDAY,17,TRAIN,NE15,27987,56482
2026-07,WEEKDAY,15,TRAIN,NE8,29624,32282
2026-07,WEEKENDS/HOLIDAY,13,TRAIN,DT18,3179,2924
2026-07,WEEKENDS/HOLIDAY,0,TRAIN,NS8,445,1178
2026-07,WEEKENDS/HOLIDAY,17,TRAIN,EW27,24609,30295
2026-07,WEEKDAY,9,TRAIN,TE7,10605,10104
2026-07,WEEKDAY,16,TRAIN,EW27,47833,61096
2026-07,WEEKENDS/HOLIDAY,8,TRAIN,TE28,1588,639
2026-07,WEEKENDS/HOLIDAY,8,TRAIN,BP6/DT1,15913,8774
2026-07,WEEKDAY,13,TRAIN,EW10,9156,11468
2026-07,WEEKDAY,16,TRAIN,CC14,12805,8945
2026-07,WEEKDAY,16,TRAIN,NS21/DT11,66575,68459
2026-07,WEEKENDS/HOLIDAY,9,TRAIN,PE3,3325,2240
2026-07,WEEKENDS/HOLIDAY,17,TRAIN,BP2,1107,996
2026-07,WEEKENDS/HOLIDAY,10,TRAIN,DT23,1080,1798
2026-07,WEEKENDS/HOLIDAY,11,TRAIN,DT21,3713,4259
2026-07,WEEKENDS/HOLIDAY,9,TRAIN,NS9/TE2,22983,18870
2026-07,WEEKENDS/HOLIDAY,20,TRAIN,DT20,2993,2361
2026-07,WEEKENDS/HOLIDAY,8,TRAIN,NE9,9623,7294
2026-07,WEEKENDS/HOLIDAY,12,TRAIN,TE24,1714,1253
2026-07,WEEKENDS/HOLIDAY,18,TRAIN,CC31,1434,1172
2026-07,WEEKDAY,15,TRAIN,EW16/NE3/TE17,44370,28819
2026-07,WEEKDAY,16,TRAIN,CC6,7986,11488
2026-07,WEEKDAY,23,TRAIN,NS10,4368,25201
2026-07,WEEKDAY,13,TRAIN,CC31,1951,2084
2026-07,WEEKENDS/HOLIDAY,16,TRAIN,CC11,8665,5048
2026-07,WEEKDAY,11,TRAIN,CC11,12122,14352
2026-07,WEEKENDS/HOLIDAY,23,TRAIN,EW27,2175,10614
2026-07,WEEKDAY,5,TRAIN,BP11,4859,354
2026-07,WEEKENDS/HOLIDAY,6,TRAIN,SE2,1428,119
2026-07,WEEKDAY,8,TRAIN,DT10,14001,6493
2026-07,WEEKENDS/HOLIDAY,15,TRAIN,EW8/CC9,29438,27942
2026-07,WEEKDAY,0,TRAIN,EW33,0,226
2026-07,WEEKDAY,8,TRAIN,PW2,120,375
2026-07,WEEKDAY,10,TRAIN,TE27,7284,3059
2026-07,WEEKENDS/HOLIDAY,10,TRAIN,DT3,4437,1601
2026-07,WEEKDAY,19,TRAIN,SW7,944,5492
2026-07,WEEKENDS/HOLIDAY,15,TRAIN,DT20,2519,2614
2026-07,WEEKENDS/HOLIDAY,16,TRAIN,CC24,5758,3046
2026-07,WEEKDAY,14,TRAIN,EW4,14975,12783
2026-07,WEEKDAY,23,TRAIN,NE7/DT12,6311,6263
2026-07,WEEKENDS/HOLIDAY,21,TRAIN,CC12,1213,4080
2026-07,WEEKENDS/HOLIDAY,9,TRAIN,BP4,821,388
2026-07,WEEKDAY,23,TRAIN,TE24,327,1239
2026-07,WEEKDAY,20,TRAIN,CC7,4708,10320
2026-07,WEEKENDS/HOLIDAY,0,TRAIN,EW22,18,95
2026-07,WEEKDAY,9,TRAIN,CC3,2189,25967
2026-07,WEEKDAY,5,TRAIN,PE7,1800,148
2026-07,WEEKENDS/HOLIDAY,20,TRAIN,BP9,449,921
2026-07,WEEKDAY,14,TRAIN,PW2,195,218
2026-07,WEEKDAY,5,TRAIN,DT7,299,123
2026-07,WEEKDAY,5,TRAIN,CC21,1165,296
2026-07,WEEKDAY,9,TRAIN,NS27/CE2/TE20,602,10103
2026-07,WEEKDAY,13,TRAIN,CE1/DT16,11142,16395
2026-07,WEEKDAY,23,TRAIN,NE15,1917,15637
2026-07,WEEKDAY,9,TRAIN,CC34/DT16,5928,32232
2026-07,WEEKDAY,12,TRAIN,NS14,33655,21106
2026-07,WEEKDAY,5,TRAIN,TE24,168,3
2026-07,WEEKDAY,6,TRAIN,NS27/CE2/TE20,525,1442
2026-07,WEEKDAY,7,TRAIN,DT34,13408,12524
2026-07,WEEKDAY,11,TRAIN,NS9/TE2,47710,51540
2026-07,WEEKDAY,20,TRAIN,NS15,21019,17217
2026-07,WEEKDAY,18,TRAIN,SE2,5527,17245
2026-07,WEEKENDS/HOLIDAY,22,TRAIN,NS10,3648,17217
2026-07,WEEKDAY,9,TRAIN,NS24/NE6/CC1,18111,57839
2026-07,WEEKENDS/HOLIDAY,19,TRAIN,NS3,6589,9646
2026-07,WEEKENDS/HOLIDAY,14,TRAIN,TE1,1526,1034
2026-07,WEEKDAY,7,TRAIN,CC16,16604,38942
2026-07,WEEKENDS/HOLIDAY,23,TRAIN,NS12,1036,4792
2026-07,WEEKDAY,16,TRAIN,EW15,49342,21592
2026-07,WEEKDAY,6,TRAIN,EW10,28979,4745
2026-07,WEEKDAY,9,TRAIN,PE2,12011,3028
2026-07,WEEKDAY,18,TRAIN,EW30,22956,3745
2026-07,WEEKENDS/HOLIDAY,15,TRAIN,BP13,529,408
2026-07,WEEKDAY,22,TRAIN,EW25,4376,15267
2026-07,WEEKENDS/HOLIDAY,11,TRAIN,EW4,7967,3428
2026-07,WEEKDAY,6,TRAIN,DT22,13081,4961
2026-07,WEEKDAY,23,TRAIN,DT13,2907,4428
2026-07,WEEKDAY,10,TRAIN,DT2,3362,1848
2026-07,WEEKDAY,16,TRAIN,EW3,20675,22599
2026-07,WEEKENDS/HOLIDAY,7,TRAIN,EW16/NE3/TE17,4894,11271
2026-07,WEEKENDS/HOLIDAY,9,TRAIN,SW5,3573,1969
2026-07,WEEKDAY,5,TRAIN,EW30,1189,2061
2026-07,WEEKENDS/HOLIDAY,15,TRAIN,NE18,6680,5686
2026-07,WEEKDAY,17,TRAIN,NE13,36907,45650
2026-07,WEEKENDS/HOLIDAY,23,TRAIN,CC27,159,118
2026-07,WEEKDAY,18,TRAIN,TE14/NS22,175534,141052
2026-07,WEEKDAY,9,TRAIN,EW14/NS26,14704,357947
2026-07,WEEKENDS/HOLIDAY,10,TRAIN,PE7,2585,1023
2026-07,WEEKDAY,18,TRAIN,CC31,3960,4364
2026-07,WEEKENDS/HOLIDAY,22,TRAIN,BP8,438,494
2026-07,WEEKDAY,23,TRAIN,NE18,2468,3359
2026-07,WEEKDAY,21,TRAIN,TE5,5686,9254
2026-07,WEEKDAY,21,TRAIN,NS7,21123,47464
2026-07,WEEKENDS/HOLIDAY,13,TRAIN,SE4,1968,1567
2026-07,WEEKENDS/HOLIDAY,13,TRAIN,NS14,13878,11086
2026-07,WEEKDAY,23,TRAIN,DT28,1608,7415
2026-07,WEEKENDS/HOLIDAY,16,TRAIN,EW14/NS26,11662,10727
2026-07,WEEKENDS/HOLIDAY,19,TRAIN,TE3,3373,5249
2026-07,WEEKENDS/HOLIDAY,6,TRAIN,DT34,289,154
2026-07,WEEKENDS/HOLIDAY,20,TRAIN,TE14/NS22,45354,17163
2026-07,WEEKENDS/HOLIDAY,21,TRAIN,NE14,4756,16684
2026-07,WEEKDAY,11,TRAIN,NE8,24057,29037
2026-07,WEEKDAY,6,TRAIN,BP10,10286,1529
2026-07,WEEKENDS/HOLIDAY,13,TRAIN,DT31,3670,3220
2026-07,WEEKENDS/HOLIDAY,12,TRAIN,CC16,3763,2103
2026-07,WEEKDAY,7,TRAIN,BP13,4942,1689
2026-07,WEEKENDS/HOLIDAY,21,TRAIN,EW25,3131,6217
2026-07,WEEKDAY,13,TRAIN,TE11,7423,4641
2026-07,WEEKENDS/HOLIDAY,19,TRAIN,EW8/CC9,30873,22921
2026-07,WEEKDAY,6,TRAIN,DT10,3844,4488
2026-07,WEEKENDS/HOLIDAY,0,TRAIN,DT25,17,98
2026-07,WEEKENDS/HOLIDAY,7,TRAIN,SW4,1014,539
2026-07,WEEKENDS/HOLIDAY,0,TRAIN,DT21,95,223
2026-07,WEEKDAY,15,TRAIN,NS18,14032,14345
2026-07,WEEKDAY,19,TRAIN,DT27,17322,18736
2026-07,WEEKDAY,14,TRAIN,EW3,18430,19986
2026-07,WEEKDAY,22,TRAIN,PE5,990,7117
2026-07,WEEKENDS/HOLIDAY,20,TRAIN,TE13,1498,1737
2026-07,WEEKDAY,11,TRAIN,PE7,3944,2259
2026-07,WEEKDAY,23,TRAIN,DT8,367,1117
2026-07,WEEKDAY,17,TRAIN,PW2,279,280
2026-07,WEEKENDS/HOLIDAY,15,TRAIN,TE13,1908,1713
2026-07,WEEKDAY,12,TRAIN,TE7,7329,5087
2026-07,WEEKENDS/HOLIDAY,0,TRAIN,SW7,13,134
2026-07,WEEKENDS/HOLIDAY,9,TRAIN,PW6,1032,302
2026-07,WEEKENDS/HOLIDAY,5,TRAIN,DT28,198,4
2026-07,WEEKENDS/HOLIDAY,7,TRAIN,TE3,3126,2208
2026-07,WEEKDAY,18,TRAIN,PW6,1914,4691
2026-07,WEEKENDS/HOLIDAY,10,TRAIN,NS12,11537,4534
2026-07,WEEKENDS/HOLIDAY,6,TRAIN,NS2,7222,3178
2026-07,WEEKDAY,6,TRAIN,CC4/DT15,904,10773
2026-07,WEEKENDS/HOLIDAY,14,TRAIN,BP3,1563,1721
2026-07,WEEKDAY,6,TRAIN,BP12,9632,1988
2026-07,WEEKENDS/HOLIDAY,9,TRAIN,NS2,12301,8349
2026-07,WEEKENDS/HOLIDAY,11,TRAIN,BP13,746,435
2026-07,WEEKENDS/HOLIDAY,11,TRAIN,EW19,7654,4703
2026-07,WEEKDAY,15,TRAIN,NS11,29213,41378
2026-07,WEEKDAY,14,TRAIN,BP2,2192,2663
2026-07,WEEKDAY,8,TRAIN,EW23,117689,110426
2026-07,WEEKENDS/HOLIDAY,5,TRAIN,NS23,98,86
2026-07,WEEKENDS/HOLIDAY,18,TRAIN,NS11,15693,21941
2026-07,WEEKENDS/HOLIDAY,15,TRAIN,PW6,613,642
2026-07,WEEKDAY,8,TRAIN,CC28,14912,11233
2026-07,WEEKDAY,23,TRAIN,NS18,2118,10259
2026-07,WEEKDAY,21,TRAIN,CC6,20696,2547
2026-07,WEEKENDS/HOLIDAY,14,TRAIN,NS4/BP1,15030,16323
2026-07,WEEKDAY,15,TRAIN,TE23,2535,4255
2026-07,WEEKENDS/HOLIDAY,20,TRAIN,CC4/DT15,15501,7745
2026-07,WEEKENDS/HOLIDAY,0,TRAIN,NS10,346,3369
2026-07,WEEKENDS/HOLIDAY,16,TRAIN,PW2,96,125
2026-07,WEEKENDS/HOLIDAY,11,TRAIN,CG1/DT35,3185,8514
2026-07,WEEKENDS/HOLIDAY,5,TRAIN,NE13,574,121
2026-07,WEEKENDS/HOLIDAY,10,TRAIN,NS18,7791,3299
2026-07,WEEKDAY,18,TRAIN,NE1/CC29,170566,107024
2026-07,WEEKENDS/HOLIDAY,15,TRAIN,EW32,2043,989
2026-07,WEEKENDS/HOLIDAY,14,TRAIN,PE2,2277,2635
2026-07,WEEKENDS/HOLIDAY,10,TRAIN,DT34,1836,1019
2026-07,WEEKENDS/HOLIDAY,20,TRAIN,DT21,3725,3720
2026-07,WEEKENDS/HOLIDAY,19,TRAIN,NE7/DT12,21758,19302
2026-07,WEEKDAY,11,TRAIN,NS15,21078,19046
2026-07,WEEKENDS/HOLIDAY,15,TRAIN,DT18,3125,2351
2026-07,WEEKENDS/HOLIDAY,11,TRAIN,TE26,6938,8546
2026-07,WEEKENDS/HOLIDAY,10,TRAIN,NE12/CC13,25919,20487
2026-07,WEEKDAY,19,TRAIN,EW21/CC22,69685,42540
2026-07,WEEKENDS/HOLIDAY,13,TRAIN,NS28,986,2197
2026-07,WEEKDAY,13,TRAIN,NE18,14299,18279
2026-07,WEEKENDS/HOLIDAY,0,TRAIN,EW3,45,786
2026-07,WEEKDAY,10,TRAIN,SE5,3050,1210
2026-07,WEEKDAY,12,TRAIN,PE6,10036,7322
2026-07,WEEKENDS/HOLIDAY,7,TRAIN,TE8,1467,1710
2026-07,WEEKENDS/HOLIDAY,15,TRAIN,EW16/NE3/TE17,11389,8638
2026-07,WEEKENDS/HOLIDAY,19,TRAIN,NS10,10502,18241
2026-07,WEEKDAY,7,TRAIN,NS8,91372,34739
2026-07,WEEKENDS/HOLIDAY,15,TRAIN,EW25,5787,5469
2026-07,WEEKENDS/HOLIDAY,18,TRAIN,NE10,7548,7756
2026-07,WEEKDAY,8,TRAIN,NS21/DT11,134294,145628
2026-07,WEEKDAY,20,TRAIN,NE4/DT19,96080,42699
2026-07,WEEKENDS/HOLIDAY,12,TRAIN,DT3,4088,1979
2026-07,WEEKENDS/HOLIDAY,22,TRAIN,NS4/BP1,6498,13891
2026-07,WEEKDAY,15,TRAIN,EW11,18556,20199
2026-07,WEEKDAY,22,TRAIN,BP7,277,937
2026-07,WEEKENDS/HOLIDAY,21,TRAIN,SW2,1130,828
2026-07,WEEKDAY,5,TRAIN,CC17/TE9,2559,325
2026-07,WEEKDAY,23,TRAIN,TE8,2953,3448
2026-07,WEEKENDS/HOLIDAY,10,TRAIN,EW27,18391,13363
2026-07,WEEKENDS/HOLIDAY,17,TRAIN,TE26,8883,7632
2026-07,WEEKENDS/HOLIDAY,6,TRAIN,PW3,693,60
2026-07,WEEKDAY,9,TRAIN,EW6,23286,11239
2026-07,WEEKDAY,18,TRAIN,NS23,89947,104117
2026-07,WEEKDAY,7,TRAIN,EW9,66202,34070
2026-07,WEEKDAY,6,TRAIN,NS3,49745,11085
2026-07,WEEKENDS/HOLIDAY,22,TRAIN,EW31,457,1464
2026-07,WEEKENDS/HOLIDAY,5,TRAIN,CG1/DT35,191,94
2026-07,WEEKENDS/HOLIDAY,19,TRAIN,NS25/EW13,42204,18360
2026-07,WEEKDAY,21,TRAIN,EW4,7650,23265
2026-07,WEEKENDS/HOLIDAY,20,TRAIN,SW6,397,1480
2026-07,WEEKENDS/HOLIDAY,0,TRAIN,EW14/NS26,180,150
2026-07,WEEKENDS/HOLIDAY,20,TRAIN,DT34,1089,2156
2026-07,WEEKENDS/HOLIDAY,18,TRAIN,CC4/DT15,14508,12231
2026-07,WEEKDAY,20,TRAIN,PW2,350,89
2026-07,WEEKDAY,22,TRAIN,NS21/DT11,43370,49617
2026-07,WEEKENDS/HOLIDAY,7,TRAIN,PW4,1215,405
2026-07,WEEKENDS/HOLIDAY,9,TRAIN,PE5,3610,1157
2026-07,WEEKDAY,14,TRAIN,BP5,2435,2708
2026-07,WEEKDAY,16,TRAIN,CC30,251,222
2026-07,WEEKENDS/HOLIDAY,18,TRAIN,EW32,4089,3251
2026-07,WEEKENDS/HOLIDAY,10,TRAIN,TE19,1195,1953
2026-07,WEEKDAY,11,TRAIN,TE16,9757,5977
2026-07,WEEKDAY,19,TRAIN,NS27/CC33/TE20,15071,3742
2026-07,WEEKENDS/HOLIDAY,16,TRAIN,BP6/DT1,15099,16683
2026-07,WEEKDAY,8,TRAIN,NE17/PTC,130318,27727
2026-07,WEEKENDS/HOLIDAY,6,TRAIN,TE23,339,278
2026-07,WEEKDAY,16,TRAIN,TE25,3584,4814
2026-07,WEEKDAY,20,TRAIN,NS24/NE6/CC1,64260,27021
2026-07,WEEKENDS/HOLIDAY,17,TRAIN,CC30,266,267
2026-07,WEEKENDS/HOLIDAY,13,TRAIN,NS27/CE2/TE20,923,1361
2026-07,WEEKDAY,22,TRAIN,DT21,11033,8824
2026-07,WEEKENDS/HOLIDAY,23,TRAIN,NE10,1041,2502
2026-07,WEEKENDS/HOLIDAY,21,TRAIN,TE15,4879,2786
2026-07,WEEKENDS/HOLIDAY,6,TRAIN,DT25,648,235
2026-07,WEEKDAY,22,TRAIN,SW3,241,1498
2026-07,WEEKDAY,17,TRAIN,TE24,6586,6689
2026-07,WEEKDAY,22,TRAIN,SW2,1584,1631
2026-07,WEEKENDS/HOLIDAY,16,TRAIN,EW18,7110,7222
2026-07,WEEKDAY,6,TRAIN,EW5,42179,19030
2026-07,WEEKENDS/HOLIDAY,11,TRAIN,SE2,3084,1781
2026-07,WEEKENDS/HOLIDAY,10,TRAIN,EW33,2057,1230
2026-07,WEEKENDS/HOLIDAY,20,TRAIN,TE29,965,2069
2026-07,WEEKENDS/HOLIDAY,10,TRAIN,CC32,344,339
2026-07,WEEKENDS/HOLIDAY,17,TRAIN,EW29,12981,6007
2026-07,WEEKDAY,21,TRAIN,TE22,12220,1468
2026-07,WEEKENDS/HOLIDAY,14,TRAIN,TE11,1693,1805
2026-07,WEEKENDS/HOLIDAY,17,TRAIN,EW22,3035,2595
2026-07,WEEKDAY,21,TRAIN,PE7,1039,6478
2026-07,WEEKDAY,7,TRAIN,EW4,40815,52353
2026-07,WEEKDAY,15,TRAIN,DT25,3237,4096
2026-07,WEEKDAY,23,TRAIN,NS12,2806,12693
2026-07,WEEKDAY,20,TRAIN,SW2,3237,2156
2026-07,WEEKDAY,8,TRAIN,CC34/DT16,8313,31240
2026-07,WEEKDAY,16,TRAIN,NS27/CC33/TE20,6327,3175
2026-07,WEEKENDS/HOLIDAY,23,TRAIN,SW2,131,381
2026-07,WEEKDAY,8,TRAIN,SE3,10230,1402
2026-07,WEEKDAY,7,TRAIN,NE5,2339,22833
2026-07,WEEKENDS/HOLIDAY,17,TRAIN,DT13,6972,5518
2026-07,WEEKDAY,10,TRAIN,DT34,4982,3636
2026-07,WEEKENDS/HOLIDAY,21,TRAIN,PE1,456,2451
2026-07,WEEKENDS/HOLIDAY,18,TRAIN,NE14,12472,15985
2026-07,WEEKENDS/HOLIDAY,16,TRAIN,TE7,3094,2326
2026-07,WEEKDAY,11,TRAIN,PW2,162,203
2026-07,WEEKENDS/HOLIDAY,16,TRAIN,PE4,876,907
2026-07,WEEKENDS/HOLIDAY,15,TRAIN,EW10,5657,6433
2026-07,WEEKENDS/HOLIDAY,21,TRAIN,EW6,1877,6020
2026-07,WEEKDAY,6,TRAIN,CC8,9086,8580
2026-07,WEEKENDS/HOLIDAY,23,TRAIN,BP3,102,505
2026-07,WEEKENDS/HOLIDAY,9,TRAIN,TE26,3687,7216
2026-07,WEEKENDS/HOLIDAY,18,TRAIN,CC28,1914,2010
2026-07,WEEKENDS/HOLIDAY,17,TRAIN,EW32,5035,2736
2026-07,WEEKDAY,15,TRAIN,SW7,1335,2411
2026-07,WEEKENDS/HOLIDAY,15,TRAIN,BP2,1020,989
2026-07,WEEKENDS/HOLIDAY,14,TRAIN,NS24/NE6/CC1,21464,22661
2026-07,WEEKDAY,8,TRAIN,EW18,52256,61784
2026-07,WEEKDAY,18,TRAIN,NS27/CC33/TE20,34200,4688
2026-07,WEEKDAY,8,TRAIN,EW22,18386,87980
2026-07,WEEKENDS/HOLIDAY,7,TRAIN,SE2,2250,386
2026-07,WEEKENDS/HOLIDAY,21,TRAIN,DT6,876,2202
2026-07,WEEKENDS/HOLIDAY,19,TRAIN,CC20,2124,2560
2026-07,WEEKENDS/HOLIDAY,5,TRAIN,NE11,101,51
2026-07,WEEKDAY,9,TRAIN,TE4,5919,7292
2026-07,WEEKENDS/HOLIDAY,16,TRAIN,PW5,1265,1386
2026-07,WEEKENDS/HOLIDAY,0,TRAIN,PE3,22,305
2026-07,WEEKENDS/HOLIDAY,22,TRAIN,EW2/DT32,9905,18151
2026-07,WEEKENDS/HOLIDAY,15,TRAIN,DT27,3428,2903
2026-07,WEEKENDS/HOLIDAY,11,TRAIN,DT29,3439,1359
2026-07,WEEKDAY,15,TRAIN,NS4/BP1,36873,45556
2026-07,WEEKENDS/HOLIDAY,13,TRAIN,EW17,11677,11311
2026-07,WEEKDAY,15,TRAIN,TE16,6587,7897
2026-07,WEEKDAY,6,TRAIN,NE7/DT12,18515,16696
2026-07,WEEKDAY,18,TRAIN,TE29,5311,14377
2026-07,WEEKENDS/HOLIDAY,12,TRAIN,CC20,3061,2032
2026-07,WEEKENDS/HOLIDAY,19,TRAIN,NE5,7726,6768
2026-07,WEEKDAY,22,TRAIN,NS2,11959,32250
2026-07,WEEKDAY,18,TRAIN,NE17/PTC,72417,155321
2026-07,WEEKDAY,12,TRAIN,CC19/DT9,8226,7702
2026-07,WEEKENDS/HOLIDAY,14,TRAIN,EW29,4482,3448
2026-07,WEEKENDS/HOLIDAY,5,TRAIN,DT6,31,11
2026-07,WEEKENDS/HOLIDAY,12,TRAIN,EW27,21321,17780
2026-07,WEEKDAY,9,TRAIN,DT31,19498,8340
2026-07,WEEKDAY,21,TRAIN,DT4,588,3791
2026-07,WEEKDAY,23,TRAIN,SE2,295,3913
2026-07,WEEKENDS/HOLIDAY,20,TRAIN,PW1,1051,347
2026-07,WEEKENDS/HOLIDAY,7,TRAIN,NS23,1472,5830
2026-07,WEEKENDS/HOLIDAY,5,TRAIN,TE24,13,0
2026-07,WEEKDAY,15,TRAIN,PW1,2635,3895
2026-07,WEEKENDS/HOLIDAY,15,TRAIN,BP4,608,637
2026-07,WEEKDAY,7,TRAIN,SW5,17908,5879
2026-07,WEEKDAY,19,TRAIN,NS27/CE2/TE20,7331,1779
2026-07,WEEKDAY,18,TRAIN,NS20,156741,63592
2026-07,WEEKDAY,11,TRAIN,PE3,6855,4526
2026-07,WEEKDAY,20,TRAIN,CC16,7015,8616
2026-07,WEEKENDS/HOLIDAY,13,TRAIN,DT33,6972,4947
2026-07,WEEKDAY,14,TRAIN,BP7,940,1283
2026-07,WEEKENDS/HOLIDAY,16,TRAIN,NS3,8094,8832
2026-07,WEEKDAY,5,TRAIN,SW4,1463,77
2026-07,WEEKENDS/HOLIDAY,0,TRAIN,TE19,52,66
2026-07,WEEKENDS/HOLIDAY,14,TRAIN,NS19,15853,15567
2026-07,WEEKDAY,14,TRAIN,EW6,9553,12415
2026-07,WEEKENDS/HOLIDAY,17,TRAIN,NE8,20073,27308
2026-07,WEEKDAY,15,TRAIN,NE13,29505,27584
2026-07,WEEKENDS/HOLIDAY,17,TRAIN,PW7,1560,1723
2026-07,WEEKDAY,8,TRAIN,SW4,10132,2273
2026-07,WEEKDAY,9,TRAIN,NS8,35532,13998
2026-07,WEEKDAY,14,TRAIN,EW18,16750,17921
2026-07,WEEKDAY,20,TRAIN,DT21,13437,10009
2026-07,WEEKENDS/HOLIDAY,17,TRAIN,PW1,1515,1356
2026-07,WEEKENDS/HOLIDAY,8,TRAIN,TE12,866,2768
2026-07,WEEKDAY,7,TRAIN,EW33,20847,20437
2026-07,WEEKDAY,23,TRAIN,NS21/DT11,21909,21757
2026-07,WEEKDAY,20,TRAIN,NS27/CC33/TE20,6505,3007
2026-07,WEEKDAY,13,TRAIN,EW5,33206,28580
2026-07,WEEKENDS/HOLIDAY,15,TRAIN,CC30,322,339
2026-07,WEEKDAY,9,TRAIN,NE11,26387,15654
2026-07,WEEKENDS/HOLIDAY,7,TRAIN,SE5,860,272
2026-07,WEEKENDS/HOLIDAY,22,TRAIN,CC30,21,41
2026-07,WEEKDAY,7,TRAIN,NS2,109902,53077
2026-07,WEEKENDS/HOLIDAY,10,TRAIN,CC28,2265,1119
2026-07,WEEKDAY,6,TRAIN,TE25,2162,419
2026-07,WEEKENDS/HOLIDAY,16,TRAIN,TE1,2600,1209
2026-07,WEEKENDS/HOLIDAY,16,TRAIN,NS16,17298,19640
2026-07,WEEKDAY,19,TRAIN,NE13,28933,58525
2026-07,WEEKDAY,5,TRAIN,PW5,1981,93
2026-07,WEEKDAY,10,TRAIN,PW1,801,2770
2026-07,WEEKENDS/HOLIDAY,7,TRAIN,NS10,17682,8640
2026-07,WEEKDAY,15,TRAIN,NS19,35982,40441
2026-07,WEEKDAY,6,TRAIN,NE13,28656,11487
2026-07,WEEKDAY,19,TRAIN,NS9/TE2,70771,171807
2026-07,WEEKDAY,7,TRAIN,DT20,5105,13569
2026-07,WEEKDAY,13,TRAIN,EW21/CC22,30753,32698
2026-07,WEEKDAY,21,TRAIN,EW20,8724,14973
2026-07,WEEKDAY,15,TRAIN,NE12/CC13,61413,69830
2026-07,WEEKENDS/HOLIDAY,0,TRAIN,DT5,64,580
2026-07,WEEKENDS/HOLIDAY,12,TRAIN,NE17/PTC,25589,21527
2026-07,WEEKENDS/HOLIDAY,15,TRAIN,PW7,1332,1559
2026-07,WEEKDAY,16,TRAIN,DT7,6817,5337
2026-07,WEEKENDS/HOLIDAY,21,TRAIN,NE16/STC,10540,22029
2026-07,WEEKDAY,16,TRAIN,NS24/NE6/CC1,50747,37092
2026-07,WEEKDAY,10,TRAIN,EW25,13343,5235
2026-07,WEEKDAY,0,TRAIN,CC17/TE9,64,970
2026-07,WEEKENDS/HOLIDAY,11,TRAIN,NE9,12266,7635
2026-07,WEEKENDS/HOLIDAY,13,TRAIN,NS7,10079,9348
2026-07,WEEKENDS/HOLIDAY,23,TRAIN,NE18,588,1292
2026-07,WEEKENDS/HOLIDAY,14,TRAIN,BP5,1032,824
2026-07,WEEKENDS/HOLIDAY,11,TRAIN,BP3,2301,1006
2026-07,WEEKDAY,8,TRAIN,CC4/DT15,4825,88344
2026-07,WEEKDAY,6,TRAIN,PW4,9392,1079
2026-07,WEEKDAY,9,TRAIN,PW7,6036,2675
2026-07,WEEKDAY,8,TRAIN,DT18,5063,110041
2026-07,WEEKENDS/HOLIDAY,22,TRAIN,NE12/CC13,12754,21203
2026-07,WEEKENDS/HOLIDAY,8,TRAIN,NS28,210,1471
2026-07,WEEKDAY,16,TRAIN,NE17/PTC,51777,65616
2026-07,WEEKENDS/HOLIDAY,19,TRAIN,SW7,370,1027
2026-07,WEEKENDS/HOLIDAY,20,TRAIN,PE2,880,3279
2026-07,WEEKENDS/HOLIDAY,8,TRAIN,SE4,1862,1276
2026-07,WEEKENDS/HOLIDAY,8,TRAIN,CC28,1614,1111
2026-07,WEEKDAY,17,TRAIN,NS10,76093,75306
2026-07,WEEKDAY,8,TRAIN,NE16/STC,157175,32679
2026-07,WEEKDAY,9,TRAIN,NS14,70585,21790
2026-07,WEEKENDS/HOLIDAY,17,TRAIN,PE6,3242,3156
2026-07,WEEKENDS/HOLIDAY,19,TRAIN,NS18,4307,7528
2026-07,WEEKDAY,20,TRAIN,CC23,19761,2736
2026-07,WEEKENDS/HOLIDAY,8,TRAIN,EW8/CC9,8486,18308
2026-07,WEEKDAY,11,TRAIN,NE1/CC29,24158,85595
2026-07,WEEKDAY,10,TRAIN,BP11,3902,1413
2026-07,WEEKDAY,9,TRAIN,NS17/CC15,73892,16900
2026-07,WEEKENDS/HOLIDAY,7,TRAIN,EW20,3656,3504
2026-07,WEEKDAY,0,TRAIN,NS15,374,1448
2026-07,WEEKDAY,10,TRAIN,CC4/DT15,7767,33628
2026-07,WEEKDAY,15,TRAIN,NS20,58464,38251
2026-07,WEEKDAY,22,TRAIN,SW5,3266,6719
2026-07,WEEKDAY,9,TRAIN,DT21,10972,19148
2026-07,WEEKENDS/HOLIDAY,9,TRAIN,CC30,77,71
2026-07,WEEKENDS/HOLIDAY,8,TRAIN,EW5,13752,7774
2026-07,WEEKENDS/HOLIDAY,9,TRAIN,CC21,2710,4883
2026-07,WEEKDAY,17,TRAIN,PE7,5013,8584
2026-07,WEEKENDS/HOLIDAY,13,TRAIN,BP2,1169,1022
2026-07,WEEKENDS/HOLIDAY,15,TRAIN,EW28,10291,8820
2026-07,WEEKDAY,15,TRAIN,EW25,7320,10614
2026-07,WEEKDAY,9,TRAIN,PW6,3610,911
2026-07,WEEKENDS/HOLIDAY,8,TRAIN,NS13,22718,12002
2026-07,WEEKENDS/HOLIDAY,0,TRAIN,DT33,8,1386
2026-07,WEEKDAY,23,TRAIN,NE5,12875,3442
2026-07,WEEKDAY,7,TRAIN,PE3,21625,7528
2026-07,WEEKENDS/HOLIDAY,22,TRAIN,EW21/CC22,6859,4999
2026-07,WEEKDAY,17,TRAIN,EW23,107047,95777
2026-07,WEEKDAY,20,TRAIN,DT13,14454,12749
2026-07,WEEKENDS/HOLIDAY,9,TRAIN,DT13,2999,4893
2026-07,WEEKDAY,13,TRAIN,DT2,4537,4222
2026-07,WEEKENDS/HOLIDAY,10,TRAIN,EW7,7397,4829
2026-07,WEEKENDS/HOLIDAY,22,TRAIN,CC6,11455,648
2026-07,WEEKENDS/HOLIDAY,10,TRAIN,CC6,3381,6296
2026-07,WEEKDAY,16,TRAIN,BP10,3137,4691
2026-07,WEEKENDS/HOLIDAY,16,TRAIN,DT18,2702,2342
2026-07,WEEKENDS/HOLIDAY,0,TRAIN,CE1/DT16,298,138
2026-07,WEEKDAY,15,TRAIN,EW10,7985,10246
2026-07,WEEKDAY,22,TRAIN,NE11,8373,12292
2026-07,WEEKENDS/HOLIDAY,7,TRAIN,TE15,751,1901
2026-07,WEEKDAY,21,TRAIN,EW10,6991,21265
2026-07,WEEKENDS/HOLIDAY,7,TRAIN,DT30,1567,820
2026-07,WEEKDAY,8,TRAIN,SE5,7749,1997
2026-07,WEEKENDS/HOLIDAY,7,TRAIN,DT24,1090,443
2026-07,WEEKENDS/HOLIDAY,11,TRAIN,CC27,692,1048
2026-07,WEEKDAY,13,TRAIN,CC5,7109,6242
2026-07,WEEKDAY,20,TRAIN,CG1/DT35,29111,5740
2026-07,WEEKDAY,5,TRAIN,TE3,5207,719
2026-07,WEEKDAY,7,TRAIN,DT28,39209,32190
2026-07,WEEKDAY,12,TRAIN,BP4,5594,5995
2026-07,WEEKDAY,18,TRAIN,TE23,4959,11150
2026-07,WEEKENDS/HOLIDAY,7,TRAIN,DT4,414,139
2026-07,WEEKENDS/HOLIDAY,13,TRAIN,TE7,2843,2778
2026-07,WEEKDAY,14,TRAIN,NS18,16259,14522
2026-07,WEEKDAY,12,TRAIN,EW31,2467,1574
2026-07,WEEKENDS/HOLIDAY,5,TRAIN,CC21,184,27
2026-07,WEEKENDS/HOLIDAY,21,TRAIN,DT13,3683,4875
2026-07,WEEKENDS/HOLIDAY,14,TRAIN,EW24/NS1,34344,33877
2026-07,WEEKDAY,0,TRAIN,NE7/DT12,249,571
2026-07,WEEKDAY,9,TRAIN,BP12,4795,1545
2026-07,WEEKENDS/HOLIDAY,18,TRAIN,PE2,2309,3007
2026-07,WEEKDAY,22,TRAIN,SW1,927,420
2026-07,WEEKENDS/HOLIDAY,8,TRAIN,NE10,5632,4412
2026-07,WEEKENDS/HOLIDAY,5,TRAIN,EW2/DT32,2520,283
2026-07,WEEKDAY,14,TRAIN,CC31,1490,2007
2026-07,WEEKENDS/HOLIDAY,11,TRAIN,DT20,2365,2835
2026-07,WEEKENDS/HOLIDAY,12,TRAIN,PW7,1640,1532
2026-07,WEEKDAY,14,TRAIN,TE19,9663,9441
2026-07,WEEKENDS/HOLIDAY,14,TRAIN,TE7,2500,2451
2026-07,WEEKDAY,17,TRAIN,NE18,30625,20787
2026-07,WEEKENDS/HOLIDAY,10,TRAIN,CC25,2511,1541
2026-07,WEEKENDS/HOLIDAY,19,TRAIN,DT33,4485,8151
2026-07,WEEKDAY,11,TRAIN,DT22,9650,10236
2026-07,WEEKENDS/HOLIDAY,13,TRAIN,DT3,3415,2399
2026-07,WEEKENDS/HOLIDAY,6,TRAIN,NS27/CC33/TE20,308,276
2026-07,WEEKDAY,13,TRAIN,TE15,17859,13366
2026-07,WEEKENDS/HOLIDAY,21,TRAIN,TE3,2839,5156
2026-07,WEEKDAY,10,TRAIN,BP10,3445,2045
2026-07,WEEKENDS/HOLIDAY,22,TRAIN,EW32,568,2705
2026-07,WEEKENDS/HOLIDAY,14,TRAIN,EW33,1974,1307
2026-07,WEEKENDS/HOLIDAY,23,TRAIN,TE11,467,942
2026-07,WEEKENDS/HOLIDAY,20,TRAIN,CC14,1357,2645
2026-07,WEEKENDS/HOLIDAY,17,TRAIN,DT29,3307,3203
2026-07,WEEKDAY,6,TRAIN,EW25,34487,7581
2026-07,WEEKENDS/HOLIDAY,12,TRAIN,CC34/DT16,7109,15716
2026-07,WEEKDAY,15,TRAIN,SE3,2307,3647
2026-07,WEEKENDS/HOLIDAY,9,TRAIN,CC32,191,195
2026-07,WEEKENDS/HOLIDAY,14,TRAIN,CC8,3462,3274
2026-07,WEEKENDS/HOLIDAY,7,TRAIN,TE1,2522,3125
2026-07,WEEKDAY,0,TRAIN,EW16/NE3/TE17,120,906
2026-07,WEEKDAY,11,TRAIN,EW28,23392,13593
2026-07,WEEKDAY,7,TRAIN,NE11,29125,23860
2026-07,WEEKDAY,22,TRAIN,NE18,9863,7054
2026-07,WEEKDAY,14,TRAIN,CC8,11383,7659
2026-07,WEEKENDS/HOLIDAY,18,TRAIN,BP4,650,802
2026-07,WEEKDAY,6,TRAIN,PW3,4140,1042
2026-07,WEEKDAY,7,TRAIN,EW24/NS1,75948,200873
2026-07,WEEKDAY,19,TRAIN,TE27,5067,15430
2026-07,WEEKDAY,10,TRAIN,NE11,13520,10808
2026-07,WEEKENDS/HOLIDAY,21,TRAIN,EW2/DT32,17225,21667
2026-07,WEEKENDS/HOLIDAY,14,TRAIN,DT22,5031,5629
2026-07,WEEKENDS/HOLIDAY,21,TRAIN,NE11,4352,5671
2026-07,WEEKENDS/HOLIDAY,13,TRAIN,PE7,1935,2011
2026-07,WEEKENDS/HOLIDAY,23,TRAIN,PE2,222,1408
2026-07,WEEKDAY,22,TRAIN,PW5,511,3971
2026-07,WEEKDAY,10,TRAIN,CC6,3119,6406
2026-07,WEEKENDS/HOLIDAY,15,TRAIN,CC24,5239,3441
2026-07,WEEKENDS/HOLIDAY,18,TRAIN,PE5,2204,3018
2026-07,WEEKENDS/HOLIDAY,11,TRAIN,NS25/EW13,22047,41572
2026-07,WEEKDAY,17,TRAIN,DT33,26171,37466
2026-07,WEEKENDS/HOLIDAY,15,TRAIN,NS27/CE2/TE20,1316,1667
2026-07,WEEKDAY,18,TRAIN,TE11,12328,12964
2026-07,WEEKENDS/HOLIDAY,16,TRAIN,BP9,750,901
2026-07,WEEKDAY,5,TRAIN,BP10,3800,297
2026-07,WEEKDAY,21,TRAIN,TE18,20626,6268
2026-07,WEEKDAY,14,TRAIN,BP4,4559,2579
2026-07,WEEKENDS/HOLIDAY,18,TRAIN,TE5,3253,4021
2026-07,WEEKENDS/HOLIDAY,20,TRAIN,SE1,644,2268
2026-07,WEEKDAY,11,TRAIN,EW27,34275,32348
2026-07,WEEKDAY,13,TRAIN,CC16,8244,8069
2026-07,WEEKENDS/HOLIDAY,20,TRAIN,SW3,306,676
2026-07,WEEKDAY,23,TRAIN,NS8,3968,9991
2026-07,WEEKENDS/HOLIDAY,20,TRAIN,CC20,1162,2088
2026-07,WEEKENDS/HOLIDAY,21,TRAIN,NS23,26270,7682
2026-07,WEEKDAY,21,TRAIN,DT23,4372,4036
2026-07,WEEKDAY,17,TRAIN,BP9,2838,4458
2026-07,WEEKDAY,15,TRAIN,CC10/DT26,14042,15652
2026-07,WEEKENDS/HOLIDAY,10,TRAIN,CC4/DT15,2281,10902
2026-07,WEEKDAY,12,TRAIN,EW23,49527,49858
2026-07,WEEKENDS/HOLIDAY,18,TRAIN,EW4,7389,8117
2026-07,WEEKENDS/HOLIDAY,6,TRAIN,EW16/NE3/TE17,2313,6717
2026-07,WEEKENDS/HOLIDAY,7,TRAIN,PE2,1884,398
2026-07,WEEKENDS/HOLIDAY,5,TRAIN,SW1,42,40
2026-07,WEEKDAY,5,TRAIN,NE14,8477,1150
2026-07,WEEKENDS/HOLIDAY,5,TRAIN,DT2,18,9
2026-07,WEEKDAY,0,TRAIN,SE4,32,577
2026-07,WEEKDAY,12,TRAIN,EW20,13922,10535
2026-07,WEEKDAY,15,TRAIN,NS9/TE2,49009,70784
2026-07,WEEKDAY,21,TRAIN,SE5,920,4370
2026-07,WEEKDAY,10,TRAIN,EW26,34399,11230
2026-07,WEEKENDS/HOLIDAY,10,TRAIN,CC3,1482,6585
2026-07,WEEKENDS/HOLIDAY,19,TRAIN,NE1/CC29,43477,19849
2026-07,WEEKDAY,21,TRAIN,EW24/NS1,115633,35395
2026-07,WEEKENDS/HOLIDAY,14,TRAIN,NE5,5891,6541
2026-07,WEEKENDS/HOLIDAY,11,TRAIN,NS17/CC15,16872,6080
2026-07,WEEKENDS/HOLIDAY,23,TRAIN,CC14,358,895
2026-07,WEEKENDS/HOLIDAY,10,TRAIN,TE28,2403,1205
2026-07,WEEKENDS/HOLIDAY,5,TRAIN,NE5,157,10
2026-07,WEEKDAY,10,TRAIN,NS9/TE2,52392,45792
2026-07,WEEKDAY,20,TRAIN,DT2,2628,3199
2026-07,WEEKDAY,20,TRAIN,EW11,19499,26015
2026-07,WEEKDAY,13,TRAIN,NS23,47340,46194
2026-07,WEEKDAY,19,TRAIN,DT3,4828,19995
2026-07,WEEKDAY,22,TRAIN,NS9/TE2,30109,70619
2026-07,WEEKDAY,11,TRAIN,PE4,2059,933
2026-07,WEEKENDS/HOLIDAY,10,TRAIN,NS2,12491,8112
2026-07,WEEKENDS/HOLIDAY,20,TRAIN,PE3,1312,3112
2026-07,WEEKENDS/HOLIDAY,16,TRAIN,NE11,7912,7030
2026-07,WEEKENDS/HOLIDAY,10,TRAIN,BP7,499,389
2026-07,WEEKDAY,7,TRAIN,SE2,25458,3039
2026-07,WEEKENDS/HOLIDAY,19,TRAIN,CC28,1449,2227
2026-07,WEEKDAY,12,TRAIN,NS9/TE2,57072,61228
2026-07,WEEKENDS/HOLIDAY,18,TRAIN,NS5,10387,15718
2026-07,WEEKDAY,11,TRAIN,EW29,7739,6556
2026-07,WEEKDAY,22,TRAIN,NE14,8761,41582
2026-07,WEEKDAY,10,TRAIN,DT29,9288,2819
2026-07,WEEKENDS/HOLIDAY,20,TRAIN,DT24,1018,2446
2026-07,WEEKENDS/HOLIDAY,9,TRAIN,NE15,13800,4415
2026-07,WEEKENDS/HOLIDAY,15,TRAIN,CC26,1392,1002
2026-07,WEEKENDS/HOLIDAY,8,TRAIN,CC4/DT15,747,4829
2026-07,WEEKDAY,22,TRAIN,TE6,3408,19646
2026-07,WEEKENDS/HOLIDAY,17,TRAIN,DT17,2795,2764
2026-07,WEEKDAY,6,TRAIN,DT6,4291,5975
2026-07,WEEKDAY,20,TRAIN,NE11,16592,20252
2026-07,WEEKDAY,11,TRAIN,TE7,6865,3733
2026-07,WEEKENDS/HOLIDAY,12,TRAIN,CC27,882,949
2026-07,WEEKDAY,19,TRAIN,PW7,4203,8585
2026-07,WEEKENDS/HOLIDAY,10,TRAIN,EW8/CC9,17718,40100
2026-07,WEEKENDS/HOLIDAY,0,TRAIN,NS20,85,161
2026-07,WEEKDAY,19,TRAIN,SW8,995,3241
2026-07,WEEKDAY,22,TRAIN,EW18,8002,15631
2026-07,WEEKDAY,11,TRAIN,CC6,4890,5985
2026-07,WEEKDAY,13,TRAIN,NS13,48200,49333
2026-07,WEEKENDS/HOLIDAY,8,TRAIN,PE5,3412,1060
2026-07,WEEKDAY,15,TRAIN,DT8,14832,5600
2026-07,WEEKDAY,23,TRAIN,EW11,5715,9107
2026-07,WEEKENDS/HOLIDAY,17,TRAIN,EW30,3700,850
2026-07,WEEKDAY,8,TRAIN,BP5,4934,2884
2026-07,WEEKENDS/HOLIDAY,17,TRAIN,TE8,5875,5825
2026-07,WEEKENDS/HOLIDAY,11,TRAIN,NS7,9999,9646
2026-07,WEEKENDS/HOLIDAY,7,TRAIN,NE5,722,3378
2026-07,WEEKENDS/HOLIDAY,15,TRAIN,CC31,1478,1712
2026-07,WEEKENDS/HOLIDAY,11,TRAIN,NE1/CC29,11521,40513
2026-07,WEEKDAY,15,TRAIN,BP4,7711,2302
2026-07,WEEKENDS/HOLIDAY,6,TRAIN,CC19/DT9,755,1343
2026-07,WEEKENDS/HOLIDAY,13,TRAIN,PW6,855,640
2026-07,WEEKENDS/HOLIDAY,9,TRAIN,SE1,2455,966
2026-07,WEEKENDS/HOLIDAY,17,TRAIN,NE7/DT12,19393,22398
2026-07,WEEKENDS/HOLIDAY,18,TRAIN,NS23,26215,21433
2026-07,WEEKDAY,12,TRAIN,DT6,9636,8447
2026-07,WEEKDAY,7,TRAIN,DT3,24238,10362
2026-07,WEEKENDS/HOLIDAY,21,TRAIN,SE5,378,1607
2026-07,WEEKDAY,17,TRAIN,EW32,38623,4390
2026-07,WEEKDAY,22,TRAIN,TE16,5758,10411
2026-07,WEEKENDS/HOLIDAY,23,TRAIN,NS10,1798,10532
2026-07,WEEKENDS/HOLIDAY,14,TRAIN,EW30,1059,523
2026-07,WEEKENDS/HOLIDAY,14,TRAIN,PE3,2796,2926
2026-07,WEEKENDS/HOLIDAY,13,TRAIN,NE10,8164,7111
2026-07,WEEKDAY,20,TRAIN,TE1,14230,4741
2026-07,WEEKDAY,8,TRAIN,TE14/NS22,30523,145266
2026-07,WEEKDAY,21,TRAIN,EW1,17019,44815
2026-07,WEEKENDS/HOLIDAY,22,TRAIN,PW3,90,402
2026-07,WEEKDAY,6,TRAIN,EW9,55566,11660
2026-07,WEEKENDS/HOLIDAY,22,TRAIN,DT6,668,1593
2026-07,WEEKDAY,8,TRAIN,DT28,35541,44146
2026-07,WEEKDAY,0,TRAIN,SE3,38,765
2026-07,WEEKENDS/HOLIDAY,8,TRAIN,PE2,3024,750
2026-07,WEEKENDS/HOLIDAY,9,TRAIN,NS28,399,1698
2026-07,WEEKENDS/HOLIDAY,8,TRAIN,EW14/NS26,2141,8855
2026-07,WEEKDAY,18,TRAIN,CC30,431,286
2026-07,WEEKDAY,8,TRAIN,NE10,50300,42059
2026-07,WEEKDAY,14,TRAIN,CC5,4617,4847
2026-07,WEEKDAY,13,TRAIN,CG2,26473,26896
2026-07,WEEKENDS/HOLIDAY,13,TRAIN,EW30,1097,567
2026-07,WEEKENDS/HOLIDAY,19,TRAIN,EW21/CC22,8568,8600
2026-07,WEEKENDS/HOLIDAY,8,TRAIN,DT10,1548,948
2026-07,WEEKDAY,0,TRAIN,CG2,157,1074
2026-07,WEEKENDS/HOLIDAY,9,TRAIN,EW11,6616,7123
2026-07,WEEKDAY,12,TRAIN,SW2,5528,3299
2026-07,WEEKENDS/HOLIDAY,14,TRAIN,CC10/DT26,7328,7070
2026-07,WEEKDAY,20,TRAIN,EW27,46886,85324
2026-07,WEEKDAY,8,TRAIN,EW11,30200,52350
2026-07,WEEKDAY,7,TRAIN,DT21,4781,12624
2026-07,WEEKENDS/HOLIDAY,16,TRAIN,CC7,4084,3221
2026-07,WEEKDAY,13,TRAIN,EW9,26084,18779
2026-07,WEEKDAY,18,TRAIN,DT13,26635,22170
2026-07,WEEKENDS/HOLIDAY,5,TRAIN,CC12,142,17
2026-07,WEEKDAY,12,TRAIN,NE10,21692,14100
2026-07,WEEKENDS/HOLIDAY,12,TRAIN,CE1/DT16,3960,8298
2026-07,WEEKDAY,14,TRAIN,TE24,5636,3815
2026-07,WEEKDAY,6,TRAIN,TE22,155,874
2026-07,WEEKENDS/HOLIDAY,8,TRAIN,NS5,14675,5937
2026-07,WEEKDAY,17,TRAIN,NS24/NE6/CC1,74807,50677
2026-07,WEEKENDS/HOLIDAY,7,TRAIN,EW14/NS26,1633,6640
2026-07,WEEKDAY,6,TRAIN,TE7,8536,4618
2026-07,WEEKDAY,19,TRAIN,CC6,13330,17002
2026-07,WEEKDAY,23,TRAIN,SW7,75,1320
2026-07,WEEKENDS/HOLIDAY,23,TRAIN,EW32,129,1420
2026-07,WEEKDAY,9,TRAIN,EW16/NE3/TE17,34443,87405
2026-07,WEEKDAY,6,TRAIN,CC3,290,4033
2026-07,WEEKENDS/HOLIDAY,22,TRAIN,EW28,3405,13063
2026-07,WEEKENDS/HOLIDAY,19,TRAIN,DT28,3923,6158
2026-07,WEEKDAY,13,TRAIN,BP6/DT1,36912,34856
2026-07,WEEKENDS/HOLIDAY,16,TRAIN,TE4,2886,2082
2026-07,WEEKENDS/HOLIDAY,12,TRAIN,NS20,17168,16795
2026-07,WEEKDAY,22,TRAIN,NS24/NE6/CC1,41586,12204
2026-07,WEEKENDS/HOLIDAY,22,TRAIN,CC34/DT16,19800,4490
2026-07,WEEKENDS/HOLIDAY,10,TRAIN,TE8,5036,5141
2026-07,WEEKDAY,12,TRAIN,BP7,1386,1110
2026-07,WEEKENDS/HOLIDAY,5,TRAIN,NS11,4735,649
2026-07,WEEKDAY,10,TRAIN,PE5,6698,2373
2026-07,WEEKENDS/HOLIDAY,22,TRAIN,NS25/EW13,27863,3936
2026-07,WEEKDAY,7,TRAIN,PW6,8305,2002
2026-07,WEEKDAY,0,TRAIN,NS3,289,2453
2026-07,WEEKENDS/HOLIDAY,23,TRAIN,NE16/STC,1930,8974
2026-07,WEEKENDS/HOLIDAY,10,TRAIN,DT33,8651,2209
2026-07,WEEKDAY,21,TRAIN,CC2,5556,3296
2026-07,WEEKDAY,14,TRAIN,NS4/BP1,36869,40406
2026-07,WEEKENDS/HOLIDAY,21,TRAIN,TE29,645,1962
2026-07,WEEKDAY,14,TRAIN,EW14/NS26,48165,57227
2026-07,WEEKDAY,17,TRAIN,EW25,15726,31595
2026-07,WEEKENDS/HOLIDAY,18,TRAIN,CC7,3578,3994
2026-07,WEEKDAY,22,TRAIN,TE12,2804,1433
2026-07,WEEKENDS/HOLIDAY,14,TRAIN,NE11,7758,6806
2026-07,WEEKDAY,10,TRAIN,PE3,6770,3767
2026-07,WEEKDAY,22,TRAIN,TE24,937,2672
2026-07,WEEKENDS/HOLIDAY,7,TRAIN,PE3,1592,756
2026-07,WEEKENDS/HOLIDAY,10,TRAIN,DT24,2372,1098
2026-07,WEEKDAY,10,TRAIN,SE2,6425,2877
2026-07,WEEKDAY,7,TRAIN,DT6,12095,21882
2026-07,WEEKDAY,6,TRAIN,CC14,8004,5797
2026-07,WEEKENDS/HOLIDAY,13,TRAIN,DT5,10460,7101
2026-07,WEEKENDS/HOLIDAY,8,TRAIN,DT31,3362,1744
2026-07,WEEKDAY,9,TRAIN,PW1,1400,3971
2026-07,WEEKENDS/HOLIDAY,21,TRAIN,CC17/TE9,1155,3081
2026-07,WEEKENDS/HOLIDAY,6,TRAIN,DT30,970,262
2026-07,WEEKENDS/HOLIDAY,16,TRAIN,CG2,15705,10605
2026-07,WEEKENDS/HOLIDAY,9,TRAIN,NS10,20633,9673
2026-07,WEEKDAY,19,TRAIN,TE28,3561,12879
2026-07,WEEKDAY,21,TRAIN,CC32,930,1266
2026-07,WEEKENDS/HOLIDAY,10,TRAIN,PE3,3913,2570
2026-07,WEEKENDS/HOLIDAY,21,TRAIN,PE2,528,3286
2026-07,WEEKDAY,14,TRAIN,CC34/DT16,21493,29495
2026-07,WEEKDAY,21,TRAIN,EW3,11158,25980
2026-07,WEEKDAY,19,TRAIN,NE17/PTC,59291,127552
2026-07,WEEKENDS/HOLIDAY,7,TRAIN,NE17/PTC,10093,4505
2026-07,WEEKDAY,9,TRAIN,EW1,54846,15572
2026-07,WEEKDAY,21,TRAIN,CC11,19729,9535
2026-07,WEEKDAY,10,TRAIN,NS11,41477,17557
2026-07,WEEKDAY,12,TRAIN,NE9,29639,21175
2026-07,WEEKENDS/HOLIDAY,21,TRAIN,CC14,1103,2476
2026-07,WEEKENDS/HOLIDAY,6,TRAIN,CC5,521,335
2026-07,WEEKENDS/HOLIDAY,6,TRAIN,PW4,743,140
2026-07,WEEKENDS/HOLIDAY,17,TRAIN,EW8/CC9,42388,29755
2026-07,WEEKDAY,18,TRAIN,TE25,4863,10810
2026-07,WEEKDAY,0,TRAIN,CC25,35,215
2026-07,WEEKDAY,18,TRAIN,BP11,3947,13063
2026-07,WEEKENDS/HOLIDAY,12,TRAIN,TE16,4464,3366
2026-07,WEEKDAY,7,TRAIN,NE16/STC,163638,46655
2026-07,WEEKDAY,10,TRAIN,DT8,3468,2829
2026-07,WEEKENDS/HOLIDAY,6,TRAIN,CC25,1037,1821
2026-07,WEEKENDS/HOLIDAY,9,TRAIN,TE13,1629,2040
2026-07,WEEKDAY,16,TRAIN,TE4,8491,5478
2026-07,WEEKENDS/HOLIDAY,13,TRAIN,NS12,9229,7490
2026-07,WEEKENDS/HOLIDAY,17,TRAIN,NE1/CC29,40058,33000
2026-07,WEEKDAY,10,TRAIN,TE26,10728,13420
2026-07,WEEKDAY,0,TRAIN,PE3,58,849
2026-07,WEEKDAY,21,TRAIN,EW15,59985,11136
2026-07,WEEKDAY,16,TRAIN,NS19,41213,47365
2026-07,WEEKENDS/HOLIDAY,20,TRAIN,NS25/EW13,36629,10833
2026-07,WEEKENDS/HOLIDAY,14,TRAIN,CC20,2049,2090
2026-07,WEEKDAY,7,TRAIN,NS3,86686,22777
2026-07,WEEKDAY,18,TRAIN,TE19,111471,8873
2026-07,WEEKENDS/HOLIDAY,21,TRAIN,EW26,5073,16873
2026-07,WEEKDAY,18,TRAIN,TE8,27001,34854
2026-07,WEEKDAY,18,TRAIN,CC34/DT16,45783,38440
2026-07,WEEKDAY,21,TRAIN,DT21,14100,11581
2026-07,WEEKDAY,6,TRAIN,DT7,2738,3273
2026-07,WEEKENDS/HOLIDAY,10,TRAIN,EW5,15502,9936
2026-07,WEEKENDS/HOLIDAY,19,TRAIN,SW8,293,699
2026-07,WEEKDAY,0,TRAIN,NE8,280,623
2026-07,WEEKENDS/HOLIDAY,23,TRAIN,TE13,585,601
2026-07,WEEKENDS/HOLIDAY,0,TRAIN,DT34,7,385
2026-07,WEEKDAY,18,TRAIN,EW14/NS26,433087,58712
2026-07,WEEKDAY,0,TRAIN,DT7,14,276
2026-07,WEEKDAY,18,TRAIN,NE15,31926,102490
2026-07,WEEKDAY,12,TRAIN,TE29,3755,2495
2026-07,WEEKDAY,10,TRAIN,NE7/DT12,21871,34341
2026-07,WEEKENDS/HOLIDAY,18,TRAIN,EW20,5366,5624
2026-07,WEEKDAY,7,TRAIN,BP4,7687,8415
2026-07,WEEKDAY,10,TRAIN,DT24,6269,3303
2026-07,WEEKENDS/HOLIDAY,0,TRAIN,PE2,43,393
2026-07,WEEKENDS/HOLIDAY,6,TRAIN,BP5,471,220
2026-07,WEEKENDS/HOLIDAY,20,TRAIN,SW5,1972,3012
2026-07,WEEKDAY,13,TRAIN,TE29,3469,3877
2026-07,WEEKENDS/HOLIDAY,11,TRAIN,NS20,16858,18757
2026-07,WEEKDAY,7,TRAIN,CC4/DT15,2494,26954
2026-07,WEEKENDS/HOLIDAY,17,TRAIN,TE12,2349,1445
2026-07,WEEKDAY,15,TRAIN,CG2,35951,21611
2026-07,WEEKENDS/HOLIDAY,18,TRAIN,NS3,8438,10294
2026-07,WEEKDAY,13,TRAIN,SW1,2991,2588
2026-07,WEEKDAY,23,TRAIN,NS28,305,224
2026-07,WEEKDAY,13,TRAIN,TE1,10831,10403
2026-07,WEEKENDS/HOLIDAY,18,TRAIN,TE13,2224,1772
2026-07,WEEKDAY,9,TRAIN,EW22,9107,46656
2026-07,WEEKDAY,11,TRAIN,CC34/DT16,12064,28103
2026-07,WEEKENDS/HOLIDAY,16,TRAIN,NE15,10477,11781
2026-07,WEEKDAY,18,TRAIN,DT22,17740,30870
2026-07,WEEKDAY,13,TRAIN,DT4,2138,2382
2026-07,WEEKDAY,16,TRAIN,TE23,2874,4885
2026-07,WEEKDAY,5,TRAIN,DT2,231,111
2026-07,WEEKDAY,6,TRAIN,EW26,78431,33726
2026-07,WEEKDAY,19,TRAIN,BP11,2412,11498
2026-07,WEEKENDS/HOLIDAY,22,TRAIN,NE1/CC29,37824,5476
2026-07,WEEKDAY,23,TRAIN,CC20,496,1759
2026-07,WEEKDAY,17,TRAIN,CC5,15289,5771
2026-07,WEEKDAY,21,TRAIN,TE12,3618,2098
2026-07,WEEKDAY,6,TRAIN,CC25,5892,9678
2026-07,WEEKENDS/HOLIDAY,22,TRAIN,EW16/NE3/TE17,5797,5263
2026-07,WEEKENDS/HOLIDAY,8,TRAIN,DT20,888,1935
2026-07,WEEKENDS/HOLIDAY,8,TRAIN,DT5,5389,5226
2026-07,WEEKENDS/HOLIDAY,23,TRAIN,CC12,322,1070
2026-07,WEEKENDS/HOLIDAY,15,TRAIN,DT21,4163,4436
2026-07,WEEKENDS/HOLIDAY,5,TRAIN,DT4,24,1
2026-07,WEEKENDS/HOLIDAY,18,TRAIN,EW15,10869,9394
2026-07,WEEKENDS/HOLIDAY,21,TRAIN,EW8/CC9,22829,14116
2026-07,WEEKDAY,12,TRAIN,BP8,1759,2089
2026-07,WEEKENDS/HOLIDAY,10,TRAIN,TE13,2180,2093
2026-07,WEEKDAY,18,TRAIN,BP13,1293,3815
2026-07,WEEKDAY,18,TRAIN,EW12/DT14,175022,133946
2026-07,WEEKENDS/HOLIDAY,10,TRAIN,DT5,8320,6379
2026-07,WEEKENDS/HOLIDAY,15,TRAIN,EW24/NS1,37009,31841
2026-07,WEEKENDS/HOLIDAY,12,TRAIN,EW18,8843,6506
2026-07,WEEKENDS/HOLIDAY,11,TRAIN,EW7,7602,4965
2026-07,WEEKENDS/HOLIDAY,20,TRAIN,PE7,557,2290
2026-07,WEEKDAY,20,TRAIN,EW3,13302,30666
2026-07,WEEKENDS/HOLIDAY,21,TRAIN,NE18,4493,3650
2026-07,WEEKENDS/HOLIDAY,15,TRAIN,TE8,5932,4565
2026-07,WEEKENDS/HOLIDAY,7,TRAIN,EW15,1721,8233
2026-07,WEEKDAY,23,TRAIN,BP9,98,667
2026-07,WEEKDAY,8,TRAIN,BP12,9741,2915
2026-07,WEEKENDS/HOLIDAY,18,TRAIN,NS4/BP1,16263,21894
2026-07,WEEKDAY,19,TRAIN,TE29,3361,12740
2026-07,WEEKDAY,20,TRAIN,CC10/DT26,15455,23652
2026-07,WEEKENDS/HOLIDAY,9,TRAIN,BP13,780,404
2026-07,WEEKDAY,11,TRAIN,DT18,14246,20999
2026-07,WEEKENDS/HOLIDAY,18,TRAIN,NS28,3317,960
2026-07,WEEKDAY,20,TRAIN,CC24,32218,6667
2026-07,WEEKENDS/HOLIDAY,18,TRAIN,EW9,12713,18154
2026-07,WEEKDAY,14,TRAIN,NE7/DT12,27879,32480
2026-07,WEEKENDS/HOLIDAY,0,TRAIN,TE1,4,300
2026-07,WEEKENDS/HOLIDAY,20,TRAIN,EW11,8210,8677
2026-07,WEEKDAY,12,TRAIN,BP5,2726,1866
2026-07,WEEKENDS/HOLIDAY,8,TRAIN,DT7,1561,1245
2026-07,WEEKENDS/HOLIDAY,19,TRAIN,NS27/CE2/TE20,1124,1276
2026-07,WEEKENDS/HOLIDAY,9,TRAIN,CE1/DT16,1267,6640
2026-07,WEEKENDS/HOLIDAY,13,TRAIN,CC12,3988,3370
2026-07,WEEKENDS/HOLIDAY,20,TRAIN,TE6,2302,6702
2026-07,WEEKENDS/HOLIDAY,7,TRAIN,TE12,476,1442
2026-07,WEEKENDS/HOLIDAY,12,TRAIN,SW7,703,712
2026-07,WEEKDAY,23,TRAIN,NE12/CC13,10523,28021
2026-07,WEEKDAY,5,TRAIN,PW7,1244,571
2026-07,WEEKENDS/HOLIDAY,6,TRAIN,DT7,178,210
2026-07,WEEKDAY,20,TRAIN,CC26,8398,4658
2026-07,WEEKDAY,10,TRAIN,TE22,916,6120
2026-07,WEEKDAY,20,TRAIN,EW19,11305,27250
2026-07,WEEKDAY,9,TRAIN,EW31,2199,5616
2026-07,WEEKDAY,20,TRAIN,CC5,6460,4944
2026-07,WEEKDAY,22,TRAIN,NE10,6538,15373
2026-07,WEEKENDS/HOLIDAY,17,TRAIN,NS23,26948,22794
2026-07,WEEKENDS/HOLIDAY,23,TRAIN,CC21,1023,953
2026-07,WEEKDAY,6,TRAIN,NS5,76439,20249
2026-07,WEEKDAY,5,TRAIN,NE8,1509,76
2026-07,WEEKENDS/HOLIDAY,8,TRAIN,PW3,442,172
2026-07,WEEKDAY,7,TRAIN,DT25,13636,9169
2026-07,WEEKENDS/HOLIDAY,19,TRAIN,CC5,4123,6867
2026-07,WEEKENDS/HOLIDAY,17,TRAIN,SW1,920,446
2026-07,WEEKENDS/HOLIDAY,15,TRAIN,EW22,2196,2330
2026-07,WEEKDAY,6,TRAIN,NS12,52987,10486
2026-07,WEEKENDS/HOLIDAY,14,TRAIN,EW27,18641,19233
2026-07,WEEKDAY,9,TRAIN,EW25,26406,6297
2026-07,WEEKENDS/HOLIDAY,11,TRAIN,CC8,3553,2523
2026-07,WEEKDAY,21,TRAIN,TE19,13548,2595
2026-07,WEEKENDS/HOLIDAY,7,TRAIN,CC34/DT16,3187,5379
2026-07,WEEKENDS/HOLIDAY,7,TRAIN,BP2,1349,232
2026-07,WEEKENDS/HOLIDAY,10,TRAIN,BP13,767,453
2026-07,WEEKENDS/HOLIDAY,5,TRAIN,PE4,119,6
2026-07,WEEKDAY,6,TRAIN,DT13,8360,3577
2026-07,WEEKDAY,7,TRAIN,TE15,11470,15411
2026-07,WEEKDAY,5,TRAIN,NE17/PTC,10775,2321
2026-07,WEEKENDS/HOLIDAY,5,TRAIN,PW1,15,47
2026-07,WEEKENDS/HOLIDAY,14,TRAIN,TE5,2750,2560
2026-07,WEEKDAY,9,TRAIN,NS7,48312,32110
2026-07,WEEKENDS/HOLIDAY,18,TRAIN,PW6,490,698
2026-07,WEEKENDS/HOLIDAY,10,TRAIN,CC26,1204,883
2026-07,WEEKDAY,23,TRAIN,SW3,101,722
2026-07,WEEKDAY,8,TRAIN,CC30,166,182
2026-07,WEEKENDS/HOLIDAY,11,TRAIN,TE12,2354,2278
2026-07,WEEKDAY,23,TRAIN,TE15,2135,2057
2026-07,WEEKDAY,7,TRAIN,NS15,42923,77831
2026-07,WEEKDAY,17,TRAIN,EW19,37952,33631
2026-07,WEEKENDS/HOLIDAY,14,TRAIN,SE4,1647,1792
2026-07,WEEKDAY,11,TRAIN,DT20,7046,6178
2026-07,WEEKENDS/HOLIDAY,15,TRAIN,NS9/TE2,25344,26481
2026-07,WEEKENDS/HOLIDAY,6,TRAIN,EW30,656,1397
2026-07,WEEKENDS/HOLIDAY,21,TRAIN,EW27,13910,24060
2026-07,WEEKENDS/HOLIDAY,12,TRAIN,DT23,1559,1370
2026-07,WEEKENDS/HOLIDAY,18,TRAIN,CC26,1921,2768
2026-07,WEEKDAY,8,TRAIN,CC20,16465,9433
2026-07,WEEKDAY,6,TRAIN,NS21/DT11,30357,34370
2026-07,WEEKDAY,5,TRAIN,CC24,356,914
2026-07,WEEKDAY,18,TRAIN,TE4,18390,15522
2026-07,WEEKENDS/HOLIDAY,6,TRAIN,DT8,153,141
2026-07,WEEKDAY,6,TRAIN,EW30,2604,11613
2026-07,WEEKDAY,14,TRAIN,EW25,7643,8365
2026-07,WEEKDAY,12,TRAIN,CC6,7658,8533
2026-07,WEEKDAY,5,TRAIN,NS8,14890,2430
2026-07,WEEKDAY,6,TRAIN,EW7,21424,9231
2026-07,WEEKENDS/HOLIDAY,17,TRAIN,CC24,6855,3038
2026-07,WEEKENDS/HOLIDAY,15,TRAIN,TE1,1891,1001
2026-07,WEEKDAY,17,TRAIN,TE15,18771,19091
2026-07,WEEKENDS/HOLIDAY,17,TRAIN,BP12,1044,983
2026-07,WEEKENDS/HOLIDAY,11,TRAIN,TE3,5367,3188
2026-07,WEEKDAY,6,TRAIN,EW12/DT14,15685,19545
2026-07,WEEKDAY,9,TRAIN,BP6/DT1,71102,31260
2026-07,WEEKDAY,15,TRAIN,TE4,5789,4534
2026-07,WEEKDAY,7,TRAIN,BP8,6076,6452
2026-07,WEEKDAY,0,TRAIN,CC28,2,87
2026-07,WEEKDAY,16,TRAIN,TE5,6076,8890
2026-07,WEEKDAY,17,TRAIN,EW17,43603,54158
2026-07,WEEKDAY,23,TRAIN,NE4/DT19,20080,9057
2026-07,WEEKENDS/HOLIDAY,10,TRAIN,PW3,414,198
2026-07,WEEKENDS/HOLIDAY,9,TRAIN,CC31,725,416
2026-07,WEEKDAY,9,TRAIN,NS23,14403,60626
2026-07,WEEKDAY,6,TRAIN,PE7,10757,1560
2026-07,WEEKENDS/HOLIDAY,18,TRAIN,NS27/CE2/TE20,1289,1520
2026-07,WEEKDAY,18,TRAIN,BP7,1462,3858
2026-07,WEEKDAY,16,TRAIN,NS3,17330,27367
2026-07,WEEKDAY,14,TRAIN,PW6,1682,2416
2026-07,WEEKDAY,18,TRAIN,EW4,48225,42138
2026-07,WEEKENDS/HOLIDAY,11,TRAIN,SE3,1668,759
2026-07,WEEKDAY,11,TRAIN,BP9,3175,2304
2026-07,WEEKDAY,18,TRAIN,PW1,4433,4621
2026-07,WEEKENDS/HOLIDAY,6,TRAIN,DT28,1845,676
2026-07,WEEKENDS/HOLIDAY,16,TRAIN,NE13,11388,11442
2026-07,WEEKENDS/HOLIDAY,7,TRAIN,EW31,2271,4405
2026-07,WEEKENDS/HOLIDAY,0,TRAIN,TE14/NS22,328,355
2026-07,WEEKENDS/HOLIDAY,11,TRAIN,NE18,5584,5842
2026-07,WEEKENDS/HOLIDAY,19,TRAIN,EW9,11111,18315
2026-07,WEEKENDS/HOLIDAY,6,TRAIN,CC10/DT26,4717,1903
2026-07,WEEKENDS/HOLIDAY,21,TRAIN,DT18,3062,2404
2026-07,WEEKDAY,8,TRAIN,CC5,4338,19014
2026-07,WEEKENDS/HOLIDAY,9,TRAIN,NS27/CC33/TE20,481,847
2026-07,WEEKENDS/HOLIDAY,13,TRAIN,NS4/BP1,16464,16677
2026-07,WEEKENDS/HOLIDAY,18,TRAIN,NS27/CC33/TE20,1684,2147
2026-07,WEEKDAY,9,TRAIN,DT18,5308,98958
2026-07,WEEKDAY,9,TRAIN,EW23,64578,58678
2026-07,WEEKENDS/HOLIDAY,10,TRAIN,BP9,1817,1142
2026-07,WEEKENDS/HOLIDAY,14,TRAIN,NS10,15067,12821
2026-07,WEEKENDS/HOLIDAY,7,TRAIN,DT3,1049,865
2026-07,WEEKENDS/HOLIDAY,18,TRAIN,DT22,7131,10627
2026-07,WEEKDAY,8,TRAIN,EW1,127021,27237
2026-07,WEEKDAY,7,TRAIN,EW16/NE3/TE17,29286,138348
2026-07,WEEKENDS/HOLIDAY,20,TRAIN,DT8,771,1404
2026-07,WEEKDAY,20,TRAIN,CC4/DT15,38576,10178
2026-07,WEEKDAY,10,TRAIN,NE15,27841,9381
2026-07,WEEKENDS/HOLIDAY,13,TRAIN,CC10/DT26,8667,7937
2026-07,WEEKENDS/HOLIDAY,18,TRAIN,NS12,8038,10846
2026-07,WEEKENDS/HOLIDAY,23,TRAIN,CC17/TE9,396,1153
2026-07,WEEKDAY,11,TRAIN,CC5,4605,4744
2026-07,WEEKDAY,19,TRAIN,NE1/CC29,120727,61662
2026-07,WEEKENDS/HOLIDAY,19,TRAIN,DT18,3084,2792
2026-07,WEEKDAY,5,TRAIN,DT22,1640,1
2026-07,WEEKDAY,11,TRAIN,NS5,28325,14548
2026-07,WEEKDAY,9,TRAIN,CC7,8455,5639
2026-07,WEEKDAY,6,TRAIN,DT17,1065,15573
2026-07,WEEKENDS/HOLIDAY,7,TRAIN,TE19,247,1055
2026-07,WEEKENDS/HOLIDAY,15,TRAIN,TE27,2312,2563
2026-07,WEEKENDS/HOLIDAY,16,TRAIN,DT20,2797,2516
2026-07,WEEKDAY,6,TRAIN,CC30,59,89
2026-07,WEEKDAY,13,TRAIN,NS24/NE6/CC1,49399,46763
2026-07,WEEKDAY,9,TRAIN,EW28,41105,25312
2026-07,WEEKENDS/HOLIDAY,5,TRAIN,NS24/NE6/CC1,132,47
2026-07,WEEKDAY,18,TRAIN,EW32,27047,7026
2026-07,WEEKDAY,9,TRAIN,TE19,2959,102652
2026-07,WEEKDAY,21,TRAIN,CC16,4919,7221
2026-07,WEEKENDS/HOLIDAY,9,TRAIN,EW17,10962,7972
2026-07,WEEKENDS/HOLIDAY,15,TRAIN,DT33,5990,5858
2026-07,WEEKENDS/HOLIDAY,5,TRAIN,EW4,898,78
2026-07,WEEKDAY,14,TRAIN,CC3,8154,7355
2026-07,WEEKDAY,11,TRAIN,NS3,21993,11990
2026-07,WEEKENDS/HOLIDAY,5,TRAIN,TE15,14,4
2026-07,WEEKDAY,16,TRAIN,EW26,30437,36057
2026-07,WEEKDAY,12,TRAIN,CC8,9739,6178
2026-07,WEEKDAY,15,TRAIN,BP7,1064,1448
2026-07,WEEKENDS/HOLIDAY,22,TRAIN,PE1,353,1987
2026-07,WEEKENDS/HOLIDAY,16,TRAIN,DT23,1593,1410
2026-07,WEEKENDS/HOLIDAY,17,TRAIN,BP9,975,994
2026-07,WEEKDAY,21,TRAIN,DT10,2810,3597
2026-07,WEEKDAY,8,TRAIN,NE8,46322,45358
2026-07,WEEKDAY,22,TRAIN,DT33,4266,26710
2026-07,WEEKENDS/HOLIDAY,19,TRAIN,TE25,1200,1712
2026-07,WEEKDAY,22,TRAIN,CC26,3194,2178
2026-07,WEEKDAY,14,TRAIN,EW7,12992,15216
2026-07,WEEKENDS/HOLIDAY,21,TRAIN,TE7,741,2550
2026-07,WEEKENDS/HOLIDAY,23,TRAIN,EW11,2077,3185
2026-07,WEEKDAY,9,TRAIN,NS3,33806,13932
2026-07,WEEKENDS/HOLIDAY,9,TRAIN,DT17,842,2326
2026-07,WEEKENDS/HOLIDAY,6,TRAIN,PW5,2501,286
2026-07,WEEKENDS/HOLIDAY,12,TRAIN,TE14/NS22,32317,53107
2026-07,WEEKENDS/HOLIDAY,14,TRAIN,BP4,562,658
2026-07,WEEKENDS/HOLIDAY,7,TRAIN,SW1,629,303
2026-07,WEEKDAY,0,TRAIN,NS14,1235,6198
2026-07,WEEKENDS/HOLIDAY,18,TRAIN,CC27,1238,977
2026-07,WEEKDAY,17,TRAIN,TE3,29434,22317
2026-07,WEEKENDS/HOLIDAY,12,TRAIN,CC31,1237,1083
2026-07,WEEKENDS/HOLIDAY,12,TRAIN,EW28,13797,6910
2026-07,WEEKDAY,13,TRAIN,CC17/TE9,13614,9960
2026-07,WEEKENDS/HOLIDAY,17,TRAIN,CC21,5106,5598
2026-07,WEEKDAY,13,TRAIN,SE2,6331,5998
2026-07,WEEKENDS/HOLIDAY,18,TRAIN,EW11,10657,9810
2026-07,WEEKDAY,21,TRAIN,SE2,1984,9234
2026-07,WEEKDAY,8,TRAIN,CC26,8460,33228
2026-07,WEEKDAY,9,TRAIN,TE8,13489,13198
2026-07,WEEKENDS/HOLIDAY,14,TRAIN,PW4,2279,2269
2026-07,WEEKDAY,14,TRAIN,EW5,30217,30071
2026-07,WEEKDAY,9,TRAIN,EW32,2015,5731
2026-07,WEEKDAY,13,TRAIN,EW27,39027,42518
2026-07,WEEKDAY,12,TRAIN,CC14,10133,5718
2026-07,WEEKDAY,11,TRAIN,NE9,28597,17116
2026-07,WEEKDAY,5,TRAIN,NS19,7102,3260
2026-07,WEEKENDS/HOLIDAY,10,TRAIN,NS8,9245,4882
2026-07,WEEKENDS/HOLIDAY,19,TRAIN,BP6/DT1,12495,19902
2026-07,WEEKENDS/HOLIDAY,15,TRAIN,DT24,1657,1674
2026-07,WEEKDAY,8,TRAIN,SW3,5429,1307
2026-07,WEEKENDS/HOLIDAY,10,TRAIN,TE22,1206,3672
2026-07,WEEKENDS/HOLIDAY,9,TRAIN,NS17/CC15,18786,6064
2026-07,WEEKDAY,20,TRAIN,SW1,2048,994
2026-07,WEEKENDS/HOLIDAY,6,TRAIN,EW2/DT32,7724,3491
2026-07,WEEKDAY,23,TRAIN,CC26,819,1057
2026-07,WEEKENDS/HOLIDAY,6,TRAIN,NS5,9393,2094
2026-07,WEEKDAY,15,TRAIN,DT6,13696,7421
2026-07,WEEKDAY,17,TRAIN,DT28,34522,16060
2026-07,WEEKENDS/HOLIDAY,7,TRAIN,EW11,5178,3591
2026-07,WEEKDAY,14,TRAIN,CC6,5848,10099
2026-07,WEEKENDS/HOLIDAY,17,TRAIN,NS11,17736,19301
2026-07,WEEKDAY,23,TRAIN,SW1,236,180
2026-07,WEEKENDS/HOLIDAY,11,TRAIN,TE18,5051,8411
2026-07,WEEKDAY,5,TRAIN,NS18,4432,847
2026-07,WEEKENDS/HOLIDAY,10,TRAIN,NS3,10430,6534
2026-07,WEEKENDS/HOLIDAY,7,TRAIN,TE14/NS22,2972,13267
2026-07,WEEKDAY,12,TRAIN,NE18,15119,14304
2026-07,WEEKENDS/HOLIDAY,17,TRAIN,BP8,820,848
2026-07,WEEKDAY,5,TRAIN,DT34,992,18
2026-07,WEEKDAY,20,TRAIN,NS4/BP1,31595,63627
2026-07,WEEKDAY,14,TRAIN,CC21,11263,11045
2026-07,WEEKDAY,12,TRAIN,EW30,2871,1566
2026-07,WEEKDAY,9,TRAIN,CC23,4049,104110
2026-07,WEEKENDS/HOLIDAY,7,TRAIN,CC20,1084,1378
2026-07,WEEKENDS/HOLIDAY,23,TRAIN,DT30,366,2302
2026-07,WEEKENDS/HOLIDAY,8,TRAIN,SW6,1241,414
2026-07,WEEKDAY,14,TRAIN,NE1/CC29,51625,56248
2026-07,WEEKENDS/HOLIDAY,22,TRAIN,CC12,824,2772
2026-07,WEEKDAY,13,TRAIN,TE19,8755,16631
2026-07,WEEKDAY,11,TRAIN,NE4/DT19,45688,89119
2026-07,WEEKDAY,16,TRAIN,DT24,5276,5309
2026-07,WEEKENDS/HOLIDAY,6,TRAIN,TE16,761,695
2026-07,WEEKENDS/HOLIDAY,15,TRAIN,TE25,1334,1369
2026-07,WEEKDAY,19,TRAIN,BP9,2482,5311
2026-07,WEEKDAY,22,TRAIN,EW21/CC22,30669,13198
2026-07,WEEKENDS/HOLIDAY,10,TRAIN,CC27,604,1090
2026-07,WEEKENDS/HOLIDAY,23,TRAIN,DT2,58,377
2026-07,WEEKENDS/HOLIDAY,20,TRAIN,CC28,970,2438
2026-07,WEEKENDS/HOLIDAY,8,TRAIN,SE1,2285,998
2026-07,WEEKDAY,17,TRAIN,SW3,2458,2092
2026-07,WEEKDAY,13,TRAIN,NS27/CC33/TE20,3332,6938
2026-07,WEEKENDS/HOLIDAY,16,TRAIN,TE25,1379,1642
2026-07,WEEKDAY,18,TRAIN,PE6,9515,21267
2026-07,WEEKDAY,21,TRAIN,TE14/NS22,132455,28070
2026-07,WEEKENDS/HOLIDAY,16,TRAIN,SW2,2408,1746
2026-07,WEEKENDS/HOLIDAY,21,TRAIN,NS13,16200,24754
2026-07,WEEKENDS/HOLIDAY,15,TRAIN,BP3,1538,1686
2026-07,WEEKENDS/HOLIDAY,8,TRAIN,EW22,2192,2793
2026-07,WEEKENDS/HOLIDAY,20,TRAIN,NS10,8263,18195
2026-07,WEEKDAY,20,TRAIN,TE7,4178,8977
2026-07,WEEKENDS/HOLIDAY,14,TRAIN,CC32,679,629
