YEAR_MONTH,DAY_TYPE,TIME_PER_HOUR,PT_TYPE,PT_CODE,TOTAL_TAP_IN_VOLUME,TOTAL_TAP_OUT_VOLUME
2026-08,WEEKENDS/HOLIDAY,9,TRAIN,CC12,5294,2250
2026-08,WEEKENDS/HOLIDAY,11,TRAIN,CC24,4941,6891
2026-08,WEEKDAY,5,TRAIN,SW1,294,144
2026-08,WEEKENDS/HOLIDAY,14,TRAIN,PE5,3250,3385
2026-08,WEEKENDS/HOLIDAY,14,TRAIN,TE8,8981,6685
2026-08,WEEKDAY,11,TRAIN,SW6,2254,1467
2026-08,WEEKDAY,9,TRAIN,CC32,1319,6648
2026-08,WEEKDAY,18,TRAIN,EW3,32230,54239
2026-08,WEEKENDS/HOLIDAY,6,TRAIN,SW2,668,391
2026-08,WEEKDAY,14,TRAIN,CC20,9440,5604
2026-08,WEEKDAY,22,TRAIN,EW20,4742,10636
2026-08,WEEKENDS/HOLIDAY,16,TRAIN,TE19,3235,2183
2026-08,WEEKENDS/HOLIDAY,17,TRAIN,DT24,2802,3000
2026-08,WEEKENDS/HOLIDAY,7,TRAIN,NS23,1926,7692
2026-08,WEEKENDS/HOLIDAY,11,TRAIN,TE28,3007,2115
2026-08,WEEKENDS/HOLIDAY,19,TRAIN,NS17/CC15,12216,12956
2026-08,WEEKENDS/HOLIDAY,5,TRAIN,CC23,58,46
2026-08,WEEKENDS/HOLIDAY,19,TRAIN,SW4,1175,2357
2026-08,WEEKENDS/HOLIDAY,14,TRAIN,TE14/NS22,57859,70729
2026-08,WEEKENDS/HOLIDAY,12,TRAIN,PE7,3188,2240
2026-08,WEEKDAY,17,TRAIN,BP10,3453,6144
2026-08,WEEKDAY,8,TRAIN,NS13,139916,47449
2026-08,WEEKENDS/HOLIDAY,17,TRAIN,BP8,1162,1156
2026-08,WEEKDAY,13,TRAIN,EW7,12637,12912
2026-08,WEEKDAY,11,TRAIN,CC8,7303,4420
2026-08,WEEKENDS/HOLIDAY,7,TRAIN,TE22,313,1932
2026-08,WEEKENDS/HOLIDAY,13,TRAIN,CC6,7076,9217
2026-08,WEEKENDS/HOLIDAY,17,TRAIN,CC21,7689,8414
2026-08,WEEKENDS/HOLIDAY,0,TRAIN,TE19,102,116
2026-08,WEEKDAY,11,TRAIN,EW31,1699,929
2026-08,WEEKENDS/HOLIDAY,16,TRAIN,PW6,906,856
2026-08,WEEKDAY,14,TRAIN,EW26,24620,21151
2026-08,WEEKDAY,6,TRAIN,CC20,4986,4819
2026-08,WEEKENDS/HOLIDAY,20,TRAIN,DT2,860,1155
2026-08,WEEKENDS/HOLIDAY,17,TRAIN,PW7,2115,2184
2026-08,WEEKENDS/HOLIDAY,5,TRAIN,EW31,1012,188
2026-08,WEEKENDS/HOLIDAY,23,TRAIN,NE8,9032,5603
2026-08,WEEKDAY,6,TRAIN,DT21,1704,3014
2026-08,WEEKDAY,21,TRAIN,EW6,5723,16694
2026-08,WEEKENDS/HOLIDAY,16,TRAIN,BP11,1749,1878
2026-08,WEEKENDS/HOLIDAY,22,TRAIN,TE23,4588,1442
2026-08,WEEKENDS/HOLIDAY,14,TRAIN,TE18,12988,8635
2026-08,WEEKENDS/HOLIDAY,17,TRAIN,DT22,8303,12425
2026-08,WEEKENDS/HOLIDAY,17,TRAIN,NS13,29375,40153
2026-08,WEEKDAY,19,TRAIN,TE16,11468,12419
2026-08,WEEKENDS/HOLIDAY,16,TRAIN,NS28,4949,3200
2026-08,WEEKDAY,21,TRAIN,BP2,863,3701
2026-08,WEEKENDS/HOLIDAY,6,TRAIN,EW19,3475,1760
2026-08,WEEKENDS/HOLIDAY,19,TRAIN,NE9,12693,14002
2026-08,WEEKENDS/HOLIDAY,10,TRAIN,TE6,9662,3434
2026-08,WEEKENDS/HOLIDAY,5,TRAIN,NS21/DT11,385,180
2026-08,WEEKDAY,10,TRAIN,CC31,2284,1231
2026-08,WEEKENDS/HOLIDAY,15,TRAIN,CC6,7535,20930
2026-08,WEEKENDS/HOLIDAY,16,TRAIN,EW8/CC9,48478,40561
2026-08,WEEKENDS/HOLIDAY,13,TRAIN,SE5,1653,1715
2026-08,WEEKDAY,20,TRAIN,SE5,986,4270
2026-08,WEEKENDS/HOLIDAY,23,TRAIN,SW3,52,365
2026-08,WEEKENDS/HOLIDAY,17,TRAIN,TE7,4269,3188
2026-08,WEEKDAY,10,TRAIN,DT4,2933,782
2026-08,WEEKDAY,15,TRAIN,DT28,6956,6715
2026-08,WEEKDAY,8,TRAIN,TE12,7348,23595
2026-08,WEEKENDS/HOLIDAY,19,TRAIN,EW4,7852,10521
2026-08,WEEKENDS/HOLIDAY,10,TRAIN,EW21/CC22,13930,11298
2026-08,WEEKENDS/HOLIDAY,12,TRAIN,EW3,11289,8683
2026-08,WEEKENDS/HOLIDAY,13,TRAIN,DT31,5170,4176
2026-08,WEEKDAY,10,TRAIN,EW10,10543,5810
2026-08,WEEKDAY,8,TRAIN,NS18,43122,23910
2026-08,WEEKDAY,18,TRAIN,BP7,1184,3352
2026-08,WEEKDAY,17,TRAIN,SW4,2867,4711
2026-08,WEEKENDS/HOLIDAY,13,TRAIN,SW4,2033,1826
2026-08,WEEKENDS/HOLIDAY,7,TRAIN,NS17/CC15,12680,5460
2026-08,WEEKDAY,14,TRAIN,CC25,4914,5195
2026-08,WEEKENDS/HOLIDAY,16,TRAIN,PE1,2345,2271
2026-08,WEEKENDS/HOLIDAY,19,TRAIN,TE4,4116,4195
2026-08,WEEKDAY,17,TRAIN,EW30,27030,1598
2026-08,WEEKDAY,19,TRAIN,PE4,1646,3921
2026-08,WEEKENDS/HOLIDAY,22,TRAIN,NS17/CC15,6488,12974
2026-08,WEEKENDS/HOLIDAY,23,TRAIN,EW11,3865,4884
2026-08,WEEKDAY,20,TRAIN,EW23,45263,55100
2026-08,WEEKDAY,15,TRAIN,CC7,6478,5594
2026-08,WEEKENDS/HOLIDAY,6,TRAIN,EW12/DT14,5631,7027
2026-08,WEEKENDS/HOLIDAY,21,TRAIN,CC16,1746,3379
2026-08,WEEKDAY,12,TRAIN,EW17,23015,25331
2026-08,WEEKENDS/HOLIDAY,5,TRAIN,TE26,103,1
2026-08,WEEKENDS/HOLIDAY,13,TRAIN,CC30,175,167
2026-08,WEEKENDS/HOLIDAY,21,TRAIN,NS15,3327,7299
2026-08,WEEKENDS/HOLIDAY,18,TRAIN,BP9,1034,1356
2026-08,WEEKDAY,20,TRAIN,CC25,5474,7277
2026-08,WEEKENDS/HOLIDAY,23,TRAIN,EW19,1211,4266
2026-08,WEEKDAY,7,TRAIN,SW1,4918,2317
2026-08,WEEKENDS/HOLIDAY,11,TRAIN,DT31,5399,2963
2026-08,WEEKDAY,23,TRAIN,NE18,1994,2903
2026-08,WEEKDAY,7,TRAIN,PW1,710,2227
2026-08,WEEKDAY,7,TRAIN,BP4,6822,8552
2026-08,WEEKDAY,16,TRAIN,TE15,11578,14031
2026-08,WEEKENDS/HOLIDAY,22,TRAIN,BP10,353,1634
2026-08,WEEKDAY,23,TRAIN,DT17,4373,776
2026-08,WEEKENDS/HOLIDAY,0,TRAIN,EW29,14,440
2026-08,WEEKDAY,21,TRAIN,EW16/NE3/TE17,36850,14449
2026-08,WEEKDAY,23,TRAIN,NE17/PTC,5647,16986
2026-08,WEEKENDS/HOLIDAY,5,TRAIN,NE8,300,29
2026-08,WEEKENDS/HOLIDAY,10,TRAIN,CC23,1825,2835
2026-08,WEEKDAY,14,TRAIN,CC3,6894,6130
2026-08,WEEKDAY,13,TRAIN,TE22,2469,4811
2026-08,WEEKDAY,6,TRAIN,PW6,4603,717
2026-08,WEEKENDS/HOLIDAY,14,TRAIN,BP3,2147,2215
2026-08,WEEKENDS/HOLIDAY,23,TRAIN,EW15,4451,1934
2026-08,WEEKENDS/HOLIDAY,13,TRAIN,NE8,23463,28968
2026-08,WEEKDAY,6,TRAIN,BP6/DT1,57614,25440
2026-08,WEEKENDS/HOLIDAY,21,TRAIN,PE4,673,1222
2026-08,WEEKDAY,14,TRAIN,EW22,17378,11091
2026-08,WEEKDAY,9,TRAIN,PE4,3091,821
2026-08,WEEKENDS/HOLIDAY,16,TRAIN,TE5,4070,4033
2026-08,WEEKDAY,17,TRAIN,DT6,20640,11347
2026-08,WEEKDAY,17,TRAIN,CC2,12540,4707
2026-08,WEEKENDS/HOLIDAY,22,TRAIN,BP11,337,1818
2026-08,WEEKDAY,10,TRAIN,EW7,14397,8535
2026-08,WEEKENDS/HOLIDAY,7,TRAIN,CC20,1582,1841
2026-08,WEEKDAY,11,TRAIN,TE15,7921,10597
2026-08,WEEKDAY,14,TRAIN,SE1,7020,4661
2026-08,WEEKENDS/HOLIDAY,9,TRAIN,CC19/DT9,3761,6664
2026-08,WEEKDAY,22,TRAIN,TE1,2994,2540
2026-08,WEEKENDS/HOLIDAY,19,TRAIN,NS24/NE6/CC1,30369,20894
2026-08,WEEKDAY,8,TRAIN,PE1,10735,1766
2026-08,WEEKDAY,14,TRAIN,TE11,7918,3767
2026-08,WEEKENDS/HOLIDAY,13,TRAIN,DT33,9587,6772
2026-08,WEEKDAY,5,TRAIN,NS25/EW13,604,879
2026-08,WEEKDAY,20,TRAIN,SE4,1755,5309
2026-08,WEEKDAY,13,TRAIN,NS16,37733,34505
2026-08,WEEKENDS/HOLIDAY,13,TRAIN,EW21/CC22,17231,13445
2026-08,WEEKENDS/HOLIDAY,15,TRAIN,CC26,2035,1639
2026-08,WEEKENDS/HOLIDAY,16,TRAIN,EW20,7167,6738
2026-08,WEEKDAY,11,TRAIN,TE8,7899,8721
2026-08,WEEKENDS/HOLIDAY,0,TRAIN,DT5,92,1036
2026-08,WEEKENDS/HOLIDAY,16,TRAIN,DT28,6475,5119
2026-08,WEEKENDS/HOLIDAY,22,TRAIN,DT21,4808,4993
2026-08,WEEKDAY,8,TRAIN,TE14/NS22,26708,129081
2026-08,WEEKENDS/HOLIDAY,16,TRAIN,EW12/DT14,57888,51629
2026-08,WEEKDAY,13,TRAIN,EW18,16173,15951
2026-08,WEEKENDS/HOLIDAY,18,TRAIN,TE15,8023,7656
2026-08,WEEKDAY,18,TRAIN,TE19,96743,7614
2026-08,WEEKENDS/HOLIDAY,0,TRAIN,DT21,160,361
2026-08,WEEKENDS/HOLIDAY,11,TRAIN,TE14/NS22,34410,75775
2026-08,WEEKENDS/HOLIDAY,11,TRAIN,CC17/TE9,4331,2499
2026-08,WEEKDAY,9,TRAIN,EW25,22845,5592
2026-08,WEEKDAY,6,TRAIN,CG2,11804,11085
2026-08,WEEKDAY,10,TRAIN,EW29,4253,5997
2026-08,WEEKENDS/HOLIDAY,19,TRAIN,NS9/TE2,32837,43028
2026-08,WEEKENDS/HOLIDAY,21,TRAIN,TE23,15155,2065
2026-08,WEEKENDS/HOLIDAY,11,TRAIN,DT29,4702,1812
2026-08,WEEKENDS/HOLIDAY,14,TRAIN,NS28,4465,3161
2026-08,WEEKENDS/HOLIDAY,12,TRAIN,DT20,3394,3559
2026-08,WEEKENDS/HOLIDAY,11,TRAIN,SE4,3439,1805
2026-08,WEEKENDS/HOLIDAY,22,TRAIN,TE16,2894,6071
2026-08,WEEKENDS/HOLIDAY,18,TRAIN,NS24/NE6/CC1,33320,25263
2026-08,WEEKDAY,10,TRAIN,TE28,4782,2094
2026-08,WEEKDAY,10,TRAIN,NS18,16532,8593
2026-08,WEEKENDS/HOLIDAY,13,TRAIN,CC21,7806,8191
2026-08,WEEKDAY,9,TRAIN,CG1/DT35,2923,62247
2026-08,WEEKENDS/HOLIDAY,10,TRAIN,BP4,1086,549
2026-08,WEEKENDS/HOLIDAY,5,TRAIN,NS12,1930,334
2026-08,WEEKDAY,14,TRAIN,NS21/DT11,50171,56690
2026-08,WEEKDAY,15,TRAIN,EW26,23454,24564
2026-08,WEEKENDS/HOLIDAY,22,TRAIN,CC26,1013,1387
2026-08,WEEKDAY,8,TRAIN,CC16,19296,22079
2026-08,WEEKENDS/HOLIDAY,19,TRAIN,BP9,945,1447
2026-08,WEEKDAY,5,TRAIN,EW18,2321,641
2026-08,WEEKENDS/HOLIDAY,15,TRAIN,SE1,2157,2546
2026-08,WEEKDAY,12,TRAIN,CC27,7834,5539
2026-08,WEEKDAY,19,TRAIN,CC19/DT9,9263,9236
2026-08,WEEKDAY,15,TRAIN,DT3,7808,6315
2026-08,WEEKENDS/HOLIDAY,0,TRAIN,CC12,27,494
2026-08,WEEKDAY,12,TRAIN,DT18,15687,20947
2026-08,WEEKDAY,15,TRAIN,DT30,5777,7817
2026-08,WEEKENDS/HOLIDAY,20,TRAIN,NE13,9637,13814
2026-08,WEEKENDS/HOLIDAY,18,TRAIN,TE6,6407,8560
2026-08,WEEKDAY,21,TRAIN,PE5,1487,8009
2026-08,WEEKENDS/HOLIDAY,5,TRAIN,NS2,3226,504
2026-08,WEEKENDS/HOLIDAY,15,TRAIN,EW4,8431,8351
2026-08,WEEKENDS/HOLIDAY,23,TRAIN,TE15,1256,1155
2026-08,WEEKENDS/HOLIDAY,13,TRAIN,PE7,2637,2517
2026-08,WEEKDAY,6,TRAIN,NE15,39165,6139
2026-08,WEEKENDS/HOLIDAY,21,TRAIN,CC25,1961,4031
2026-08,WEEKENDS/HOLIDAY,10,TRAIN,CC28,3327,1413
2026-08,WEEKENDS/HOLIDAY,17,TRAIN,EW19,10497,10635
2026-08,WEEKENDS/HOLIDAY,16,TRAIN,DT10,2536,1750
2026-08,WEEKENDS/HOLIDAY,5,TRAIN,BP3,802,57
2026-08,WEEKDAY,17,TRAIN,CG1/DT35,51795,10202
2026-08,WEEKDAY,18,TRAIN,NS25/EW13,132777,103522
2026-08,WEEKENDS/HOLIDAY,9,TRAIN,NE7/DT12,10673,22736
2026-08,WEEKENDS/HOLIDAY,17,TRAIN,EW16/NE3/TE17,17565,12299
2026-08,WEEKENDS/HOLIDAY,22,TRAIN,NS11,7720,27105
2026-08,WEEKENDS/HOLIDAY,21,TRAIN,NS25/EW13,52926,10254
2026-08,WEEKENDS/HOLIDAY,17,TRAIN,EW25,10650,11453
2026-08,WEEKENDS/HOLIDAY,0,TRAIN,EW32,0,865
2026-08,WEEKDAY,21,TRAIN,TE18,17182,5842
2026-08,WEEKENDS/HOLIDAY,18,TRAIN,EW20,7485,7171
2026-08,WEEKENDS/HOLIDAY,23,TRAIN,PW1,152,48
2026-08,WEEKDAY,20,TRAIN,CC27,11006,1401
2026-08,WEEKDAY,15,TRAIN,EW5,24291,30583
2026-08,WEEKDAY,13,TRAIN,NE10,18097,14948
2026-08,WEEKENDS/HOLIDAY,19,TRAIN,SW5,3203,4441
2026-08,WEEKENDS/HOLIDAY,9,TRAIN,EW1,21003,8477
2026-08,WEEKDAY,0,TRAIN,SW5,103,996
2026-08,WEEKENDS/HOLIDAY,23,TRAIN,TE3,496,3818
2026-08,WEEKENDS/HOLIDAY,14,TRAIN,TE26,11356,9924
2026-08,WEEKENDS/HOLIDAY,22,TRAIN,CC11,3601,3963
2026-08,WEEKDAY,6,TRAIN,TE18,1544,3489
2026-08,WEEKENDS/HOLIDAY,11,TRAIN,EW6,8324,5262
2026-08,WEEKDAY,8,TRAIN,SW3,4772,1038
2026-08,WEEKENDS/HOLIDAY,23,TRAIN,DT6,330,1156
2026-08,WEEKDAY,5,TRAIN,DT10,101,93
2026-08,WEEKENDS/HOLIDAY,5,TRAIN,NE12/CC13,2018,189
2026-08,WEEKENDS/HOLIDAY,13,TRAIN,CC8,4969,4407
2026-08,WEEKENDS/HOLIDAY,10,TRAIN,CC21,4554,7916
2026-08,WEEKDAY,21,TRAIN,NE11,13594,14854
2026-08,WEEKDAY,15,TRAIN,SW7,1062,2045
2026-08,WEEKDAY,12,TRAIN,TE26,12683,13981
2026-08,WEEKDAY,17,TRAIN,SE3,2539,5088
2026-08,WEEKDAY,0,TRAIN,DT22,299,666
2026-08,WEEKENDS/HOLIDAY,23,TRAIN,NE13,1997,6477
2026-08,WEEKENDS/HOLIDAY,16,TRAIN,NS12,11343,11494
2026-08,WEEKDAY,9,TRAIN,CC16,10626,12284
2026-08,WEEKDAY,19,TRAIN,DT21,18079,12526
2026-08,WEEKENDS/HOLIDAY,18,TRAIN,EW5,18738,25024
2026-08,WEEKDAY,16,TRAIN,NS24/NE6/CC1,45140,32174
2026-08,WEEKENDS/HOLIDAY,23,TRAIN,TE22,1458,332
2026-08,WEEKENDS/HOLIDAY,13,TRAIN,DT20,3041,3563
2026-08,WEEKENDS/HOLIDAY,20,TRAIN,EW21/CC22,10620,9877
2026-08,WEEKDAY,11,TRAIN,EW24/NS1,34313,65620
2026-08,WEEKDAY,8,TRAIN,DT21,11517,25706
2026-08,WEEKDAY,9,TRAIN,SE3,7200,1368
2026-08,WEEKENDS/HOLIDAY,16,TRAIN,DT2,1275,1486
2026-08,WEEKDAY,21,TRAIN,NS18,6712,22846
2026-08,WEEKENDS/HOLIDAY,17,TRAIN,CG2,20917,18122
2026-08,WEEKDAY,8,TRAIN,DT7,9162,14573
2026-08,WEEKDAY,10,TRAIN,BP5,1864,1338
2026-08,WEEKENDS/HOLIDAY,6,TRAIN,TE13,440,867
2026-08,WEEKDAY,12,TRAIN,TE27,7019,4709
2026-08,WEEKENDS/HOLIDAY,0,TRAIN,CC16,33,212
2026-08,WEEKENDS/HOLIDAY,20,TRAIN,DT17,4492,3641
2026-08,WEEKENDS/HOLIDAY,5,TRAIN,DT34,67,1
2026-08,WEEKENDS/HOLIDAY,7,TRAIN,TE4,1870,2383
2026-08,WEEKDAY,23,TRAIN,DT20,3154,1759
2026-08,WEEKDAY,17,TRAIN,EW12/DT14,118109,72514
2026-08,WEEKDAY,13,TRAIN,PW2,188,225
2026-08,WEEKENDS/HOLIDAY,11,TRAIN,CC10/DT26,10802,7042
2026-08,WEEKENDS/HOLIDAY,14,TRAIN,TE1,2310,1459
2026-08,WEEKDAY,7,TRAIN,CG2,15328,23220
2026-08,WEEKDAY,5,TRAIN,DT34,832,19
2026-08,WEEKENDS/HOLIDAY,6,TRAIN,TE24,468,262
2026-08,WEEKENDS/HOLIDAY,11,TRAIN,EW7,10487,6453
2026-08,WEEKDAY,12,TRAIN,NS21/DT11,57163,49208
2026-08,WEEKDAY,23,TRAIN,SW8,98,674
2026-08,WEEKDAY,23,TRAIN,EW28,3267,15394
2026-08,WEEKDAY,10,TRAIN,DT27,8273,7217
2026-08,WEEKDAY,22,TRAIN,DT25,1876,4680
2026-08,WEEKDAY,18,TRAIN,TE5,13472,23213
2026-08,WEEKDAY,23,TRAIN,CC10/DT26,2809,8195
2026-08,WEEKENDS/HOLIDAY,21,TRAIN,EW8/CC9,30832,20356
2026-08,WEEKDAY,17,TRAIN,CC31,3750,3690
2026-08,WEEKENDS/HOLIDAY,19,TRAIN,TE19,3551,2341
2026-08,WEEKDAY,21,TRAIN,EW21/CC22,30186,15865
2026-08,WEEKENDS/HOLIDAY,6,TRAIN,EW4,4608,2620
2026-08,WEEKENDS/HOLIDAY,22,TRAIN,TE26,5401,3999
2026-08,WEEKDAY,20,TRAIN,EW15,62998,12309
2026-08,WEEKENDS/HOLIDAY,6,TRAIN,BP2,1057,170
2026-08,WEEKENDS/HOLIDAY,10,TRAIN,EW30,1111,494
2026-08,WEEKENDS/HOLIDAY,11,TRAIN,NE15,18527,10276
2026-08,WEEKDAY,23,TRAIN,BP13,37,306
2026-08,WEEKENDS/HOLIDAY,23,TRAIN,SW4,179,1095
2026-08,WEEKENDS/HOLIDAY,10,TRAIN,DT27,5372,3364
2026-08,WEEKENDS/HOLIDAY,8,TRAIN,TE28,2420,981
2026-08,WEEKENDS/HOLIDAY,23,TRAIN,SW6,105,991
2026-08,WEEKENDS/HOLIDAY,15,TRAIN,BP3,2001,2155
2026-08,WEEKDAY,16,TRAIN,PW6,1818,1996
2026-08,WEEKENDS/HOLIDAY,22,TRAIN,EW21/CC22,10438,6997
2026-08,WEEKDAY,6,TRAIN,TE24,2460,1030
2026-08,WEEKDAY,19,TRAIN,CC5,8855,6226
2026-08,WEEKDAY,11,TRAIN,NS16,35473,28129
2026-08,WEEKENDS/HOLIDAY,13,TRAIN,NE1/CC29,27708,51159
2026-08,WEEKENDS/HOLIDAY,5,TRAIN,TE22,10,0
2026-08,WEEKDAY,20,TRAIN,NS23,59505,26014
2026-08,WEEKDAY,14,TRAIN,PE6,7732,10565
2026-08,WEEKENDS/HOLIDAY,19,TRAIN,EW32,4742,5629
2026-08,WEEKDAY,14,TRAIN,TE29,2734,3806
2026-08,WEEKDAY,17,TRAIN,NE17/PTC,56575,83085
2026-08,WEEKDAY,9,TRAIN,BP8,1764,2075
2026-08,WEEKDAY,10,TRAIN,TE12,5181,7692
2026-08,WEEKDAY,0,TRAIN,DT33,21,2602
2026-08,WEEKENDS/HOLIDAY,22,TRAIN,NS16,10017,27874
2026-08,WEEKENDS/HOLIDAY,16,TRAIN,TE26,12925,11443
2026-08,WEEKENDS/HOLIDAY,17,TRAIN,TE27,4140,4547
2026-08,WEEKENDS/HOLIDAY,23,TRAIN,NS11,3025,17148
2026-08,WEEKENDS/HOLIDAY,18,TRAIN,DT31,4834,5594
2026-08,WEEKENDS/HOLIDAY,8,TRAIN,CC25,2414,2755
2026-08,WEEKDAY,18,TRAIN,EW15,209492,53421
2026-08,WEEKDAY,18,TRAIN,TE27,7136,17061
2026-08,WEEKENDS/HOLIDAY,14,TRAIN,CC11,9260,7038
2026-08,WEEKDAY,20,TRAIN,CC14,4278,7707
2026-08,WEEKDAY,14,TRAIN,NS20,41345,42604
2026-08,WEEKENDS/HOLIDAY,8,TRAIN,SW1,1012,378
2026-08,WEEKENDS/HOLIDAY,23,TRAIN,BP13,33,192
2026-08,WEEKENDS/HOLIDAY,18,TRAIN,PW7,2040,2196
2026-08,WEEKENDS/HOLIDAY,13,TRAIN,SW5,4812,3892
2026-08,WEEKDAY,11,TRAIN,DT4,2675,1003
2026-08,WEEKDAY,18,TRAIN,EW14/NS26,373145,50867
2026-08,WEEKENDS/HOLIDAY,19,TRAIN,BP12,919,1383
2026-08,WEEKDAY,11,TRAIN,DT23,3938,3069
2026-08,WEEKDAY,12,TRAIN,NE17/PTC,40866,41160
2026-08,WEEKENDS/HOLIDAY,14,TRAIN,SW5,4464,3634
2026-08,WEEKDAY,15,TRAIN,NS23,38135,40524
2026-08,WEEKDAY,23,TRAIN,TE1,434,998
2026-08,WEEKDAY,13,TRAIN,DT25,5470,3725
2026-08,WEEKDAY,6,TRAIN,DT13,7193,2831
2026-08,WEEKENDS/HOLIDAY,19,TRAIN,PE3,2664,4509
2026-08,WEEKDAY,9,TRAIN,DT31,17181,7402
2026-08,WEEKENDS/HOLIDAY,16,TRAIN,NS10,20135,18797
2026-08,WEEKDAY,16,TRAIN,NS25/EW13,54666,42008
2026-08,WEEKENDS/HOLIDAY,20,TRAIN,NE4/DT19,43910,23489
2026-08,WEEKENDS/HOLIDAY,14,TRAIN,DT3,3993,3519
2026-08,WEEKDAY,14,TRAIN,TE26,14462,17038
2026-08,WEEKDAY,16,TRAIN,BP5,2136,2240
2026-08,WEEKDAY,17,TRAIN,DT25,8589,7091
2026-08,WEEKDAY,17,TRAIN,PE6,9115,12039
2026-08,WEEKENDS/HOLIDAY,20,TRAIN,CC12,1915,5452
2026-08,WEEKDAY,7,TRAIN,BP7,4452,2509
2026-08,WEEKENDS/HOLIDAY,8,TRAIN,EW28,19695,11462
2026-08,WEEKDAY,10,TRAIN,CC26,3118,3978
2026-08,WEEKENDS/HOLIDAY,22,TRAIN,TE11,1026,2489
2026-08,WEEKDAY,23,TRAIN,DT6,664,1808
2026-08,WEEKENDS/HOLIDAY,13,TRAIN,EW27,29831,28851
2026-08,WEEKDAY,16,TRAIN,NS18,14025,14210
2026-08,WEEKDAY,20,TRAIN,TE11,3216,4766
2026-08,WEEKENDS/HOLIDAY,20,TRAIN,EW32,3230,6047
2026-08,WEEKDAY,7,TRAIN,TE26,11961,6025
2026-08,WEEKENDS/HOLIDAY,16,TRAIN,EW10,8836,11437
2026-08,WEEKDAY,17,TRAIN,EW9,34024,32411
2026-08,WEEKDAY,6,TRAIN,BP13,3893,421
2026-08,WEEKDAY,22,TRAIN,PE7,387,4013
2026-08,WEEKENDS/HOLIDAY,21,TRAIN,BP5,534,940
2026-08,WEEKENDS/HOLIDAY,7,TRAIN,TE28,1270,619
2026-08,WEEKENDS/HOLIDAY,8,TRAIN,EW12/DT14,9712,18762
2026-08,WEEKENDS/HOLIDAY,22,TRAIN,BP3,491,1985
2026-08,WEEKDAY,19,TRAIN,CC32,4103,2194
2026-08,WEEKDAY,14,TRAIN,NE17/PTC,46160,52819
2026-08,WEEKENDS/HOLIDAY,9,TRAIN,NS17/CC15,24836,7490
2026-08,WEEKDAY,16,TRAIN,EW22,25489,8169
2026-08,WEEKDAY,13,TRAIN,DT29,5849,4977
2026-08,WEEKENDS/HOLIDAY,16,TRAIN,CC27,1896,1484
2026-08,WEEKENDS/HOLIDAY,11,TRAIN,TE23,2590,1530
2026-08,WEEKENDS/HOLIDAY,5,TRAIN,NS19,1205,436
2026-08,WEEKDAY,10,TRAIN,BP10,3210,1936
2026-08,WEEKENDS/HOLIDAY,20,TRAIN,DT31,2627,5880
2026-08,WEEKDAY,18,TRAIN,EW27,93875,161742
2026-08,WEEKDAY,5,TRAIN,NS12,7181,1557
2026-08,WEEKENDS/HOLIDAY,20,TRAIN,DT29,1982,5253
2026-08,WEEKDAY,18,TRAIN,NE9,63973,52341
2026-08,WEEKDAY,12,TRAIN,NE5,13039,14765
2026-08,WEEKDAY,8,TRAIN,TE16,15827,17265
2026-08,WEEKDAY,8,TRAIN,TE22,472,2930
2026-08,WEEKDAY,20,TRAIN,PW1,2339,853
2026-08,WEEKDAY,15,TRAIN,DT25,3172,3626
2026-08,WEEKENDS/HOLIDAY,8,TRAIN,CC30,42,65
2026-08,WEEKENDS/HOLIDAY,13,TRAIN,NE9,15658,12370
2026-08,WEEKDAY,17,TRAIN,DT29,11563,13713
2026-08,WEEKDAY,17,TRAIN,SW8,1631,1888
2026-08,WEEKDAY,20,TRAIN,NS3,10575,30283
2026-08,WEEKDAY,22,TRAIN,EW33,1277,2946
2026-08,WEEKENDS/HOLIDAY,11,TRAIN,EW8/CC9,30851,44307
2026-08,WEEKENDS/HOLIDAY,10,TRAIN,EW14/NS26,7462,17052
2026-08,WEEKENDS/HOLIDAY,21,TRAIN,DT7,847,2292
2026-08,WEEKENDS/HOLIDAY,21,TRAIN,TE22,12725,1423
2026-08,WEEKDAY,18,TRAIN,TE18,35444,22753
2026-08,WEEKDAY,22,TRAIN,DT30,1783,12066
2026-08,WEEKENDS/HOLIDAY,11,TRAIN,TE7,5027,2882
2026-08,WEEKDAY,10,TRAIN,TE1,7394,6260
2026-08,WEEKDAY,20,TRAIN,NE8,36481,41465
2026-08,WEEKDAY,19,TRAIN,EW29,36112,14469
2026-08,WEEKDAY,10,TRAIN,TE6,14104,4212
2026-08,WEEKDAY,0,TRAIN,NS10,706,7238
2026-08,WEEKDAY,20,TRAIN,SW7,526,3489
2026-08,WEEKDAY,8,TRAIN,DT24,18145,12224
2026-08,WEEKENDS/HOLIDAY,0,TRAIN,PE3,64,499
2026-08,WEEKDAY,23,TRAIN,NS16,7182,24057
2026-08,WEEKENDS/HOLIDAY,16,TRAIN,CC28,2823,2590
2026-08,WEEKDAY,6,TRAIN,DT3,8033,1641
2026-08,WEEKDAY,14,TRAIN,TE7,6388,6765
2026-08,WEEKENDS/HOLIDAY,23,TRAIN,NE14,1455,10150
2026-08,WEEKDAY,22,TRAIN,BP12,416,2390
2026-08,WEEKDAY,14,TRAIN,PE1,3768,3847
2026-08,WEEKDAY,12,TRAIN,CC23,17825,14851
2026-08,WEEKENDS/HOLIDAY,16,TRAIN,DT4,1337,1446
2026-08,WEEKENDS/HOLIDAY,23,TRAIN,CC3,2287,619
2026-08,WEEKENDS/HOLIDAY,16,TRAIN,NE18,9365,8606
2026-08,WEEKENDS/HOLIDAY,19,TRAIN,PW5,1293,3395
2026-08,WEEKDAY,17,TRAIN,BP13,1264,1850
2026-08,WEEKENDS/HOLIDAY,10,TRAIN,DT31,5246,2316
2026-08,WEEKENDS/HOLIDAY,20,TRAIN,EW28,10047,23223
2026-08,WEEKDAY,12,TRAIN,NS24/NE6/CC1,34950,46558
2026-08,WEEKENDS/HOLIDAY,16,TRAIN,SW2,3054,2113
2026-08,WEEKDAY,15,TRAIN,CC25,5920,4986
2026-08,WEEKENDS/HOLIDAY,10,TRAIN,NS21/DT11,32546,32310
2026-08,WEEKDAY,22,TRAIN,EW19,5857,15085
2026-08,WEEKDAY,9,TRAIN,DT10,8413,2262
2026-08,WEEKENDS/HOLIDAY,15,TRAIN,NS16,22242,24246
2026-08,WEEKENDS/HOLIDAY,9,TRAIN,SW5,4868,2614
2026-08,WEEKDAY,20,TRAIN,CC19/DT9,4947,4973
2026-08,WEEKENDS/HOLIDAY,20,TRAIN,PE2,1251,4160
2026-08,WEEKENDS/HOLIDAY,8,TRAIN,EW4,9884,5386
2026-08,WEEKDAY,7,TRAIN,EW10,33392,9740
2026-08,WEEKDAY,14,TRAIN,TE4,4135,4524
2026-08,WEEKENDS/HOLIDAY,12,TRAIN,NS17/CC15,20738,8816
2026-08,WEEKDAY,10,TRAIN,NE15,25131,8626
2026-08,WEEKDAY,0,TRAIN,BP5,2,1
2026-08,WEEKDAY,21,TRAIN,TE27,1862,7243
2026-08,WEEKDAY,14,TRAIN,EW27,33920,39197
2026-08,WEEKENDS/HOLIDAY,9,TRAIN,NS19,22559,16356
2026-08,WEEKDAY,11,TRAIN,CC7,4539,2958
2026-08,WEEKENDS/HOLIDAY,19,TRAIN,EW18,7829,9953
2026-08,WEEKDAY,5,TRAIN,NE10,1555,590
2026-08,WEEKENDS/HOLIDAY,0,TRAIN,DT4,7,218
2026-08,WEEKDAY,22,TRAIN,EW9,10749,24656
2026-08,WEEKENDS/HOLIDAY,8,TRAIN,EW7,8771,5996
2026-08,WEEKENDS/HOLIDAY,12,TRAIN,EW23,31860,23998
2026-08,WEEKENDS/HOLIDAY,17,TRAIN,EW6,7354,8709
2026-08,WEEKDAY,16,TRAIN,CC2,6876,3816
2026-08,WEEKDAY,7,TRAIN,PE4,6822,1453
2026-08,WEEKDAY,23,TRAIN,CC27,787,273
2026-08,WEEKDAY,13,TRAIN,SE4,3891,3911
2026-08,WEEKENDS/HOLIDAY,5,TRAIN,TE6,1011,38
2026-08,WEEKDAY,8,TRAIN,PW7,6384,2628
2026-08,WEEKENDS/HOLIDAY,14,TRAIN,CC31,1595,2234
2026-08,WEEKDAY,10,TRAIN,CC10/DT26,15011,12831
2026-08,WEEKDAY,19,TRAIN,EW33,7189,11988
2026-08,WEEKDAY,9,TRAIN,BP9,3264,2401
2026-08,WEEKENDS/HOLIDAY,13,TRAIN,PW4,3568,3339
2026-08,WEEKENDS/HOLIDAY,20,TRAIN,DT6,1542,2841
2026-08,WEEKENDS/HOLIDAY,9,TRAIN,NS12,14904,5843
2026-08,WEEKENDS/HOLIDAY,17,TRAIN,EW3,11604,12652
2026-08,WEEKDAY,22,TRAIN,NE11,7031,10854
2026-08,WEEKENDS/HOLIDAY,7,TRAIN,TE25,823,545
2026-08,WEEKENDS/HOLIDAY,10,TRAIN,DT5,11436,8660
2026-08,WEEKDAY,8,TRAIN,EW6,36763,17309
2026-08,WEEKDAY,23,TRAIN,SE3,95,2476
2026-08,WEEKENDS/HOLIDAY,10,TRAIN,TE22,1634,4704
2026-08,WEEKDAY,19,TRAIN,PW2,391,207
2026-08,WEEKENDS/HOLIDAY,15,TRAIN,SE5,1427,1614
2026-08,WEEKDAY,16,TRAIN,NS10,31143,39713
2026-08,WEEKDAY,15,TRAIN,EW31,2904,612
2026-08,WEEKDAY,6,TRAIN,PW1,127,799
2026-08,WEEKENDS/HOLIDAY,8,TRAIN,CC24,2682,7642
2026-08,WEEKENDS/HOLIDAY,17,TRAIN,TE24,2428,2870
2026-08,WEEKENDS/HOLIDAY,8,TRAIN,PE6,3825,2514
2026-08,WEEKDAY,5,TRAIN,SE1,1920,801
2026-08,WEEKENDS/HOLIDAY,11,TRAIN,NS13,29147,25345
2026-08,WEEKDAY,0,TRAIN,EW20,94,437
2026-08,WEEKENDS/HOLIDAY,5,TRAIN,NS10,6838,831
2026-08,WEEKDAY,20,TRAIN,DT6,4809,6083
2026-08,WEEKDAY,9,TRAIN,NS12,32312,10477
2026-08,WEEKENDS/HOLIDAY,23,TRAIN,BP6/DT1,2432,12626
2026-08,WEEKENDS/HOLIDAY,12,TRAIN,EW18,11765,8696
2026-08,WEEKDAY,5,TRAIN,SW7,1011,59
2026-08,WEEKDAY,10,TRAIN,TE18,6933,18068
2026-08,WEEKENDS/HOLIDAY,13,TRAIN,EW18,10369,9857
2026-08,WEEKENDS/HOLIDAY,5,TRAIN,SW2,274,77
2026-08,WEEKDAY,18,TRAIN,NS7,35860,54427
2026-08,WEEKDAY,7,TRAIN,DT5,39152,19200
2026-08,WEEKENDS/HOLIDAY,21,TRAIN,NS4/BP1,12706,24029
2026-08,WEEKDAY,15,TRAIN,DT18,11766,7484
2026-08,WEEKENDS/HOLIDAY,8,TRAIN,PE3,3668,2392
2026-08,WEEKDAY,17,TRAIN,CC30,300,152
2026-08,WEEKDAY,5,TRAIN,NS7,45282,2313
2026-08,WEEKDAY,14,TRAIN,NS2,23339,25217
2026-08,WEEKENDS/HOLIDAY,21,TRAIN,DT3,1254,4272
2026-08,WEEKDAY,13,TRAIN,DT24,4363,4038
2026-08,WEEKDAY,16,TRAIN,DT27,9914,7425
2026-08,WEEKENDS/HOLIDAY,10,TRAIN,CC10/DT26,10373,7196
2026-08,WEEKENDS/HOLIDAY,14,TRAIN,EW15,15413,12231
2026-08,WEEKDAY,11,TRAIN,EW2/DT32,41624,39114
2026-08,WEEKENDS/HOLIDAY,5,TRAIN,EW15,272,66
2026-08,WEEKDAY,17,TRAIN,NS20,135172,35479
2026-08,WEEKDAY,6,TRAIN,PE4,3535,480
2026-08,WEEKDAY,17,TRAIN,TE22,4702,8338
2026-08,WEEKDAY,23,TRAIN,CC20,369,1514
2026-08,WEEKENDS/HOLIDAY,13,TRAIN,NE12/CC13,41755,41168
2026-08,WEEKDAY,13,TRAIN,DT27,12173,8266
2026-08,WEEKENDS/HOLIDAY,0,TRAIN,NS19,342,1876
2026-08,WEEKDAY,11,TRAIN,DT20,6444,5682
2026-08,WEEKENDS/HOLIDAY,8,TRAIN,TE26,3114,6595
2026-08,WEEKENDS/HOLIDAY,8,TRAIN,NE4/DT19,8149,16560
2026-08,WEEKENDS/HOLIDAY,12,TRAIN,PW3,446,411
2026-08,WEEKDAY,12,TRAIN,CC11,15736,13100
2026-08,WEEKENDS/HOLIDAY,14,TRAIN,TE24,1804,2171
2026-08,WEEKDAY,23,TRAIN,EW3,1404,8511
2026-08,WEEKENDS/HOLIDAY,8,TRAIN,DT7,1911,1558
2026-08,WEEKDAY,14,TRAIN,SE3,2521,3098
2026-08,WEEKENDS/HOLIDAY,8,TRAIN,PW1,190,1706
2026-08,WEEKENDS/HOLIDAY,16,TRAIN,NS7,16581,13340
2026-08,WEEKENDS/HOLIDAY,21,TRAIN,NE7/DT12,25911,12649
2026-08,WEEKENDS/HOLIDAY,7,TRAIN,TE19,322,2022
2026-08,WEEKENDS/HOLIDAY,5,TRAIN,EW6,259,32
2026-08,WEEKENDS/HOLIDAY,12,TRAIN,PW6,1156,813
2026-08,WEEKENDS/HOLIDAY,18,TRAIN,PW1,2011,1653
2026-08,WEEKDAY,18,TRAIN,EW12/DT14,154307,114943
2026-08,WEEKENDS/HOLIDAY,16,TRAIN,NE15,13931,16417
2026-08,WEEKDAY,19,TRAIN,DT23,9924,6638
2026-08,WEEKDAY,12,TRAIN,BP5,2130,1583
2026-08,WEEKENDS/HOLIDAY,19,TRAIN,EW6,5253,8414
2026-08,WEEKENDS/HOLIDAY,15,TRAIN,DT18,4367,3312
2026-08,WEEKENDS/HOLIDAY,9,TRAIN,TE11,2451,1946
2026-08,WEEKDAY,17,TRAIN,TE13,11090,5241
2026-08,WEEKDAY,11,TRAIN,TE18,10103,18056
2026-08,WEEKENDS/HOLIDAY,16,TRAIN,DT31,4554,4826
2026-08,WEEKENDS/HOLIDAY,21,TRAIN,PE6,1920,3524
2026-08,WEEKDAY,12,TRAIN,BP11,3310,2187
2026-08,WEEKENDS/HOLIDAY,6,TRAIN,NS21/DT11,5015,5764
2026-08,WEEKENDS/HOLIDAY,5,TRAIN,EW2/DT32,3400,380
2026-08,WEEKDAY,9,TRAIN,NE15,51407,9881
2026-08,WEEKDAY,9,TRAIN,DT7,5336,4937
2026-08,WEEKDAY,18,TRAIN,DT25,12638,12329
2026-08,WEEKDAY,20,TRAIN,EW14/NS26,91123,15579
2026-08,WEEKENDS/HOLIDAY,20,TRAIN,TE26,10668,6624
2026-08,WEEKDAY,19,TRAIN,EW25,12458,32635
2026-08,WEEKDAY,16,TRAIN,DT28,9332,8186
2026-08,WEEKENDS/HOLIDAY,7,TRAIN,DT29,1699,611
2026-08,WEEKENDS/HOLIDAY,6,TRAIN,DT31,1040,376
2026-08,WEEKENDS/HOLIDAY,17,TRAIN,TE4,4491,4244
2026-08,WEEKENDS/HOLIDAY,23,TRAIN,TE24,291,699
2026-08,WEEKDAY,9,TRAIN,EW21/CC22,19173,89549
2026-08,WEEKDAY,13,TRAIN,NE7/DT12,32045,42996
2026-08,WEEKDAY,19,TRAIN,NS28,2217,847
2026-08,WEEKDAY,18,TRAIN,EW17,46780,78008
2026-08,WEEKDAY,21,TRAIN,CC14,4031,6629
2026-08,WEEKDAY,20,TRAIN,EW12/DT14,81690,41052
2026-08,WEEKDAY,22,TRAIN,CC26,2989,2219
2026-08,WEEKDAY,6,TRAIN,CC32,183,372
2026-08,WEEKDAY,11,TRAIN,EW16/NE3/TE17,41738,31537
2026-08,WEEKDAY,20,TRAIN,PE6,4889,9211
2026-08,WEEKDAY,14,TRAIN,CC34/DT16,28579,38433
2026-08,WEEKENDS/HOLIDAY,0,TRAIN,SW3,7,134
2026-08,WEEKDAY,0,TRAIN,CC8,24,411
2026-08,WEEKDAY,10,TRAIN,CC19/DT9,5542,7440
2026-08,WEEKENDS/HOLIDAY,17,TRAIN,TE23,2763,7933
2026-08,WEEKDAY,19,TRAIN,NS25/EW13,90976,55898
2026-08,WEEKDAY,12,TRAIN,NS15,22318,16673
2026-08,WEEKENDS/HOLIDAY,7,TRAIN,EW18,5040,6489
2026-08,WEEKENDS/HOLIDAY,11,TRAIN,PW4,3407,2711
2026-08,WEEKDAY,8,TRAIN,EW28,84782,57051
2026-08,WEEKENDS/HOLIDAY,6,TRAIN,EW28,16100,2957
2026-08,WEEKDAY,10,TRAIN,DT6,6463,5526
2026-08,WEEKDAY,15,TRAIN,DT29,4103,5840
2026-08,WEEKENDS/HOLIDAY,9,TRAIN,TE13,2508,2961
2026-08,WEEKENDS/HOLIDAY,9,TRAIN,NS5,18900,8670
2026-08,WEEKDAY,18,TRAIN,EW9,41378,62038
2026-08,WEEKENDS/HOLIDAY,20,TRAIN,EW5,13884,20006
2026-08,WEEKDAY,16,TRAIN,DT24,4782,4717
2026-08,WEEKDAY,0,TRAIN,NS16,847,5513
2026-08,WEEKDAY,7,TRAIN,NE17/PTC,122973,33320
2026-08,WEEKDAY,18,TRAIN,TE15,20783,27693
2026-08,WEEKENDS/HOLIDAY,14,TRAIN,TE29,2088,2377
2026-08,WEEKDAY,21,TRAIN,NS12,9811,27366
2026-08,WEEKENDS/HOLIDAY,0,TRAIN,NE9,133,580
2026-08,WEEKENDS/HOLIDAY,19,TRAIN,CC17/TE9,2674,3501
2026-08,WEEKDAY,20,TRAIN,CG1/DT35,25271,4925
2026-08,WEEKDAY,20,TRAIN,CC26,7211,4553
2026-08,WEEKDAY,8,TRAIN,EW18,45306,52767
2026-08,WEEKDAY,23,TRAIN,CC19/DT9,1052,1224
2026-08,WEEKENDS/HOLIDAY,23,TRAIN,EW10,2212,4420
2026-08,WEEKENDS/HOLIDAY,23,TRAIN,BP9,45,377
2026-08,WEEKDAY,21,TRAIN,SE3,693,5065
2026-08,WEEKDAY,6,TRAIN,TE26,3795,2329
2026-08,WEEKENDS/HOLIDAY,10,TRAIN,BP9,2196,1433
2026-08,WEEKENDS/HOLIDAY,23,TRAIN,PW6,50,449
2026-08,WEEKDAY,9,TRAIN,TE16,12869,10106
2026-08,WEEKDAY,20,TRAIN,NS13,37636,80548
2026-08,WEEKENDS/HOLIDAY,10,TRAIN,CC11,3796,8842
2026-08,WEEKENDS/HOLIDAY,7,TRAIN,NE4/DT19,4310,8353
2026-08,WEEKENDS/HOLIDAY,22,TRAIN,CG1/DT35,10210,2034
2026-08,WEEKENDS/HOLIDAY,14,TRAIN,BP12,1299,1339
2026-08,WEEKENDS/HOLIDAY,7,TRAIN,TE5,2272,2178
2026-08,WEEKDAY,16,TRAIN,TE24,5431,4534
2026-08,WEEKDAY,21,TRAIN,EW1,14702,39529
2026-08,WEEKENDS/HOLIDAY,21,TRAIN,EW2/DT32,24244,29927
2026-08,WEEKDAY,16,TRAIN,CC7,7211,6440
2026-08,WEEKENDS/HOLIDAY,0,TRAIN,TE6,110,1144
2026-08,WEEKENDS/HOLIDAY,7,TRAIN,EW8/CC9,11151,11032
2026-08,WEEKDAY,6,TRAIN,TE3,20104,11414
2026-08,WEEKDAY,16,TRAIN,SW8,1062,1691
2026-08,WEEKDAY,18,TRAIN,EW23,110571,132291
2026-08,WEEKENDS/HOLIDAY,22,TRAIN,EW16/NE3/TE17,7861,7100
2026-08,WEEKDAY,18,TRAIN,TE12,13043,6811
2026-08,WEEKENDS/HOLIDAY,11,TRAIN,EW2/DT32,33843,27748
2026-08,WEEKDAY,22,TRAIN,NS14,16388,41346
2026-08,WEEKENDS/HOLIDAY,21,TRAIN,TE5,2489,4168
2026-08,WEEKDAY,0,TRAIN,TE24,36,263
2026-08,WEEKDAY,23,TRAIN,EW17,3032,11401
2026-08,WEEKENDS/HOLIDAY,22,TRAIN,EW11,7063,10214
2026-08,WEEKDAY,0,TRAIN,NE14,86,2324
2026-08,WEEKENDS/HOLIDAY,7,TRAIN,NS16,18612,12696
2026-08,WEEKENDS/HOLIDAY,6,TRAIN,BP4,802,97
2026-08,WEEKENDS/HOLIDAY,8,TRAIN,TE4,2411,3121
2026-08,WEEKENDS/HOLIDAY,6,TRAIN,EW21/CC22,2861,3791
2026-08,WEEKENDS/HOLIDAY,6,TRAIN,DT23,280,175
2026-08,WEEKENDS/HOLIDAY,15,TRAIN,PE7,2122,2546
2026-08,WEEKDAY,15,TRAIN,EW29,11153,4944
2026-08,WEEKDAY,20,TRAIN,DT29,3826,12457
2026-08,WEEKDAY,21,TRAIN,DT10,2358,3083
2026-08,WEEKENDS/HOLIDAY,11,TRAIN,CC31,1704,1042
2026-08,WEEKENDS/HOLIDAY,6,TRAIN,EW2/DT32,10527,4457
2026-08,WEEKENDS/HOLIDAY,14,TRAIN,NE5,8926,9300
2026-08,WEEKDAY,18,TRAIN,DT10,9256,8542
2026-08,WEEKENDS/HOLIDAY,18,TRAIN,TE29,2811,3166
2026-08,WEEKDAY,10,TRAIN,CG2,14106,23339
2026-08,WEEKENDS/HOLIDAY,16,TRAIN,EW29,9719,6578
2026-08,WEEKENDS/HOLIDAY,11,TRAIN,DT8,2701,1727
2026-08,WEEKDAY,14,TRAIN,NE18,10249,12891
2026-08,WEEKENDS/HOLIDAY,15,TRAIN,EW18,8811,8973
2026-08,WEEKENDS/HOLIDAY,12,TRAIN,NS15,8932,4678
2026-08,WEEKENDS/HOLIDAY,9,TRAIN,CC23,1102,3313
2026-08,WEEKDAY,10,TRAIN,EW2/DT32,45872,34289
2026-08,WEEKENDS/HOLIDAY,19,TRAIN,CC28,2224,3178
2026-08,WEEKDAY,5,TRAIN,TE4,833,429
2026-08,WEEKENDS/HOLIDAY,5,TRAIN,BP4,371,82
2026-08,WEEKDAY,23,TRAIN,NS18,1825,9275
2026-08,WEEKENDS/HOLIDAY,9,TRAIN,NE12/CC13,34334,21741
2026-08,WEEKDAY,18,TRAIN,DT18,93609,19634
2026-08,WEEKDAY,16,TRAIN,SW4,2254,4025
2026-08,WEEKDAY,23,TRAIN,EW29,1038,1617
2026-08,WEEKENDS/HOLIDAY,7,TRAIN,CC2,481,1190
2026-08,WEEKENDS/HOLIDAY,19,TRAIN,NE5,11081,10498
2026-08,WEEKDAY,17,TRAIN,NS28,3813,2407
2026-08,WEEKENDS/HOLIDAY,15,TRAIN,EW3,9998,10123
2026-08,WEEKENDS/HOLIDAY,21,TRAIN,CC8,2748,6226
2026-08,WEEKENDS/HOLIDAY,7,TRAIN,CC17/TE9,2882,2468
2026-08,WEEKDAY,10,TRAIN,EW19,17291,7956
2026-08,WEEKDAY,6,TRAIN,CC27,811,5168
2026-08,WEEKENDS/HOLIDAY,17,TRAIN,EW14/NS26,17524,18951
2026-08,WEEKDAY,7,TRAIN,NS19,64087,52022
2026-08,WEEKENDS/HOLIDAY,7,TRAIN,TE29,1223,1250
2026-08,WEEKDAY,19,TRAIN,TE13,6688,5076
2026-08,WEEKENDS/HOLIDAY,17,TRAIN,EW5,20235,24939
2026-08,WEEKDAY,22,TRAIN,NS15,8301,11888
2026-08,WEEKENDS/HOLIDAY,6,TRAIN,EW1,7072,2185
2026-08,WEEKENDS/HOLIDAY,7,TRAIN,CC5,941,1054
2026-08,WEEKDAY,6,TRAIN,CC23,949,13943
2026-08,WEEKENDS/HOLIDAY,17,TRAIN,NS11,23851,27024
2026-08,WEEKDAY,18,TRAIN,TE8,23159,30434
2026-08,WEEKDAY,21,TRAIN,TE4,4886,5000
2026-08,WEEKENDS/HOLIDAY,5,TRAIN,NS17/CC15,792,250
2026-08,WEEKDAY,13,TRAIN,EW12/DT14,69174,65285
2026-08,WEEKENDS/HOLIDAY,15,TRAIN,NS3,11171,11189
2026-08,WEEKDAY,17,TRAIN,NS18,24611,22786
2026-08,WEEKDAY,13,TRAIN,DT6,10573,8143
2026-08,WEEKDAY,6,TRAIN,CC17/TE9,12294,6618
2026-08,WEEKENDS/HOLIDAY,12,TRAIN,DT23,1945,1965
2026-08,WEEKENDS/HOLIDAY,15,TRAIN,EW20,6243,6465
2026-08,WEEKDAY,14,TRAIN,TE6,14450,8875
2026-08,WEEKENDS/HOLIDAY,17,TRAIN,EW23,33366,34778
2026-08,WEEKENDS/HOLIDAY,15,TRAIN,CC23,2721,1962
2026-08,WEEKDAY,20,TRAIN,DT30,3231,15905
2026-08,WEEKDAY,13,TRAIN,EW11,16294,19178
2026-08,WEEKENDS/HOLIDAY,13,TRAIN,CC26,1901,1885
2026-08,WEEKDAY,0,TRAIN,NE18,0,599
2026-08,WEEKENDS/HOLIDAY,14,TRAIN,NS20,22478,15156
2026-08,WEEKDAY,16,TRAIN,NE11,25000,18396
2026-08,WEEKENDS/HOLIDAY,5,TRAIN,SE3,414,7
2026-08,WEEKDAY,6,TRAIN,TE8,6259,3709
2026-08,WEEKENDS/HOLIDAY,6,TRAIN,BP9,691,458
2026-08,WEEKENDS/HOLIDAY,5,TRAIN,NS13,7354,1063
2026-08,WEEKDAY,18,TRAIN,SW1,4779,1301
2026-08,WEEKENDS/HOLIDAY,17,TRAIN,CC20,3928,3829
2026-08,WEEKENDS/HOLIDAY,14,TRAIN,EW33,3109,2052
2026-08,WEEKENDS/HOLIDAY,14,TRAIN,CC19/DT9,5964,6314
2026-08,WEEKDAY,13,TRAIN,CC5,6231,5383
2026-08,WEEKENDS/HOLIDAY,0,TRAIN,DT22,461,496
2026-08,WEEKENDS/HOLIDAY,13,TRAIN,EW19,10265,9358
2026-08,WEEKENDS/HOLIDAY,15,TRAIN,EW28,15411,12556
2026-08,WEEKENDS/HOLIDAY,9,TRAIN,EW15,4798,14240
2026-08,WEEKDAY,5,TRAIN,NS11,21554,3360
2026-08,WEEKDAY,23,TRAIN,CC31,282,1231
2026-08,WEEKDAY,21,TRAIN,BP9,810,2023
2026-08,WEEKDAY,18,TRAIN,DT8,14555,9824
2026-08,WEEKENDS/HOLIDAY,9,TRAIN,EW25,8853,4740
2026-08,WEEKDAY,15,TRAIN,NS3,15919,17931
2026-08,WEEKENDS/HOLIDAY,10,TRAIN,DT4,2215,648
2026-08,WEEKDAY,19,TRAIN,EW8/CC9,82296,84302
2026-08,WEEKDAY,6,TRAIN,EW26,69258,29866
2026-08,WEEKDAY,8,TRAIN,EW8/CC9,54304,105118
2026-08,WEEKENDS/HOLIDAY,5,TRAIN,TE15,37,8
2026-08,WEEKENDS/HOLIDAY,9,TRAIN,DT30,6933,1959
2026-08,WEEKENDS/HOLIDAY,12,TRAIN,NS23,16678,34856
2026-08,WEEKDAY,0,TRAIN,CC17/TE9,53,771
2026-08,WEEKENDS/HOLIDAY,8,TRAIN,DT28,6226,3416
2026-08,WEEKENDS/HOLIDAY,7,TRAIN,EW23,18275,18958
2026-08,WEEKENDS/HOLIDAY,23,TRAIN,PE1,173,1633
2026-08,WEEKENDS/HOLIDAY,12,TRAIN,EW32,4054,1265
2026-08,WEEKDAY,23,TRAIN,PW3,56,326
2026-08,WEEKDAY,13,TRAIN,BP5,1880,2028
2026-08,WEEKENDS/HOLIDAY,7,TRAIN,DT7,591,564
2026-08,WEEKDAY,15,TRAIN,PE1,3040,4140
2026-08,WEEKENDS/HOLIDAY,12,TRAIN,TE15,6897,7944
2026-08,WEEKENDS/HOLIDAY,17,TRAIN,DT34,3909,2497
2026-08,WEEKDAY,14,TRAIN,EW5,27109,26400
2026-08,WEEKDAY,11,TRAIN,NS18,16196,7926
2026-08,WEEKENDS/HOLIDAY,21,TRAIN,TE19,2716,2389
2026-08,WEEKDAY,11,TRAIN,SW5,6292,4976
2026-08,WEEKDAY,17,TRAIN,TE23,3738,6326
2026-08,WEEKDAY,16,TRAIN,EW33,6828,4065
2026-08,WEEKDAY,10,TRAIN,BP2,2947,992
2026-08,WEEKDAY,19,TRAIN,TE22,5286,10954
2026-08,WEEKDAY,19,TRAIN,TE27,4364,13897
2026-08,WEEKENDS/HOLIDAY,13,TRAIN,TE5,3927,3533
2026-08,WEEKDAY,11,TRAIN,EW3,17119,10931
2026-08,WEEKENDS/HOLIDAY,10,TRAIN,BP13,986,515
2026-08,WEEKDAY,16,TRAIN,DT18,17849,7402
2026-08,WEEKENDS/HOLIDAY,20,TRAIN,PW3,268,829
2026-08,WEEKENDS/HOLIDAY,13,TRAIN,NS21/DT11,38656,38255
2026-08,WEEKDAY,5,TRAIN,TE12,195,249
2026-08,WEEKDAY,12,TRAIN,EW18,16064,13496
2026-08,WEEKENDS/HOLIDAY,12,TRAIN,DT29,4785,2404
2026-08,WEEKDAY,10,TRAIN,DT13,8459,14145
2026-08,WEEKENDS/HOLIDAY,20,TRAIN,DT8,946,1944
2026-08,WEEKDAY,20,TRAIN,SW8,460,2100
2026-08,WEEKDAY,20,TRAIN,NS19,27701,44583
2026-08,WEEKENDS/HOLIDAY,13,TRAIN,DT3,4832,3206
2026-08,WEEKDAY,14,TRAIN,SE5,4919,2770
2026-08,WEEKENDS/HOLIDAY,8,TRAIN,NE1/CC29,10348,23624
2026-08,WEEKDAY,6,TRAIN,CC21,5312,3459
2026-08,WEEKDAY,11,TRAIN,PW2,139,188
2026-08,WEEKDAY,15,TRAIN,PW7,3312,3331
2026-08,WEEKDAY,18,TRAIN,NS23,78991,88689
2026-08,WEEKENDS/HOLIDAY,8,TRAIN,TE7,3258,3301
2026-08,WEEKDAY,22,TRAIN,DT5,6490,13094
2026-08,WEEKDAY,5,TRAIN,SW5,3928,275
2026-08,WEEKENDS/HOLIDAY,20,TRAIN,EW33,3873,4448
2026-08,WEEKENDS/HOLIDAY,20,TRAIN,DT34,1560,3112
2026-08,WEEKDAY,16,TRAIN,TE25,3218,4960
2026-08,WEEKDAY,21,TRAIN,SW8,380,2039
2026-08,WEEKENDS/HOLIDAY,16,TRAIN,NE14,16533,17188
2026-08,WEEKENDS/HOLIDAY,18,TRAIN,DT2,2499,1779
2026-08,WEEKDAY,12,TRAIN,TE8,9234,10042
2026-08,WEEKDAY,5,TRAIN,TE3,4509,685
2026-08,WEEKENDS/HOLIDAY,19,TRAIN,CC23,2942,1726
2026-08,WEEKDAY,7,TRAIN,TE27,17292,14880
2026-08,WEEKDAY,20,TRAIN,EW17,19106,32431
2026-08,WEEKDAY,17,TRAIN,TE28,5857,8611
2026-08,WEEKENDS/HOLIDAY,22,TRAIN,BP5,400,590
2026-08,WEEKDAY,22,TRAIN,EW31,1377,1559
2026-08,WEEKENDS/HOLIDAY,0,TRAIN,DT27,47,542
2026-08,WEEKDAY,11,TRAIN,TE6,12065,5153
2026-08,WEEKENDS/HOLIDAY,7,TRAIN,TE18,861,2283
2026-08,WEEKDAY,18,TRAIN,EW2/DT32,101696,194434
2026-08,WEEKENDS/HOLIDAY,7,TRAIN,BP7,619,267
2026-08,WEEKDAY,20,TRAIN,BP5,1352,2465
2026-08,WEEKDAY,23,TRAIN,EW26,2630,18941
2026-08,WEEKENDS/HOLIDAY,15,TRAIN,BP2,1431,1330
2026-08,WEEKDAY,19,TRAIN,EW14/NS26,168080,30638
2026-08,WEEKENDS/HOLIDAY,19,TRAIN,DT5,9785,10543
2026-08,WEEKENDS/HOLIDAY,9,TRAIN,NS21/DT11,29349,29551
2026-08,WEEKDAY,22,TRAIN,NE18,7343,6192
2026-08,WEEKENDS/HOLIDAY,18,TRAIN,NE14,16991,21273
2026-08,WEEKDAY,7,TRAIN,DT13,10570,9254
2026-08,WEEKENDS/HOLIDAY,22,TRAIN,BP7,130,437
2026-08,WEEKENDS/HOLIDAY,5,TRAIN,DT20,1,0
2026-08,WEEKDAY,20,TRAIN,DT25,3086,5855
2026-08,WEEKDAY,12,TRAIN,BP3,3548,2341
2026-08,WEEKDAY,16,TRAIN,EW27,46764,55102
2026-08,WEEKENDS/HOLIDAY,9,TRAIN,EW20,7524,6585
2026-08,WEEKDAY,15,TRAIN,EW19,12186,15588
2026-08,WEEKENDS/HOLIDAY,21,TRAIN,BP13,199,604
2026-08,WEEKDAY,11,TRAIN,EW22,17018,14076
2026-08,WEEKDAY,23,TRAIN,DT28,1433,6244
2026-08,WEEKDAY,22,TRAIN,EW3,5187,17975
2026-08,WEEKENDS/HOLIDAY,16,TRAIN,NS16,22936,26730
2026-08,WEEKDAY,15,TRAIN,DT8,13467,4853
2026-08,WEEKENDS/HOLIDAY,18,TRAIN,CG2,18318,17559
2026-08,WEEKENDS/HOLIDAY,9,TRAIN,EW6,8375,4569
2026-08,WEEKENDS/HOLIDAY,13,TRAIN,BP8,1167,1105
2026-08,WEEKENDS/HOLIDAY,22,TRAIN,EW4,3247,9456
2026-08,WEEKDAY,16,TRAIN,EW28,38071,26075
2026-08,WEEKDAY,18,TRAIN,NE10,39163,41583
2026-08,WEEKENDS/HOLIDAY,8,TRAIN,DT22,5206,4794
2026-08,WEEKDAY,21,TRAIN,SE1,1154,6188
2026-08,WEEKENDS/HOLIDAY,22,TRAIN,EW14/NS26,17100,4584
2026-08,WEEKENDS/HOLIDAY,7,TRAIN,PW1,57,609
2026-08,WEEKENDS/HOLIDAY,11,TRAIN,TE1,2864,1065
2026-08,WEEKDAY,0,TRAIN,DT23,85,188
2026-08,WEEKDAY,5,TRAIN,CC21,1044,247
2026-08,WEEKDAY,6,TRAIN,NS20,7080,34484
2026-08,WEEKDAY,18,TRAIN,TE24,6510,9372
2026-08,WEEKDAY,18,TRAIN,DT7,12032,12247
2026-08,WEEKENDS/HOLIDAY,21,TRAIN,NE8,34806,18882
2026-08,WEEKENDS/HOLIDAY,18,TRAIN,TE28,2707,3629
2026-08,WEEKENDS/HOLIDAY,7,TRAIN,TE3,4999,3416
2026-08,WEEKDAY,11,TRAIN,NS5,25385,13371
2026-08,WEEKDAY,20,TRAIN,BP10,1298,4925
2026-08,WEEKENDS/HOLIDAY,19,TRAIN,BP2,975,1729
2026-08,WEEKDAY,12,TRAIN,EW21/CC22,28453,26521
2026-08,WEEKENDS/HOLIDAY,18,TRAIN,TE26,13097,10579
2026-08,WEEKENDS/HOLIDAY,17,TRAIN,DT7,2733,2912
2026-08,WEEKENDS/HOLIDAY,15,TRAIN,NS23,32582,34628
2026-08,WEEKENDS/HOLIDAY,15,TRAIN,EW1,17199,17853
2026-08,WEEKDAY,5,TRAIN,NS23,531,534
2026-08,WEEKENDS/HOLIDAY,18,TRAIN,NS5,14310,20500
2026-08,WEEKDAY,7,TRAIN,SW5,16192,5078
2026-08,WEEKENDS/HOLIDAY,12,TRAIN,NE17/PTC,35302,30191
2026-08,WEEKDAY,9,TRAIN,NS5,38876,14464
2026-08,WEEKENDS/HOLIDAY,12,TRAIN,CC21,7106,8220
2026-08,WEEKDAY,12,TRAIN,NS20,49872,48732
2026-08,WEEKDAY,19,TRAIN,TE15,13495,18037
2026-08,WEEKENDS/HOLIDAY,13,TRAIN,CC19/DT9,7017,6176
2026-08,WEEKDAY,14,TRAIN,EW29,7486,4862
2026-08,WEEKENDS/HOLIDAY,15,TRAIN,NE9,12188,11663
2026-08,WEEKENDS/HOLIDAY,11,TRAIN,DT18,3031,4790
2026-08,WEEKDAY,21,TRAIN,NE16/STC,25557,57336
2026-08,WEEKDAY,10,TRAIN,CC21,7210,10740
2026-08,WEEKDAY,9,TRAIN,EW2/DT32,73702,43323
2026-08,WEEKDAY,23,TRAIN,CC16,763,2029
2026-08,WEEKDAY,17,TRAIN,EW18,34652,29121
2026-08,WEEKDAY,23,TRAIN,DT8,302,973
2026-08,WEEKENDS/HOLIDAY,19,TRAIN,EW27,28447,42644
2026-08,WEEKDAY,7,TRAIN,DT25,11959,8596
2026-08,WEEKENDS/HOLIDAY,7,TRAIN,PE6,1981,1454
2026-08,WEEKDAY,13,TRAIN,DT31,8561,7483
2026-08,WEEKENDS/HOLIDAY,9,TRAIN,TE15,4212,6300
2026-08,WEEKDAY,0,TRAIN,CC2,0,29
2026-08,WEEKENDS/HOLIDAY,0,TRAIN,PW2,18,9
2026-08,WEEKDAY,15,TRAIN,NS19,31685,36341
2026-08,WEEKENDS/HOLIDAY,9,TRAIN,CC3,1377,7205
2026-08,WEEKENDS/HOLIDAY,6,TRAIN,EW15,1296,4294
2026-08,WEEKDAY,21,TRAIN,DT13,9937,11705
2026-08,WEEKDAY,15,TRAIN,CC30,170,141
2026-08,WEEKENDS/HOLIDAY,21,TRAIN,NS21/DT11,27087,31590
2026-08,WEEKDAY,21,TRAIN,SW2,2353,1308
2026-08,WEEKDAY,19,TRAIN,SW4,2191,5982
2026-08,WEEKENDS/HOLIDAY,9,TRAIN,PE1,2977,926
2026-08,WEEKDAY,9,TRAIN,DT5,22957,12984
2026-08,WEEKDAY,18,TRAIN,BP8,4186,3996
2026-08,WEEKDAY,10,TRAIN,DT24,5518,2986
2026-08,WEEKENDS/HOLIDAY,23,TRAIN,DT7,257,678
2026-08,WEEKENDS/HOLIDAY,22,TRAIN,TE8,3390,3522
2026-08,WEEKENDS/HOLIDAY,17,TRAIN,NE15,14745,17388
2026-08,WEEKENDS/HOLIDAY,22,TRAIN,NS28,732,386
2026-08,WEEKENDS/HOLIDAY,14,TRAIN,SE2,3068,3375
2026-08,WEEKENDS/HOLIDAY,18,TRAIN,CC7,4994,5343
2026-08,WEEKENDS/HOLIDAY,5,TRAIN,SE2,814,12
2026-08,WEEKDAY,20,TRAIN,NS14,18686,49482
2026-08,WEEKENDS/HOLIDAY,23,TRAIN,CC20,208,939
2026-08,WEEKDAY,11,TRAIN,NS2,22506,17873
2026-08,WEEKDAY,9,TRAIN,CC8,12356,5499
2026-08,WEEKENDS/HOLIDAY,5,TRAIN,EW21/CC22,538,195
2026-08,WEEKENDS/HOLIDAY,5,TRAIN,PE5,572,17
2026-08,WEEKENDS/HOLIDAY,20,TRAIN,CC3,9460,3009
2026-08,WEEKDAY,7,TRAIN,NE7/DT12,28676,36760
2026-08,WEEKENDS/HOLIDAY,0,TRAIN,NS17/CC15,410,1382
2026-08,WEEKDAY,13,TRAIN,SW1,2472,2110
2026-08,WEEKENDS/HOLIDAY,17,TRAIN,NS7,15952,15902
2026-08,WEEKENDS/HOLIDAY,8,TRAIN,PE4,995,430
2026-08,WEEKENDS/HOLIDAY,8,TRAIN,NS13,30232,15957
2026-08,WEEKDAY,20,TRAIN,CC2,5297,3158
2026-08,WEEKDAY,7,TRAIN,NS12,93348,22918
2026-08,WEEKDAY,14,TRAIN,CC30,190,181
2026-08,WEEKDAY,0,TRAIN,EW1,0,4189
2026-08,WEEKENDS/HOLIDAY,12,TRAIN,EW2/DT32,36244,31487
2026-08,WEEKENDS/HOLIDAY,12,TRAIN,CC10/DT26,11440,8429
2026-08,WEEKENDS/HOLIDAY,9,TRAIN,BP5,1244,931
2026-08,WEEKENDS/HOLIDAY,15,TRAIN,EW14/NS26,15894,15295
2026-08,WEEKENDS/HOLIDAY,9,TRAIN,SE1,3210,1321
2026-08,WEEKDAY,18,TRAIN,DT29,13324,26018
2026-08,WEEKDAY,17,TRAIN,TE29,4451,7544
2026-08,WEEKENDS/HOLIDAY,11,TRAIN,CG1/DT35,4884,13363
2026-08,WEEKENDS/HOLIDAY,9,TRAIN,NS3,14108,8130
2026-08,WEEKENDS/HOLIDAY,6,TRAIN,NS12,6569,2177
2026-08,WEEKDAY,22,TRAIN,SE3,450,4047
2026-08,WEEKDAY,13,TRAIN,PW1,1935,2599
2026-08,WEEKDAY,19,TRAIN,EW20,18406,22973
2026-08,WEEKDAY,15,TRAIN,BP9,1590,2488
2026-08,WEEKDAY,12,TRAIN,EW5,28193,24565
2026-08,WEEKDAY,8,TRAIN,PE4,4069,1226
2026-08,WEEKDAY,5,TRAIN,PW4,2002,90
2026-08,WEEKENDS/HOLIDAY,9,TRAIN,EW19,10170,5287
2026-08,WEEKDAY,17,TRAIN,BP7,1338,2073
2026-08,WEEKDAY,12,TRAIN,CG1/DT35,13169,13160
2026-08,WEEKENDS/HOLIDAY,6,TRAIN,TE25,353,109
2026-08,WEEKDAY,5,TRAIN,PE6,2287,244
2026-08,WEEKENDS/HOLIDAY,0,TRAIN,TE5,67,537
2026-08,WEEKENDS/HOLIDAY,16,TRAIN,EW7,8494,9325
2026-08,WEEKENDS/HOLIDAY,18,TRAIN,SW6,1022,1941
2026-08,WEEKENDS/HOLIDAY,5,TRAIN,DT8,24,1
2026-08,WEEKDAY,21,TRAIN,CG1/DT35,19232,3759
2026-08,WEEKENDS/HOLIDAY,13,TRAIN,TE19,2941,3118
2026-08,WEEKENDS/HOLIDAY,19,TRAIN,EW20,5634,7133
2026-08,WEEKENDS/HOLIDAY,16,TRAIN,NS21/DT11,37842,38904
2026-08,WEEKDAY,6,TRAIN,TE29,3978,897
2026-08,WEEKENDS/HOLIDAY,18,TRAIN,EW16/NE3/TE17,15679,12888
2026-08,WEEKDAY,16,TRAIN,TE22,3250,6880
2026-08,WEEKENDS/HOLIDAY,7,TRAIN,CC14,1983,2448
2026-08,WEEKDAY,18,TRAIN,CC26,28618,11338
2026-08,WEEKDAY,16,TRAIN,NS15,35643,13298
2026-08,WEEKDAY,21,TRAIN,CC16,4463,6167
2026-08,WEEKDAY,13,TRAIN,CC17/TE9,12236,8292
2026-08,WEEKENDS/HOLIDAY,15,TRAIN,CC17/TE9,3136,3469
2026-08,WEEKDAY,22,TRAIN,DT28,3430,12006
2026-08,WEEKENDS/HOLIDAY,17,TRAIN,SW3,1070,858
2026-08,WEEKDAY,10,TRAIN,NS28,3014,2875
2026-08,WEEKENDS/HOLIDAY,7,TRAIN,PW2,26,90
2026-08,WEEKENDS/HOLIDAY,13,TRAIN,BP5,1252,1241
2026-08,WEEKENDS/HOLIDAY,21,TRAIN,NE12/CC13,27472,34903
2026-08,WEEKDAY,17,TRAIN,DT17,78151,8856
2026-08,WEEKENDS/HOLIDAY,7,TRAIN,NS24/NE6/CC1,3036,6605
2026-08,WEEKENDS/HOLIDAY,16,TRAIN,EW22,2782,3413
2026-08,WEEKDAY,23,TRAIN,NS14,6976,20855
2026-08,WEEKENDS/HOLIDAY,21,TRAIN,CC4/DT15,27351,5608
2026-08,WEEKDAY,13,TRAIN,TE12,5745,7088
2026-08,WEEKENDS/HOLIDAY,20,TRAIN,CC24,7149,3950
2026-08,WEEKDAY,23,TRAIN,BP5,301,337
2026-08,WEEKENDS/HOLIDAY,7,TRAIN,SW7,485,277
2026-08,WEEKENDS/HOLIDAY,14,TRAIN,NE17/PTC,32833,31931
2026-08,WEEKENDS/HOLIDAY,9,TRAIN,EW2/DT32,30321,19933
2026-08,WEEKDAY,15,TRAIN,DT33,12375,12966
2026-08,WEEKDAY,12,TRAIN,NS23,26470,52047
2026-08,WEEKDAY,19,TRAIN,DT28,15991,23697
2026-08,WEEKDAY,5,TRAIN,CC26,224,333
2026-08,WEEKDAY,5,TRAIN,NS9/TE2,22441,9698
2026-08,WEEKDAY,6,TRAIN,EW4,19427,13037
2026-08,WEEKDAY,21,TRAIN,TE5,4452,8073
2026-08,WEEKDAY,14,TRAIN,CC6,4896,7539
2026-08,WEEKENDS/HOLIDAY,17,TRAIN,DT25,2709,3057
2026-08,WEEKENDS/HOLIDAY,12,TRAIN,PE1,2832,2099
2026-08,WEEKENDS/HOLIDAY,19,TRAIN,DT28,5938,8678
2026-08,WEEKDAY,18,TRAIN,SW2,4698,3014
2026-08,WEEKENDS/HOLIDAY,23,TRAIN,EW31,152,1119
2026-08,WEEKDAY,12,TRAIN,EW26,28014,15007
2026-08,WEEKENDS/HOLIDAY,23,TRAIN,EW32,190,2657
2026-08,WEEKENDS/HOLIDAY,8,TRAIN,TE29,2393,993
2026-08,WEEKDAY,16,TRAIN,SE4,3165,4604
2026-08,WEEKDAY,22,TRAIN,CC5,3890,2938
2026-08,WEEKENDS/HOLIDAY,9,TRAIN,CG2,8727,13180
2026-08,WEEKDAY,8,TRAIN,EW32,4119,25025
2026-08,WEEKENDS/HOLIDAY,7,TRAIN,EW14/NS26,2204,9177
2026-08,WEEKENDS/HOLIDAY,0,TRAIN,TE8,127,374
2026-08,WEEKDAY,11,TRAIN,EW7,13156,9330
2026-08,WEEKDAY,0,TRAIN,NS4/BP1,940,3724
2026-08,WEEKENDS/HOLIDAY,22,TRAIN,DT33,2140,12514
2026-08,WEEKDAY,16,TRAIN,CC30,188,133
2026-08,WEEKENDS/HOLIDAY,21,TRAIN,EW1,9071,20808
2026-08,WEEKDAY,7,TRAIN,NE11,26508,26504
2026-08,WEEKENDS/HOLIDAY,9,TRAIN,EW24/NS1,16316,32544
2026-08,WEEKDAY,23,TRAIN,EW2/DT32,6636,21551
2026-08,WEEKENDS/HOLIDAY,13,TRAIN,CC28,2871,2236
2026-08,WEEKDAY,14,TRAIN,EW19,11412,15285
2026-08,WEEKDAY,9,TRAIN,CC31,4437,2119
2026-08,WEEKENDS/HOLIDAY,16,TRAIN,EW27,29596,34759
2026-08,WEEKDAY,13,TRAIN,SW5,8178,5932
2026-08,WEEKDAY,23,TRAIN,TE16,2341,3949
2026-08,WEEKENDS/HOLIDAY,14,TRAIN,CC2,2711,3143
2026-08,WEEKENDS/HOLIDAY,7,TRAIN,SE1,1855,843
2026-08,WEEKDAY,5,TRAIN,NE11,853,367
2026-08,WEEKENDS/HOLIDAY,7,TRAIN,EW11,7246,4810
2026-08,WEEKENDS/HOLIDAY,19,TRAIN,DT2,1285,1397
2026-08,WEEKENDS/HOLIDAY,13,TRAIN,DT13,7862,9685
2026-08,WEEKENDS/HOLIDAY,9,TRAIN,NE5,3010,8255
2026-08,WEEKDAY,6,TRAIN,PE5,14986,1746
2026-08,WEEKDAY,22,TRAIN,TE18,13728,3710
2026-08,WEEKENDS/HOLIDAY,6,TRAIN,CC20,777,706
2026-08,WEEKDAY,21,TRAIN,NE9,12981,25900
2026-08,WEEKENDS/HOLIDAY,23,TRAIN,NE12/CC13,5558,14916
2026-08,WEEKDAY,12,TRAIN,EW2/DT32,47574,46563
2026-08,WEEKDAY,14,TRAIN,EW7,11319,13485
2026-08,WEEKENDS/HOLIDAY,13,TRAIN,TE4,3596,3101
2026-08,WEEKENDS/HOLIDAY,10,TRAIN,SE4,3462,1775
2026-08,WEEKDAY,21,TRAIN,SE4,1520,4436
2026-08,WEEKENDS/HOLIDAY,6,TRAIN,CC32,68,36
2026-08,WEEKENDS/HOLIDAY,21,TRAIN,EW29,4429,7857
2026-08,WEEKENDS/HOLIDAY,20,TRAIN,DT4,428,1674
2026-08,WEEKDAY,9,TRAIN,DT2,4187,6299
2026-08,WEEKDAY,19,TRAIN,NS15,31470,24748
2026-08,WEEKENDS/HOLIDAY,11,TRAIN,NS12,15435,7353
2026-08,WEEKENDS/HOLIDAY,23,TRAIN,CC16,394,1208
2026-08,WEEKENDS/HOLIDAY,12,TRAIN,NS13,31748,27270
2026-08,WEEKENDS/HOLIDAY,13,TRAIN,EW20,7849,6754
2026-08,WEEKENDS/HOLIDAY,16,TRAIN,EW16/NE3/TE17,17447,11602
2026-08,WEEKENDS/HOLIDAY,23,TRAIN,TE28,395,1061
2026-08,WEEKDAY,19,TRAIN,CC7,6084,14270
2026-08,WEEKENDS/HOLIDAY,23,TRAIN,CC12,500,1644
2026-08,WEEKENDS/HOLIDAY,23,TRAIN,NE10,1397,3459
2026-08,WEEKENDS/HOLIDAY,9,TRAIN,EW17,14441,10902
2026-08,WEEKDAY,15,TRAIN,NS24/NE6/CC1,39253,33498
2026-08,WEEKDAY,7,TRAIN,NS21/DT11,73617,78618
2026-08,WEEKENDS/HOLIDAY,12,TRAIN,CC25,4589,2175
2026-08,WEEKDAY,9,TRAIN,TE11,7571,3223
2026-08,WEEKDAY,13,TRAIN,EW28,26762,21345
2026-08,WEEKDAY,13,TRAIN,CC4/DT15,26360,27169
2026-08,WEEKDAY,14,TRAIN,PW5,2004,2510
2026-08,WEEKDAY,20,TRAIN,TE19,20366,3310
2026-08,WEEKDAY,7,TRAIN,NS11,156912,60460
2026-08,WEEKDAY,11,TRAIN,CC10/DT26,15329,9310
2026-08,WEEKDAY,21,TRAIN,TE8,12264,8135
2026-08,WEEKENDS/HOLIDAY,18,TRAIN,BP6/DT1,21085,29682
2026-08,WEEKDAY,20,TRAIN,EW1,16185,47018
2026-08,WEEKENDS/HOLIDAY,5,TRAIN,DT22,66,7
2026-08,WEEKDAY,23,TRAIN,EW23,7637,15659
2026-08,WEEKENDS/HOLIDAY,12,TRAIN,TE23,2436,1760
2026-08,WEEKDAY,0,TRAIN,CC24,87,171
2026-08,WEEKDAY,6,TRAIN,CC19/DT9,3405,4726
2026-08,WEEKDAY,22,TRAIN,EW6,3182,13420
2026-08,WEEKDAY,19,TRAIN,TE3,10598,29240
2026-08,WEEKDAY,18,TRAIN,TE23,4199,9653
2026-08,WEEKENDS/HOLIDAY,10,TRAIN,NS19,23629,16757
2026-08,WEEKDAY,22,TRAIN,TE28,1081,3915
2026-08,WEEKENDS/HOLIDAY,11,TRAIN,NE13,19953,13610
2026-08,WEEKENDS/HOLIDAY,7,TRAIN,EW6,4651,2739
2026-08,WEEKENDS/HOLIDAY,22,TRAIN,EW5,7386,18713
2026-08,WEEKDAY,10,TRAIN,NS15,15312,16696
2026-08,WEEKDAY,5,TRAIN,EW23,6067,4658
2026-08,WEEKDAY,19,TRAIN,PE7,2715,10605
2026-08,WEEKDAY,15,TRAIN,NS7,15824,17179
2026-08,WEEKENDS/HOLIDAY,9,TRAIN,BP8,959,987
2026-08,WEEKDAY,10,TRAIN,SW7,1265,772
2026-08,WEEKDAY,15,TRAIN,DT2,6408,2478
2026-08,WEEKDAY,17,TRAIN,CC21,15504,20508
2026-08,WEEKDAY,11,TRAIN,SW1,2807,1560
2026-08,WEEKENDS/HOLIDAY,17,TRAIN,EW7,9444,10599
2026-08,WEEKDAY,0,TRAIN,CC34/DT16,1638,698
2026-08,WEEKDAY,13,TRAIN,BP13,1339,1259
2026-08,WEEKDAY,13,TRAIN,BP3,3033,3353
2026-08,WEEKDAY,12,TRAIN,SE2,5163,4273
2026-08,WEEKDAY,18,TRAIN,TE26,21303,30647
2026-08,WEEKDAY,23,TRAIN,EW16/NE3/TE17,6562,5651
2026-08,WEEKENDS/HOLIDAY,19,TRAIN,BP3,1437,2704
2026-08,WEEKDAY,8,TRAIN,CC23,5359,81249
2026-08,WEEKDAY,9,TRAIN,SW6,2975,1746
2026-08,WEEKENDS/HOLIDAY,12,TRAIN,EW7,10604,7882
2026-08,WEEKENDS/HOLIDAY,18,TRAIN,NE12/CC13,40510,48959
2026-08,WEEKENDS/HOLIDAY,13,TRAIN,EW29,7276,4923
2026-08,WEEKDAY,8,TRAIN,EW16/NE3/TE17,36054,134817
2026-08,WEEKENDS/HOLIDAY,10,TRAIN,EW10,7843,6357
2026-08,WEEKENDS/HOLIDAY,22,TRAIN,CC30,45,59
2026-08,WEEKDAY,13,TRAIN,SW6,2411,2736
2026-08,WEEKENDS/HOLIDAY,17,TRAIN,CC24,11256,5292
2026-08,WEEKDAY,12,TRAIN,NE9,26181,18331
2026-08,WEEKENDS/HOLIDAY,22,TRAIN,TE27,1024,3416
2026-08,WEEKENDS/HOLIDAY,6,TRAIN,EW7,4677,2017
2026-08,WEEKDAY,8,TRAIN,NE8,40493,40364
2026-08,WEEKDAY,7,TRAIN,EW30,3480,33032
2026-08,WEEKENDS/HOLIDAY,7,TRAIN,EW21/CC22,4126,9093
2026-08,WEEKENDS/HOLIDAY,8,TRAIN,NS19,17705,13058
2026-08,WEEKDAY,14,TRAIN,NS4/BP1,32589,36172
2026-08,WEEKENDS/HOLIDAY,0,TRAIN,CC21,77,182
2026-08,WEEKENDS/HOLIDAY,5,TRAIN,NE17/PTC,2301,484
2026-08,WEEKDAY,16,TRAIN,BP2,2015,3090
2026-08,WEEKDAY,20,TRAIN,BP11,1215,5275
2026-08,WEEKDAY,16,TRAIN,DT2,8703,2765
2026-08,WEEKENDS/HOLIDAY,17,TRAIN,TE25,2507,2509
2026-08,WEEKDAY,23,TRAIN,CC12,686,2712
2026-08,WEEKENDS/HOLIDAY,11,TRAIN,EW31,1959,635
2026-08,WEEKDAY,0,TRAIN,CC5,25,86
2026-08,WEEKDAY,14,TRAIN,NS11,28064,31908
2026-08,WEEKENDS/HOLIDAY,15,TRAIN,PE3,3550,3882
2026-08,WEEKENDS/HOLIDAY,12,TRAIN,EW31,2707,746
2026-08,WEEKDAY,0,TRAIN,NS11,800,7275
2026-08,WEEKENDS/HOLIDAY,8,TRAIN,EW21/CC22,6305,12839
2026-08,WEEKENDS/HOLIDAY,13,TRAIN,DT17,3465,3780
2026-08,WEEKENDS/HOLIDAY,13,TRAIN,NS24/NE6/CC1,24938,30185
2026-08,WEEKDAY,19,TRAIN,TE12,6306,4370
2026-08,WEEKDAY,13,TRAIN,PE7,5280,4728
2026-08,WEEKDAY,7,TRAIN,EW18,34500,37139
2026-08,WEEKENDS/HOLIDAY,17,TRAIN,BP6/DT1,21922,26212
2026-08,WEEKENDS/HOLIDAY,23,TRAIN,BP4,70,371
2026-08,WEEKENDS/HOLIDAY,20,TRAIN,NS11,13596,28790
2026-08,WEEKDAY,18,TRAIN,TE29,4811,12665
2026-08,WEEKENDS/HOLIDAY,23,TRAIN,PW2,13,7
2026-08,WEEKENDS/HOLIDAY,15,TRAIN,EW11,11366,13345
2026-08,WEEKDAY,18,TRAIN,CC4/DT15,94612,37430
2026-08,WEEKDAY,8,TRAIN,SW8,828,2278
2026-08,WEEKDAY,5,TRAIN,CC31,148,9
2026-08,WEEKDAY,0,TRAIN,TE6,120,1766
2026-08,WEEKENDS/HOLIDAY,16,TRAIN,TE3,6720,5278
2026-08,WEEKENDS/HOLIDAY,0,TRAIN,TE12,9,105
2026-08,WEEKENDS/HOLIDAY,15,TRAIN,CC20,2772,3372
2026-08,WEEKENDS/HOLIDAY,18,TRAIN,EW28,21284,19523
2026-08,WEEKENDS/HOLIDAY,13,TRAIN,PW7,2054,2370
2026-08,WEEKDAY,13,TRAIN,CC16,7750,6775
2026-08,WEEKDAY,6,TRAIN,BP7,3602,745
2026-08,WEEKENDS/HOLIDAY,17,TRAIN,PE1,2460,2375
2026-08,WEEKENDS/HOLIDAY,10,TRAIN,DT3,6012,2170
2026-08,WEEKENDS/HOLIDAY,18,TRAIN,EW27,34342,44795
2026-08,WEEKENDS/HOLIDAY,15,TRAIN,NS18,7379,7712
2026-08,WEEKENDS/HOLIDAY,22,TRAIN,DT3,1029,3535
2026-08,WEEKENDS/HOLIDAY,20,TRAIN,EW20,4145,7171
2026-08,WEEKDAY,17,TRAIN,DT27,26465,12785
2026-08,WEEKENDS/HOLIDAY,7,TRAIN,NE10,5250,3780
2026-08,WEEKDAY,13,TRAIN,SE3,4016,3123
2026-08,WEEKDAY,17,TRAIN,TE1,23814,4654
2026-08,WEEKENDS/HOLIDAY,23,TRAIN,CC24,841,1244
2026-08,WEEKDAY,5,TRAIN,NS18,3844,750
2026-08,WEEKDAY,23,TRAIN,CC32,251,430
2026-08,WEEKDAY,10,TRAIN,CC23,4152,28421
2026-08,WEEKENDS/HOLIDAY,11,TRAIN,PW7,2492,1666
2026-08,WEEKENDS/HOLIDAY,15,TRAIN,CC14,3428,3808
2026-08,WEEKENDS/HOLIDAY,20,TRAIN,CC4/DT15,22054,8731
2026-08,WEEKDAY,15,TRAIN,DT21,10659,9884
2026-08,WEEKDAY,16,TRAIN,NS19,36336,41142
2026-08,WEEKENDS/HOLIDAY,14,TRAIN,DT22,7333,7952
2026-08,WEEKDAY,17,TRAIN,TE6,12725,22247
2026-08,WEEKDAY,7,TRAIN,NE8,42169,28611
2026-08,WEEKDAY,19,TRAIN,PW7,3567,7379
2026-08,WEEKENDS/HOLIDAY,9,TRAIN,CC26,1685,2000
2026-08,WEEKDAY,5,TRAIN,TE5,949,117
2026-08,WEEKDAY,19,TRAIN,BP6/DT1,46911,101666
2026-08,WEEKDAY,6,TRAIN,CC4/DT15,761,9312
2026-08,WEEKDAY,5,TRAIN,NE18,3117,399
2026-08,WEEKENDS/HOLIDAY,20,TRAIN,EW15,11539,6134
2026-08,WEEKENDS/HOLIDAY,8,TRAIN,EW11,7272,7443
2026-08,WEEKENDS/HOLIDAY,14,TRAIN,NE9,13782,12012
2026-08,WEEKDAY,19,TRAIN,BP11,2095,10186
2026-08,WEEKENDS/HOLIDAY,9,TRAIN,NE15,18384,6008
2026-08,WEEKDAY,10,TRAIN,CC30,124,116
2026-08,WEEKENDS/HOLIDAY,23,TRAIN,DT4,98,748
2026-08,WEEKENDS/HOLIDAY,5,TRAIN,TE19,26,0
2026-08,WEEKENDS/HOLIDAY,15,TRAIN,TE4,3848,2518
2026-08,WEEKENDS/HOLIDAY,23,TRAIN,SE1,248,1480
2026-08,WEEKDAY,17,TRAIN,CC34/DT16,53144,39476
2026-08,WEEKENDS/HOLIDAY,7,TRAIN,EW9,16594,6460
2026-08,WEEKENDS/HOLIDAY,0,TRAIN,NS15,187,888
2026-08,WEEKDAY,17,TRAIN,TE14/NS22,121116,87161
2026-08,WEEKDAY,19,TRAIN,NS19,44449,65607
2026-08,WEEKENDS/HOLIDAY,13,TRAIN,DT5,14428,9573
2026-08,WEEKDAY,6,TRAIN,EW12/DT14,14098,17114
2026-08,WEEKENDS/HOLIDAY,21,TRAIN,EW28,7143,23940
2026-08,WEEKDAY,19,TRAIN,NE15,16969,71592
2026-08,WEEKDAY,6,TRAIN,NE14,43191,17126
2026-08,WEEKDAY,16,TRAIN,DT8,12843,5018
2026-08,WEEKENDS/HOLIDAY,15,TRAIN,DT5,11262,9188
2026-08,WEEKDAY,14,TRAIN,NS7,15434,13756
2026-08,WEEKDAY,12,TRAIN,TE23,2632,2432
2026-08,WEEKDAY,21,TRAIN,EW9,15547,32861
2026-08,WEEKDAY,13,TRAIN,EW20,11611,11572
2026-08,WEEKENDS/HOLIDAY,12,TRAIN,CC31,1786,1435
2026-08,WEEKENDS/HOLIDAY,5,TRAIN,DT30,127,0
2026-08,WEEKDAY,23,TRAIN,CC21,3232,2175
2026-08,WEEKENDS/HOLIDAY,18,TRAIN,NS12,11142,14498
2026-08,WEEKDAY,9,TRAIN,DT29,16352,4875
2026-08,WEEKDAY,6,TRAIN,NS2,50391,18403
2026-08,WEEKDAY,12,TRAIN,SW2,4400,2844
2026-08,WEEKDAY,10,TRAIN,PE4,1717,701
2026-08,WEEKDAY,11,TRAIN,EW6,10274,6566
2026-08,WEEKDAY,7,TRAIN,TE11,8734,13827
2026-08,WEEKENDS/HOLIDAY,17,TRAIN,NS8,10689,10280
2026-08,WEEKENDS/HOLIDAY,5,TRAIN,NE5,223,16
2026-08,WEEKENDS/HOLIDAY,8,TRAIN,TE1,2893,3655
2026-08,WEEKENDS/HOLIDAY,22,TRAIN,EW6,1750,7074
2026-08,WEEKDAY,9,TRAIN,EW28,35102,29956
2026-08,WEEKDAY,6,TRAIN,DT27,8913,7847
2026-08,WEEKENDS/HOLIDAY,0,TRAIN,NE10,87,399
2026-08,WEEKDAY,7,TRAIN,DT2,7389,17633
2026-08,WEEKENDS/HOLIDAY,21,TRAIN,EW17,8647,14651
2026-08,WEEKDAY,8,TRAIN,NE10,44947,36948
2026-08,WEEKDAY,21,TRAIN,BP12,938,3224
2026-08,WEEKENDS/HOLIDAY,6,TRAIN,CC2,181,388
2026-08,WEEKENDS/HOLIDAY,0,TRAIN,CC14,31,223
2026-08,WEEKENDS/HOLIDAY,17,TRAIN,SE1,2729,2536
2026-08,WEEKDAY,11,TRAIN,TE4,3825,4239
2026-08,WEEKDAY,20,TRAIN,EW10,6979,21083
2026-08,WEEKENDS/HOLIDAY,16,TRAIN,TE15,8288,7977
2026-08,WEEKDAY,7,TRAIN,NS4/BP1,116841,72640
2026-08,WEEKDAY,12,TRAIN,EW12/DT14,50924,80198
2026-08,WEEKDAY,19,TRAIN,NS18,16817,27590
2026-08,WEEKENDS/HOLIDAY,14,TRAIN,SW7,660,1150
2026-08,WEEKENDS/HOLIDAY,21,TRAIN,TE28,1543,3433
2026-08,WEEKDAY,20,TRAIN,NS15,17455,14979
2026-08,WEEKENDS/HOLIDAY,7,TRAIN,DT21,563,1099
2026-08,WEEKENDS/HOLIDAY,14,TRAIN,DT29,3726,3285
2026-08,WEEKDAY,5,TRAIN,BP3,2604,220
2026-08,WEEKDAY,6,TRAIN,CC6,1419,2794
2026-08,WEEKENDS/HOLIDAY,14,TRAIN,TE28,2128,2770
2026-08,WEEKENDS/HOLIDAY,9,TRAIN,NS13,32247,18775
2026-08,WEEKENDS/HOLIDAY,22,TRAIN,NE14,4553,20111
2026-08,WEEKENDS/HOLIDAY,0,TRAIN,NE18,0,611
2026-08,WEEKENDS/HOLIDAY,9,TRAIN,TE27,4896,2002
2026-08,WEEKDAY,8,TRAIN,CC21,15076,14449
2026-08,WEEKENDS/HOLIDAY,13,TRAIN,EW11,10910,13541
2026-08,WEEKENDS/HOLIDAY,7,TRAIN,EW2/DT32,16708,10883
2026-08,WEEKDAY,16,TRAIN,EW19,16847,18223
2026-08,WEEKDAY,9,TRAIN,NE10,27298,18985
2026-08,WEEKENDS/HOLIDAY,14,TRAIN,CC4/DT15,14360,20088
2026-08,WEEKENDS/HOLIDAY,18,TRAIN,PE2,3074,3795
2026-08,WEEKDAY,18,TRAIN,EW21/CC22,125073,58613
2026-08,WEEKDAY,23,TRAIN,EW24/NS1,14264,10194
2026-08,WEEKENDS/HOLIDAY,12,TRAIN,EW11,11399,12597
2026-08,WEEKDAY,23,TRAIN,DT27,1121,3580
2026-08,WEEKENDS/HOLIDAY,5,TRAIN,BP2,520,87
2026-08,WEEKDAY,22,TRAIN,NS13,22748,58710
2026-08,WEEKENDS/HOLIDAY,22,TRAIN,TE22,5128,634
2026-08,WEEKDAY,17,TRAIN,DT30,9407,19496
2026-08,WEEKDAY,17,TRAIN,NE10,30440,24773
2026-08,WEEKDAY,10,TRAIN,EW30,1189,1468
2026-08,WEEKENDS/HOLIDAY,18,TRAIN,NS17/CC15,16660,13508
2026-08,WEEKENDS/HOLIDAY,8,TRAIN,TE18,1662,4628
2026-08,WEEKENDS/HOLIDAY,5,TRAIN,EW28,4372,327
2026-08,WEEKENDS/HOLIDAY,21,TRAIN,SW4,596,2376
2026-08,WEEKENDS/HOLIDAY,21,TRAIN,CC27,1287,739
2026-08,WEEKENDS/HOLIDAY,15,TRAIN,BP11,1832,1715
2026-08,WEEKDAY,22,TRAIN,TE4,4322,3536
2026-08,WEEKENDS/HOLIDAY,15,TRAIN,EW5,18843,19428
2026-08,WEEKENDS/HOLIDAY,16,TRAIN,EW5,18938,21910
2026-08,WEEKENDS/HOLIDAY,7,TRAIN,SW8,297,320
2026-08,WEEKDAY,8,TRAIN,CC26,7801,28835
2026-08,WEEKDAY,16,TRAIN,DT29,5023,7934
2026-08,WEEKENDS/HOLIDAY,19,TRAIN,PW2,260,165
2026-08,WEEKENDS/HOLIDAY,0,TRAIN,TE13,26,136
2026-08,WEEKDAY,7,TRAIN,PW3,3759,2586
2026-08,WEEKENDS/HOLIDAY,8,TRAIN,PW6,1142,320
2026-08,WEEKENDS/HOLIDAY,15,TRAIN,PW3,418,487
2026-08,WEEKDAY,6,TRAIN,SW3,5012,1079
2026-08,WEEKDAY,6,TRAIN,DT6,3801,5364
2026-08,WEEKENDS/HOLIDAY,22,TRAIN,TE29,586,2161
2026-08,WEEKENDS/HOLIDAY,10,TRAIN,EW33,3018,1771
2026-08,WEEKENDS/HOLIDAY,11,TRAIN,NS14,21336,12203
2026-08,WEEKENDS/HOLIDAY,22,TRAIN,CC14,1187,2838
2026-08,WEEKDAY,11,TRAIN,BP3,3763,2025
2026-08,WEEKDAY,23,TRAIN,NS24/NE6/CC1,11609,4671
2026-08,WEEKENDS/HOLIDAY,0,TRAIN,CC4/DT15,280,247
2026-08,WEEKDAY,20,TRAIN,NS9/TE2,46078,86266
2026-08,WEEKENDS/HOLIDAY,16,TRAIN,NE11,10751,10161
2026-08,WEEKDAY,5,TRAIN,CC3,58,14
2026-08,WEEKENDS/HOLIDAY,18,TRAIN,DT3,4110,4647
2026-08,WEEKENDS/HOLIDAY,22,TRAIN,DT30,1233,6468
2026-08,WEEKDAY,15,TRAIN,TE23,2130,3863
2026-08,WEEKENDS/HOLIDAY,18,TRAIN,CC31,2141,1654
2026-08,WEEKENDS/HOLIDAY,5,TRAIN,CC14,272,28
2026-08,WEEKENDS/HOLIDAY,20,TRAIN,CC30,82,106
2026-08,WEEKENDS/HOLIDAY,13,TRAIN,EW4,9773,6962
2026-08,WEEKENDS/HOLIDAY,6,TRAIN,NE14,8755,2831
2026-08,WEEKENDS/HOLIDAY,16,TRAIN,PE6,4515,4367
2026-08,WEEKDAY,0,TRAIN,CC28,1,86
2026-08,WEEKDAY,21,TRAIN,DT5,11562,16179
2026-08,WEEKENDS/HOLIDAY,22,TRAIN,TE3,1520,6791
2026-08,WEEKDAY,5,TRAIN,NE17/PTC,9251,2107
2026-08,WEEKDAY,22,TRAIN,SW6,402,3076
2026-08,WEEKDAY,22,TRAIN,NS5,8022,30691
2026-08,WEEKDAY,15,TRAIN,DT23,3177,2936
2026-08,WEEKENDS/HOLIDAY,7,TRAIN,BP11,1828,440
2026-08,WEEKDAY,7,TRAIN,PE1,13174,5179
2026-08,WEEKENDS/HOLIDAY,20,TRAIN,NS9/TE2,28609,39667
2026-08,WEEKENDS/HOLIDAY,11,TRAIN,NE7/DT12,19544,33768
2026-08,WEEKENDS/HOLIDAY,10,TRAIN,DT2,2375,840
2026-08,WEEKDAY,0,TRAIN,TE23,28,209
2026-08,WEEKDAY,0,TRAIN,EW26,63,3978
2026-08,WEEKDAY,15,TRAIN,NS25/EW13,48484,42968
2026-08,WEEKENDS/HOLIDAY,15,TRAIN,NE17/PTC,31887,31522
2026-08,WEEKENDS/HOLIDAY,10,TRAIN,BP3,3047,980
2026-08,WEEKENDS/HOLIDAY,20,TRAIN,NE14,9284,20525
2026-08,WEEKDAY,17,TRAIN,NS15,64162,22011
2026-08,WEEKENDS/HOLIDAY,23,TRAIN,TE27,460,1854
2026-08,WEEKENDS/HOLIDAY,11,TRAIN,DT23,1532,1761
2026-08,WEEKDAY,15,TRAIN,NE9,20635,18604
2026-08,WEEKDAY,18,TRAIN,CC32,11207,3582
2026-08,WEEKENDS/HOLIDAY,20,TRAIN,DT13,7186,6815
2026-08,WEEKDAY,21,TRAIN,EW10,5981,18966
2026-08,WEEKENDS/HOLIDAY,18,TRAIN,SW5,3807,4894
2026-08,WEEKDAY,12,TRAIN,NS16,36934,32135
2026-08,WEEKENDS/HOLIDAY,18,TRAIN,DT17,4498,4322
2026-08,WEEKDAY,10,TRAIN,DT5,12643,9797
2026-08,WEEKDAY,11,TRAIN,PE7,3629,2328
2026-08,WEEKENDS/HOLIDAY,21,TRAIN,BP6/DT1,12412,24762
2026-08,WEEKDAY,19,TRAIN,NE18,23667,23592
2026-08,WEEKENDS/HOLIDAY,9,TRAIN,DT34,2410,1365
2026-08,WEEKENDS/HOLIDAY,8,TRAIN,NS16,23815,15806
2026-08,WEEKENDS/HOLIDAY,6,TRAIN,CC21,1003,938
2026-08,WEEKDAY,14,TRAIN,BP13,1009,1339
2026-08,WEEKENDS/HOLIDAY,0,TRAIN,TE3,46,1066
2026-08,WEEKENDS/HOLIDAY,5,TRAIN,TE25,22,0
2026-08,WEEKDAY,6,TRAIN,SW8,638,1171
2026-08,WEEKDAY,8,TRAIN,DT8,9302,17059
2026-08,WEEKDAY,6,TRAIN,PW3,3671,964
2026-08,WEEKENDS/HOLIDAY,14,TRAIN,CG2,20228,19818
2026-08,WEEKENDS/HOLIDAY,9,TRAIN,CC6,2962,7813
2026-08,WEEKENDS/HOLIDAY,7,TRAIN,CC24,2086,8220
2026-08,WEEKDAY,21,TRAIN,EW31,3534,2250
2026-08,WEEKDAY,18,TRAIN,BP2,3157,7826
2026-08,WEEKDAY,13,TRAIN,CC31,2262,2428
2026-08,WEEKDAY,22,TRAIN,DT23,3048,3139
2026-08,WEEKDAY,5,TRAIN,PE4,744,129
2026-08,WEEKDAY,18,TRAIN,CC12,14563,25442
2026-08,WEEKENDS/HOLIDAY,21,TRAIN,TE15,6853,4355
2026-08,WEEKDAY,14,TRAIN,BP5,1981,2224
2026-08,WEEKENDS/HOLIDAY,5,TRAIN,BP6/DT1,1334,1726
2026-08,WEEKDAY,14,TRAIN,DT3,6693,6197
2026-08,WEEKDAY,11,TRAIN,TE25,3347,1882
2026-08,WEEKDAY,12,TRAIN,TE3,13427,10344
2026-08,WEEKENDS/HOLIDAY,18,TRAIN,EW11,14378,14810
2026-08,WEEKENDS/HOLIDAY,18,TRAIN,CC5,4778,9716
2026-08,WEEKDAY,23,TRAIN,NS15,2975,4762
2026-08,WEEKENDS/HOLIDAY,14,TRAIN,DT4,1377,1410
2026-08,WEEKDAY,21,TRAIN,NS4/BP1,23569,45534
2026-08,WEEKDAY,12,TRAIN,PE1,3618,2903
2026-08,WEEKDAY,11,TRAIN,NE16/STC,41054,31491
2026-08,WEEKDAY,23,TRAIN,BP3,302,1262
2026-08,WEEKDAY,22,TRAIN,NS7,14721,38608
2026-08,WEEKENDS/HOLIDAY,17,TRAIN,CC2,4376,2828
2026-08,WEEKDAY,13,TRAIN,DT3,6149,4872
2026-08,WEEKDAY,21,TRAIN,CC31,891,3321
2026-08,WEEKENDS/HOLIDAY,22,TRAIN,CC2,1764,1625
2026-08,WEEKENDS/HOLIDAY,19,TRAIN,EW16/NE3/TE17,14987,12486
2026-08,WEEKDAY,14,TRAIN,NS25/EW13,49112,44166
2026-08,WEEKENDS/HOLIDAY,19,TRAIN,CC2,3724,2482
2026-08,WEEKDAY,12,TRAIN,NS7,18798,14551
2026-08,WEEKDAY,12,TRAIN,CC14,7841,5067
2026-08,WEEKENDS/HOLIDAY,20,TRAIN,BP12,583,1471
2026-08,WEEKENDS/HOLIDAY,17,TRAIN,SW1,1302,599
2026-08,WEEKDAY,8,TRAIN,BP8,2987,3790
2026-08,WEEKDAY,17,TRAIN,BP2,2776,4343
2026-08,WEEKENDS/HOLIDAY,17,TRAIN,CC16,4601,3622
2026-08,WEEKENDS/HOLIDAY,10,TRAIN,SW8,693,470
2026-08,WEEKDAY,9,TRAIN,NE8,25868,30874
2026-08,WEEKDAY,19,TRAIN,SE4,2590,9251
2026-08,WEEKENDS/HOLIDAY,20,TRAIN,SE5,623,2066
2026-08,WEEKDAY,18,TRAIN,NS9/TE2,95287,207056
2026-08,WEEKENDS/HOLIDAY,16,TRAIN,DT21,7122,6248
2026-08,WEEKENDS/HOLIDAY,20,TRAIN,TE25,1356,2341
2026-08,WEEKENDS/HOLIDAY,16,TRAIN,SW3,897,708
2026-08,WEEKDAY,17,TRAIN,CC28,6919,7930
2026-08,WEEKENDS/HOLIDAY,19,TRAIN,NS5,11037,20569
2026-08,WEEKENDS/HOLIDAY,23,TRAIN,NS21/DT11,12026,11815
2026-08,WEEKDAY,7,TRAIN,EW19,43295,23890
2026-08,WEEKDAY,9,TRAIN,CC17/TE9,13573,11045
2026-08,WEEKENDS/HOLIDAY,18,TRAIN,NE1/CC29,56971,39885
2026-08,WEEKDAY,9,TRAIN,DT3,13559,2866
2026-08,WEEKDAY,8,TRAIN,TE4,10431,14298
2026-08,WEEKENDS/HOLIDAY,11,TRAIN,DT25,2651,1348
2026-08,WEEKDAY,21,TRAIN,TE11,2817,4803
2026-08,WEEKDAY,7,TRAIN,CC20,13795,13316
2026-08,WEEKENDS/HOLIDAY,22,TRAIN,DT7,886,1595
2026-08,WEEKENDS/HOLIDAY,12,TRAIN,CC27,1464,1396
2026-08,WEEKDAY,0,TRAIN,BP10,0,1
2026-08,WEEKDAY,7,TRAIN,CG1/DT35,2745,32326
2026-08,WEEKDAY,11,TRAIN,CC34/DT16,17336,37947
2026-08,WEEKDAY,12,TRAIN,EW20,12187,9364
2026-08,WEEKDAY,20,TRAIN,DT23,4633,3767
2026-08,WEEKENDS/HOLIDAY,17,TRAIN,SW4,1905,2184
2026-08,WEEKENDS/HOLIDAY,12,TRAIN,EW9,17463,12497
2026-08,WEEKDAY,7,TRAIN,NS28,1626,3835
2026-08,WEEKDAY,20,TRAIN,PE3,3061,9604
2026-08,WEEKDAY,17,TRAIN,NE12/CC13,71805,116649
2026-08,WEEKENDS/HOLIDAY,8,TRAIN,NE10,7444,5677
2026-08,WEEKDAY,6,TRAIN,NS4/BP1,66119,40425
2026-08,WEEKDAY,15,TRAIN,NE10,16375,16066
2026-08,WEEKDAY,14,TRAIN,TE13,4648,6328
2026-08,WEEKENDS/HOLIDAY,0,TRAIN,SW7,12,212
2026-08,WEEKDAY,9,TRAIN,CC2,2841,13072
2026-08,WEEKDAY,11,TRAIN,SE1,4106,2455
2026-08,WEEKDAY,22,TRAIN,NS23,50015,9803
2026-08,WEEKDAY,19,TRAIN,CC28,5064,9916
2026-08,WEEKDAY,13,TRAIN,DT33,14070,10280
2026-08,WEEKENDS/HOLIDAY,14,TRAIN,TE3,6862,4958
2026-08,WEEKDAY,13,TRAIN,BP8,2516,1863
2026-08,WEEKENDS/HOLIDAY,6,TRAIN,NS9/TE2,16629,11750
2026-08,WEEKDAY,13,TRAIN,NE9,24397,22228
2026-08,WEEKENDS/HOLIDAY,20,TRAIN,DT30,2066,6271
2026-08,WEEKDAY,6,TRAIN,NE7/DT12,17127,14967
2026-08,WEEKENDS/HOLIDAY,17,TRAIN,NS16,24206,29696
2026-08,WEEKENDS/HOLIDAY,20,TRAIN,BP9,560,1187
2026-08,WEEKENDS/HOLIDAY,22,TRAIN,EW25,3153,7849
2026-08,WEEKDAY,10,TRAIN,TE27,7672,2743
2026-08,WEEKENDS/HOLIDAY,15,TRAIN,EW30,1821,761
2026-08,WEEKDAY,14,TRAIN,NS9/TE2,45878,58011
2026-08,WEEKENDS/HOLIDAY,0,TRAIN,DT7,14,165
2026-08,WEEKDAY,16,TRAIN,CC3,8911,5722
2026-08,WEEKDAY,12,TRAIN,CC8,7811,5612
2026-08,WEEKDAY,16,TRAIN,BP13,1225,1340
2026-08,WEEKENDS/HOLIDAY,11,TRAIN,NE4/DT19,26157,50331
2026-08,WEEKDAY,9,TRAIN,CC5,3521,12342
2026-08,WEEKENDS/HOLIDAY,23,TRAIN,CC6,14257,375
2026-08,WEEKENDS/HOLIDAY,20,TRAIN,SW2,1647,1412
2026-08,WEEKENDS/HOLIDAY,8,TRAIN,DT34,1901,1457
2026-08,WEEKENDS/HOLIDAY,14,TRAIN,DT34,2463,2195
2026-08,WEEKENDS/HOLIDAY,7,TRAIN,PW4,1605,600
2026-08,WEEKENDS/HOLIDAY,16,TRAIN,NS25/EW13,56644,49653
2026-08,WEEKENDS/HOLIDAY,13,TRAIN,CC3,6122,8769
2026-08,WEEKENDS/HOLIDAY,19,TRAIN,NS23,35116,22615
2026-08,WEEKDAY,21,TRAIN,PW3,242,1377
2026-08,WEEKDAY,19,TRAIN,CC10/DT26,25454,31518
2026-08,WEEKDAY,15,TRAIN,SE4,2849,4207
2026-08,WEEKENDS/HOLIDAY,21,TRAIN,NS23,35199,11176
2026-08,WEEKDAY,17,TRAIN,NE9,51773,33166
2026-08,WEEKDAY,20,TRAIN,NE11,14608,17928
2026-08,WEEKENDS/HOLIDAY,0,TRAIN,EW15,68,235
2026-08,WEEKDAY,7,TRAIN,EW33,19705,18058
2026-08,WEEKDAY,14,TRAIN,NE14,26139,24656
2026-08,WEEKENDS/HOLIDAY,8,TRAIN,PE2,4005,874
2026-08,WEEKENDS/HOLIDAY,20,TRAIN,CG2,19246,11732
2026-08,WEEKENDS/HOLIDAY,18,TRAIN,DT8,2308,2874
2026-08,WEEKDAY,15,TRAIN,TE4,4992,4046
2026-08,WEEKENDS/HOLIDAY,19,TRAIN,TE1,3404,4120
2026-08,WEEKDAY,14,TRAIN,SW1,2394,1920
2026-08,WEEKENDS/HOLIDAY,10,TRAIN,BP11,2783,1043
2026-08,WEEKENDS/HOLIDAY,18,TRAIN,TE5,4191,5676
2026-08,WEEKENDS/HOLIDAY,5,TRAIN,PW7,260,154
2026-08,WEEKDAY,8,TRAIN,EW20,32322,40654
2026-08,WEEKENDS/HOLIDAY,6,TRAIN,SE4,1103,346
2026-08,WEEKENDS/HOLIDAY,19,TRAIN,TE7,2257,3783
2026-08,WEEKENDS/HOLIDAY,10,TRAIN,SE5,2249,836
2026-08,WEEKDAY,14,TRAIN,SW2,3868,3010
2026-08,WEEKDAY,15,TRAIN,CC12,10380,7879
2026-08,WEEKENDS/HOLIDAY,6,TRAIN,BP10,1264,297
2026-08,WEEKENDS/HOLIDAY,10,TRAIN,CC6,5065,8111
2026-08,WEEKENDS/HOLIDAY,12,TRAIN,PW5,2041,1345
2026-08,WEEKDAY,6,TRAIN,SW1,2962,1627
2026-08,WEEKDAY,8,TRAIN,EW24/NS1,58899,180236
2026-08,WEEKDAY,21,TRAIN,TE24,1238,3690
2026-08,WEEKDAY,10,TRAIN,TE15,7602,10493
2026-08,WEEKDAY,18,TRAIN,TE16,23369,17876
2026-08,WEEKENDS/HOLIDAY,12,TRAIN,PW1,1822,2490
2026-08,WEEKDAY,8,TRAIN,TE24,9640,3923
2026-08,WEEKENDS/HOLIDAY,21,TRAIN,DT20,3461,3535
2026-08,WEEKDAY,5,TRAIN,TE27,1023,1
2026-08,WEEKDAY,17,TRAIN,DT31,12689,18155
2026-08,WEEKENDS/HOLIDAY,6,TRAIN,NS13,18078,5074
2026-08,WEEKENDS/HOLIDAY,8,TRAIN,CC5,1008,1339
2026-08,WEEKDAY,11,TRAIN,DT18,12472,18054
2026-08,WEEKENDS/HOLIDAY,13,TRAIN,BP11,2304,1868
2026-08,WEEKENDS/HOLIDAY,19,TRAIN,CC34/DT16,42144,41059
2026-08,WEEKDAY,7,TRAIN,CC19/DT9,9320,11873
2026-08,WEEKDAY,20,TRAIN,CC31,1268,3341
2026-08,WEEKDAY,5,TRAIN,DT17,52,0
2026-08,WEEKENDS/HOLIDAY,20,TRAIN,SE4,932,2413
2026-08,WEEKENDS/HOLIDAY,17,TRAIN,DT5,11825,11234
2026-08,WEEKENDS/HOLIDAY,18,TRAIN,EW32,5444,4544
2026-08,WEEKDAY,13,TRAIN,EW24/NS1,54324,62898
2026-08,WEEKENDS/HOLIDAY,14,TRAIN,BP9,1325,1256
2026-08,WEEKDAY,19,TRAIN,DT22,14058,23350
2026-08,WEEKDAY,5,TRAIN,DT13,614,86
2026-08,WEEKENDS/HOLIDAY,15,TRAIN,DT7,1888,2228
2026-08,WEEKENDS/HOLIDAY,21,TRAIN,TE14/NS22,65630,16849
2026-08,WEEKENDS/HOLIDAY,17,TRAIN,NE9,14415,13519
2026-08,WEEKDAY,7,TRAIN,NS2,97125,47973
2026-08,WEEKDAY,14,TRAIN,TE8,9440,10514
2026-08,WEEKENDS/HOLIDAY,16,TRAIN,CC11,11512,6478
2026-08,WEEKENDS/HOLIDAY,7,TRAIN,TE26,1993,2052
2026-08,WEEKDAY,0,TRAIN,EW22,57,283
2026-08,WEEKENDS/HOLIDAY,19,TRAIN,TE11,2255,2492
2026-08,WEEKENDS/HOLIDAY,15,TRAIN,DT8,1949,2174
2026-08,WEEKDAY,15,TRAIN,CC20,5852,7101
2026-08,WEEKENDS/HOLIDAY,15,TRAIN,SW8,418,785
2026-08,WEEKDAY,11,TRAIN,CC21,8101,12917
2026-08,WEEKDAY,23,TRAIN,DT4,118,1299
2026-08,WEEKDAY,19,TRAIN,TE28,3212,11471
2026-08,WEEKDAY,13,TRAIN,CC26,3862,6022
2026-08,WEEKDAY,0,TRAIN,CC26,9,203
2026-08,WEEKENDS/HOLIDAY,14,TRAIN,CG1/DT35,13025,15925
2026-08,WEEKDAY,21,TRAIN,CG2,29054,15142
2026-08,WEEKDAY,5,TRAIN,NE4/DT19,1353,60
2026-08,WEEKDAY,14,TRAIN,DT34,3264,4672
2026-08,WEEKDAY,0,TRAIN,EW24/NS1,1296,2471
2026-08,WEEKENDS/HOLIDAY,21,TRAIN,EW21/CC22,11071,9388
2026-08,WEEKENDS/HOLIDAY,13,TRAIN,TE28,2606,2711
2026-08,WEEKENDS/HOLIDAY,8,TRAIN,SW8,563,268
2026-08,WEEKENDS/HOLIDAY,11,TRAIN,EW18,11161,7739
2026-08,WEEKENDS/HOLIDAY,22,TRAIN,CC25,1376,2925
2026-08,WEEKENDS/HOLIDAY,9,TRAIN,EW33,3441,2056
2026-08,WEEKENDS/HOLIDAY,21,TRAIN,TE26,9006,6488
2026-08,WEEKENDS/HOLIDAY,19,TRAIN,NS12,8266,14938
2026-08,WEEKDAY,21,TRAIN,BP3,1704,5628
2026-08,WEEKENDS/HOLIDAY,0,TRAIN,SE2,18,542
2026-08,WEEKENDS/HOLIDAY,17,TRAIN,DT4,1545,1608
2026-08,WEEKENDS/HOLIDAY,9,TRAIN,NS23,5307,20385
2026-08,WEEKENDS/HOLIDAY,17,TRAIN,TE18,10950,9498
2026-08,WEEKDAY,16,TRAIN,NE12/CC13,54881,71542
2026-08,WEEKENDS/HOLIDAY,22,TRAIN,SE1,603,2912
2026-08,WEEKENDS/HOLIDAY,18,TRAIN,EW17,14073,16764
2026-08,WEEKENDS/HOLIDAY,17,TRAIN,CC30,182,150
2026-08,WEEKDAY,21,TRAIN,DT31,4564,11676
2026-08,WEEKDAY,18,TRAIN,EW22,26609,23541
2026-08,WEEKENDS/HOLIDAY,10,TRAIN,TE12,2750,4408
2026-08,WEEKENDS/HOLIDAY,6,TRAIN,BP5,554,348
2026-08,WEEKENDS/HOLIDAY,6,TRAIN,TE15,619,1051
2026-08,WEEKDAY,21,TRAIN,EW17,17392,28210
2026-08,WEEKDAY,11,TRAIN,EW4,15384,6790
2026-08,WEEKDAY,13,TRAIN,EW10,7888,10015
2026-08,WEEKENDS/HOLIDAY,17,TRAIN,PE5,3357,3823
2026-08,WEEKDAY,11,TRAIN,PW3,749,463
2026-08,WEEKENDS/HOLIDAY,13,TRAIN,NS4/BP1,22327,23012
2026-08,WEEKDAY,11,TRAIN,TE29,3667,1577
2026-08,WEEKDAY,16,TRAIN,NS9/TE2,49628,75538
2026-08,WEEKDAY,12,TRAIN,NE10,16884,12717
2026-08,WEEKENDS/HOLIDAY,17,TRAIN,DT6,4841,3526
2026-08,WEEKENDS/HOLIDAY,23,TRAIN,DT3,319,1787
2026-08,WEEKDAY,16,TRAIN,CC6,6864,8072
2026-08,WEEKDAY,15,TRAIN,NE12/CC13,54210,62790
2026-08,WEEKDAY,15,TRAIN,TE22,2859,5645
2026-08,WEEKENDS/HOLIDAY,5,TRAIN,DT33,454,5
2026-08,WEEKENDS/HOLIDAY,10,TRAIN,NS24/NE6/CC1,10584,21235
2026-08,WEEKENDS/HOLIDAY,20,TRAIN,SW5,2608,3937
2026-08,WEEKENDS/HOLIDAY,19,TRAIN,NE13,12439,15199
2026-08,WEEKDAY,6,TRAIN,SE4,6452,968
2026-08,WEEKDAY,20,TRAIN,CC8,4837,9580
2026-08,WEEKDAY,12,TRAIN,TE19,11709,10240
2026-08,WEEKDAY,8,TRAIN,BP7,2815,906
2026-08,WEEKDAY,14,TRAIN,NS24/NE6/CC1,36103,33436
2026-08,WEEKDAY,15,TRAIN,SW2,3419,3351
2026-08,WEEKENDS/HOLIDAY,11,TRAIN,EW4,11276,4886
2026-08,WEEKENDS/HOLIDAY,19,TRAIN,CC5,5142,10622
2026-08,WEEKENDS/HOLIDAY,10,TRAIN,CC14,4474,2800
2026-08,WEEKDAY,0,TRAIN,NS14,1015,5196
2026-08,WEEKENDS/HOLIDAY,15,TRAIN,DT30,4345,4674
2026-08,WEEKDAY,23,TRAIN,TE23,961,1017
2026-08,WEEKDAY,21,TRAIN,EW22,8502,7239
2026-08,WEEKDAY,23,TRAIN,DT24,703,3543
2026-08,WEEKDAY,11,TRAIN,EW17,21076,19590
2026-08,WEEKENDS/HOLIDAY,21,TRAIN,BP11,639,2114
2026-08,WEEKENDS/HOLIDAY,0,TRAIN,EW11,167,672
2026-08,WEEKDAY,21,TRAIN,PW2,138,31
2026-08,WEEKENDS/HOLIDAY,18,TRAIN,EW8/CC9,51038,39713
2026-08,WEEKENDS/HOLIDAY,8,TRAIN,EW2/DT32,25046,17260
2026-08,WEEKDAY,0,TRAIN,EW7,125,1045
2026-08,WEEKDAY,0,TRAIN,DT34,9,669
2026-08,WEEKDAY,5,TRAIN,TE25,145,0
2026-08,WEEKENDS/HOLIDAY,14,TRAIN,PW4,3123,3203
2026-08,WEEKDAY,21,TRAIN,TE22,11225,1324
2026-08,WEEKENDS/HOLIDAY,23,TRAIN,NE9,2001,5944
2026-08,WEEKENDS/HOLIDAY,12,TRAIN,EW15,12343,16231
2026-08,WEEKENDS/HOLIDAY,15,TRAIN,NS2,14850,17463
2026-08,WEEKDAY,11,TRAIN,CC28,4421,2329
2026-08,WEEKDAY,23,TRAIN,CG1/DT35,2558,1247
2026-08,WEEKDAY,18,TRAIN,PW3,1275,1884
2026-08,WEEKENDS/HOLIDAY,5,TRAIN,NE4/DT19,419,19
2026-08,WEEKDAY,8,TRAIN,PE7,9376,2534
2026-08,WEEKDAY,16,TRAIN,DT25,4927,4668
2026-08,WEEKDAY,10,TRAIN,DT20,5187,7372
2026-08,WEEKENDS/HOLIDAY,8,TRAIN,SW3,1282,367
2026-08,WEEKDAY,11,TRAIN,NS4/BP1,30100,25314
2026-08,WEEKENDS/HOLIDAY,5,TRAIN,CC24,119,55
2026-08,WEEKENDS/HOLIDAY,10,TRAIN,NE17/PTC,29431,21792
2026-08,WEEKENDS/HOLIDAY,13,TRAIN,NE4/DT19,42952,46522
2026-08,WEEKENDS/HOLIDAY,10,TRAIN,CC26,1796,1339
2026-08,WEEKDAY,6,TRAIN,DT17,813,13652
2026-08,WEEKENDS/HOLIDAY,6,TRAIN,PE1,951,195
2026-08,WEEKENDS/HOLIDAY,17,TRAIN,DT20,4528,4205
2026-08,WEEKENDS/HOLIDAY,0,TRAIN,DT28,39,841
2026-08,WEEKDAY,13,TRAIN,EW25,8127,7438
2026-08,WEEKDAY,21,TRAIN,EW5,19639,37741
2026-08,WEEKENDS/HOLIDAY,5,TRAIN,EW17,650,77
2026-08,WEEKENDS/HOLIDAY,7,TRAIN,DT17,292,1019
2026-08,WEEKENDS/HOLIDAY,12,TRAIN,NE11,10953,9605
2026-08,WEEKDAY,17,TRAIN,DT22,11110,16178
2026-08,WEEKENDS/HOLIDAY,10,TRAIN,DT8,2591,1809
2026-08,WEEKDAY,7,TRAIN,NE1/CC29,17533,59883
2026-08,WEEKENDS/HOLIDAY,12,TRAIN,CC6,7307,8123
2026-08,WEEKDAY,23,TRAIN,SE4,180,1828
2026-08,WEEKENDS/HOLIDAY,5,TRAIN,BP8,426,175
2026-08,WEEKENDS/HOLIDAY,12,TRAIN,CC17/TE9,4327,2908
2026-08,WEEKENDS/HOLIDAY,14,TRAIN,NE11,10858,10013
2026-08,WEEKDAY,23,TRAIN,NE5,11150,2692
2026-08,WEEKENDS/HOLIDAY,15,TRAIN,PW7,1882,2045
2026-08,WEEKDAY,9,TRAIN,CC21,10788,12777
2026-08,WEEKDAY,14,TRAIN,NE7/DT12,25539,28993
2026-08,WEEKENDS/HOLIDAY,12,TRAIN,EW25,8424,6830
2026-08,WEEKENDS/HOLIDAY,15,TRAIN,EW16/NE3/TE17,15453,11451
2026-08,WEEKENDS/HOLIDAY,19,TRAIN,CC7,4118,5603
2026-08,WEEKDAY,21,TRAIN,BP8,1459,1502
2026-08,WEEKENDS/HOLIDAY,21,TRAIN,DT25,1185,3225
2026-08,WEEKENDS/HOLIDAY,6,TRAIN,NE5,1285,1623
2026-08,WEEKENDS/HOLIDAY,15,TRAIN,BP13,674,608
2026-08,WEEKENDS/HOLIDAY,21,TRAIN,NS8,6961,9215
2026-08,WEEKENDS/HOLIDAY,8,TRAIN,CC32,261,329
2026-08,WEEKDAY,6,TRAIN,CC14,7626,5409
2026-08,WEEKENDS/HOLIDAY,14,TRAIN,EW22,2932,3201
2026-08,WEEKDAY,12,TRAIN,CC2,5293,6242
2026-08,WEEKDAY,6,TRAIN,NS8,46711,12984
2026-08,WEEKDAY,5,TRAIN,CC34/DT16,1380,274
2026-08,WEEKENDS/HOLIDAY,8,TRAIN,CC10/DT26,10246,7268
2026-08,WEEKENDS/HOLIDAY,22,TRAIN,CC8,2175,3961
2026-08,WEEKENDS/HOLIDAY,19,TRAIN,SW7,471,1325
2026-08,WEEKENDS/HOLIDAY,15,TRAIN,TE14/NS22,69869,66695
2026-08,WEEKDAY,9,TRAIN,DT6,8935,8466
2026-08,WEEKENDS/HOLIDAY,10,TRAIN,EW18,10795,7807
2026-08,WEEKDAY,12,TRAIN,DT20,7927,6331
2026-08,WEEKENDS/HOLIDAY,7,TRAIN,CC12,2636,1510
2026-08,WEEKENDS/HOLIDAY,16,TRAIN,EW11,12568,13293
2026-08,WEEKDAY,18,TRAIN,NS11,57238,134802
2026-08,WEEKDAY,12,TRAIN,DT31,7554,7048
2026-08,WEEKDAY,10,TRAIN,PE1,3663,1669
2026-08,WEEKDAY,7,TRAIN,BP6/DT1,140381,66634
2026-08,WEEKDAY,6,TRAIN,EW10,26035,4219
2026-08,WEEKDAY,5,TRAIN,CG1/DT35,637,302
2026-08,WEEKENDS/HOLIDAY,21,TRAIN,PW2,112,20
2026-08,WEEKDAY,20,TRAIN,CC23,17551,2582
2026-08,WEEKDAY,10,TRAIN,TE16,9549,5771
2026-08,WEEKDAY,18,TRAIN,TE4,15804,13763
2026-08,WEEKDAY,0,TRAIN,NE4/DT19,337,912
2026-08,WEEKDAY,18,TRAIN,DT6,21264,18666
2026-08,WEEKDAY,21,TRAIN,NS28,666,453
2026-08,WEEKDAY,17,TRAIN,PW3,1102,1378
2026-08,WEEKDAY,16,TRAIN,DT6,11752,6845
2026-08,WEEKENDS/HOLIDAY,0,TRAIN,TE25,20,182
2026-08,WEEKENDS/HOLIDAY,10,TRAIN,CC3,1976,8738
2026-08,WEEKDAY,17,TRAIN,TE25,3884,6654
2026-08,WEEKDAY,22,TRAIN,DT13,6703,8696
2026-08,WEEKDAY,16,TRAIN,NE5,14950,13592
2026-08,WEEKDAY,8,TRAIN,PW1,919,2578
2026-08,WEEKDAY,5,TRAIN,BP12,2903,160
2026-08,WEEKENDS/HOLIDAY,7,TRAIN,BP2,1712,323
2026-08,WEEKDAY,0,TRAIN,CC3,0,16
2026-08,WEEKDAY,14,TRAIN,CC32,1436,1795
2026-08,WEEKDAY,15,TRAIN,NE8,27695,27726
2026-08,WEEKENDS/HOLIDAY,8,TRAIN,DT33,9340,2715
2026-08,WEEKDAY,13,TRAIN,BP9,2853,2584
2026-08,WEEKENDS/HOLIDAY,20,TRAIN,SW1,727,457
2026-08,WEEKENDS/HOLIDAY,6,TRAIN,TE29,633,236
2026-08,WEEKENDS/HOLIDAY,7,TRAIN,NE16/STC,15473,7090
2026-08,WEEKDAY,12,TRAIN,SW1,3096,1744
2026-08,WEEKENDS/HOLIDAY,18,TRAIN,TE22,5333,12096
2026-08,WEEKENDS/HOLIDAY,7,TRAIN,NE13,7746,6159
2026-08,WEEKENDS/HOLIDAY,23,TRAIN,EW22,367,1519
2026-08,WEEKDAY,16,TRAIN,TE19,17971,4359
2026-08,WEEKDAY,6,TRAIN,TE25,2246,388
2026-08,WEEKENDS/HOLIDAY,20,TRAIN,SW4,876,2263
2026-08,WEEKENDS/HOLIDAY,21,TRAIN,CC19/DT9,2267,2266
2026-08,WEEKENDS/HOLIDAY,6,TRAIN,NS18,5000,1453
2026-08,WEEKENDS/HOLIDAY,22,TRAIN,SE4,409,1907
2026-08,WEEKDAY,15,TRAIN,CC3,7540,5669
2026-08,WEEKDAY,19,TRAIN,DT25,4864,9450
2026-08,WEEKENDS/HOLIDAY,12,TRAIN,CC28,3004,1834
2026-08,WEEKENDS/HOLIDAY,13,TRAIN,EW5,21779,18113
2026-08,WEEKENDS/HOLIDAY,13,TRAIN,NS15,7381,5423
2026-08,WEEKENDS/HOLIDAY,15,TRAIN,EW19,8460,9652
2026-08,WEEKDAY,22,TRAIN,PW4,1668,3143
2026-08,WEEKENDS/HOLIDAY,12,TRAIN,EW28,19728,10010
2026-08,WEEKENDS/HOLIDAY,12,TRAIN,PW7,2500,2005
2026-08,WEEKENDS/HOLIDAY,23,TRAIN,CC11,1538,2051
2026-08,WEEKENDS/HOLIDAY,10,TRAIN,TE25,2525,1366
2026-08,WEEKDAY,10,TRAIN,NE11,12338,9847
2026-08,WEEKENDS/HOLIDAY,0,TRAIN,EW1,1,3028
2026-08,WEEKDAY,11,TRAIN,NS13,39925,32611
2026-08,WEEKENDS/HOLIDAY,10,TRAIN,CC34/DT16,10357,28386
2026-08,WEEKENDS/HOLIDAY,6,TRAIN,EW30,915,2027
2026-08,WEEKDAY,9,TRAIN,BP2,4767,1116
2026-08,WEEKENDS/HOLIDAY,17,TRAIN,NS17/CC15,18522,13368
2026-08,WEEKENDS/HOLIDAY,14,TRAIN,TE6,6146,5769
2026-08,WEEKENDS/HOLIDAY,13,TRAIN,NE5,7931,9257
2026-08,WEEKENDS/HOLIDAY,12,TRAIN,DT5,14486,9100
2026-08,WEEKENDS/HOLIDAY,10,TRAIN,TE8,6689,7371
2026-08,WEEKDAY,11,TRAIN,SE4,4600,2842
2026-08,WEEKENDS/HOLIDAY,22,TRAIN,SW3,146,831
2026-08,WEEKDAY,9,TRAIN,BP12,4371,1382
2026-08,WEEKDAY,7,TRAIN,DT33,69130,35636
2026-08,WEEKENDS/HOLIDAY,22,TRAIN,EW7,2333,9079
2026-08,WEEKDAY,0,TRAIN,DT2,3,330
2026-08,WEEKDAY,6,TRAIN,CC10/DT26,21799,8075
2026-08,WEEKDAY,5,TRAIN,NE8,1289,92
2026-08,WEEKENDS/HOLIDAY,14,TRAIN,TE19,3152,2770
2026-08,WEEKDAY,21,TRAIN,DT23,3736,3252
2026-08,WEEKDAY,16,TRAIN,DT4,1956,3190
2026-08,WEEKDAY,7,TRAIN,BP3,21088,2475
2026-08,WEEKENDS/HOLIDAY,0,TRAIN,PE7,7,322
2026-08,WEEKDAY,15,TRAIN,BP2,1822,2677
2026-08,WEEKENDS/HOLIDAY,12,TRAIN,NS11,26494,17189
2026-08,WEEKENDS/HOLIDAY,16,TRAIN,BP2,1487,1279
2026-08,WEEKENDS/HOLIDAY,21,TRAIN,CC6,33582,1757
2026-08,WEEKENDS/HOLIDAY,19,TRAIN,DT23,1929,2149
2026-08,WEEKDAY,17,TRAIN,CC24,113276,19096
2026-08,WEEKENDS/HOLIDAY,14,TRAIN,DT23,1914,2159
2026-08,WEEKDAY,10,TRAIN,SW8,889,681
2026-08,WEEKDAY,9,TRAIN,CC6,3698,10460
2026-08,WEEKENDS/HOLIDAY,10,TRAIN,CC17/TE9,4320,2653
2026-08,WEEKENDS/HOLIDAY,13,TRAIN,EW25,7791,7348
2026-08,WEEKDAY,16,TRAIN,TE16,7955,8217
2026-08,WEEKDAY,17,TRAIN,SW1,5735,1442
2026-08,WEEKDAY,13,TRAIN,TE29,2908,3423
2026-08,WEEKENDS/HOLIDAY,9,TRAIN,CC25,3107,2460
2026-08,WEEKDAY,19,TRAIN,DT17,66647,7230
2026-08,WEEKDAY,8,TRAIN,PW6,4535,745
2026-08,WEEKDAY,19,TRAIN,CC25,13423,9985
2026-08,WEEKENDS/HOLIDAY,7,TRAIN,BP9,1037,1004
2026-08,WEEKENDS/HOLIDAY,17,TRAIN,SW6,1239,1783
2026-08,WEEKENDS/HOLIDAY,22,TRAIN,NE16/STC,7653,25059
2026-08,WEEKDAY,12,TRAIN,CC34/DT16,21145,40566
2026-08,WEEKENDS/HOLIDAY,8,TRAIN,TE24,1934,1137
2026-08,WEEKENDS/HOLIDAY,9,TRAIN,SW2,2938,1809
2026-08,WEEKDAY,21,TRAIN,EW32,4746,3300
2026-08,WEEKENDS/HOLIDAY,9,TRAIN,TE14/NS22,14127,65082
2026-08,WEEKDAY,9,TRAIN,DT20,8528,12033
2026-08,WEEKENDS/HOLIDAY,11,TRAIN,EW23,30595,21537
2026-08,WEEKENDS/HOLIDAY,14,TRAIN,NS10,20485,17286
2026-08,WEEKDAY,12,TRAIN,NS5,24831,16609
2026-08,WEEKENDS/HOLIDAY,9,TRAIN,CC16,3511,4383
2026-08,WEEKENDS/HOLIDAY,20,TRAIN,CC23,2516,1178
2026-08,WEEKDAY,15,TRAIN,TE1,9167,4810
2026-08,WEEKDAY,13,TRAIN,NE1/CC29,52024,52780
2026-08,WEEKDAY,15,TRAIN,NS15,27875,11908
2026-08,WEEKENDS/HOLIDAY,6,TRAIN,PE7,962,111
2026-08,WEEKDAY,12,TRAIN,TE5,5355,5029
2026-08,WEEKDAY,22,TRAIN,CC8,2795,5892
2026-08,WEEKDAY,13,TRAIN,TE28,6247,5690
2026-08,WEEKENDS/HOLIDAY,12,TRAIN,NS9/TE2,35602,36256
2026-08,WEEKDAY,13,TRAIN,NS21/DT11,51983,60481
2026-08,WEEKDAY,20,TRAIN,DT24,3429,7308
2026-08,WEEKENDS/HOLIDAY,10,TRAIN,NE12/CC13,35209,27780
2026-08,WEEKDAY,19,TRAIN,DT18,43103,11000
2026-08,WEEKDAY,21,TRAIN,EW23,39401,46074
2026-08,WEEKDAY,14,TRAIN,PE5,6635,6832
2026-08,WEEKDAY,5,TRAIN,EW29,1827,9026
2026-08,WEEKDAY,8,TRAIN,TE27,19904,5328
2026-08,WEEKENDS/HOLIDAY,10,TRAIN,EW9,12758,14022
2026-08,WEEKENDS/HOLIDAY,7,TRAIN,DT22,2037,2151
2026-08,WEEKENDS/HOLIDAY,21,TRAIN,EW23,17296,27557
2026-08,WEEKDAY,0,TRAIN,NE1/CC29,42,283
2026-08,WEEKENDS/HOLIDAY,13,TRAIN,CC5,3647,4773
2026-08,WEEKENDS/HOLIDAY,10,TRAIN,NS15,9042,4200
2026-08,WEEKDAY,17,TRAIN,DT4,2437,4704
2026-08,WEEKENDS/HOLIDAY,6,TRAIN,NS3,8388,3083
2026-08,WEEKENDS/HOLIDAY,21,TRAIN,BP7,200,596
2026-08,WEEKENDS/HOLIDAY,20,TRAIN,NS18,4188,10256
2026-08,WEEKENDS/HOLIDAY,20,TRAIN,CC14,1886,3342
2026-08,WEEKDAY,8,TRAIN,BP12,8305,3141
2026-08,WEEKENDS/HOLIDAY,9,TRAIN,DT33,11984,3247
2026-08,WEEKENDS/HOLIDAY,20,TRAIN,DT20,3982,3671
2026-08,WEEKENDS/HOLIDAY,17,TRAIN,NE8,29409,38560
2026-08,WEEKDAY,22,TRAIN,EW7,3837,16770
2026-08,WEEKENDS/HOLIDAY,0,TRAIN,EW19,72,546
2026-08,WEEKENDS/HOLIDAY,23,TRAIN,DT21,2155,2054
2026-08,WEEKENDS/HOLIDAY,0,TRAIN,EW30,8,276
2026-08,WEEKDAY,14,TRAIN,TE25,2303,3548
2026-08,WEEKENDS/HOLIDAY,20,TRAIN,CC8,3048,6163
2026-08,WEEKDAY,9,TRAIN,PW3,1132,1014
2026-08,WEEKDAY,19,TRAIN,EW9,21951,63537
2026-08,WEEKDAY,8,TRAIN,BP6/DT1,141391,54990
2026-08,WEEKDAY,5,TRAIN,EW26,19091,2342
2026-08,WEEKENDS/HOLIDAY,21,TRAIN,EW27,20727,34756
2026-08,WEEKDAY,13,TRAIN,PW4,3797,4393
2026-08,WEEKENDS/HOLIDAY,6,TRAIN,EW5,8951,4068
2026-08,WEEKENDS/HOLIDAY,23,TRAIN,NS9/TE2,9048,19203
2026-08,WEEKDAY,7,TRAIN,SW3,7703,3003
2026-08,WEEKENDS/HOLIDAY,9,TRAIN,NE18,5858,6922
2026-08,WEEKDAY,18,TRAIN,PW7,5109,8191
2026-08,WEEKDAY,15,TRAIN,TE3,15191,9782
2026-08,WEEKENDS/HOLIDAY,12,TRAIN,CC12,6170,3814
2026-08,WEEKDAY,9,TRAIN,PW5,3485,1529
2026-08,WEEKENDS/HOLIDAY,14,TRAIN,NS3,10724,10428
2026-08,WEEKENDS/HOLIDAY,18,TRAIN,TE18,10789,10594
2026-08,WEEKENDS/HOLIDAY,10,TRAIN,EW1,21532,9587
2026-08,WEEKDAY,11,TRAIN,TE27,6993,3593
2026-08,WEEKENDS/HOLIDAY,5,TRAIN,DT23,2,0
2026-08,WEEKDAY,17,TRAIN,EW16/NE3/TE17,130856,26782
2026-08,WEEKENDS/HOLIDAY,6,TRAIN,EW33,3941,1625
2026-08,WEEKENDS/HOLIDAY,21,TRAIN,CC31,604,2399
2026-08,WEEKENDS/HOLIDAY,19,TRAIN,EW28,14535,21719
2026-08,WEEKENDS/HOLIDAY,10,TRAIN,EW32,3355,904
2026-08,WEEKDAY,10,TRAIN,NS2,23630,15771
2026-08,WEEKENDS/HOLIDAY,6,TRAIN,CC10/DT26,7182,2782
2026-08,WEEKENDS/HOLIDAY,18,TRAIN,NS27/CC33/TE20,3497,5913
2026-08,WEEKENDS/HOLIDAY,7,TRAIN,PW7,1077,979
2026-08,WEEKDAY,18,TRAIN,CC11,111456,26096
2026-08,WEEKENDS/HOLIDAY,21,TRAIN,DT31,2122,6161
2026-08,WEEKDAY,7,TRAIN,NS14,127905,43965
2026-08,WEEKDAY,11,TRAIN,BP9,2685,1912
2026-08,WEEKENDS/HOLIDAY,21,TRAIN,DT24,1326,3587
2026-08,WEEKENDS/HOLIDAY,20,TRAIN,EW30,1692,1743
2026-08,WEEKENDS/HOLIDAY,23,TRAIN,NS13,5511,19009
2026-08,WEEKDAY,5,TRAIN,DT8,159,194
2026-08,WEEKENDS/HOLIDAY,12,TRAIN,SW4,2372,1404
2026-08,WEEKDAY,9,TRAIN,SE4,7558,3791
2026-08,WEEKENDS/HOLIDAY,11,TRAIN,SW4,2324,1210
2026-08,WEEKENDS/HOLIDAY,8,TRAIN,NS28,610,2272
2026-08,WEEKENDS/HOLIDAY,12,TRAIN,CC16,4969,2722
2026-08,WEEKDAY,5,TRAIN,TE19,47,1
2026-08,WEEKDAY,7,TRAIN,DT7,7062,17654
2026-08,WEEKENDS/HOLIDAY,15,TRAIN,SW2,2870,2247
2026-08,WEEKDAY,17,TRAIN,PE1,3954,6507
2026-08,WEEKDAY,20,TRAIN,TE16,6597,10455
2026-08,WEEKENDS/HOLIDAY,14,TRAIN,EW25,7404,7559
2026-08,WEEKDAY,6,TRAIN,DT24,7919,3072
2026-08,WEEKENDS/HOLIDAY,18,TRAIN,EW2/DT32,37547,44215
2026-08,WEEKENDS/HOLIDAY,7,TRAIN,NE14,13059,6098
2026-08,WEEKENDS/HOLIDAY,7,TRAIN,SW6,1080,617
2026-08,WEEKENDS/HOLIDAY,6,TRAIN,CC16,1036,858
2026-08,WEEKDAY,14,TRAIN,DT2,5446,2620
2026-08,WEEKDAY,10,TRAIN,BP12,3297,1172
2026-08,WEEKDAY,22,TRAIN,DT29,1976,9638
2026-08,WEEKDAY,0,TRAIN,EW30,1,230
2026-08,WEEKDAY,10,TRAIN,EW27,30571,30313
2026-08,WEEKENDS/HOLIDAY,11,TRAIN,CC5,2149,3583
2026-08,WEEKDAY,21,TRAIN,CC23,9601,2322
2026-08,WEEKENDS/HOLIDAY,19,TRAIN,DT25,1937,2913
2026-08,WEEKENDS/HOLIDAY,20,TRAIN,NS19,12503,22642
2026-08,WEEKDAY,5,TRAIN,NS2,12776,3686
2026-08,WEEKDAY,22,TRAIN,NS2,10855,28076
2026-08,WEEKENDS/HOLIDAY,0,TRAIN,PE4,44,177
2026-08,WEEKDAY,7,TRAIN,EW17,50703,25601
2026-08,WEEKDAY,9,TRAIN,EW30,855,4589
2026-08,WEEKENDS/HOLIDAY,23,TRAIN,SE3,78,1402
2026-08,WEEKENDS/HOLIDAY,14,TRAIN,TE16,5356,5330
2026-08,WEEKENDS/HOLIDAY,8,TRAIN,CC27,446,2358
2026-08,WEEKDAY,10,TRAIN,NS13,45689,29536
2026-08,WEEKDAY,0,TRAIN,EW29,6,315
2026-08,WEEKDAY,12,TRAIN,DT23,3852,3547
2026-08,WEEKDAY,19,TRAIN,BP9,1965,4606
2026-08,WEEKDAY,7,TRAIN,TE19,1357,26493
2026-08,WEEKDAY,15,TRAIN,BP4,9437,2328
2026-08,WEEKENDS/HOLIDAY,18,TRAIN,NS10,20569,24388
2026-08,WEEKDAY,7,TRAIN,EW22,13894,26761
2026-08,WEEKDAY,19,TRAIN,TE26,18523,22389
2026-08,WEEKDAY,13,TRAIN,DT7,3363,4210
2026-08,WEEKENDS/HOLIDAY,20,TRAIN,NE12/CC13,30037,36986
2026-08,WEEKENDS/HOLIDAY,9,TRAIN,NS9/TE2,30843,24996
2026-08,WEEKENDS/HOLIDAY,23,TRAIN,EW26,1770,13117
2026-08,WEEKDAY,13,TRAIN,BP6/DT1,32502,30534
2026-08,WEEKENDS/HOLIDAY,20,TRAIN,TE6,3130,8896
2026-08,WEEKDAY,18,TRAIN,EW20,41090,31118
2026-08,WEEKDAY,6,TRAIN,CC28,6286,2144
2026-08,WEEKDAY,7,TRAIN,SE1,13827,12989
2026-08,WEEKENDS/HOLIDAY,21,TRAIN,PW3,171,735
2026-08,WEEKDAY,20,TRAIN,DT7,2815,4472
2026-08,WEEKENDS/HOLIDAY,5,TRAIN,TE28,43,1
2026-08,WEEKDAY,8,TRAIN,SE4,8857,2660
2026-08,WEEKENDS/HOLIDAY,14,TRAIN,TE11,2361,2336
2026-08,WEEKENDS/HOLIDAY,22,TRAIN,DT13,4117,5372
2026-08,WEEKENDS/HOLIDAY,23,TRAIN,NS5,1867,9623
2026-08,WEEKENDS/HOLIDAY,13,TRAIN,NS16,25324,23485
2026-08,WEEKENDS/HOLIDAY,22,TRAIN,NE11,4016,5970
2026-08,WEEKDAY,18,TRAIN,CC3,25282,12277
2026-08,WEEKENDS/HOLIDAY,8,TRAIN,BP9,1697,1791
2026-08,WEEKDAY,23,TRAIN,EW20,1891,5309
2026-08,WEEKDAY,14,TRAIN,CC17/TE9,7714,8014
2026-08,WEEKDAY,16,TRAIN,DT20,6292,6583
2026-08,WEEKDAY,6,TRAIN,NS14,67563,17949
2026-08,WEEKDAY,12,TRAIN,NS17/CC15,29340,13682
2026-08,WEEKENDS/HOLIDAY,22,TRAIN,DT31,1404,5706
2026-08,WEEKDAY,5,TRAIN,CC2,110,2
2026-08,WEEKENDS/HOLIDAY,12,TRAIN,BP6/DT1,25565,19354
2026-08,WEEKDAY,6,TRAIN,SW5,11497,1978
2026-08,WEEKENDS/HOLIDAY,10,TRAIN,NE4/DT19,19194,44048
2026-08,WEEKENDS/HOLIDAY,8,TRAIN,SW5,3907,1795
2026-08,WEEKDAY,9,TRAIN,TE28,7521,2633
2026-08,WEEKDAY,16,TRAIN,PW7,3343,3901
2026-08,WEEKDAY,22,TRAIN,CG1/DT35,10530,2258
2026-08,WEEKDAY,22,TRAIN,DT31,2917,10037
2026-08,WEEKENDS/HOLIDAY,15,TRAIN,DT34,2293,2169
2026-08,WEEKENDS/HOLIDAY,8,TRAIN,BP3,2815,916
2026-08,WEEKENDS/HOLIDAY,9,TRAIN,SW4,2034,869
2026-08,WEEKENDS/HOLIDAY,10,TRAIN,NS5,19476,8732
2026-08,WEEKDAY,22,TRAIN,BP13,152,1028
2026-08,WEEKDAY,20,TRAIN,TE22,13688,5666
2026-08,WEEKENDS/HOLIDAY,11,TRAIN,DT34,2936,1313
2026-08,WEEKDAY,0,TRAIN,TE7,60,509
2026-08,WEEKDAY,10,TRAIN,CC34/DT16,10841,36552
2026-08,WEEKDAY,11,TRAIN,BP10,3128,2116
2026-08,WEEKDAY,8,TRAIN,EW31,3309,22952
2026-08,WEEKENDS/HOLIDAY,10,TRAIN,DT13,5477,8224
2026-08,WEEKDAY,22,TRAIN,SW8,244,1635
2026-08,WEEKENDS/HOLIDAY,15,TRAIN,CC12,4605,4251
2026-08,WEEKENDS/HOLIDAY,22,TRAIN,CC34/DT16,52048,11570
2026-08,WEEKDAY,6,TRAIN,TE1,11474,6507
2026-08,WEEKENDS/HOLIDAY,5,TRAIN,CC20,100,48
2026-08,WEEKENDS/HOLIDAY,23,TRAIN,NS24/NE6/CC1,6488,2948
2026-08,WEEKENDS/HOLIDAY,18,TRAIN,NE5,10460,11875
2026-08,WEEKDAY,23,TRAIN,EW5,3683,15720
2026-08,WEEKDAY,9,TRAIN,EW8/CC9,33449,80932
2026-08,WEEKDAY,16,TRAIN,EW6,8674,14449
2026-08,WEEKENDS/HOLIDAY,8,TRAIN,CC34/DT16,6492,17840
2026-08,WEEKENDS/HOLIDAY,19,TRAIN,PW3,404,784
2026-08,WEEKDAY,5,TRAIN,NS8,12919,2297
2026-08,WEEKDAY,13,TRAIN,NS28,1148,2367
2026-08,WEEKENDS/HOLIDAY,11,TRAIN,NS27/CC33/TE20,2042,2777
2026-08,WEEKDAY,10,TRAIN,CC6,3003,5440
2026-08,WEEKDAY,9,TRAIN,SW7,1600,909
2026-08,WEEKDAY,15,TRAIN,SW5,6198,7016
2026-08,WEEKDAY,17,TRAIN,DT8,12824,6804
2026-08,WEEKENDS/HOLIDAY,15,TRAIN,PW4,3127,3228
2026-08,WEEKDAY,7,TRAIN,PE3,18787,7180
2026-08,WEEKENDS/HOLIDAY,0,TRAIN,PW6,11,141
2026-08,WEEKDAY,8,TRAIN,SE2,15713,2489
2026-08,WEEKENDS/HOLIDAY,21,TRAIN,BP4,351,1173
2026-08,WEEKDAY,11,TRAIN,NS15,18074,13511
2026-08,WEEKENDS/HOLIDAY,11,TRAIN,NS23,11352,30503
2026-08,WEEKDAY,22,TRAIN,DT10,1516,2465
2026-08,WEEKDAY,7,TRAIN,NE14,91103,42546
2026-08,WEEKDAY,7,TRAIN,EW20,27239,29831
2026-08,WEEKDAY,18,TRAIN,NS28,2563,1488
2026-08,WEEKDAY,9,TRAIN,SW4,4925,1664
2026-08,WEEKDAY,9,TRAIN,NS15,18514,38229
2026-08,WEEKENDS/HOLIDAY,6,TRAIN,PE2,1410,203
2026-08,WEEKDAY,17,TRAIN,PE4,2162,2577
2026-08,WEEKENDS/HOLIDAY,20,TRAIN,EW1,10263,20175
2026-08,WEEKDAY,7,TRAIN,EW25,63522,21925
2026-08,WEEKDAY,16,TRAIN,EW17,23364,29110
2026-08,WEEKDAY,20,TRAIN,NS7,19192,41459
2026-08,WEEKDAY,20,TRAIN,CC32,1640,1710
2026-08,WEEKDAY,19,TRAIN,EW19,17080,37647
2026-08,WEEKENDS/HOLIDAY,17,TRAIN,EW32,6797,3768
2026-08,WEEKDAY,9,TRAIN,DT23,4001,18084
2026-08,WEEKDAY,16,TRAIN,TE29,3063,5355
2026-08,WEEKDAY,21,TRAIN,CC27,6186,1091
2026-08,WEEKDAY,22,TRAIN,CC24,14356,4236
2026-08,WEEKDAY,17,TRAIN,BP4,11099,3561
2026-08,WEEKDAY,19,TRAIN,EW1,27237,83743
2026-08,WEEKDAY,13,TRAIN,CC23,14305,18307
2026-08,WEEKDAY,21,TRAIN,EW25,7378,18089
2026-08,WEEKENDS/HOLIDAY,17,TRAIN,PE3,4146,4155
2026-08,WEEKDAY,20,TRAIN,NS27/CC33/TE20,8527,3828
2026-08,WEEKDAY,15,TRAIN,EW21/CC22,31845,20110
2026-08,WEEKDAY,7,TRAIN,NS5,120635,41830
2026-08,WEEKDAY,9,TRAIN,TE25,6618,2163
2026-08,WEEKDAY,11,TRAIN,CC17/TE9,6505,4013
2026-08,WEEKENDS/HOLIDAY,8,TRAIN,NS12,14094,6188
2026-08,WEEKENDS/HOLIDAY,20,TRAIN,CC6,41793,5052
2026-08,WEEKENDS/HOLIDAY,14,TRAIN,PE1,2078,2329
2026-08,WEEKDAY,23,TRAIN,CC23,1510,580
2026-08,WEEKENDS/HOLIDAY,19,TRAIN,TE14/NS22,68945,34563
2026-08,WEEKENDS/HOLIDAY,23,TRAIN,EW4,1112,5594
2026-08,WEEKDAY,10,TRAIN,EW23,36811,35292
2026-08,WEEKENDS/HOLIDAY,0,TRAIN,EW18,50,374
2026-08,WEEKDAY,23,TRAIN,EW31,186,696
2026-08,WEEKDAY,14,TRAIN,CC31,1730,2294
2026-08,WEEKDAY,15,TRAIN,DT24,3891,4236
2026-08,WEEKENDS/HOLIDAY,6,TRAIN,TE28,697,166
2026-08,WEEKENDS/HOLIDAY,6,TRAIN,EW17,5566,2453
2026-08,WEEKDAY,8,TRAIN,DT29,31938,10640
2026-08,WEEKENDS/HOLIDAY,10,TRAIN,NE16/STC,29758,17061
2026-08,WEEKDAY,12,TRAIN,TE1,6290,8825
2026-08,WEEKENDS/HOLIDAY,23,TRAIN,TE6,763,5491
2026-08,WEEKENDS/HOLIDAY,15,TRAIN,DT6,3812,3365
2026-08,WEEKENDS/HOLIDAY,5,TRAIN,SW4,287,14
2026-08,WEEKENDS/HOLIDAY,13,TRAIN,EW12/DT14,41715,58913
2026-08,WEEKENDS/HOLIDAY,0,TRAIN,EW28,21,3684
2026-08,WEEKENDS/HOLIDAY,9,TRAIN,TE29,2940,1127
2026-08,WEEKENDS/HOLIDAY,14,TRAIN,TE12,2618,2248
2026-08,WEEKENDS/HOLIDAY,15,TRAIN,NS5,13792,15821
2026-08,WEEKENDS/HOLIDAY,11,TRAIN,SW2,3888,2016
2026-08,WEEKENDS/HOLIDAY,0,TRAIN,BP6/DT1,1,3300
2026-08,WEEKENDS/HOLIDAY,11,TRAIN,DT7,2604,1888
2026-08,WEEKENDS/HOLIDAY,8,TRAIN,EW16/NE3/TE17,9007,12493
2026-08,WEEKDAY,18,TRAIN,NE8,45375,73349
2026-08,WEEKDAY,21,TRAIN,EW20,7846,13309
2026-08,WEEKENDS/HOLIDAY,23,TRAIN,NS27/CC33/TE20,760,770
2026-08,WEEKDAY,19,TRAIN,EW6,9519,29289
2026-08,WEEKENDS/HOLIDAY,21,TRAIN,DT29,1558,5939
2026-08,WEEKDAY,9,TRAIN,BP6/DT1,61767,27054
2026-08,WEEKENDS/HOLIDAY,22,TRAIN,PW2,49,20
2026-08,WEEKENDS/HOLIDAY,16,TRAIN,CC34/DT16,38889,35874
2026-08,WEEKENDS/HOLIDAY,10,TRAIN,PW4,3148,2133
2026-08,WEEKDAY,17,TRAIN,SW7,1700,3101
2026-08,WEEKENDS/HOLIDAY,18,TRAIN,TE25,2365,2607
2026-08,WEEKENDS/HOLIDAY,18,TRAIN,TE23,2777,11246
2026-08,WEEKENDS/HOLIDAY,22,TRAIN,PE7,272,2208
2026-08,WEEKENDS/HOLIDAY,10,TRAIN,DT24,3255,1452
2026-08,WEEKENDS/HOLIDAY,17,TRAIN,NS10,23829,21933
2026-08,WEEKENDS/HOLIDAY,14,TRAIN,DT6,3735,3276
2026-08,WEEKDAY,11,TRAIN,DT17,30378,16368
2026-08,WEEKDAY,13,TRAIN,CC10/DT26,13995,17283
2026-08,WEEKENDS/HOLIDAY,6,TRAIN,SW7,311,87
2026-08,WEEKDAY,15,TRAIN,NS27/CC33/TE20,4881,4147
2026-08,WEEKENDS/HOLIDAY,0,TRAIN,DT18,248,179
2026-08,WEEKDAY,5,TRAIN,EW11,3065,599
2026-08,WEEKDAY,20,TRAIN,BP2,1212,4412
2026-08,WEEKDAY,21,TRAIN,EW11,14578,23416
2026-08,WEEKENDS/HOLIDAY,21,TRAIN,DT30,1546,6994
2026-08,WEEKENDS/HOLIDAY,17,TRAIN,TE5,3849,4756
2026-08,WEEKENDS/HOLIDAY,11,TRAIN,NS19,24648,17498
2026-08,WEEKENDS/HOLIDAY,6,TRAIN,NS25/EW13,1652,6017
2026-08,WEEKENDS/HOLIDAY,11,TRAIN,DT21,5085,6105
2026-08,WEEKENDS/HOLIDAY,17,TRAIN,TE16,6487,5230
2026-08,WEEKDAY,5,TRAIN,EW25,9829,546
2026-08,WEEKENDS/HOLIDAY,15,TRAIN,EW8/CC9,40812,37441
2026-08,WEEKENDS/HOLIDAY,8,TRAIN,NS11,27337,12054
2026-08,WEEKDAY,11,TRAIN,PE3,6604,4333
2026-08,WEEKENDS/HOLIDAY,13,TRAIN,NE16/STC,32666,28550
2026-08,WEEKDAY,23,TRAIN,DT21,4056,3188
2026-08,WEEKENDS/HOLIDAY,19,TRAIN,BP13,439,646
2026-08,WEEKDAY,11,TRAIN,DT3,6255,2762
2026-08,WEEKDAY,0,TRAIN,CC14,25,493
2026-08,WEEKENDS/HOLIDAY,17,TRAIN,NS27/CC33/TE20,3905,5795
2026-08,WEEKENDS/HOLIDAY,21,TRAIN,TE25,882,2279
2026-08,WEEKENDS/HOLIDAY,21,TRAIN,TE12,1502,1178
2026-08,WEEKENDS/HOLIDAY,9,TRAIN,CC8,4502,3177
2026-08,WEEKENDS/HOLIDAY,19,TRAIN,NS7,20080,19286
2026-08,WEEKENDS/HOLIDAY,12,TRAIN,SE1,3134,2287
2026-08,WEEKDAY,19,TRAIN,EW12/DT14,97009,69787
2026-08,WEEKDAY,12,TRAIN,SW4,2700,2190
2026-08,WEEKDAY,16,TRAIN,NS21/DT11,58403,62398
2026-08,WEEKENDS/HOLIDAY,21,TRAIN,SW6,381,1978
2026-08,WEEKDAY,20,TRAIN,DT21,12704,9501
2026-08,WEEKDAY,5,TRAIN,SW6,1359,165
2026-08,WEEKDAY,15,TRAIN,TE12,6327,5030
2026-08,WEEKENDS/HOLIDAY,8,TRAIN,NE15,15491,4756
2026-08,WEEKDAY,0,TRAIN,CG1/DT35,23,329
2026-08,WEEKENDS/HOLIDAY,6,TRAIN,PW2,1,40
2026-08,WEEKDAY,19,TRAIN,NE5,36079,18953
2026-08,WEEKENDS/HOLIDAY,17,TRAIN,NS18,8332,8848
2026-08,WEEKENDS/HOLIDAY,11,TRAIN,NS4/BP1,22511,18068
2026-08,WEEKENDS/HOLIDAY,20,TRAIN,EW25,6843,9213
2026-08,WEEKDAY,5,TRAIN,BP7,949,331
2026-08,WEEKENDS/HOLIDAY,6,TRAIN,DT6,313,298
2026-08,WEEKDAY,17,TRAIN,NS2,43382,64330
2026-08,WEEKENDS/HOLIDAY,19,TRAIN,SW3,681,919
2026-08,WEEKDAY,0,TRAIN,EW5,191,2356
2026-08,WEEKDAY,6,TRAIN,EW8/CC9,29644,18370
2026-08,WEEKENDS/HOLIDAY,16,TRAIN,DT25,2604,2432
2026-08,WEEKDAY,23,TRAIN,BP8,293,409
2026-08,WEEKENDS/HOLIDAY,18,TRAIN,EW15,14275,12773
2026-08,WEEKDAY,22,TRAIN,TE12,2639,1245
2026-08,WEEKENDS/HOLIDAY,8,TRAIN,EW9,13225,11733
2026-08,WEEKENDS/HOLIDAY,7,TRAIN,PE3,2200,1116
2026-08,WEEKDAY,19,TRAIN,BP10,2041,8330
2026-08,WEEKDAY,11,TRAIN,SE3,2783,1527
2026-08,WEEKDAY,8,TRAIN,CC8,22878,7805
2026-08,WEEKENDS/HOLIDAY,12,TRAIN,PE3,5646,3400
2026-08,WEEKENDS/HOLIDAY,0,TRAIN,PW3,15,70
2026-08,WEEKDAY,20,TRAIN,DT3,2938,10273
2026-08,WEEKDAY,12,TRAIN,CC17/TE9,8924,4838
2026-08,WEEKENDS/HOLIDAY,23,TRAIN,PE6,356,1373
2026-08,WEEKENDS/HOLIDAY,14,TRAIN,DT17,3697,3432
2026-08,WEEKDAY,18,TRAIN,DT22,15080,26938
2026-08,WEEKDAY,22,TRAIN,CC17/TE9,2208,6286
2026-08,WEEKENDS/HOLIDAY,9,TRAIN,DT21,3987,5443
2026-08,WEEKENDS/HOLIDAY,21,TRAIN,BP9,385,1034
2026-08,WEEKENDS/HOLIDAY,11,TRAIN,BP13,1048,599
2026-08,WEEKENDS/HOLIDAY,12,TRAIN,EW5,22111,17127
2026-08,WEEKENDS/HOLIDAY,13,TRAIN,NE15,16190,14080
2026-08,WEEKENDS/HOLIDAY,13,TRAIN,EW30,1489,711
2026-08,WEEKENDS/HOLIDAY,8,TRAIN,EW14/NS26,2858,12601
2026-08,WEEKDAY,20,TRAIN,NS21/DT11,52421,58881
2026-08,WEEKENDS/HOLIDAY,9,TRAIN,SE2,4700,1793
2026-08,WEEKENDS/HOLIDAY,21,TRAIN,TE11,1240,2802
2026-08,WEEKDAY,19,TRAIN,NE8,36580,64705
2026-08,WEEKENDS/HOLIDAY,21,TRAIN,NE11,5987,8495
2026-08,WEEKDAY,20,TRAIN,SW2,2715,1682
2026-08,WEEKENDS/HOLIDAY,23,TRAIN,DT34,453,1366
2026-08,WEEKDAY,8,TRAIN,EW22,16122,50222
2026-08,WEEKENDS/HOLIDAY,19,TRAIN,PE5,2213,4315
2026-08,WEEKDAY,16,TRAIN,BP10,2582,4344
2026-08,WEEKENDS/HOLIDAY,23,TRAIN,TE23,1919,646
2026-08,WEEKDAY,15,TRAIN,TE11,6471,4800
2026-08,WEEKENDS/HOLIDAY,13,TRAIN,DT22,7313,8790
2026-08,WEEKENDS/HOLIDAY,13,TRAIN,NS9/TE2,36731,39229
2026-08,WEEKDAY,8,TRAIN,BP2,10825,1623
2026-08,WEEKENDS/HOLIDAY,7,TRAIN,EW20,4968,4553
2026-08,WEEKENDS/HOLIDAY,22,TRAIN,TE4,2881,2211
2026-08,WEEKENDS/HOLIDAY,0,TRAIN,CC28,1,88
2026-08,WEEKDAY,9,TRAIN,DT8,5559,4332
2026-08,WEEKENDS/HOLIDAY,10,TRAIN,NE5,4387,9757
2026-08,WEEKDAY,19,TRAIN,DT30,5858,28027
2026-08,WEEKDAY,10,TRAIN,EW17,22310,19397
2026-08,WEEKDAY,11,TRAIN,CC26,4968,2668
2026-08,WEEKDAY,16,TRAIN,BP11,2822,4251
2026-08,WEEKDAY,18,TRAIN,CC34/DT16,57935,52098
2026-08,WEEKENDS/HOLIDAY,10,TRAIN,NE1/CC29,12692,51247
2026-08,WEEKENDS/HOLIDAY,12,TRAIN,NE1/CC29,21605,51136
2026-08,WEEKENDS/HOLIDAY,9,TRAIN,PE7,3223,931
2026-08,WEEKENDS/HOLIDAY,9,TRAIN,DT22,4870,7338
2026-08,WEEKENDS/HOLIDAY,12,TRAIN,TE25,2378,1973
2026-08,WEEKENDS/HOLIDAY,16,TRAIN,PE4,1265,1159
2026-08,WEEKDAY,9,TRAIN,NE1/CC29,19362,106426
2026-08,WEEKENDS/HOLIDAY,12,TRAIN,DT28,6487,3931
2026-08,WEEKENDS/HOLIDAY,22,TRAIN,SE3,335,2157
2026-08,WEEKENDS/HOLIDAY,18,TRAIN,SW4,1693,2382
2026-08,WEEKENDS/HOLIDAY,12,TRAIN,DT31,5094,3547
2026-08,WEEKDAY,6,TRAIN,EW18,17098,14442
2026-08,WEEKDAY,6,TRAIN,CC25,5120,8427
2026-08,WEEKDAY,10,TRAIN,TE24,4078,1765
2026-08,WEEKENDS/HOLIDAY,20,TRAIN,EW14/NS26,19799,9480
2026-08,WEEKENDS/HOLIDAY,17,TRAIN,NS19,23887,23839
2026-08,WEEKENDS/HOLIDAY,7,TRAIN,SW4,1266,669
2026-08,WEEKDAY,13,TRAIN,NE13,22261,20312
2026-08,WEEKDAY,16,TRAIN,CC26,7611,3568
2026-08,WEEKENDS/HOLIDAY,11,TRAIN,DT4,2008,889
2026-08,WEEKDAY,19,TRAIN,DT24,6404,10541
2026-08,WEEKDAY,19,TRAIN,DT4,1553,6568
2026-08,WEEKDAY,22,TRAIN,EW23,23202,35702
2026-08,WEEKDAY,20,TRAIN,EW21/CC22,35220,18791
2026-08,WEEKDAY,9,TRAIN,EW9,28616,21881
2026-08,WEEKENDS/HOLIDAY,18,TRAIN,NS28,5726,1689
2026-08,WEEKENDS/HOLIDAY,5,TRAIN,TE14/NS22,304,293
2026-08,WEEKDAY,22,TRAIN,BP11,632,3290
2026-08,WEEKDAY,17,TRAIN,CC6,10163,10780
2026-08,WEEKENDS/HOLIDAY,12,TRAIN,NS7,14348,12833
2026-08,WEEKENDS/HOLIDAY,10,TRAIN,TE15,5046,6980
2026-08,WEEKDAY,7,TRAIN,DT3,22316,10055
2026-08,WEEKENDS/HOLIDAY,6,TRAIN,CC12,1463,603
2026-08,WEEKENDS/HOLIDAY,22,TRAIN,NE15,3444,15995
2026-08,WEEKENDS/HOLIDAY,17,TRAIN,NE1/CC29,54391,45101
2026-08,WEEKENDS/HOLIDAY,11,TRAIN,SW7,966,717
2026-08,WEEKENDS/HOLIDAY,18,TRAIN,DT21,8021,5663
2026-08,WEEKENDS/HOLIDAY,20,TRAIN,CG1/DT35,15152,4963
2026-08,WEEKDAY,23,TRAIN,SE2,298,3270
2026-08,WEEKDAY,6,TRAIN,EW24/NS1,32690,70380
2026-08,WEEKDAY,12,TRAIN,NE18,12149,10765
2026-08,WEEKENDS/HOLIDAY,16,TRAIN,EW23,28963,30936
2026-08,WEEKDAY,9,TRAIN,CC19/DT9,8574,10237
2026-08,WEEKENDS/HOLIDAY,17,TRAIN,PW3,602,545
2026-08,WEEKDAY,18,TRAIN,CC5,16936,8671
2026-08,WEEKENDS/HOLIDAY,18,TRAIN,PE6,4076,4774
2026-08,WEEKENDS/HOLIDAY,16,TRAIN,DT18,3955,3310
2026-08,WEEKENDS/HOLIDAY,15,TRAIN,NS19,21063,22404
2026-08,WEEKDAY,16,TRAIN,CC10/DT26,17316,15777
2026-08,WEEKDAY,15,TRAIN,DT22,7688,8338
2026-08,WEEKDAY,16,TRAIN,CC8,8558,7427
2026-08,WEEKENDS/HOLIDAY,18,TRAIN,CC16,4087,3701
2026-08,WEEKENDS/HOLIDAY,6,TRAIN,BP12,1238,138
2026-08,WEEKDAY,19,TRAIN,CC12,6652,19835
2026-08,WEEKDAY,15,TRAIN,BP13,967,1227
2026-08,WEEKENDS/HOLIDAY,6,TRAIN,NE12/CC13,11990,4787
2026-08,WEEKENDS/HOLIDAY,6,TRAIN,EW26,15891,6407
2026-08,WEEKENDS/HOLIDAY,18,TRAIN,EW26,19306,24657
2026-08,WEEKENDS/HOLIDAY,19,TRAIN,DT17,4513,3451
2026-08,WEEKENDS/HOLIDAY,8,TRAIN,TE11,2766,1879
2026-08,WEEKDAY,11,TRAIN,TE11,4594,2336
2026-08,WEEKENDS/HOLIDAY,11,TRAIN,NS16,25458,18422
2026-08,WEEKDAY,16,TRAIN,CC16,11295,6572
2026-08,WEEKDAY,12,TRAIN,DT21,9480,11884
2026-08,WEEKDAY,0,TRAIN,NS21/DT11,1385,1551
2026-08,WEEKDAY,22,TRAIN,CC14,2796,4971
2026-08,WEEKENDS/HOLIDAY,23,TRAIN,CC27,233,161
2026-08,WEEKENDS/HOLIDAY,20,TRAIN,DT22,13003,8807
2026-08,WEEKDAY,5,TRAIN,PW5,1875,62
2026-08,WEEKDAY,17,TRAIN,EW10,15345,19225
2026-08,WEEKENDS/HOLIDAY,6,TRAIN,DT5,1176,760
2026-08,WEEKENDS/HOLIDAY,8,TRAIN,CC6,1373,7423
2026-08,WEEKENDS/HOLIDAY,16,TRAIN,NE8,27531,31567
2026-08,WEEKENDS/HOLIDAY,7,TRAIN,BP5,839,477
2026-08,WEEKENDS/HOLIDAY,12,TRAIN,DT22,6780,9276
2026-08,WEEKDAY,5,TRAIN,NE14,7406,1023
2026-08,WEEKDAY,23,TRAIN,EW22,778,2247
2026-08,WEEKDAY,20,TRAIN,SE2,2043,9412
2026-08,WEEKDAY,18,TRAIN,DT28,37535,26356
2026-08,WEEKENDS/HOLIDAY,11,TRAIN,BP10,2212,1488
2026-08,WEEKDAY,16,TRAIN,PW4,4139,5271
2026-08,WEEKENDS/HOLIDAY,22,TRAIN,PW6,102,699
2026-08,WEEKDAY,5,TRAIN,PW2,2,46
2026-08,WEEKENDS/HOLIDAY,18,TRAIN,EW22,3470,3528
2026-08,WEEKDAY,8,TRAIN,CC28,14179,10959
2026-08,WEEKDAY,14,TRAIN,DT27,8080,6618
2026-08,WEEKENDS/HOLIDAY,7,TRAIN,PE4,739,319
2026-08,WEEKDAY,18,TRAIN,BP13,1175,3196
2026-08,WEEKENDS/HOLIDAY,19,TRAIN,NE12/CC13,35275,42243
2026-08,WEEKENDS/HOLIDAY,23,TRAIN,NS28,341,209
2026-08,WEEKDAY,16,TRAIN,NE17/PTC,46735,59178
2026-08,WEEKENDS/HOLIDAY,8,TRAIN,PW2,59,187
2026-08,WEEKDAY,0,TRAIN,NE12/CC13,724,3724
2026-08,WEEKENDS/HOLIDAY,11,TRAIN,CC21,5636,8242
2026-08,WEEKENDS/HOLIDAY,7,TRAIN,EW28,22092,10351
2026-08,WEEKDAY,19,TRAIN,NE17/PTC,51765,111511
2026-08,WEEKDAY,8,TRAIN,EW19,56944,27261
2026-08,WEEKDAY,12,TRAIN,BP10,3276,2643
2026-08,WEEKDAY,18,TRAIN,NS16,75132,133592
2026-08,WEEKDAY,17,TRAIN,CC19/DT9,12792,10405
2026-08,WEEKENDS/HOLIDAY,21,TRAIN,NS12,5298,14092
2026-08,WEEKDAY,14,TRAIN,TE5,4489,6835
2026-08,WEEKDAY,18,TRAIN,DT30,11089,37595
2026-08,WEEKENDS/HOLIDAY,13,TRAIN,DT21,6111,7304
2026-08,WEEKENDS/HOLIDAY,19,TRAIN,EW7,6480,10933
2026-08,WEEKENDS/HOLIDAY,22,TRAIN,EW33,1226,2870
2026-08,WEEKDAY,18,TRAIN,BP5,3028,4275
2026-08,WEEKDAY,22,TRAIN,NS24/NE6/CC1,35875,10483
2026-08,WEEKENDS/HOLIDAY,11,TRAIN,EW29,5488,4193
2026-08,WEEKENDS/HOLIDAY,22,TRAIN,CC20,757,2033
2026-08,WEEKENDS/HOLIDAY,10,TRAIN,CC27,825,1772
2026-08,WEEKDAY,9,TRAIN,CC4/DT15,5325,78487
2026-08,WEEKDAY,5,TRAIN,EW31,3090,1730
2026-08,WEEKENDS/HOLIDAY,19,TRAIN,EW24/NS1,64899,46227
2026-08,WEEKENDS/HOLIDAY,15,TRAIN,DT4,1229,1343
2026-08,WEEKDAY,11,TRAIN,SE5,2926,1589
2026-08,WEEKENDS/HOLIDAY,7,TRAIN,CC27,417,1430
2026-08,WEEKENDS/HOLIDAY,11,TRAIN,NS18,10219,5240
2026-08,WEEKENDS/HOLIDAY,22,TRAIN,EW1,6164,17741
2026-08,WEEKDAY,20,TRAIN,CC34/DT16,89238,33853
2026-08,WEEKENDS/HOLIDAY,16,TRAIN,TE28,2307,3370
2026-08,WEEKENDS/HOLIDAY,9,TRAIN,PE3,4441,2873
2026-08,WEEKENDS/HOLIDAY,22,TRAIN,TE18,6605,2732
2026-08,WEEKENDS/HOLIDAY,17,TRAIN,CC14,4591,3980
2026-08,WEEKDAY,20,TRAIN,NS4/BP1,27642,54653
2026-08,WEEKENDS/HOLIDAY,5,TRAIN,TE12,28,46
2026-08,WEEKENDS/HOLIDAY,21,TRAIN,BP8,721,806
2026-08,WEEKDAY,14,TRAIN,NS13,39693,47006
2026-08,WEEKENDS/HOLIDAY,23,TRAIN,EW16/NE3/TE17,3415,3631
2026-08,WEEKENDS/HOLIDAY,16,TRAIN,TE23,2199,5494
2026-08,WEEKDAY,5,TRAIN,EW20,2312,862
2026-08,WEEKDAY,17,TRAIN,EW3,28542,29771
2026-08,WEEKENDS/HOLIDAY,15,TRAIN,DT17,3866,3765
2026-08,WEEKDAY,15,TRAIN,TE15,10056,12262
2026-08,WEEKDAY,15,TRAIN,NE11,18884,16920
2026-08,WEEKDAY,22,TRAIN,PW1,918,110
2026-08,WEEKDAY,12,TRAIN,DT6,8854,7112
2026-08,WEEKDAY,8,TRAIN,TE11,13353,7607
2026-08,WEEKENDS/HOLIDAY,19,TRAIN,PW4,2664,3468
2026-08,WEEKDAY,5,TRAIN,BP2,2153,406
2026-08,WEEKENDS/HOLIDAY,16,TRAIN,CC2,3804,2983
2026-08,WEEKENDS/HOLIDAY,14,TRAIN,EW11,11207,13912
2026-08,WEEKENDS/HOLIDAY,10,TRAIN,BP10,2114,1410
2026-08,WEEKENDS/HOLIDAY,17,TRAIN,DT13,9842,8036
2026-08,WEEKENDS/HOLIDAY,14,TRAIN,TE13,2691,2710
2026-08,WEEKDAY,16,TRAIN,NE10,18146,17863
2026-08,WEEKDAY,8,TRAIN,CG2,14882,35222
2026-08,WEEKENDS/HOLIDAY,16,TRAIN,EW21/CC22,18169,11724
2026-08,WEEKDAY,8,TRAIN,TE3,36948,18791
2026-08,WEEKENDS/HOLIDAY,16,TRAIN,EW4,9360,8496
2026-08,WEEKDAY,0,TRAIN,NE7/DT12,216,544
2026-08,WEEKDAY,15,TRAIN,BP10,2172,3647
2026-08,WEEKENDS/HOLIDAY,13,TRAIN,EW10,7345,8807
2026-08,WEEKENDS/HOLIDAY,22,TRAIN,TE24,1049,1382
2026-08,WEEKENDS/HOLIDAY,19,TRAIN,CC27,1883,1069
2026-08,WEEKDAY,21,TRAIN,DT21,13302,11003
2026-08,WEEKDAY,6,TRAIN,TE14/NS22,5095,24740
2026-08,WEEKENDS/HOLIDAY,10,TRAIN,NS28,847,3845
2026-08,WEEKDAY,19,TRAIN,CG2,28267,26077
2026-08,WEEKENDS/HOLIDAY,11,TRAIN,PE2,4545,2110
2026-08,WEEKENDS/HOLIDAY,11,TRAIN,CC3,2682,8263
2026-08,WEEKDAY,7,TRAIN,TE12,4144,11533
2026-08,WEEKENDS/HOLIDAY,9,TRAIN,TE25,2390,1155
2026-08,WEEKDAY,18,TRAIN,NS5,38650,96934
2026-08,WEEKDAY,22,TRAIN,DT4,401,2577
2026-08,WEEKENDS/HOLIDAY,13,TRAIN,PE3,4608,4150
2026-08,WEEKENDS/HOLIDAY,5,TRAIN,TE23,55,1
2026-08,WEEKDAY,12,TRAIN,TE14/NS22,56226,103039
2026-08,WEEKDAY,23,TRAIN,NS27/CC33/TE20,1563,700
2026-08,WEEKDAY,21,TRAIN,TE3,8077,13532
2026-08,WEEKDAY,11,TRAIN,CG1/DT35,8769,13806
2026-08,WEEKDAY,17,TRAIN,NE7/DT12,52033,34594
2026-08,WEEKDAY,16,TRAIN,TE3,14181,10828
2026-08,WEEKENDS/HOLIDAY,23,TRAIN,EW6,748,3592
2026-08,WEEKDAY,23,TRAIN,PE2,365,3478
2026-08,WEEKDAY,16,TRAIN,EW26,28336,32310
2026-08,WEEKDAY,19,TRAIN,DT13,17490,15360
2026-08,WEEKENDS/HOLIDAY,13,TRAIN,SE2,3472,3171
2026-08,WEEKENDS/HOLIDAY,21,TRAIN,NS14,10314,21931
2026-08,WEEKDAY,15,TRAIN,CC34/DT16,36345,32038
2026-08,WEEKDAY,10,TRAIN,NS9/TE2,44360,41350
2026-08,WEEKENDS/HOLIDAY,20,TRAIN,SW6,454,1993
2026-08,WEEKENDS/HOLIDAY,13,TRAIN,BP2,1554,1327
2026-08,WEEKDAY,12,TRAIN,SE5,3578,1937
2026-08,WEEKENDS/HOLIDAY,14,TRAIN,EW32,2824,1686
2026-08,WEEKENDS/HOLIDAY,0,TRAIN,PW4,49,288
2026-08,WEEKENDS/HOLIDAY,8,TRAIN,DT13,3189,5255
2026-08,WEEKDAY,10,TRAIN,DT30,10674,2623
2026-08,WEEKDAY,13,TRAIN,PW7,2857,4153
2026-08,WEEKDAY,6,TRAIN,SE5,4913,2416
2026-08,WEEKENDS/HOLIDAY,0,TRAIN,DT6,40,221
2026-08,WEEKENDS/HOLIDAY,15,TRAIN,DT28,5482,4711
2026-08,WEEKENDS/HOLIDAY,12,TRAIN,NE18,9065,10270
2026-08,WEEKENDS/HOLIDAY,19,TRAIN,EW15,13572,9083
2026-08,WEEKDAY,23,TRAIN,DT7,430,1131
2026-08,WEEKDAY,10,TRAIN,CC27,1663,12619
2026-08,WEEKENDS/HOLIDAY,23,TRAIN,BP11,89,774
2026-08,WEEKENDS/HOLIDAY,8,TRAIN,TE5,4029,2165
2026-08,WEEKDAY,20,TRAIN,NS25/EW13,80210,23433
2026-08,WEEKENDS/HOLIDAY,20,TRAIN,TE8,5970,4494
2026-08,WEEKDAY,6,TRAIN,PW5,8053,1841
2026-08,WEEKENDS/HOLIDAY,5,TRAIN,NE11,129,66
2026-08,WEEKDAY,20,TRAIN,NS17/CC15,19284,28078
2026-08,WEEKENDS/HOLIDAY,16,TRAIN,NS15,7378,6371
2026-08,WEEKDAY,6,TRAIN,NS27/CC33/TE20,1583,3914
2026-08,WEEKDAY,9,TRAIN,DT34,8248,6432
2026-08,WEEKENDS/HOLIDAY,18,TRAIN,NS8,10594,10501
2026-08,WEEKENDS/HOLIDAY,20,TRAIN,EW29,8949,9965
2026-08,WEEKDAY,7,TRAIN,CC28,10802,6818
2026-08,WEEKDAY,9,TRAIN,DT30,22440,3690
2026-08,WEEKENDS/HOLIDAY,13,TRAIN,SW3,1051,767
2026-08,WEEKDAY,13,TRAIN,CC19/DT9,7272,6890
2026-08,WEEKENDS/HOLIDAY,8,TRAIN,CC8,3669,2482
2026-08,WEEKDAY,7,TRAIN,EW2/DT32,128477,62264
2026-08,WEEKENDS/HOLIDAY,6,TRAIN,BP3,1620,276
2026-08,WEEKENDS/HOLIDAY,22,TRAIN,DT17,3441,1356
2026-08,WEEKENDS/HOLIDAY,20,TRAIN,NE7/DT12,28933,19464
2026-08,WEEKDAY,8,TRAIN,DT10,12363,6035
2026-08,WEEKDAY,21,TRAIN,CC10/DT26,10472,20128
2026-08,WEEKDAY,11,TRAIN,NS11,31140,18240
2026-08,WEEKDAY,12,TRAIN,DT17,37306,18961
2026-08,WEEKENDS/HOLIDAY,16,TRAIN,NS20,21620,17030
2026-08,WEEKDAY,10,TRAIN,TE5,5554,3296
2026-08,WEEKENDS/HOLIDAY,11,TRAIN,NS28,836,3954
2026-08,WEEKENDS/HOLIDAY,7,TRAIN,CC4/DT15,724,3955
2026-08,WEEKENDS/HOLIDAY,5,TRAIN,CC32,2,1
2026-08,WEEKDAY,12,TRAIN,SE1,4209,3025
2026-08,WEEKDAY,22,TRAIN,EW12/DT14,54797,21498
2026-08,WEEKENDS/HOLIDAY,19,TRAIN,NE7/DT12,30313,28428
2026-08,WEEKENDS/HOLIDAY,12,TRAIN,SW5,4739,3628
2026-08,WEEKDAY,12,TRAIN,NS3,18863,13847
2026-08,WEEKDAY,5,TRAIN,NS5,15949,2529
2026-08,WEEKDAY,19,TRAIN,DT20,11385,10573
2026-08,WEEKDAY,21,TRAIN,DT22,12696,12780
2026-08,WEEKDAY,0,TRAIN,SE5,32,320
2026-08,WEEKENDS/HOLIDAY,21,TRAIN,BP12,441,1465
2026-08,WEEKENDS/HOLIDAY,6,TRAIN,EW8/CC9,8262,4187
2026-08,WEEKENDS/HOLIDAY,9,TRAIN,DT7,2794,1779
2026-08,WEEKENDS/HOLIDAY,0,TRAIN,NS3,229,1769
2026-08,WEEKENDS/HOLIDAY,10,TRAIN,BP7,643,477
2026-08,WEEKDAY,21,TRAIN,NE8,37704,31644
2026-08,WEEKDAY,8,TRAIN,EW27,94196,84371
2026-08,WEEKDAY,12,TRAIN,EW14/NS26,71358,53110
2026-08,WEEKENDS/HOLIDAY,23,TRAIN,DT33,894,7343
2026-08,WEEKDAY,12,TRAIN,TE24,3307,2623
2026-08,WEEKENDS/HOLIDAY,10,TRAIN,EW24/NS1,19282,44115
2026-08,WEEKENDS/HOLIDAY,15,TRAIN,CC27,1825,1275
2026-08,WEEKENDS/HOLIDAY,0,TRAIN,DT13,173,496
2026-08,WEEKENDS/HOLIDAY,18,TRAIN,BP8,1194,1062
2026-08,WEEKDAY,9,TRAIN,NS16,60784,34735
2026-08,WEEKENDS/HOLIDAY,18,TRAIN,DT24,2762,3192
2026-08,WEEKDAY,8,TRAIN,CC5,4193,18086
2026-08,WEEKDAY,21,TRAIN,CC11,17065,8453
2026-08,WEEKENDS/HOLIDAY,12,TRAIN,DT30,6198,3423
2026-08,WEEKDAY,8,TRAIN,DT28,31457,38012
2026-08,WEEKDAY,9,TRAIN,BP4,2467,14394
2026-08,WEEKENDS/HOLIDAY,14,TRAIN,NE15,14225,14320
2026-08,WEEKENDS/HOLIDAY,9,TRAIN,TE4,2771,3354
2026-08,WEEKENDS/HOLIDAY,17,TRAIN,EW31,6128,1801
2026-08,WEEKENDS/HOLIDAY,12,TRAIN,EW4,10967,5740
2026-08,WEEKENDS/HOLIDAY,20,TRAIN,NS3,5888,12900
2026-08,WEEKENDS/HOLIDAY,13,TRAIN,DT27,5605,4487
2026-08,WEEKDAY,19,TRAIN,PW4,3739,9878
2026-08,WEEKDAY,6,TRAIN,NE17/PTC,57346,16940
2026-08,WEEKDAY,10,TRAIN,CC5,2796,5426
2026-08,WEEKDAY,13,TRAIN,NE14,28061,22822
2026-08,WEEKDAY,23,TRAIN,CC25,991,2062
2026-08,WEEKENDS/HOLIDAY,15,TRAIN,TE26,11310,9782
2026-08,WEEKDAY,16,TRAIN,TE8,10107,11936
2026-08,WEEKDAY,10,TRAIN,NS12,20067,7939
2026-08,WEEKENDS/HOLIDAY,0,TRAIN,NE12/CC13,554,2697
2026-08,WEEKENDS/HOLIDAY,20,TRAIN,NS15,4991,7194
2026-08,WEEKDAY,10,TRAIN,EW12/DT14,27857,65520
2026-08,WEEKDAY,6,TRAIN,NS11,86823,26603
2026-08,WEEKDAY,8,TRAIN,NS19,86146,72401
2026-08,WEEKENDS/HOLIDAY,22,TRAIN,DT2,378,1027
2026-08,WEEKDAY,15,TRAIN,TE29,2378,4082
2026-08,WEEKENDS/HOLIDAY,8,TRAIN,DT3,3968,1946
2026-08,WEEKENDS/HOLIDAY,8,TRAIN,TE3,7216,3813
2026-08,WEEKENDS/HOLIDAY,20,TRAIN,EW24/NS1,64767,29226
2026-08,WEEKDAY,0,TRAIN,DT20,157,179
2026-08,WEEKDAY,5,TRAIN,CC27,120,122
2026-08,WEEKENDS/HOLIDAY,6,TRAIN,CC8,1434,680
2026-08,WEEKENDS/HOLIDAY,13,TRAIN,NS20,28512,18840
2026-08,WEEKENDS/HOLIDAY,18,TRAIN,NE15,13209,18400
2026-08,WEEKDAY,12,TRAIN,DT27,8643,6927
2026-08,WEEKDAY,18,TRAIN,EW18,53865,46517
2026-08,WEEKENDS/HOLIDAY,18,TRAIN,DT4,1288,1838
2026-08,WEEKDAY,23,TRAIN,EW27,5276,21296
2026-08,WEEKDAY,0,TRAIN,EW21/CC22,455,821
2026-08,WEEKDAY,22,TRAIN,EW17,10401,23615
2026-08,WEEKDAY,10,TRAIN,CC14,6766,3654
2026-08,WEEKENDS/HOLIDAY,8,TRAIN,BP13,948,340
2026-08,WEEKENDS/HOLIDAY,0,TRAIN,EW10,143,519
2026-08,WEEKENDS/HOLIDAY,21,TRAIN,NE17/PTC,22186,24195
2026-08,WEEKENDS/HOLIDAY,11,TRAIN,EW32,3356,1074
2026-08,WEEKENDS/HOLIDAY,9,TRAIN,TE1,2721,1620
2026-08,WEEKDAY,23,TRAIN,BP11,109,1239
2026-08,WEEKDAY,22,TRAIN,CC32,845,1111
2026-08,WEEKDAY,23,TRAIN,EW9,4934,10908
2026-08,WEEKENDS/HOLIDAY,14,TRAIN,CC3,7009,7281
2026-08,WEEKDAY,10,TRAIN,EW21/CC22,14109,26733
2026-08,WEEKDAY,15,TRAIN,DT5,12675,16074
2026-08,WEEKENDS/HOLIDAY,15,TRAIN,TE7,3743,3198
2026-08,WEEKENDS/HOLIDAY,9,TRAIN,NS4/BP1,19821,14342
2026-08,WEEKDAY,13,TRAIN,CC14,8997,8412
2026-08,WEEKDAY,9,TRAIN,TE29,8265,1674
2026-08,WEEKDAY,9,TRAIN,NE13,43695,23832
2026-08,WEEKDAY,0,TRAIN,CC12,31,568
2026-08,WEEKDAY,14,TRAIN,DT13,10572,10701
2026-08,WEEKENDS/HOLIDAY,0,TRAIN,CC32,0,5
2026-08,WEEKDAY,15,TRAIN,NS5,20596,25485
2026-08,WEEKENDS/HOLIDAY,21,TRAIN,CC3,10586,2570
2026-08,WEEKENDS/HOLIDAY,19,TRAIN,NS4/BP1,18220,27961
2026-08,WEEKENDS/HOLIDAY,17,TRAIN,CC11,13110,7796
2026-08,WEEKDAY,23,TRAIN,SW3,78,682
2026-08,WEEKDAY,15,TRAIN,EW4,16246,13079
2026-08,WEEKDAY,15,TRAIN,DT31,6833,7672
2026-08,WEEKENDS/HOLIDAY,10,TRAIN,NS27/CC33/TE20,1637,2477
2026-08,WEEKDAY,10,TRAIN,NS3,20501,11166
2026-08,WEEKDAY,10,TRAIN,DT10,5539,1559
2026-08,WEEKDAY,11,TRAIN,PW5,2096,1469
2026-08,WEEKDAY,15,TRAIN,PE4,1319,1847
2026-08,WEEKDAY,10,TRAIN,SW5,6040,4046
2026-08,WEEKENDS/HOLIDAY,19,TRAIN,TE25,1988,2565
2026-08,WEEKDAY,11,TRAIN,TE26,11374,13551
2026-08,WEEKENDS/HOLIDAY,23,TRAIN,EW27,3419,15860
2026-08,WEEKENDS/HOLIDAY,11,TRAIN,BP7,754,592
2026-08,WEEKENDS/HOLIDAY,19,TRAIN,TE18,11011,7599
2026-08,WEEKENDS/HOLIDAY,18,TRAIN,NS13,28227,42900
2026-08,WEEKENDS/HOLIDAY,13,TRAIN,DT4,1663,1278
2026-08,WEEKDAY,8,TRAIN,EW33,10247,14237
2026-08,WEEKDAY,19,TRAIN,NS17/CC15,32194,47032
2026-08,WEEKDAY,19,TRAIN,PW3,585,1932
2026-08,WEEKENDS/HOLIDAY,14,TRAIN,EW27,28357,28952
2026-08,WEEKDAY,15,TRAIN,SW6,2194,3290
2026-08,WEEKDAY,10,TRAIN,DT3,7176,2408
2026-08,WEEKENDS/HOLIDAY,0,TRAIN,TE26,108,488
2026-08,WEEKDAY,21,TRAIN,NS7,19757,41187
2026-08,WEEKDAY,7,TRAIN,BP5,6542,3025
2026-08,WEEKENDS/HOLIDAY,11,TRAIN,DT30,6457,2351
2026-08,WEEKENDS/HOLIDAY,12,TRAIN,EW19,12390,7723
2026-08,WEEKENDS/HOLIDAY,16,TRAIN,EW33,3728,2614
2026-08,WEEKENDS/HOLIDAY,14,TRAIN,SW1,1230,670
2026-08,WEEKDAY,7,TRAIN,NE12/CC13,119123,66171
2026-08,WEEKENDS/HOLIDAY,11,TRAIN,CC34/DT16,12358,35768
2026-08,WEEKENDS/HOLIDAY,5,TRAIN,DT31,164,1
2026-08,WEEKENDS/HOLIDAY,16,TRAIN,CC21,7678,6882
2026-08,WEEKDAY,7,TRAIN,CC34/DT16,11501,30205
2026-08,WEEKDAY,6,TRAIN,EW2/DT32,58477,27294
2026-08,WEEKENDS/HOLIDAY,10,TRAIN,DT28,7100,2677
2026-08,WEEKDAY,13,TRAIN,NS12,14794,15154
2026-08,WEEKENDS/HOLIDAY,20,TRAIN,NS10,12016,25241
2026-08,WEEKDAY,16,TRAIN,NE9,24846,21342
2026-08,WEEKENDS/HOLIDAY,9,TRAIN,DT23,1074,2176
2026-08,WEEKDAY,9,TRAIN,NE17/PTC,63429,26518
2026-08,WEEKDAY,8,TRAIN,BP4,4885,18293
2026-08,WEEKDAY,20,TRAIN,DT18,23727,6654
2026-08,WEEKENDS/HOLIDAY,22,TRAIN,DT6,914,2499
2026-08,WEEKDAY,8,TRAIN,DT25,12929,11189
2026-08,WEEKDAY,5,TRAIN,CC7,1301,161
2026-08,WEEKENDS/HOLIDAY,8,TRAIN,DT8,2052,1389
2026-08,WEEKDAY,12,TRAIN,EW33,3044,1758
2026-08,WEEKDAY,12,TRAIN,EW28,26631,20674
2026-08,WEEKENDS/HOLIDAY,23,TRAIN,CC19/DT9,624,780
2026-08,WEEKENDS/HOLIDAY,11,TRAIN,TE25,2646,1622
2026-08,WEEKENDS/HOLIDAY,23,TRAIN,TE16,1434,2683
2026-08,WEEKENDS/HOLIDAY,12,TRAIN,NE12/CC13,39459,39711
2026-08,WEEKDAY,15,TRAIN,CC8,10119,7070
2026-08,WEEKDAY,11,TRAIN,PE2,5817,3095
2026-08,WEEKDAY,18,TRAIN,NS20,134839,55205
2026-08,WEEKDAY,18,TRAIN,EW32,23476,5984
2026-08,WEEKDAY,15,TRAIN,EW11,16079,17966
2026-08,WEEKENDS/HOLIDAY,18,TRAIN,PW3,531,664
2026-08,WEEKDAY,13,TRAIN,PE6,7879,9376
2026-08,WEEKDAY,9,TRAIN,NS13,67525,32349
2026-08,WEEKENDS/HOLIDAY,0,TRAIN,EW31,5,334
2026-08,WEEKENDS/HOLIDAY,12,TRAIN,EW16/NE3/TE17,16843,15886
2026-08,WEEKDAY,21,TRAIN,EW26,12127,48921
2026-08,WEEKENDS/HOLIDAY,10,TRAIN,PW7,2553,1211
2026-08,WEEKENDS/HOLIDAY,13,TRAIN,DT29,4141,3026
2026-08,WEEKDAY,13,TRAIN,BP2,3037,2151
2026-08,WEEKENDS/HOLIDAY,17,TRAIN,EW20,7609,7123
2026-08,WEEKDAY,7,TRAIN,DT29,28572,9464
2026-08,WEEKENDS/HOLIDAY,13,TRAIN,BP6/DT1,24615,20777
2026-08,WEEKDAY,9,TRAIN,EW14/NS26,13401,312448
2026-08,WEEKDAY,11,TRAIN,NE7/DT12,29306,32449
2026-08,WEEKDAY,23,TRAIN,DT2,160,1054
2026-08,WEEKENDS/HOLIDAY,18,TRAIN,BP13,584,695
2026-08,WEEKDAY,16,TRAIN,EW18,18096,18897
2026-08,WEEKDAY,13,TRAIN,DT18,19245,17095
2026-08,WEEKDAY,11,TRAIN,NS12,17537,9190
2026-08,WEEKDAY,8,TRAIN,TE15,18756,17747
2026-08,WEEKENDS/HOLIDAY,0,TRAIN,DT25,20,201
2026-08,WEEKENDS/HOLIDAY,13,TRAIN,EW31,1921,721
2026-08,WEEKENDS/HOLIDAY,5,TRAIN,SW3,378,18
2026-08,WEEKENDS/HOLIDAY,7,TRAIN,CC31,746,335
2026-08,WEEKDAY,10,TRAIN,NE16/STC,42528,23848
2026-08,WEEKENDS/HOLIDAY,18,TRAIN,SW8,514,862
2026-08,WEEKENDS/HOLIDAY,23,TRAIN,NE15,1190,7995
2026-08,WEEKDAY,10,TRAIN,DT8,5691,2676
2026-08,WEEKENDS/HOLIDAY,19,TRAIN,TE23,3007,13367
2026-08,WEEKDAY,19,TRAIN,EW3,17009,43361
2026-08,WEEKENDS/HOLIDAY,5,TRAIN,DT28,211,1
2026-08,WEEKDAY,5,TRAIN,DT27,947,304
2026-08,WEEKDAY,6,TRAIN,EW1,46317,13046
2026-08,WEEKENDS/HOLIDAY,17,TRAIN,BP5,1256,1076
2026-08,WEEKENDS/HOLIDAY,16,TRAIN,DT17,3987,3982
2026-08,WEEKDAY,8,TRAIN,EW30,2283,23567
2026-08,WEEKENDS/HOLIDAY,6,TRAIN,NS5,12828,3096
2026-08,WEEKENDS/HOLIDAY,13,TRAIN,EW9,16044,14560
2026-08,WEEKDAY,9,TRAIN,DT4,4642,850
2026-08,WEEKENDS/HOLIDAY,14,TRAIN,NS12,11112,10746
2026-08,WEEKDAY,7,TRAIN,EW23,101731,107826
2026-08,WEEKDAY,17,TRAIN,CC10/DT26,44193,24557
2026-08,WEEKENDS/HOLIDAY,0,TRAIN,DT2,6,184
2026-08,WEEKENDS/HOLIDAY,17,TRAIN,SE2,3242,3508
2026-08,WEEKENDS/HOLIDAY,20,TRAIN,DT28,3397,9682
2026-08,WEEKENDS/HOLIDAY,11,TRAIN,TE15,6082,7468
2026-08,WEEKDAY,14,TRAIN,TE18,15233,11151
2026-08,WEEKDAY,22,TRAIN,SW5,2749,5728
2026-08,WEEKENDS/HOLIDAY,10,TRAIN,NS20,13770,22627
2026-08,WEEKENDS/HOLIDAY,11,TRAIN,PE7,3345,1627
2026-08,WEEKDAY,20,TRAIN,BP13,429,1589
2026-08,WEEKDAY,8,TRAIN,EW2/DT32,151848,61139
2026-08,WEEKENDS/HOLIDAY,19,TRAIN,TE27,3298,4377
2026-08,WEEKENDS/HOLIDAY,23,TRAIN,TE11,571,1496
2026-08,WEEKDAY,14,TRAIN,CC11,12597,11882
2026-08,WEEKENDS/HOLIDAY,15,TRAIN,TE13,2928,2514
2026-08,WEEKDAY,16,TRAIN,CC32,1974,1252
2026-08,WEEKENDS/HOLIDAY,8,TRAIN,PW4,2326,1365
2026-08,WEEKDAY,16,TRAIN,NS16,37260,48001
2026-08,WEEKENDS/HOLIDAY,10,TRAIN,CC2,1965,3111
2026-08,WEEKENDS/HOLIDAY,13,TRAIN,CC14,4801,4181
2026-08,WEEKENDS/HOLIDAY,23,TRAIN,TE8,1414,1789
2026-08,WEEKDAY,9,TRAIN,CC34/DT16,8342,40628
2026-08,WEEKDAY,14,TRAIN,CC28,3162,3703
2026-08,WEEKDAY,9,TRAIN,PW6,3142,787
2026-08,WEEKDAY,22,TRAIN,CG2,28802,11984
2026-08,WEEKDAY,23,TRAIN,DT10,548,1472
2026-08,WEEKDAY,21,TRAIN,CC6,14276,1996
2026-08,WEEKENDS/HOLIDAY,11,TRAIN,DT27,4927,3645
2026-08,WEEKENDS/HOLIDAY,17,TRAIN,EW18,10866,9989
2026-08,WEEKDAY,10,TRAIN,DT22,8365,9367
2026-08,WEEKENDS/HOLIDAY,11,TRAIN,NS3,15284,8638
2026-08,WEEKDAY,8,TRAIN,CC24,10244,128066
2026-08,WEEKDAY,12,TRAIN,EW19,14834,12040
2026-08,WEEKDAY,8,TRAIN,DT31,39292,17092
2026-08,WEEKDAY,22,TRAIN,DT27,3702,7641
2026-08,WEEKDAY,12,TRAIN,BP7,1121,903
2026-08,WEEKENDS/HOLIDAY,12,TRAIN,SW6,1584,1153
2026-08,WEEKENDS/HOLIDAY,7,TRAIN,NS10,22685,11582
2026-08,WEEKDAY,9,TRAIN,PE6,11488,7241
2026-08,WEEKDAY,9,TRAIN,DT24,9711,6324
2026-08,WEEKENDS/HOLIDAY,15,TRAIN,TE11,2282,2523
2026-08,WEEKENDS/HOLIDAY,14,TRAIN,SE1,2306,2456
2026-08,WEEKDAY,10,TRAIN,CC32,1110,2149
2026-08,WEEKDAY,12,TRAIN,BP2,2138,1532
2026-08,WEEKENDS/HOLIDAY,14,TRAIN,NE12/CC13,40112,39316
2026-08,WEEKENDS/HOLIDAY,7,TRAIN,CC16,1884,3780
2026-08,WEEKDAY,8,TRAIN,NS23,15682,52958
2026-08,WEEKENDS/HOLIDAY,18,TRAIN,TE3,6076,6520
2026-08,WEEKDAY,11,TRAIN,EW23,38688,40744
2026-08,WEEKDAY,12,TRAIN,EW8/CC9,42582,52053
2026-08,WEEKDAY,19,TRAIN,CC27,25966,2966
2026-08,WEEKDAY,0,TRAIN,NS24/NE6/CC1,367,354
2026-08,WEEKDAY,21,TRAIN,DT4,464,3253
2026-08,WEEKDAY,10,TRAIN,NE5,7556,20592
2026-08,WEEKDAY,16,TRAIN,EW20,15368,11935
2026-08,WEEKENDS/HOLIDAY,9,TRAIN,TE18,3186,7322
2026-08,WEEKENDS/HOLIDAY,10,TRAIN,DT23,1432,2288
2026-08,WEEKENDS/HOLIDAY,22,TRAIN,SW4,544,1974
2026-08,WEEKDAY,20,TRAIN,CC11,23500,10173
2026-08,WEEKDAY,8,TRAIN,SE1,11138,4802
2026-08,WEEKDAY,5,TRAIN,DT33,6280,105
2026-08,WEEKDAY,6,TRAIN,NS28,186,1555
2026-08,WEEKDAY,6,TRAIN,NE12/CC13,54660,31676
2026-08,WEEKENDS/HOLIDAY,14,TRAIN,BP10,1763,1864
2026-08,WEEKDAY,10,TRAIN,EW28,24072,17623
2026-08,WEEKDAY,23,TRAIN,EW21/CC22,7835,4974
2026-08,WEEKENDS/HOLIDAY,10,TRAIN,DT7,2545,1756
2026-08,WEEKENDS/HOLIDAY,14,TRAIN,EW12/DT14,48767,54265
2026-08,WEEKENDS/HOLIDAY,10,TRAIN,NS11,28147,12841
2026-08,WEEKENDS/HOLIDAY,0,TRAIN,EW20,71,313
2026-08,WEEKENDS/HOLIDAY,14,TRAIN,CC30,147,138
2026-08,WEEKENDS/HOLIDAY,17,TRAIN,CC17/TE9,4628,3683
2026-08,WEEKDAY,23,TRAIN,NE1/CC29,20628,3925
2026-08,WEEKENDS/HOLIDAY,9,TRAIN,NS8,14374,6553
2026-08,WEEKENDS/HOLIDAY,12,TRAIN,TE26,11347,11617
2026-08,WEEKDAY,21,TRAIN,CC19/DT9,4141,4185
2026-08,WEEKDAY,5,TRAIN,TE26,497,24
2026-08,WEEKDAY,0,TRAIN,BP12,0,2
2026-08,WEEKENDS/HOLIDAY,15,TRAIN,CC3,9087,6917
2026-08,WEEKENDS/HOLIDAY,19,TRAIN,EW30,3092,1815
2026-08,WEEKDAY,13,TRAIN,EW21/CC22,26988,28471
2026-08,WEEKENDS/HOLIDAY,12,TRAIN,EW14/NS26,14138,16217
2026-08,WEEKDAY,13,TRAIN,NS4/BP1,32281,33569
2026-08,WEEKENDS/HOLIDAY,18,TRAIN,DT22,9915,14189
2026-08,WEEKDAY,10,TRAIN,SW1,2087,1524
2026-08,WEEKENDS/HOLIDAY,9,TRAIN,CC30,46,66
2026-08,WEEKENDS/HOLIDAY,16,TRAIN,BP12,1432,1105
2026-08,WEEKENDS/HOLIDAY,10,TRAIN,DT18,2449,4932
2026-08,WEEKENDS/HOLIDAY,11,TRAIN,DT13,6851,8720
2026-08,WEEKDAY,14,TRAIN,NE4/DT19,62844,53457
2026-08,WEEKDAY,22,TRAIN,SW7,219,2417
2026-08,WEEKENDS/HOLIDAY,22,TRAIN,NS19,6575,19163
2026-08,WEEKDAY,17,TRAIN,CC7,9237,9627
2026-08,WEEKENDS/HOLIDAY,7,TRAIN,CC23,817,2906
2026-08,WEEKDAY,6,TRAIN,CC3,225,3494
2026-08,WEEKDAY,0,TRAIN,EW27,143,5160
2026-08,WEEKENDS/HOLIDAY,22,TRAIN,EW28,5016,21117
2026-08,WEEKDAY,20,TRAIN,DT2,2619,3056
2026-08,WEEKENDS/HOLIDAY,11,TRAIN,CC8,5161,3467
2026-08,WEEKENDS/HOLIDAY,6,TRAIN,DT10,353,209
2026-08,WEEKDAY,21,TRAIN,EW24/NS1,104161,31698
2026-08,WEEKENDS/HOLIDAY,16,TRAIN,EW28,18612,14372
2026-08,WEEKENDS/HOLIDAY,23,TRAIN,NS4/BP1,3733,10549
2026-08,WEEKDAY,19,TRAIN,NS20,69454,37733
2026-08,WEEKDAY,22,TRAIN,NS11,12749,46492
2026-08,WEEKDAY,14,TRAIN,DT33,14672,11651
2026-08,WEEKENDS/HOLIDAY,18,TRAIN,NS14,17526,21708
2026-08,WEEKDAY,23,TRAIN,NS21/DT11,18478,18573
2026-08,WEEKENDS/HOLIDAY,13,TRAIN,DT7,2325,2125
2026-08,WEEKDAY,17,TRAIN,DT20,13105,9651
2026-08,WEEKENDS/HOLIDAY,12,TRAIN,DT4,1801,1050
2026-08,WEEKENDS/HOLIDAY,13,TRAIN,TE1,2742,1493
2026-08,WEEKENDS/HOLIDAY,7,TRAIN,CC10/DT26,9481,6279
2026-08,WEEKENDS/HOLIDAY,10,TRAIN,DT30,7038,2095
2026-08,WEEKDAY,5,TRAIN,BP13,1342,161
2026-08,WEEKENDS/HOLIDAY,20,TRAIN,CC17/TE9,1746,3713
2026-08,WEEKENDS/HOLIDAY,19,TRAIN,CG2,17915,14574
2026-08,WEEKENDS/HOLIDAY,9,TRAIN,EW30,1034,905
2026-08,WEEKDAY,23,TRAIN,SW1,172,147
2026-08,WEEKDAY,5,TRAIN,BP5,881,342
2026-08,WEEKENDS/HOLIDAY,18,TRAIN,PW4,2974,3650
2026-08,WEEKDAY,0,TRAIN,PW4,75,390
2026-08,WEEKDAY,21,TRAIN,NS11,19117,56427
2026-08,WEEKENDS/HOLIDAY,21,TRAIN,NS19,9831,23525
2026-08,WEEKDAY,22,TRAIN,DT7,1504,2824
2026-08,WEEKENDS/HOLIDAY,12,TRAIN,NS14,20534,13681
2026-08,WEEKDAY,13,TRAIN,EW29,7716,7060
2026-08,WEEKENDS/HOLIDAY,10,TRAIN,NS18,10517,4410
2026-08,WEEKENDS/HOLIDAY,20,TRAIN,SE2,1202,4056
2026-08,WEEKDAY,13,TRAIN,CC3,7197,6953
2026-08,WEEKENDS/HOLIDAY,6,TRAIN,PW7,621,811
2026-08,WEEKDAY,11,TRAIN,NS14,29624,16901
2026-08,WEEKENDS/HOLIDAY,10,TRAIN,TE19,1640,2564
2026-08,WEEKENDS/HOLIDAY,18,TRAIN,TE13,3435,2745
2026-08,WEEKDAY,19,TRAIN,SE5,2347,6055
2026-08,WEEKENDS/HOLIDAY,18,TRAIN,NE10,10169,10496
2026-08,WEEKDAY,18,TRAIN,PW1,3731,3743
2026-08,WEEKENDS/HOLIDAY,0,TRAIN,NE17/PTC,530,2628
2026-08,WEEKENDS/HOLIDAY,13,TRAIN,BP12,1537,1146
2026-08,WEEKDAY,15,TRAIN,EW33,2934,2230
2026-08,WEEKDAY,12,TRAIN,BP9,2501,2335
2026-08,WEEKDAY,10,TRAIN,NS5,26133,12318
2026-08,WEEKENDS/HOLIDAY,6,TRAIN,CC3,176,1089
2026-08,WEEKENDS/HOLIDAY,7,TRAIN,NS8,11617,6645
2026-08,WEEKDAY,19,TRAIN,TE4,8106,10737
2026-08,WEEKENDS/HOLIDAY,11,TRAIN,TE29,2924,1811
2026-08,WEEKENDS/HOLIDAY,23,TRAIN,DT23,684,866
2026-08,WEEKDAY,11,TRAIN,EW5,27183,20550
2026-08,WEEKDAY,5,TRAIN,TE28,250,2
2026-08,WEEKENDS/HOLIDAY,9,TRAIN,CC21,3685,6815
2026-08,WEEKDAY,19,TRAIN,TE18,23150,14888
2026-08,WEEKENDS/HOLIDAY,18,TRAIN,NS4/BP1,22740,29837
2026-08,WEEKDAY,10,TRAIN,DT31,8546,4496
2026-08,WEEKENDS/HOLIDAY,13,TRAIN,PW5,1871,1637
2026-08,WEEKDAY,21,TRAIN,NE18,12598,8817
2026-08,WEEKDAY,9,TRAIN,NS11,54626,19198
2026-08,WEEKDAY,18,TRAIN,DT4,2599,7778
2026-08,WEEKENDS/HOLIDAY,18,TRAIN,CC6,9211,23087
2026-08,WEEKDAY,12,TRAIN,NE1/CC29,33692,74689
2026-08,WEEKENDS/HOLIDAY,8,TRAIN,CC23,894,3313
2026-08,WEEKENDS/HOLIDAY,11,TRAIN,EW19,10882,6463
2026-08,WEEKDAY,13,TRAIN,TE11,5881,4050
2026-08,WEEKENDS/HOLIDAY,5,TRAIN,CC30,5,2
2026-08,WEEKENDS/HOLIDAY,8,TRAIN,DT27,4198,3679
2026-08,WEEKDAY,14,TRAIN,DT8,11661,4974
2026-08,WEEKENDS/HOLIDAY,18,TRAIN,CC28,3091,2993
2026-08,WEEKENDS/HOLIDAY,14,TRAIN,CC16,4138,3302
2026-08,WEEKENDS/HOLIDAY,17,TRAIN,CC25,4954,2948
2026-08,WEEKDAY,0,TRAIN,SW3,14,216
2026-08,WEEKDAY,16,TRAIN,EW16/NE3/TE17,59267,20909
2026-08,WEEKENDS/HOLIDAY,6,TRAIN,DT20,166,558
2026-08,WEEKENDS/HOLIDAY,0,TRAIN,NS28,21,26
2026-08,WEEKDAY,15,TRAIN,NS21/DT11,50979,56609
2026-08,WEEKENDS/HOLIDAY,17,TRAIN,NS5,16430,18730
2026-08,WEEKDAY,17,TRAIN,BP5,3118,2980
2026-08,WEEKENDS/HOLIDAY,12,TRAIN,DT10,3019,1515
2026-08,WEEKENDS/HOLIDAY,11,TRAIN,TE27,4866,3021
2026-08,WEEKENDS/HOLIDAY,20,TRAIN,EW2/DT32,26826,31916
2026-08,WEEKDAY,5,TRAIN,BP9,1654,841
2026-08,WEEKENDS/HOLIDAY,5,TRAIN,CC19/DT9,126,82
2026-08,WEEKENDS/HOLIDAY,0,TRAIN,CC27,7,14
2026-08,WEEKDAY,18,TRAIN,EW31,20637,3029
2026-08,WEEKENDS/HOLIDAY,8,TRAIN,EW33,3815,4296
2026-08,WEEKDAY,0,TRAIN,EW10,100,567
2026-08,WEEKENDS/HOLIDAY,8,TRAIN,NS24/NE6/CC1,4664,11875
2026-08,WEEKDAY,6,TRAIN,TE4,7546,3890
2026-08,WEEKDAY,14,TRAIN,EW25,7337,8237
2026-08,WEEKENDS/HOLIDAY,15,TRAIN,NS4/BP1,20479,21927
2026-08,WEEKDAY,15,TRAIN,TE5,4384,7053
2026-08,WEEKENDS/HOLIDAY,8,TRAIN,DT18,737,2523
2026-08,WEEKDAY,11,TRAIN,CC31,2188,1294
2026-08,WEEKDAY,0,TRAIN,CC19/DT9,58,317
2026-08,WEEKDAY,6,TRAIN,EW7,19603,7703
2026-08,WEEKENDS/HOLIDAY,14,TRAIN,DT21,5916,7127
2026-08,WEEKENDS/HOLIDAY,8,TRAIN,DT24,2856,1372
2026-08,WEEKENDS/HOLIDAY,21,TRAIN,CC34/DT16,70459,16743
2026-08,WEEKDAY,13,TRAIN,NS14,25467,20992
2026-08,WEEKENDS/HOLIDAY,10,TRAIN,TE23,2828,1356
2026-08,WEEKENDS/HOLIDAY,5,TRAIN,DT3,122,3
2026-08,WEEKENDS/HOLIDAY,21,TRAIN,BP10,576,1816
2026-08,WEEKDAY,12,TRAIN,PE3,6456,5135
2026-08,WEEKDAY,13,TRAIN,NS8,17039,12283
2026-08,WEEKENDS/HOLIDAY,18,TRAIN,EW1,17744,24031
2026-08,WEEKENDS/HOLIDAY,16,TRAIN,CC26,2051,1622
2026-08,WEEKENDS/HOLIDAY,22,TRAIN,EW30,574,1249
2026-08,WEEKDAY,15,TRAIN,NS8,16405,13821
2026-08,WEEKENDS/HOLIDAY,16,TRAIN,DT33,8850,8138
2026-08,WEEKDAY,14,TRAIN,DT7,3593,4893
2026-08,WEEKENDS/HOLIDAY,17,TRAIN,EW29,17336,8479
2026-08,WEEKENDS/HOLIDAY,14,TRAIN,NS14,16659,14614
2026-08,WEEKENDS/HOLIDAY,9,TRAIN,DT25,2416,1848
2026-08,WEEKENDS/HOLIDAY,7,TRAIN,NE12/CC13,18434,9853
2026-08,WEEKDAY,8,TRAIN,EW21/CC22,31415,112836
2026-08,WEEKENDS/HOLIDAY,22,TRAIN,BP12,276,1168
2026-08,WEEKDAY,9,TRAIN,CC30,145,116
2026-08,WEEKENDS/HOLIDAY,12,TRAIN,NS21/DT11,37175,35205
2026-08,WEEKDAY,5,TRAIN,DT25,718,326
2026-08,WEEKDAY,0,TRAIN,NS7,748,2895
2026-08,WEEKDAY,15,TRAIN,NS9/TE2,45051,63857
2026-08,WEEKDAY,23,TRAIN,NS17/CC15,4608,11660
2026-08,WEEKDAY,6,TRAIN,EW27,66293,43659
2026-08,WEEKDAY,23,TRAIN,CG2,9469,9607
2026-08,WEEKDAY,21,TRAIN,PW6,337,1708
2026-08,WEEKDAY,20,TRAIN,EW9,16200,38579
2026-08,WEEKENDS/HOLIDAY,17,TRAIN,CC31,2422,1803
2026-08,WEEKENDS/HOLIDAY,13,TRAIN,EW22,3257,3337
2026-08,WEEKENDS/HOLIDAY,20,TRAIN,PE3,1663,4183
2026-08,WEEKENDS/HOLIDAY,18,TRAIN,DT7,2833,3043
2026-08,WEEKENDS/HOLIDAY,10,TRAIN,EW7,10117,6750
2026-08,WEEKENDS/HOLIDAY,19,TRAIN,NS10,14641,25548
2026-08,WEEKDAY,14,TRAIN,NE13,21393,23595
2026-08,WEEKDAY,11,TRAIN,NS8,17721,9142
2026-08,WEEKENDS/HOLIDAY,7,TRAIN,EW12/DT14,7681,12400
2026-08,WEEKENDS/HOLIDAY,6,TRAIN,CG2,6964,3380
2026-08,WEEKDAY,10,TRAIN,PW2,150,184
2026-08,WEEKDAY,11,TRAIN,DT5,13864,10379
2026-08,WEEKDAY,20,TRAIN,TE6,5297,20733
2026-08,WEEKDAY,8,TRAIN,BP13,2934,760
2026-08,WEEKENDS/HOLIDAY,21,TRAIN,NE4/DT19,36297,17559
2026-08,WEEKDAY,20,TRAIN,TE13,4325,4092
2026-08,WEEKDAY,22,TRAIN,EW10,4334,15386
2026-08,WEEKDAY,22,TRAIN,SE4,622,3663
2026-08,WEEKENDS/HOLIDAY,18,TRAIN,BP4,962,1150
2026-08,WEEKENDS/HOLIDAY,10,TRAIN,NE11,9364,7342
2026-08,WEEKDAY,16,TRAIN,NS2,25779,36872
2026-08,WEEKENDS/HOLIDAY,15,TRAIN,NS24/NE6/CC1,31321,27880
2026-08,WEEKENDS/HOLIDAY,22,TRAIN,PW7,555,1761
2026-08,WEEKENDS/HOLIDAY,0,TRAIN,SW8,14,104
2026-08,WEEKENDS/HOLIDAY,6,TRAIN,PE4,449,137
2026-08,WEEKDAY,23,TRAIN,SW7,83,1228
2026-08,WEEKDAY,11,TRAIN,NE5,9688,14882
2026-08,WEEKDAY,19,TRAIN,BP3,2811,11904
2026-08,WEEKDAY,20,TRAIN,NE15,10653,43199
2026-08,WEEKDAY,15,TRAIN,EW10,7036,8870
2026-08,WEEKDAY,18,TRAIN,PE7,4640,12104
2026-08,WEEKDAY,12,TRAIN,CC30,113,173
2026-08,WEEKDAY,8,TRAIN,CC10/DT26,43425,58964
2026-08,WEEKDAY,10,TRAIN,NS8,20459,9154
2026-08,WEEKDAY,10,TRAIN,DT21,8608,9893
2026-08,WEEKENDS/HOLIDAY,22,TRAIN,NS5,5213,17137
2026-08,WEEKDAY,19,TRAIN,NS5,21532,76964
2026-08,WEEKDAY,12,TRAIN,NE16/STC,41816,38552
2026-08,WEEKDAY,7,TRAIN,DT4,7894,1797
2026-08,WEEKDAY,21,TRAIN,TE29,1306,4527
2026-08,WEEKENDS/HOLIDAY,18,TRAIN,EW25,10500,11801
2026-08,WEEKDAY,21,TRAIN,DT2,1432,2462
2026-08,WEEKENDS/HOLIDAY,16,TRAIN,TE1,3365,1789
2026-08,WEEKDAY,18,TRAIN,SE1,5910,10036
2026-08,WEEKENDS/HOLIDAY,19,TRAIN,PW6,532,823
2026-08,WEEKENDS/HOLIDAY,17,TRAIN,NS21/DT11,40228,42331
2026-08,WEEKDAY,15,TRAIN,EW12/DT14,59406,54211
2026-08,WEEKDAY,14,TRAIN,NE16/STC,42770,49692
2026-08,WEEKENDS/HOLIDAY,9,TRAIN,TE24,2677,986
2026-08,WEEKENDS/HOLIDAY,5,TRAIN,NS3,2384,256
2026-08,WEEKENDS/HOLIDAY,12,TRAIN,CC4/DT15,7270,20797
2026-08,WEEKENDS/HOLIDAY,8,TRAIN,SE3,1966,490
2026-08,WEEKDAY,10,TRAIN,EW24/NS1,27586,61952
2026-08,WEEKDAY,11,TRAIN,CC11,10536,12743
2026-08,WEEKDAY,20,TRAIN,BP9,1489,2584
2026-08,WEEKENDS/HOLIDAY,20,TRAIN,NS12,6843,14138
2026-08,WEEKENDS/HOLIDAY,13,TRAIN,EW24/NS1,46121,58519
2026-08,WEEKENDS/HOLIDAY,20,TRAIN,TE19,2604,2639
2026-08,WEEKENDS/HOLIDAY,16,TRAIN,BP13,696,641
2026-08,WEEKDAY,17,TRAIN,DT13,23129,13026
2026-08,WEEKDAY,7,TRAIN,DT20,5381,11503
2026-08,WEEKENDS/HOLIDAY,9,TRAIN,PW3,601,249
2026-08,WEEKENDS/HOLIDAY,17,TRAIN,CC28,3128,2948
2026-08,WEEKENDS/HOLIDAY,7,TRAIN,DT2,449,377
2026-08,WEEKDAY,14,TRAIN,EW24/NS1,55588,60613
2026-08,WEEKENDS/HOLIDAY,19,TRAIN,EW5,16500,22122
2026-08,WEEKENDS/HOLIDAY,6,TRAIN,TE1,3492,1602
2026-08,WEEKDAY,12,TRAIN,NE4/DT19,62484,86294
2026-08,WEEKENDS/HOLIDAY,9,TRAIN,BP7,731,377
2026-08,WEEKDAY,16,TRAIN,TE4,6922,4669
2026-08,WEEKDAY,20,TRAIN,EW19,9965,24625
2026-08,WEEKDAY,10,TRAIN,EW8/CC9,24806,48915
2026-08,WEEKDAY,9,TRAIN,EW5,47172,24099
2026-08,WEEKENDS/HOLIDAY,11,TRAIN,SW5,4856,3510
2026-08,WEEKDAY,18,TRAIN,DT33,25777,62536
2026-08,WEEKENDS/HOLIDAY,12,TRAIN,TE22,2255,5019
2026-08,WEEKDAY,5,TRAIN,NE1/CC29,1522,134
2026-08,WEEKDAY,5,TRAIN,NE7/DT12,1472,291
2026-08,WEEKENDS/HOLIDAY,7,TRAIN,SW5,2472,875
2026-08,WEEKDAY,10,TRAIN,EW4,15523,6281
2026-08,WEEKENDS/HOLIDAY,18,TRAIN,SW1,1110,631
2026-08,WEEKENDS/HOLIDAY,10,TRAIN,DT17,1889,3331
2026-08,WEEKENDS/HOLIDAY,15,TRAIN,NS17/CC15,15748,10982
2026-08,WEEKENDS/HOLIDAY,22,TRAIN,SW2,786,907
2026-08,WEEKDAY,14,TRAIN,TE28,5244,4702
2026-08,WEEKDAY,15,TRAIN,CC23,15281,5734
2026-08,WEEKDAY,12,TRAIN,CC12,8178,5147
2026-08,WEEKENDS/HOLIDAY,22,TRAIN,DT34,624,2575
2026-08,WEEKENDS/HOLIDAY,9,TRAIN,NS2,16616,11009
2026-08,WEEKENDS/HOLIDAY,7,TRAIN,TE14/NS22,3936,17769
2026-08,WEEKDAY,19,TRAIN,TE7,7207,12785
2026-08,WEEKENDS/HOLIDAY,21,TRAIN,DT2,692,1112
2026-08,WEEKENDS/HOLIDAY,14,TRAIN,TE7,3541,3602
2026-08,WEEKENDS/HOLIDAY,23,TRAIN,EW5,2442,9305
2026-08,WEEKDAY,5,TRAIN,DT6,314,280
2026-08,WEEKENDS/HOLIDAY,19,TRAIN,EW2/DT32,31130,39003
2026-08,WEEKENDS/HOLIDAY,22,TRAIN,SE2,557,3728
2026-08,WEEKENDS/HOLIDAY,20,TRAIN,TE5,2617,4125
2026-08,WEEKENDS/HOLIDAY,23,TRAIN,CC8,701,1937
2026-08,WEEKDAY,20,TRAIN,SW1,1794,814
2026-08,WEEKDAY,18,TRAIN,NE5,58664,27611
2026-08,WEEKENDS/HOLIDAY,13,TRAIN,EW23,30746,27428
2026-08,WEEKDAY,21,TRAIN,DT7,1673,3965
2026-08,WEEKDAY,8,TRAIN,TE26,17888,11725
2026-08,WEEKDAY,11,TRAIN,BP11,3000,1885
2026-08,WEEKDAY,16,TRAIN,DT22,8760,10506
2026-08,WEEKENDS/HOLIDAY,16,TRAIN,CC4/DT15,20235,19627
2026-08,WEEKDAY,22,TRAIN,TE16,5172,9351
2026-08,WEEKDAY,18,TRAIN,CC25,25809,13636
2026-08,WEEKDAY,5,TRAIN,NS16,16360,2897
2026-08,WEEKDAY,11,TRAIN,DT27,7323,5739
2026-08,WEEKDAY,19,TRAIN,NS27/CC33/TE20,20445,5056
2026-08,WEEKDAY,8,TRAIN,NE16/STC,135114,28413
2026-08,WEEKENDS/HOLIDAY,17,TRAIN,EW21/CC22,16416,12974
2026-08,WEEKDAY,10,TRAIN,TE7,6624,4853
2026-08,WEEKDAY,10,TRAIN,EW9,18691,12507
2026-08,WEEKDAY,21,TRAIN,SW1,2174,640
2026-08,WEEKDAY,12,TRAIN,SW8,1719,1383
2026-08,WEEKENDS/HOLIDAY,10,TRAIN,NS8,12433,6793
2026-08,WEEKDAY,11,TRAIN,BP4,9811,2902
2026-08,WEEKENDS/HOLIDAY,23,TRAIN,TE19,1057,498
2026-08,WEEKENDS/HOLIDAY,8,TRAIN,BP12,2133,702
2026-08,WEEKDAY,15,TRAIN,BP8,1867,1786
2026-08,WEEKDAY,9,TRAIN,BP3,5668,1624
2026-08,WEEKDAY,23,TRAIN,DT31,1166,5468
2026-08,WEEKENDS/HOLIDAY,16,TRAIN,EW15,15391,10534
2026-08,WEEKENDS/HOLIDAY,7,TRAIN,EW26,20977,10875
2026-08,WEEKENDS/HOLIDAY,19,TRAIN,EW8/CC9,42933,32451
2026-08,WEEKDAY,23,TRAIN,PE1,318,2548
2026-08,WEEKENDS/HOLIDAY,9,TRAIN,CC31,1478,669
2026-08,WEEKENDS/HOLIDAY,5,TRAIN,SW8,108,24
2026-08,WEEKDAY,10,TRAIN,EW14/NS26,20606,91929
2026-08,WEEKDAY,0,TRAIN,EW19,93,750
2026-08,WEEKDAY,9,TRAIN,EW17,40796,26291
2026-08,WEEKENDS/HOLIDAY,20,TRAIN,DT10,1145,1533
2026-08,WEEKDAY,6,TRAIN,DT8,2164,5256
2026-08,WEEKENDS/HOLIDAY,19,TRAIN,CC16,2781,3553
2026-08,WEEKDAY,22,TRAIN,NE7/DT12,16176,12172
2026-08,WEEKDAY,7,TRAIN,NE5,2207,19835
2026-08,WEEKDAY,6,TRAIN,PW7,6302,3947
2026-08,WEEKENDS/HOLIDAY,21,TRAIN,TE8,5830,4074
2026-08,WEEKENDS/HOLIDAY,18,TRAIN,SW3,763,972
2026-08,WEEKENDS/HOLIDAY,10,TRAIN,CG1/DT35,2705,11241
2026-08,WEEKENDS/HOLIDAY,16,TRAIN,NE13,15103,15364
2026-08,WEEKDAY,0,TRAIN,TE11,74,322
2026-08,WEEKDAY,15,TRAIN,NS17/CC15,29330,19266
2026-08,WEEKENDS/HOLIDAY,12,TRAIN,DT17,3419,3561
2026-08,WEEKENDS/HOLIDAY,10,TRAIN,DT22,4969,8893
2026-08,WEEKDAY,5,TRAIN,SW4,1278,71
2026-08,WEEKENDS/HOLIDAY,13,TRAIN,PE4,1333,1158
2026-08,WEEKENDS/HOLIDAY,13,TRAIN,DT25,2252,2004
2026-08,WEEKDAY,15,TRAIN,DT6,12034,7572
2026-08,WEEKDAY,0,TRAIN,EW16/NE3/TE17,84,827
2026-08,WEEKDAY,7,TRAIN,TE5,21320,9671
2026-08,WEEKENDS/HOLIDAY,12,TRAIN,TE28,2829,2305
2026-08,WEEKENDS/HOLIDAY,10,TRAIN,PE1,3141,1238
2026-08,WEEKDAY,11,TRAIN,NS21/DT11,50219,44554
2026-08,WEEKENDS/HOLIDAY,13,TRAIN,PW3,419,478
2026-08,WEEKDAY,21,TRAIN,NS23,67384,17434
2026-08,WEEKENDS/HOLIDAY,7,TRAIN,CC30,121,134
2026-08,WEEKENDS/HOLIDAY,18,TRAIN,CC34/DT16,40211,40736
2026-08,WEEKDAY,17,TRAIN,NE13,31630,40047
2026-08,WEEKDAY,14,TRAIN,BP9,1926,2215
2026-08,WEEKDAY,9,TRAIN,EW23,56136,51059
2026-08,WEEKENDS/HOLIDAY,9,TRAIN,EW26,23548,8286
2026-08,WEEKENDS/HOLIDAY,16,TRAIN,BP6/DT1,20890,22718
2026-08,WEEKDAY,6,TRAIN,TE15,3855,4901
2026-08,WEEKENDS/HOLIDAY,21,TRAIN,SW8,183,978
2026-08,WEEKDAY,13,TRAIN,NS3,17938,14627
2026-08,WEEKDAY,6,TRAIN,SW6,3695,1622
2026-08,WEEKDAY,8,TRAIN,CC11,12282,116527
2026-08,WEEKENDS/HOLIDAY,12,TRAIN,NS19,25685,19061
2026-08,WEEKDAY,16,TRAIN,SE2,3861,7152
2026-08,WEEKDAY,12,TRAIN,DT10,4169,2574
2026-08,WEEKDAY,13,TRAIN,TE27,12107,6787
2026-08,WEEKDAY,21,TRAIN,SW3,496,1089
2026-08,WEEKENDS/HOLIDAY,5,TRAIN,BP11,938,62
2026-08,WEEKDAY,22,TRAIN,DT8,1102,2155
2026-08,WEEKENDS/HOLIDAY,7,TRAIN,NS3,10153,6538
2026-08,WEEKDAY,13,TRAIN,TE25,2686,3307
2026-08,WEEKENDS/HOLIDAY,0,TRAIN,NE1/CC29,162,351
2026-08,WEEKENDS/HOLIDAY,7,TRAIN,NS9/TE2,22947,20838
2026-08,WEEKENDS/HOLIDAY,10,TRAIN,EW4,11483,4594
2026-08,WEEKDAY,7,TRAIN,DT34,11964,10831
2026-08,WEEKDAY,16,TRAIN,TE14/NS22,88437,70598
2026-08,WEEKENDS/HOLIDAY,7,TRAIN,CC6,681,6938
2026-08,WEEKDAY,21,TRAIN,TE15,12328,6324
2026-08,WEEKDAY,7,TRAIN,EW9,57578,33147
2026-08,WEEKENDS/HOLIDAY,14,TRAIN,PW2,212,184
2026-08,WEEKENDS/HOLIDAY,11,TRAIN,SE5,2229,1093
2026-08,WEEKDAY,7,TRAIN,EW5,69504,34467
2026-08,WEEKDAY,21,TRAIN,NE14,13258,43894
2026-08,WEEKENDS/HOLIDAY,13,TRAIN,NE18,9548,8981
2026-08,WEEKDAY,15,TRAIN,CC4/DT15,19560,17959
2026-08,WEEKDAY,15,TRAIN,PE6,7506,9420
2026-08,WEEKENDS/HOLIDAY,12,TRAIN,EW1,21340,13659
2026-08,WEEKDAY,18,TRAIN,SE2,5005,15336
2026-08,WEEKDAY,11,TRAIN,PE5,5832,3196
2026-08,WEEKDAY,6,TRAIN,TE23,2732,660
2026-08,WEEKENDS/HOLIDAY,20,TRAIN,NE18,8253,6317
2026-08,WEEKDAY,11,TRAIN,EW11,19482,15031
2026-08,WEEKENDS/HOLIDAY,6,TRAIN,EW11,6124,2559
2026-08,WEEKDAY,22,TRAIN,BP2,395,2932
2026-08,WEEKDAY,12,TRAIN,NS2,23364,21152
2026-08,WEEKDAY,7,TRAIN,DT24,15422,7643
2026-08,WEEKENDS/HOLIDAY,16,TRAIN,TE12,3305,2347
2026-08,WEEKDAY,17,TRAIN,TE7,13787,10092
2026-08,WEEKENDS/HOLIDAY,18,TRAIN,CC27,2068,1291
2026-08,WEEKDAY,14,TRAIN,EW30,2028,1198
2026-08,WEEKDAY,12,TRAIN,PW7,2927,2518
2026-08,WEEKDAY,6,TRAIN,BP9,4645,1391
2026-08,WEEKDAY,20,TRAIN,DT33,7909,31298
2026-08,WEEKENDS/HOLIDAY,18,TRAIN,NS18,7888,9566
2026-08,WEEKENDS/HOLIDAY,23,TRAIN,NS23,11441,2577
2026-08,WEEKENDS/HOLIDAY,12,TRAIN,TE12,3996,3063
2026-08,WEEKENDS/HOLIDAY,0,TRAIN,CC34/DT16,1687,873
2026-08,WEEKDAY,10,TRAIN,CC28,4819,3233
2026-08,WEEKDAY,13,TRAIN,TE4,4779,4304
2026-08,WEEKENDS/HOLIDAY,5,TRAIN,CC4/DT15,53,28
2026-08,WEEKDAY,23,TRAIN,BP10,239,1225
2026-08,WEEKDAY,10,TRAIN,TE13,6347,5169
2026-08,WEEKENDS/HOLIDAY,18,TRAIN,PW2,166,259
2026-08,WEEKENDS/HOLIDAY,10,TRAIN,CC4/DT15,3225,14848
2026-08,WEEKDAY,15,TRAIN,EW18,14566,15045
2026-08,WEEKDAY,6,TRAIN,EW14/NS26,2373,36044
2026-08,WEEKDAY,15,TRAIN,NS18,12198,13224
2026-08,WEEKENDS/HOLIDAY,17,TRAIN,PW4,3293,3350
2026-08,WEEKDAY,8,TRAIN,BP10,7720,2260
2026-08,WEEKDAY,0,TRAIN,PE4,60,273
2026-08,WEEKENDS/HOLIDAY,17,TRAIN,DT28,8294,6665
2026-08,WEEKENDS/HOLIDAY,15,TRAIN,NS27/CC33/TE20,3303,4607
2026-08,WEEKDAY,6,TRAIN,CC34/DT16,6975,24633
2026-08,WEEKENDS/HOLIDAY,17,TRAIN,BP10,1700,1912
2026-08,WEEKDAY,8,TRAIN,CC25,13732,25696
2026-08,WEEKDAY,13,TRAIN,EW14/NS26,46180,86321
2026-08,WEEKENDS/HOLIDAY,7,TRAIN,DT3,1175,838
2026-08,WEEKENDS/HOLIDAY,15,TRAIN,NS25/EW13,47725,46644
2026-08,WEEKDAY,19,TRAIN,CC34/DT16,50170,53942
2026-08,WEEKENDS/HOLIDAY,22,TRAIN,CG2,19505,7463
2026-08,WEEKDAY,0,TRAIN,DT28,35,836
2026-08,WEEKDAY,23,TRAIN,NE4/DT19,17665,7765
2026-08,WEEKENDS/HOLIDAY,11,TRAIN,NS5,19204,10357
2026-08,WEEKENDS/HOLIDAY,18,TRAIN,CG1/DT35,17187,11803
2026-08,WEEKENDS/HOLIDAY,23,TRAIN,EW29,706,2152
2026-08,WEEKENDS/HOLIDAY,8,TRAIN,EW30,1345,3657
2026-08,WEEKENDS/HOLIDAY,18,TRAIN,NE9,14275,14299
2026-08,WEEKDAY,17,TRAIN,SW3,1912,1704
2026-08,WEEKDAY,0,TRAIN,NS12,473,3114
2026-08,WEEKENDS/HOLIDAY,19,TRAIN,EW22,2413,3603
2026-08,WEEKDAY,22,TRAIN,NE12/CC13,29153,51727
2026-08,WEEKENDS/HOLIDAY,11,TRAIN,NS21/DT11,36594,34758
2026-08,WEEKENDS/HOLIDAY,22,TRAIN,EW18,3750,7448
2026-08,WEEKENDS/HOLIDAY,16,TRAIN,CC32,963,911
2026-08,WEEKENDS/HOLIDAY,5,TRAIN,EW23,1511,611
2026-08,WEEKENDS/HOLIDAY,10,TRAIN,TE16,6964,3931
2026-08,WEEKENDS/HOLIDAY,10,TRAIN,EW28,20139,7224
2026-08,WEEKDAY,22,TRAIN,PW7,1038,3010
2026-08,WEEKENDS/HOLIDAY,21,TRAIN,CC14,1584,3386
2026-08,WEEKDAY,18,TRAIN,NE7/DT12,66401,52590
2026-08,WEEKDAY,6,TRAIN,PE2,10922,2793
2026-08,WEEKDAY,10,TRAIN,BP11,3425,1311
2026-08,WEEKENDS/HOLIDAY,20,TRAIN,DT21,5786,5646
2026-08,WEEKDAY,13,TRAIN,PE3,7158,6625
2026-08,WEEKENDS/HOLIDAY,15,TRAIN,SW4,1556,1903
2026-08,WEEKENDS/HOLIDAY,15,TRAIN,DT24,2238,2236
2026-08,WEEKDAY,12,TRAIN,DT7,3643,3132
2026-08,WEEKENDS/HOLIDAY,13,TRAIN,NS25/EW13,37471,51034
2026-08,WEEKENDS/HOLIDAY,10,TRAIN,TE3,6804,3582
2026-08,WEEKENDS/HOLIDAY,0,TRAIN,DT31,31,749
2026-08,WEEKDAY,21,TRAIN,NS2,17181,35915
2026-08,WEEKENDS/HOLIDAY,12,TRAIN,CC26,2131,1360
2026-08,WEEKDAY,22,TRAIN,EW30,1430,777
2026-08,WEEKDAY,21,TRAIN,TE13,3343,4514
2026-08,WEEKENDS/HOLIDAY,12,TRAIN,NS5,18376,12535
2026-08,WEEKENDS/HOLIDAY,6,TRAIN,DT7,243,280
2026-08,WEEKDAY,18,TRAIN,EW26,59296,102149
2026-08,WEEKDAY,6,TRAIN,TE13,901,3418
2026-08,WEEKDAY,7,TRAIN,TE4,10142,15641
2026-08,WEEKENDS/HOLIDAY,20,TRAIN,NS4/BP1,14969,26371
2026-08,WEEKENDS/HOLIDAY,12,TRAIN,BP12,1781,1203
2026-08,WEEKENDS/HOLIDAY,21,TRAIN,NS18,3207,11297
2026-08,WEEKENDS/HOLIDAY,15,TRAIN,CG2,24608,18894
2026-08,WEEKDAY,21,TRAIN,EW14/NS26,60821,10516
2026-08,WEEKDAY,5,TRAIN,CC23,262,796
2026-08,WEEKENDS/HOLIDAY,23,TRAIN,TE13,909,942
2026-08,WEEKENDS/HOLIDAY,7,TRAIN,PE2,2584,478
2026-08,WEEKENDS/HOLIDAY,5,TRAIN,NS24/NE6/CC1,219,68
2026-08,WEEKDAY,22,TRAIN,EW15,30552,6746
2026-08,WEEKENDS/HOLIDAY,22,TRAIN,PE2,536,3637
2026-08,WEEKDAY,20,TRAIN,CC5,5682,4420
2026-08,WEEKENDS/HOLIDAY,14,TRAIN,SW3,960,828
2026-08,WEEKENDS/HOLIDAY,9,TRAIN,NE9,15780,9513
2026-08,WEEKENDS/HOLIDAY,21,TRAIN,EW6,2629,8546
2026-08,WEEKENDS/HOLIDAY,14,TRAIN,NS2,15927,16163
2026-08,WEEKDAY,12,TRAIN,TE29,3202,2290
2026-08,WEEKENDS/HOLIDAY,18,TRAIN,TE8,9342,8164
2026-08,WEEKENDS/HOLIDAY,18,TRAIN,DT29,4159,4605
2026-08,WEEKDAY,11,TRAIN,EW9,16942,11507
2026-08,WEEKDAY,12,TRAIN,CC7,6326,4132
2026-08,WEEKENDS/HOLIDAY,9,TRAIN,TE19,1162,2777
2026-08,WEEKDAY,11,TRAIN,NE17/PTC,36598,33659
2026-08,WEEKDAY,6,TRAIN,EW33,17860,7685
2026-08,WEEKENDS/HOLIDAY,21,TRAIN,NS11,10748,29801
2026-08,WEEKDAY,19,TRAIN,NS24/NE6/CC1,62858,44854
2026-08,WEEKDAY,17,TRAIN,EW31,29716,1852
2026-08,WEEKENDS/HOLIDAY,21,TRAIN,NS5,7207,20135
2026-08,WEEKENDS/HOLIDAY,15,TRAIN,CC5,4295,4461
2026-08,WEEKDAY,14,TRAIN,TE19,8463,8379
2026-08,WEEKDAY,14,TRAIN,DT10,8411,3103
2026-08,WEEKDAY,15,TRAIN,TE14/NS22,77193,69607
2026-08,WEEKENDS/HOLIDAY,15,TRAIN,BP5,1046,1050
2026-08,WEEKENDS/HOLIDAY,15,TRAIN,EW24/NS1,55918,48994
2026-08,WEEKDAY,12,TRAIN,TE25,3024,2608
2026-08,WEEKENDS/HOLIDAY,19,TRAIN,PE2,2274,4345
2026-08,WEEKENDS/HOLIDAY,22,TRAIN,EW3,3069,9915
2026-08,WEEKENDS/HOLIDAY,14,TRAIN,NS9/TE2,36059,37276
2026-08,WEEKENDS/HOLIDAY,20,TRAIN,EW9,13415,19333
2026-08,WEEKENDS/HOLIDAY,19,TRAIN,EW21/CC22,11854,13079
2026-08,WEEKDAY,6,TRAIN,DT31,13277,4303
2026-08,WEEKENDS/HOLIDAY,6,TRAIN,EW18,3242,3240
2026-08,WEEKENDS/HOLIDAY,23,TRAIN,SW1,105,104
2026-08,WEEKDAY,7,TRAIN,EW11,23026,23438
2026-08,WEEKENDS/HOLIDAY,18,TRAIN,PE7,1953,2774
2026-08,WEEKENDS/HOLIDAY,11,TRAIN,PW3,601,373
2026-08,WEEKDAY,14,TRAIN,PE3,5968,8087
2026-08,WEEKDAY,14,TRAIN,NE15,18289,22810
2026-08,WEEKENDS/HOLIDAY,6,TRAIN,NS19,8305,4355
2026-08,WEEKENDS/HOLIDAY,14,TRAIN,NE4/DT19,47794,41871
2026-08,WEEKDAY,19,TRAIN,BP4,2110,4740
2026-08,WEEKENDS/HOLIDAY,20,TRAIN,BP6/DT1,13696,24611
2026-08,WEEKDAY,22,TRAIN,EW22,5060,5405
2026-08,WEEKENDS/HOLIDAY,16,TRAIN,CC12,5165,4499
2026-08,WEEKENDS/HOLIDAY,9,TRAIN,SE5,2139,700
2026-08,WEEKENDS/HOLIDAY,23,TRAIN,SW2,182,455
2026-08,WEEKENDS/HOLIDAY,17,TRAIN,CC12,5541,4702
2026-08,WEEKDAY,7,TRAIN,TE8,15391,9477
2026-08,WEEKENDS/HOLIDAY,5,TRAIN,SW6,329,29
2026-08,WEEKENDS/HOLIDAY,14,TRAIN,NE18,9695,8909
2026-08,WEEKENDS/HOLIDAY,5,TRAIN,NE9,555,1
2026-08,WEEKENDS/HOLIDAY,17,TRAIN,DT10,2516,1936
2026-08,WEEKENDS/HOLIDAY,8,TRAIN,TE25,1785,830
2026-08,WEEKDAY,19,TRAIN,NE12/CC13,67025,134528
2026-08,WEEKDAY,0,TRAIN,PW2,7,6
2026-08,WEEKENDS/HOLIDAY,6,TRAIN,BP11,1266,168
2026-08,WEEKDAY,7,TRAIN,PE5,26543,7105
2026-08,WEEKENDS/HOLIDAY,6,TRAIN,EW25,6232,1583
2026-08,WEEKENDS/HOLIDAY,8,TRAIN,NS7,19467,21070
2026-08,WEEKDAY,20,TRAIN,EW29,27813,8948
2026-08,WEEKENDS/HOLIDAY,8,TRAIN,CC14,3427,1798
2026-08,WEEKENDS/HOLIDAY,15,TRAIN,NE18,9776,8190
2026-08,WEEKENDS/HOLIDAY,17,TRAIN,NS4/BP1,23446,27782
2026-08,WEEKDAY,16,TRAIN,EW24/NS1,89094,67638
2026-08,WEEKENDS/HOLIDAY,9,TRAIN,DT24,3251,1522
2026-08,WEEKENDS/HOLIDAY,20,TRAIN,EW27,23746,38704
2026-08,WEEKDAY,16,TRAIN,EW29,26398,5789
2026-08,WEEKDAY,21,TRAIN,CC5,4660,3865
2026-08,WEEKDAY,14,TRAIN,CC4/DT15,19470,21381
2026-08,WEEKENDS/HOLIDAY,22,TRAIN,DT25,987,2889
2026-08,WEEKENDS/HOLIDAY,6,TRAIN,NS20,1570,11071
2026-08,WEEKENDS/HOLIDAY,20,TRAIN,PE7,736,2987
2026-08,WEEKENDS/HOLIDAY,16,TRAIN,EW24/NS1,59302,49125
2026-08,WEEKDAY,8,TRAIN,CC32,1549,7218
2026-08,WEEKDAY,5,TRAIN,DT7,287,110
2026-08,WEEKENDS/HOLIDAY,22,TRAIN,TE5,1883,3633
2026-08,WEEKDAY,8,TRAIN,EW9,50510,34442
2026-08,WEEKDAY,20,TRAIN,PW2,284,85
2026-08,WEEKDAY,17,TRAIN,NS27/CC33/TE20,20726,4619
2026-08,WEEKDAY,22,TRAIN,NE8,25332,21952
2026-08,WEEKDAY,22,TRAIN,TE29,643,3399
2026-08,WEEKDAY,19,TRAIN,DT2,4130,5283
2026-08,WEEKDAY,0,TRAIN,TE4,109,451
2026-08,WEEKENDS/HOLIDAY,19,TRAIN,PE4,1098,1643
2026-08,WEEKDAY,18,TRAIN,NS2,49187,108028
2026-08,WEEKENDS/HOLIDAY,7,TRAIN,TE23,848,1368
2026-08,WEEKDAY,5,TRAIN,CC10/DT26,4203,514
2026-08,WEEKENDS/HOLIDAY,20,TRAIN,TE16,3601,5796
2026-08,WEEKENDS/HOLIDAY,7,TRAIN,SE3,1566,246
2026-08,WEEKDAY,7,TRAIN,NE18,26119,12583
2026-08,WEEKENDS/HOLIDAY,20,TRAIN,TE14/NS22,60321,23976
2026-08,WEEKDAY,17,TRAIN,CC20,9423,10848
2026-08,WEEKENDS/HOLIDAY,7,TRAIN,EW5,14257,8435
2026-08,WEEKENDS/HOLIDAY,20,TRAIN,SE3,623,2532
2026-08,WEEKDAY,0,TRAIN,SW7,26,278
2026-08,WEEKENDS/HOLIDAY,15,TRAIN,SW6,1048,1522
2026-08,WEEKDAY,8,TRAIN,NS10,116764,47878
2026-08,WEEKDAY,22,TRAIN,PE4,644,1857
2026-08,WEEKENDS/HOLIDAY,16,TRAIN,PE2,2959,3102
2026-08,WEEKENDS/HOLIDAY,23,TRAIN,CC25,486,1263
2026-08,WEEKENDS/HOLIDAY,20,TRAIN,CC19/DT9,3731,2565
2026-08,WEEKDAY,11,TRAIN,TE16,8931,5374
2026-08,WEEKDAY,12,TRAIN,EW16/NE3/TE17,48582,38320
2026-08,WEEKDAY,0,TRAIN,PE2,51,863
2026-08,WEEKENDS/HOLIDAY,21,TRAIN,NS16,13976,29258
2026-08,WEEKDAY,15,TRAIN,TE28,3688,4706
2026-08,WEEKENDS/HOLIDAY,9,TRAIN,TE12,1756,3753
2026-08,WEEKENDS/HOLIDAY,13,TRAIN,SW2,3787,1998
2026-08,WEEKDAY,15,TRAIN,PE2,4333,5997
2026-08,WEEKDAY,19,TRAIN,EW4,18354,33934
2026-08,WEEKENDS/HOLIDAY,12,TRAIN,NE7/DT12,23815,33660
2026-08,WEEKENDS/HOLIDAY,22,TRAIN,NS13,14956,32636
2026-08,WEEKDAY,7,TRAIN,NE4/DT19,16358,38095
2026-08,WEEKENDS/HOLIDAY,5,TRAIN,EW25,1963,84
2026-08,WEEKENDS/HOLIDAY,6,TRAIN,NS14,13247,3771
2026-08,WEEKDAY,7,TRAIN,TE14/NS22,14522,59912
2026-08,WEEKENDS/HOLIDAY,7,TRAIN,CC11,4774,7165
2026-08,WEEKDAY,19,TRAIN,SW1,2367,1155
2026-08,WEEKENDS/HOLIDAY,23,TRAIN,BP3,143,730
2026-08,WEEKENDS/HOLIDAY,21,TRAIN,NS24/NE6/CC1,28477,11308
2026-08,WEEKENDS/HOLIDAY,5,TRAIN,SW7,300,6
2026-08,WEEKENDS/HOLIDAY,22,TRAIN,NS9/TE2,18457,35125
2026-08,WEEKENDS/HOLIDAY,12,TRAIN,SE5,2353,1483
2026-08,WEEKENDS/HOLIDAY,21,TRAIN,TE13,1598,3180
2026-08,WEEKDAY,9,TRAIN,PE1,7895,2000
2026-08,WEEKENDS/HOLIDAY,15,TRAIN,CC21,7998,6143
2026-08,WEEKDAY,8,TRAIN,EW10,32877,14259
2026-08,WEEKDAY,18,TRAIN,EW11,50572,41717
2026-08,WEEKDAY,14,TRAIN,BP6/DT1,27728,33603
2026-08,WEEKDAY,5,TRAIN,NE16/STC,11365,2541
2026-08,WEEKDAY,11,TRAIN,EW25,10276,5004
2026-08,WEEKENDS/HOLIDAY,0,TRAIN,NS20,118,318
2026-08,WEEKENDS/HOLIDAY,23,TRAIN,EW14/NS26,9929,2289
2026-08,WEEKENDS/HOLIDAY,12,TRAIN,EW22,4039,2602
2026-08,WEEKENDS/HOLIDAY,15,TRAIN,DT25,1878,2149
2026-08,WEEKDAY,11,TRAIN,CC24,26644,38372
2026-08,WEEKENDS/HOLIDAY,7,TRAIN,EW4,6684,7305
2026-08,WEEKDAY,0,TRAIN,CC32,0,8
2026-08,WEEKENDS/HOLIDAY,6,TRAIN,SW1,197,401
2026-08,WEEKDAY,14,TRAIN,NS16,37362,37027
2026-08,WEEKENDS/HOLIDAY,14,TRAIN,DT31,4488,4304
2026-08,WEEKENDS/HOLIDAY,21,TRAIN,SW2,1313,1177
2026-08,WEEKDAY,12,TRAIN,NS28,2073,3026
2026-08,WEEKENDS/HOLIDAY,20,TRAIN,EW8/CC9,33455,24577
2026-08,WEEKENDS/HOLIDAY,10,TRAIN,SE1,3226,1450
2026-08,WEEKDAY,19,TRAIN,EW30,12299,2821
2026-08,WEEKENDS/HOLIDAY,16,TRAIN,CC7,5898,4635
2026-08,WEEKDAY,5,TRAIN,SW8,508,173
2026-08,WEEKDAY,0,TRAIN,NE5,175,80
2026-08,WEEKENDS/HOLIDAY,9,TRAIN,EW7,10223,6752
2026-08,WEEKDAY,13,TRAIN,EW9,22740,16137
2026-08,WEEKENDS/HOLIDAY,12,TRAIN,EW27,30655,25941
2026-08,WEEKDAY,8,TRAIN,CG1/DT35,3541,80011
2026-08,WEEKENDS/HOLIDAY,14,TRAIN,NE7/DT12,23773,24797
2026-08,WEEKDAY,19,TRAIN,PE3,5055,15758
2026-08,WEEKDAY,19,TRAIN,EW32,13804,6996
2026-08,WEEKDAY,11,TRAIN,NS23,17993,42819
2026-08,WEEKDAY,17,TRAIN,DT24,11328,9245
2026-08,WEEKDAY,22,TRAIN,NE5,20660,7141
2026-08,WEEKDAY,11,TRAIN,EW14/NS26,58833,52888
2026-08,WEEKDAY,13,TRAIN,TE8,11439,10459
2026-08,WEEKENDS/HOLIDAY,13,TRAIN,EW8/CC9,41039,41312
2026-08,WEEKDAY,15,TRAIN,PW6,1609,1922
2026-08,WEEKENDS/HOLIDAY,20,TRAIN,EW10,11520,11426
2026-08,WEEKENDS/HOLIDAY,11,TRAIN,CC32,928,513
2026-08,WEEKDAY,17,TRAIN,TE8,16911,17525
2026-08,WEEKDAY,13,TRAIN,CC2,4853,7070
2026-08,WEEKENDS/HOLIDAY,15,TRAIN,EW25,7386,7979
2026-08,WEEKENDS/HOLIDAY,8,TRAIN,PE7,3044,691
2026-08,WEEKENDS/HOLIDAY,17,TRAIN,DT29,4563,4353
2026-08,WEEKDAY,14,TRAIN,PW3,532,651
2026-08,WEEKENDS/HOLIDAY,13,TRAIN,DT24,2718,2034
2026-08,WEEKDAY,0,TRAIN,EW3,95,1986
2026-08,WEEKDAY,16,TRAIN,DT21,13563,8924
2026-08,WEEKENDS/HOLIDAY,5,TRAIN,NS28,10,0
2026-08,WEEKDAY,10,TRAIN,EW16/NE3/TE17,28592,40727
2026-08,WEEKDAY,8,TRAIN,PW3,1480,924
2026-08,WEEKDAY,23,TRAIN,TE7,603,2633
2026-08,WEEKDAY,11,TRAIN,CC2,5187,8941
2026-08,WEEKDAY,11,TRAIN,TE24,3453,1920
2026-08,WEEKENDS/HOLIDAY,14,TRAIN,EW31,1693,815
2026-08,WEEKENDS/HOLIDAY,5,TRAIN,EW32,674,192
2026-08,WEEKENDS/HOLIDAY,8,TRAIN,DT2,1537,660
2026-08,WEEKENDS/HOLIDAY,11,TRAIN,EW3,11875,7257
2026-08,WEEKENDS/HOLIDAY,5,TRAIN,EW24/NS1,3333,542
2026-08,WEEKENDS/HOLIDAY,13,TRAIN,TE16,5403,4788
2026-08,WEEKDAY,16,TRAIN,EW8/CC9,57176,45744
2026-08,WEEKDAY,0,TRAIN,NS18,232,1662
2026-08,WEEKDAY,14,TRAIN,EW15,27647,26495
2026-08,WEEKENDS/HOLIDAY,5,TRAIN,PW2,1,1
2026-08,WEEKENDS/HOLIDAY,18,TRAIN,BP11,1683,2335
2026-08,WEEKENDS/HOLIDAY,5,TRAIN,EW16/NE3/TE17,358,55
2026-08,WEEKDAY,11,TRAIN,TE19,10069,11800
2026-08,WEEKDAY,8,TRAIN,CC14,21207,31593
2026-08,WEEKENDS/HOLIDAY,10,TRAIN,DT20,2814,4344
2026-08,WEEKENDS/HOLIDAY,14,TRAIN,CC21,8403,6601
2026-08,WEEKENDS/HOLIDAY,15,TRAIN,NS11,21071,22298
2026-08,WEEKDAY,21,TRAIN,NS17/CC15,16628,28026
2026-08,WEEKDAY,8,TRAIN,EW5,83780,33823
2026-08,WEEKDAY,23,TRAIN,DT13,2901,4107
2026-08,WEEKENDS/HOLIDAY,5,TRAIN,CC21,264,32
2026-08,WEEKDAY,18,TRAIN,DT20,17828,16248
2026-08,WEEKDAY,5,TRAIN,CC8,986,148
2026-08,WEEKDAY,20,TRAIN,TE5,5267,9996
2026-08,WEEKDAY,23,TRAIN,TE29,271,1567
2026-08,WEEKENDS/HOLIDAY,0,TRAIN,NS2,306,2256
2026-08,WEEKENDS/HOLIDAY,10,TRAIN,TE14/NS22,25021,69047
2026-08,WEEKENDS/HOLIDAY,19,TRAIN,BP4,784,1180
2026-08,WEEKENDS/HOLIDAY,20,TRAIN,EW22,1582,3923
2026-08,WEEKDAY,8,TRAIN,NE7/DT12,25870,63747
2026-08,WEEKENDS/HOLIDAY,16,TRAIN,SE2,3142,3249
2026-08,WEEKENDS/HOLIDAY,9,TRAIN,EW31,1838,1222
2026-08,WEEKDAY,22,TRAIN,CC27,2902,793
2026-08,WEEKENDS/HOLIDAY,9,TRAIN,CC24,2661,6323
2026-08,WEEKDAY,20,TRAIN,NE1/CC29,96794,27121
2026-08,WEEKENDS/HOLIDAY,16,TRAIN,NS3,10648,11762
2026-08,WEEKDAY,18,TRAIN,DT17,143216,11975
2026-08,WEEKENDS/HOLIDAY,23,TRAIN,EW2/DT32,4213,12954
2026-08,WEEKENDS/HOLIDAY,5,TRAIN,EW11,571,66
2026-08,WEEKENDS/HOLIDAY,6,TRAIN,DT21,292,560
2026-08,WEEKENDS/HOLIDAY,6,TRAIN,CC19/DT9,1046,1905
2026-08,WEEKDAY,9,TRAIN,TE23,6304,1813
2026-08,WEEKENDS/HOLIDAY,10,TRAIN,NE7/DT12,14354,32711
2026-08,WEEKENDS/HOLIDAY,13,TRAIN,NE10,10815,9271
2026-08,WEEKDAY,11,TRAIN,BP2,2480,1135
2026-08,WEEKENDS/HOLIDAY,7,TRAIN,DT27,1501,1454
2026-08,WEEKENDS/HOLIDAY,10,TRAIN,NS16,26331,17495
2026-08,WEEKDAY,15,TRAIN,NE14,24162,26476
2026-08,WEEKDAY,0,TRAIN,PW6,17,158
2026-08,WEEKENDS/HOLIDAY,0,TRAIN,NE5,181,128
2026-08,WEEKENDS/HOLIDAY,5,TRAIN,NE1/CC29,736,26
2026-08,WEEKDAY,21,TRAIN,NE7/DT12,29755,19628
2026-08,WEEKENDS/HOLIDAY,18,TRAIN,DT5,11746,11789
2026-08,WEEKDAY,18,TRAIN,DT21,27935,21490
2026-08,WEEKENDS/HOLIDAY,14,TRAIN,EW14/NS26,14403,15423
2026-08,WEEKDAY,5,TRAIN,EW5,10194,1094
2026-08,WEEKENDS/HOLIDAY,18,TRAIN,TE14/NS22,78805,47319
2026-08,WEEKDAY,7,TRAIN,CC27,1697,20030
2026-08,WEEKDAY,19,TRAIN,EW2/DT32,70606,129601
2026-08,WEEKENDS/HOLIDAY,8,TRAIN,EW29,5640,10741
2026-08,WEEKENDS/HOLIDAY,17,TRAIN,NE13,16212,16057
2026-08,WEEKENDS/HOLIDAY,12,TRAIN,TE24,2379,2008
2026-08,WEEKENDS/HOLIDAY,10,TRAIN,CC12,5851,2769
2026-08,WEEKDAY,14,TRAIN,NE10,16530,15685
2026-08,WEEKDAY,6,TRAIN,SW4,7019,850
2026-08,WEEKDAY,11,TRAIN,DT8,6692,2487
2026-08,WEEKDAY,18,TRAIN,DT13,25724,19687
2026-08,WEEKDAY,13,TRAIN,CG1/DT35,11323,15290
2026-08,WEEKENDS/HOLIDAY,15,TRAIN,DT27,4755,4077
2026-08,WEEKENDS/HOLIDAY,23,TRAIN,DT20,2009,1184
2026-08,WEEKENDS/HOLIDAY,15,TRAIN,TE12,3140,2291
2026-08,WEEKDAY,16,TRAIN,EW14/NS26,73402,30804
2026-08,WEEKENDS/HOLIDAY,12,TRAIN,BP5,1562,1173
2026-08,WEEKDAY,9,TRAIN,BP10,4358,1996
2026-08,WEEKDAY,17,TRAIN,PW5,2301,4482
2026-08,WEEKENDS/HOLIDAY,12,TRAIN,CG1/DT35,7616,14773
2026-08,WEEKDAY,13,TRAIN,NE16/STC,43662,43939
2026-08,WEEKDAY,12,TRAIN,SE4,4347,3218
2026-08,WEEKDAY,7,TRAIN,EW3,40868,26026
2026-08,WEEKDAY,8,TRAIN,NE9,53484,51205
2026-08,WEEKENDS/HOLIDAY,19,TRAIN,CC4/DT15,21132,11858
2026-08,WEEKDAY,5,TRAIN,NS17/CC15,5942,1502
2026-08,WEEKDAY,0,TRAIN,EW17,45,905
2026-08,WEEKENDS/HOLIDAY,23,TRAIN,NE17/PTC,4048,11064
2026-08,WEEKDAY,6,TRAIN,NS3,44423,9827
2026-08,WEEKENDS/HOLIDAY,22,TRAIN,DT4,334,1336
2026-08,WEEKENDS/HOLIDAY,15,TRAIN,EW15,15090,10685
2026-08,WEEKDAY,5,TRAIN,SE4,1626,200
2026-08,WEEKENDS/HOLIDAY,15,TRAIN,CC16,3754,3334
2026-08,WEEKENDS/HOLIDAY,9,TRAIN,SW8,620,320
2026-08,WEEKENDS/HOLIDAY,20,TRAIN,DT27,3101,6345
2026-08,WEEKDAY,19,TRAIN,CC8,8166,15577
2026-08,WEEKENDS/HOLIDAY,14,TRAIN,EW23,27285,27039
2026-08,WEEKENDS/HOLIDAY,13,TRAIN,DT18,4461,4034
2026-08,WEEKDAY,10,TRAIN,TE29,4329,1295
2026-08,WEEKDAY,22,TRAIN,NS3,6483,18190
2026-08,WEEKDAY,12,TRAIN,PE2,5712,4290
2026-08,WEEKDAY,0,TRAIN,TE29,7,377
2026-08,WEEKDAY,15,TRAIN,PE7,2953,5077
2026-08,WEEKDAY,21,TRAIN,CC12,2889,10194
2026-08,WEEKENDS/HOLIDAY,11,TRAIN,EW9,13728,12367
2026-08,WEEKENDS/HOLIDAY,20,TRAIN,CC21,7573,4943
2026-08,WEEKDAY,23,TRAIN,TE6,1012,9004
2026-08,WEEKENDS/HOLIDAY,13,TRAIN,TE6,7573,5556
2026-08,WEEKDAY,21,TRAIN,NS14,18600,44450
2026-08,WEEKENDS/HOLIDAY,21,TRAIN,NS7,19570,20275
2026-08,WEEKENDS/HOLIDAY,14,TRAIN,DT24,2436,2077
2026-08,WEEKENDS/HOLIDAY,16,TRAIN,SE3,1637,1706
2026-08,WEEKDAY,23,TRAIN,NE15,1671,13455
2026-08,WEEKDAY,18,TRAIN,NS18,35072,35316
2026-08,WEEKENDS/HOLIDAY,6,TRAIN,EW22,1152,950
2026-08,WEEKENDS/HOLIDAY,19,TRAIN,DT33,6781,10740
2026-08,WEEKDAY,5,TRAIN,CC20,500,294
2026-08,WEEKDAY,16,TRAIN,CC34/DT16,38107,31572
2026-08,WEEKDAY,8,TRAIN,SW6,2369,2161
2026-08,WEEKDAY,10,TRAIN,DT33,20153,4867
2026-08,WEEKENDS/HOLIDAY,18,TRAIN,EW14/NS26,16312,19626
2026-08,WEEKDAY,10,TRAIN,EW25,11993,4822
2026-08,WEEKENDS/HOLIDAY,16,TRAIN,CC31,2347,1843
2026-08,WEEKDAY,10,TRAIN,CC20,5188,3168
2026-08,WEEKDAY,17,TRAIN,TE4,16227,7781
2026-08,WEEKDAY,21,TRAIN,NS25/EW13,88326,14532
2026-08,WEEKDAY,20,TRAIN,CG2,27070,18483
2026-08,WEEKENDS/HOLIDAY,21,TRAIN,CC12,1610,5650
2026-08,WEEKDAY,9,TRAIN,PE7,7559,2134
2026-08,WEEKDAY,15,TRAIN,BP5,1979,1991
2026-08,WEEKDAY,15,TRAIN,CG1/DT35,14605,8431
2026-08,WEEKENDS/HOLIDAY,18,TRAIN,NS9/TE2,38072,46315
2026-08,WEEKENDS/HOLIDAY,19,TRAIN,SW6,773,1972
2026-08,WEEKDAY,18,TRAIN,TE14/NS22,151876,121765
2026-08,WEEKDAY,16,TRAIN,DT7,7241,5197
2026-08,WEEKENDS/HOLIDAY,11,TRAIN,CC14,4474,3081
2026-08,WEEKDAY,6,TRAIN,CC30,138,98
2026-08,WEEKENDS/HOLIDAY,14,TRAIN,EW24/NS1,51628,51536
2026-08,WEEKDAY,11,TRAIN,TE7,7414,3873
2026-08,WEEKENDS/HOLIDAY,12,TRAIN,BP11,2541,1693
2026-08,WEEKDAY,6,TRAIN,DT29,14527,2405
2026-08,WEEKENDS/HOLIDAY,21,TRAIN,PE7,531,2964
2026-08,WEEKENDS/HOLIDAY,7,TRAIN,DT10,574,412
2026-08,WEEKENDS/HOLIDAY,16,TRAIN,CC5,5200,5644
2026-08,WEEKENDS/HOLIDAY,6,TRAIN,DT24,840,287
2026-08,WEEKDAY,13,TRAIN,EW22,13107,15406
2026-08,WEEKENDS/HOLIDAY,6,TRAIN,NS28,294,475
2026-08,WEEKDAY,22,TRAIN,EW1,8845,32602
2026-08,WEEKENDS/HOLIDAY,12,TRAIN,NE15,18204,11577
2026-08,WEEKENDS/HOLIDAY,19,TRAIN,CC21,7627,7362
2026-08,WEEKDAY,20,TRAIN,EW8/CC9,63294,41673
2026-08,WEEKENDS/HOLIDAY,9,TRAIN,TE28,2689,1347
2026-08,WEEKENDS/HOLIDAY,7,TRAIN,NS11,21716,10647
2026-08,WEEKDAY,22,TRAIN,PW6,193,1318
2026-08,WEEKDAY,6,TRAIN,CC26,1957,14715
2026-08,WEEKENDS/HOLIDAY,15,TRAIN,BP9,1112,1146
2026-08,WEEKDAY,19,TRAIN,PW6,935,3413
2026-08,WEEKDAY,23,TRAIN,NS28,311,207
2026-08,WEEKDAY,23,TRAIN,TE8,2300,2929
2026-08,WEEKDAY,12,TRAIN,PE7,3882,2939
2026-08,WEEKENDS/HOLIDAY,10,TRAIN,CC25,3937,2047
2026-08,WEEKDAY,8,TRAIN,TE8,20707,15266
2026-08,WEEKENDS/HOLIDAY,16,TRAIN,DT23,2096,1893
2026-08,WEEKDAY,17,TRAIN,CC32,7062,2148
2026-08,WEEKENDS/HOLIDAY,16,TRAIN,EW9,16486,15484
2026-08,WEEKENDS/HOLIDAY,0,TRAIN,NE4/DT19,271,675
2026-08,WEEKDAY,18,TRAIN,SE4,4033,9454
2026-08,WEEKDAY,10,TRAIN,DT2,3145,1567
2026-08,WEEKDAY,9,TRAIN,NS8,31432,12090
2026-08,WEEKDAY,13,TRAIN,DT22,9202,8119
2026-08,WEEKDAY,10,TRAIN,PE6,8010,5880
2026-08,WEEKENDS/HOLIDAY,14,TRAIN,NS8,9876,7470
2026-08,WEEKENDS/HOLIDAY,15,TRAIN,SW5,4149,3835
2026-08,WEEKENDS/HOLIDAY,22,TRAIN,CC21,6198,3168
2026-08,WEEKDAY,14,TRAIN,NE5,11802,13224
2026-08,WEEKENDS/HOLIDAY,5,TRAIN,SW1,54,58
2026-08,WEEKDAY,5,TRAIN,EW2/DT32,14063,2432
2026-08,WEEKENDS/HOLIDAY,6,TRAIN,TE27,1400,315
2026-08,WEEKENDS/HOLIDAY,16,TRAIN,EW2/DT32,36490,37819
2026-08,WEEKENDS/HOLIDAY,0,TRAIN,NS14,705,3514
2026-08,WEEKDAY,0,TRAIN,EW2/DT32,575,5073
2026-08,WEEKENDS/HOLIDAY,10,TRAIN,PE4,1504,700
2026-08,WEEKDAY,6,TRAIN,NE11,12331,8904
2026-08,WEEKENDS/HOLIDAY,10,TRAIN,PE3,5226,3238
2026-08,WEEKDAY,15,TRAIN,SW3,1391,1530
2026-08,WEEKENDS/HOLIDAY,15,TRAIN,SE4,1976,2242
2026-08,WEEKDAY,0,TRAIN,DT4,5,324
2026-08,WEEKDAY,11,TRAIN,EW15,24619,39483
2026-08,WEEKDAY,11,TRAIN,EW29,6518,5620
2026-08,WEEKDAY,13,TRAIN,PE1,4691,4368
2026-08,WEEKENDS/HOLIDAY,7,TRAIN,NE15,9461,2792
2026-08,WEEKENDS/HOLIDAY,7,TRAIN,DT20,343,2050
2026-08,WEEKENDS/HOLIDAY,11,TRAIN,CC11,5662,6663
2026-08,WEEKDAY,16,TRAIN,TE1,13817,3470
2026-08,WEEKDAY,12,TRAIN,NS27/CC33/TE20,6862,5336
2026-08,WEEKENDS/HOLIDAY,21,TRAIN,EW26,7445,24645
2026-08,WEEKENDS/HOLIDAY,18,TRAIN,TE7,3765,3692
2026-08,WEEKENDS/HOLIDAY,6,TRAIN,CC17/TE9,2012,805
2026-08,WEEKENDS/HOLIDAY,22,TRAIN,EW29,2759,5174
2026-08,WEEKENDS/HOLIDAY,19,TRAIN,SE5,1150,2015
2026-08,WEEKENDS/HOLIDAY,17,TRAIN,CG1/DT35,17672,13175
2026-08,WEEKENDS/HOLIDAY,12,TRAIN,SW1,1509,804
2026-08,WEEKDAY,20,TRAIN,EW32,9922,4677
2026-08,WEEKDAY,8,TRAIN,CC17/TE9,25690,27330
2026-08,WEEKDAY,13,TRAIN,NE15,21809,20217
2026-08,WEEKENDS/HOLIDAY,18,TRAIN,NE11,10819,11889
2026-08,WEEKENDS/HOLIDAY,9,TRAIN,SE4,3164,1729
2026-08,WEEKDAY,11,TRAIN,NS28,1761,2890
2026-08,WEEKDAY,12,TRAIN,SW3,1933,1267
2026-08,WEEKENDS/HOLIDAY,21,TRAIN,NS3,5022,12372
2026-08,WEEKDAY,8,TRAIN,SW4,8896,2044
2026-08,WEEKDAY,15,TRAIN,NE16/STC,39089,51503
2026-08,WEEKENDS/HOLIDAY,6,TRAIN,NS16,13815,6925
2026-08,WEEKDAY,5,TRAIN,CC5,673,49
2026-08,WEEKENDS/HOLIDAY,0,TRAIN,PW7,44,251
2026-08,WEEKDAY,13,TRAIN,NE4/DT19,84548,61528
2026-08,WEEKENDS/HOLIDAY,12,TRAIN,CC7,4777,3431
2026-08,WEEKDAY,17,TRAIN,EW28,73522,52715
2026-08,WEEKDAY,23,TRAIN,EW14/NS26,20588,2922
2026-08,WEEKDAY,12,TRAIN,PE5,5519,4073
2026-08,WEEKDAY,21,TRAIN,EW30,3458,1140
2026-08,WEEKENDS/HOLIDAY,11,TRAIN,TE24,2651,1674
2026-08,WEEKENDS/HOLIDAY,13,TRAIN,NS14,18317,14894
2026-08,WEEKDAY,19,TRAIN,EW28,36685,59853
2026-08,WEEKDAY,20,TRAIN,NE5,27354,13240
2026-08,WEEKDAY,7,TRAIN,NS27/CC33/TE20,1592,8579
2026-08,WEEKENDS/HOLIDAY,16,TRAIN,EW19,10193,10627
2026-08,WEEKENDS/HOLIDAY,23,TRAIN,PE2,276,2071
2026-08,WEEKENDS/HOLIDAY,8,TRAIN,CG1/DT35,1562,6455
2026-08,WEEKENDS/HOLIDAY,21,TRAIN,BP3,792,2698
2026-08,WEEKENDS/HOLIDAY,7,TRAIN,NS2,12800,8232
2026-08,WEEKDAY,0,TRAIN,TE13,35,104
2026-08,WEEKENDS/HOLIDAY,6,TRAIN,DT2,136,84
2026-08,WEEKDAY,8,TRAIN,DT33,79852,16172
2026-08,WEEKDAY,22,TRAIN,SE2,936,6091
2026-08,WEEKDAY,11,TRAIN,BP8,1541,1345
2026-08,WEEKENDS/HOLIDAY,0,TRAIN,NS9/TE2,1827,5611
2026-08,WEEKENDS/HOLIDAY,11,TRAIN,EW12/DT14,25276,52171
2026-08,WEEKDAY,12,TRAIN,EW22,15390,16343
2026-08,WEEKENDS/HOLIDAY,7,TRAIN,BP6/DT1,8035,6164
2026-08,WEEKDAY,14,TRAIN,NS19,33547,37236
2026-08,WEEKENDS/HOLIDAY,22,TRAIN,CC19/DT9,1509,1744
2026-08,WEEKDAY,19,TRAIN,SW5,5510,15089
2026-08,WEEKDAY,20,TRAIN,PW7,2132,5047
2026-08,WEEKENDS/HOLIDAY,13,TRAIN,NS13,31916,31364
2026-08,WEEKDAY,10,TRAIN,NS7,27980,20478
2026-08,WEEKDAY,0,TRAIN,NE15,115,2214
2026-08,WEEKENDS/HOLIDAY,15,TRAIN,NS7,15031,12164
2026-08,WEEKDAY,12,TRAIN,CG2,18375,29127
2026-08,WEEKDAY,18,TRAIN,SW5,7299,17290
2026-08,WEEKDAY,6,TRAIN,BP12,8497,1963
2026-08,WEEKENDS/HOLIDAY,20,TRAIN,TE15,6339,5099
2026-08,WEEKENDS/HOLIDAY,23,TRAIN,PE3,339,1614
2026-08,WEEKENDS/HOLIDAY,19,TRAIN,PE7,1401,2943
2026-08,WEEKENDS/HOLIDAY,0,TRAIN,TE4,99,311
2026-08,WEEKENDS/HOLIDAY,7,TRAIN,NS12,11181,4859
2026-08,WEEKDAY,14,TRAIN,CC19/DT9,7265,7000
2026-08,WEEKENDS/HOLIDAY,15,TRAIN,NE4/DT19,46842,39424
2026-08,WEEKENDS/HOLIDAY,21,TRAIN,DT28,2567,9570
2026-08,WEEKENDS/HOLIDAY,14,TRAIN,SW6,1286,1536
2026-08,WEEKDAY,9,TRAIN,DT28,16695,14151
2026-08,WEEKDAY,22,TRAIN,NE16/STC,12626,43244
2026-08,WEEKENDS/HOLIDAY,0,TRAIN,CC8,19,271
2026-08,WEEKENDS/HOLIDAY,16,TRAIN,PW7,2090,2322
2026-08,WEEKENDS/HOLIDAY,0,TRAIN,DT3,43,417
2026-08,WEEKDAY,20,TRAIN,CC6,11576,3838
2026-08,WEEKDAY,20,TRAIN,EW11,17219,23022
2026-08,WEEKDAY,6,TRAIN,EW28,72843,15695
2026-08,WEEKENDS/HOLIDAY,19,TRAIN,TE8,7966,6448
2026-08,WEEKENDS/HOLIDAY,5,TRAIN,EW27,4476,547
2026-08,WEEKENDS/HOLIDAY,10,TRAIN,TE18,5073,10377
2026-08,WEEKENDS/HOLIDAY,11,TRAIN,SW8,747,619
2026-08,WEEKENDS/HOLIDAY,6,TRAIN,NE13,4898,3032
2026-08,WEEKENDS/HOLIDAY,21,TRAIN,EW19,4444,10673
2026-08,WEEKENDS/HOLIDAY,16,TRAIN,SE4,2136,2197
2026-08,WEEKENDS/HOLIDAY,10,TRAIN,SW6,1897,734
2026-08,WEEKENDS/HOLIDAY,9,TRAIN,DT28,6507,2876
2026-08,WEEKENDS/HOLIDAY,6,TRAIN,SE3,1055,90
2026-08,WEEKENDS/HOLIDAY,16,TRAIN,PW1,2095,2176
2026-08,WEEKDAY,21,TRAIN,TE16,6048,11037
2026-08,WEEKDAY,11,TRAIN,SW3,1877,932
2026-08,WEEKENDS/HOLIDAY,23,TRAIN,CG1/DT35,1558,1189
2026-08,WEEKDAY,23,TRAIN,NS19,4585,16167
2026-08,WEEKDAY,19,TRAIN,SW8,845,2871
2026-08,WEEKDAY,23,TRAIN,CC24,3228,1642
2026-08,WEEKENDS/HOLIDAY,12,TRAIN,NS3,14244,9705
2026-08,WEEKENDS/HOLIDAY,19,TRAIN,PW1,1387,1127
2026-08,WEEKDAY,23,TRAIN,NE12/CC13,8746,23703
2026-08,WEEKDAY,8,TRAIN,NE11,40242,27221
2026-08,WEEKDAY,13,TRAIN,EW1,25096,22106
2026-08,WEEKENDS/HOLIDAY,19,TRAIN,DT29,2872,4726
2026-08,WEEKENDS/HOLIDAY,10,TRAIN,EW27,26319,19172
2026-08,WEEKENDS/HOLIDAY,22,TRAIN,CC24,2822,3105
2026-08,WEEKDAY,11,TRAIN,EW27,31902,33317
2026-08,WEEKENDS/HOLIDAY,0,TRAIN,NS21/DT11,1128,1316
2026-08,WEEKDAY,11,TRAIN,BP13,1391,849
2026-08,WEEKDAY,15,TRAIN,DT4,1542,2778
2026-08,WEEKDAY,8,TRAIN,CC3,1783,19659
2026-08,WEEKENDS/HOLIDAY,21,TRAIN,TE24,3519,2442
2026-08,WEEKDAY,6,TRAIN,DT23,3017,3190
2026-08,WEEKDAY,12,TRAIN,DT24,4687,3472
2026-08,WEEKDAY,13,TRAIN,TE15,15409,12007
2026-08,WEEKENDS/HOLIDAY,16,TRAIN,DT7,2296,2535
2026-08,WEEKDAY,6,TRAIN,TE22,114,897
2026-08,WEEKENDS/HOLIDAY,12,TRAIN,BP2,1932,1103
2026-08,WEEKDAY,19,TRAIN,TE24,3576,7556
2026-08,WEEKENDS/HOLIDAY,7,TRAIN,EW17,8084,5012
2026-08,WEEKENDS/HOLIDAY,12,TRAIN,NS28,1145,3729
2026-08,WEEKENDS/HOLIDAY,8,TRAIN,CC26,2127,1904
2026-08,WEEKDAY,8,TRAIN,DT22,17969,13100
2026-08,WEEKENDS/HOLIDAY,12,TRAIN,CC2,3282,2553
2026-08,WEEKENDS/HOLIDAY,0,TRAIN,NS16,620,5438
2026-08,WEEKDAY,16,TRAIN,CC14,14281,8296
2026-08,WEEKENDS/HOLIDAY,23,TRAIN,CC21,1879,1573
2026-08,WEEKENDS/HOLIDAY,17,TRAIN,DT2,1683,1828
2026-08,WEEKDAY,16,TRAIN,EW7,12666,16094
2026-08,WEEKENDS/HOLIDAY,16,TRAIN,PE5,3325,3423
2026-08,WEEKDAY,0,TRAIN,CC31,0,4
2026-08,WEEKDAY,11,TRAIN,CC19/DT9,7012,7122
2026-08,WEEKDAY,17,TRAIN,DT5,22211,30673
2026-08,WEEKENDS/HOLIDAY,5,TRAIN,EW18,375,112
2026-08,WEEKDAY,21,TRAIN,NE1/CC29,99114,17116
2026-08,WEEKDAY,16,TRAIN,EW30,8513,664
2026-08,WEEKENDS/HOLIDAY,14,TRAIN,SW4,1733,1917
2026-08,WEEKDAY,7,TRAIN,TE3,42937,32156
2026-08,WEEKDAY,14,TRAIN,TE12,4985,7064
2026-08,WEEKENDS/HOLIDAY,16,TRAIN,TE18,11234,7968
2026-08,WEEKENDS/HOLIDAY,15,TRAIN,DT23,1933,2007
2026-08,WEEKENDS/HOLIDAY,0,TRAIN,NE11,72,209
2026-08,WEEKENDS/HOLIDAY,8,TRAIN,PW3,571,243
2026-08,WEEKDAY,18,TRAIN,PW2,365,252
2026-08,WEEKDAY,14,TRAIN,DT6,12746,7914
2026-08,WEEKENDS/HOLIDAY,5,TRAIN,CC28,254,9
2026-08,WEEKENDS/HOLIDAY,5,TRAIN,NS14,4304,749
2026-08,WEEKENDS/HOLIDAY,9,TRAIN,NE1/CC29,9937,41766
2026-08,WEEKENDS/HOLIDAY,8,TRAIN,CC16,2960,4117
2026-08,WEEKDAY,18,TRAIN,PW4,5032,11530
2026-08,WEEKDAY,12,TRAIN,CC10/DT26,16742,12240
2026-08,WEEKENDS/HOLIDAY,7,TRAIN,TE1,4150,5282
2026-08,WEEKENDS/HOLIDAY,21,TRAIN,EW12/DT14,49424,21018
2026-08,WEEKENDS/HOLIDAY,0,TRAIN,TE22,39,101
2026-08,WEEKENDS/HOLIDAY,0,TRAIN,SE4,68,336
2026-08,WEEKDAY,16,TRAIN,NS5,23659,31127
2026-08,WEEKENDS/HOLIDAY,21,TRAIN,TE3,3784,6838
2026-08,WEEKDAY,7,TRAIN,SE2,22609,2604
2026-08,WEEKDAY,8,TRAIN,CC34/DT16,11303,43985
2026-08,WEEKDAY,17,TRAIN,DT18,55963,10909
2026-08,WEEKENDS/HOLIDAY,11,TRAIN,TE13,3837,2918
2026-08,WEEKDAY,7,TRAIN,CC4/DT15,2088,24506
2026-08,WEEKENDS/HOLIDAY,6,TRAIN,EW6,2689,888
2026-08,WEEKDAY,10,TRAIN,SE2,5881,2677
2026-08,WEEKENDS/HOLIDAY,10,TRAIN,NS10,27804,11456
2026-08,WEEKENDS/HOLIDAY,19,TRAIN,CC24,8673,4592
2026-08,WEEKDAY,19,TRAIN,NS21/DT11,82116,88883
2026-08,WEEKENDS/HOLIDAY,9,TRAIN,PW6,1381,354
2026-08,WEEKENDS/HOLIDAY,9,TRAIN,BP2,2072,825
2026-08,WEEKDAY,17,TRAIN,PE5,6399,10243
2026-08,WEEKDAY,22,TRAIN,TE6,2854,17188
2026-08,WEEKDAY,9,TRAIN,CC23,3916,90762
2026-08,WEEKENDS/HOLIDAY,17,TRAIN,EW26,21765,22423
2026-08,WEEKENDS/HOLIDAY,0,TRAIN,TE15,76,259
2026-08,WEEKDAY,10,TRAIN,EW22,9700,15511
2026-08,WEEKDAY,5,TRAIN,PE2,2546,182
2026-08,WEEKENDS/HOLIDAY,22,TRAIN,DT29,1125,5564
2026-08,WEEKDAY,7,TRAIN,TE7,17578,18207
2026-08,WEEKENDS/HOLIDAY,9,TRAIN,NE14,23100,8745
2026-08,WEEKDAY,21,TRAIN,BP6/DT1,23411,44770
2026-08,WEEKDAY,5,TRAIN,TE7,786,428
2026-08,WEEKENDS/HOLIDAY,17,TRAIN,PE2,3495,3431
2026-08,WEEKENDS/HOLIDAY,16,TRAIN,TE6,6428,6447
2026-08,WEEKENDS/HOLIDAY,6,TRAIN,CC5,882,459
2026-08,WEEKENDS/HOLIDAY,17,TRAIN,CC7,6077,5082
2026-08,WEEKENDS/HOLIDAY,5,TRAIN,EW22,120,57
2026-08,WEEKDAY,0,TRAIN,DT10,30,161
2026-08,WEEKENDS/HOLIDAY,13,TRAIN,BP13,776,625
2026-08,WEEKENDS/HOLIDAY,8,TRAIN,NE5,1603,4959
2026-08,WEEKENDS/HOLIDAY,16,TRAIN,TE11,2721,2848
2026-08,WEEKENDS/HOLIDAY,16,TRAIN,NS14,17385,16057
2026-08,WEEKENDS/HOLIDAY,9,TRAIN,DT4,2009,494
2026-08,WEEKENDS/HOLIDAY,15,TRAIN,EW31,2211,730
2026-08,WEEKDAY,7,TRAIN,DT6,12131,18793
2026-08,WEEKENDS/HOLIDAY,10,TRAIN,EW12/DT14,18042,43270
2026-08,WEEKENDS/HOLIDAY,5,TRAIN,DT5,169,19
2026-08,WEEKDAY,18,TRAIN,PE3,6972,15555
2026-08,WEEKENDS/HOLIDAY,12,TRAIN,NE13,20130,13220
2026-08,WEEKDAY,16,TRAIN,NE1/CC29,63144,45703
2026-08,WEEKDAY,23,TRAIN,NE14,2328,17241
2026-08,WEEKDAY,0,TRAIN,EW6,50,834
2026-08,WEEKENDS/HOLIDAY,8,TRAIN,BP4,1064,536
2026-08,WEEKENDS/HOLIDAY,11,TRAIN,NE9,16649,9936
2026-08,WEEKDAY,23,TRAIN,NS4/BP1,5778,15628
2026-08,WEEKDAY,10,TRAIN,NE4/DT19,29508,68037
2026-08,WEEKDAY,8,TRAIN,PE6,14509,5987
2026-08,WEEKDAY,14,TRAIN,NS17/CC15,33634,17092
2026-08,WEEKDAY,17,TRAIN,BP11,3381,6230
2026-08,WEEKENDS/HOLIDAY,17,TRAIN,NS2,16724,20443
2026-08,WEEKDAY,7,TRAIN,EW4,37862,46580
2026-08,WEEKENDS/HOLIDAY,11,TRAIN,NE10,11249,7263
2026-08,WEEKENDS/HOLIDAY,14,TRAIN,TE5,3945,3557
2026-08,WEEKENDS/HOLIDAY,12,TRAIN,NS2,18234,14449
2026-08,WEEKDAY,5,TRAIN,EW15,853,623
2026-08,WEEKDAY,10,TRAIN,TE22,776,4764
2026-08,WEEKENDS/HOLIDAY,21,TRAIN,NE9,6835,13296
2026-08,WEEKDAY,5,TRAIN,EW9,6221,801
2026-08,WEEKDAY,16,TRAIN,TE7,8554,7099
2026-08,WEEKDAY,12,TRAIN,BP8,1712,1792
2026-08,WEEKDAY,20,TRAIN,CC30,106,152
2026-08,WEEKENDS/HOLIDAY,12,TRAIN,CC14,4404,3463
2026-08,WEEKENDS/HOLIDAY,10,TRAIN,DT34,2553,1435
2026-08,WEEKDAY,8,TRAIN,CC19/DT9,12176,14568
2026-08,WEEKENDS/HOLIDAY,20,TRAIN,BP11,802,2295
2026-08,WEEKDAY,23,TRAIN,EW12/DT14,21276,10391
2026-08,WEEKDAY,20,TRAIN,BP8,1583,2039
2026-08,WEEKDAY,17,TRAIN,CC23,71102,7881
2026-08,WEEKDAY,21,TRAIN,NS8,11439,20415
2026-08,WEEKDAY,18,TRAIN,CC27,65411,5171
2026-08,WEEKDAY,20,TRAIN,TE12,3379,3034
2026-08,WEEKENDS/HOLIDAY,17,TRAIN,NS20,19998,19210
2026-08,WEEKENDS/HOLIDAY,15,TRAIN,BP6/DT1,21554,21149
2026-08,WEEKENDS/HOLIDAY,23,TRAIN,CC26,378,673
2026-08,WEEKDAY,13,TRAIN,EW27,36053,39840
2026-08,WEEKDAY,9,TRAIN,DT27,11530,18009
2026-08,WEEKDAY,17,TRAIN,EW21/CC22,98559,34682
2026-08,WEEKDAY,0,TRAIN,PW3,11,62
2026-08,WEEKENDS/HOLIDAY,21,TRAIN,EW16/NE3/TE17,13397,8767
2026-08,WEEKDAY,5,TRAIN,PE5,2629,121
2026-08,WEEKDAY,21,TRAIN,BP11,1063,4251
2026-08,WEEKDAY,19,TRAIN,CC31,2711,4627
2026-08,WEEKENDS/HOLIDAY,22,TRAIN,NS24/NE6/CC1,19082,7107
2026-08,WEEKENDS/HOLIDAY,0,TRAIN,SW4,16,343
2026-08,WEEKENDS/HOLIDAY,19,TRAIN,BP6/DT1,17142,26709
2026-08,WEEKENDS/HOLIDAY,13,TRAIN,NS27/CC33/TE20,2522,3877
2026-08,WEEKDAY,15,TRAIN,DT34,4588,4025
2026-08,WEEKENDS/HOLIDAY,13,TRAIN,CC34/DT16,25187,38667
2026-08,WEEKDAY,13,TRAIN,EW31,1752,1016
2026-08,WEEKENDS/HOLIDAY,19,TRAIN,CC20,3023,3499
2026-08,WEEKENDS/HOLIDAY,22,TRAIN,BP8,598,651
2026-08,WEEKENDS/HOLIDAY,11,TRAIN,DT20,3530,4057
2026-08,WEEKENDS/HOLIDAY,20,TRAIN,NS13,23105,34046
2026-08,WEEKDAY,11,TRAIN,CC16,6924,3861
2026-08,WEEKENDS/HOLIDAY,21,TRAIN,CC21,7576,4211
2026-08,WEEKDAY,16,TRAIN,TE12,8631,4503
2026-08,WEEKENDS/HOLIDAY,6,TRAIN,NS23,1270,3281
2026-08,WEEKENDS/HOLIDAY,22,TRAIN,NS8,5412,8479
2026-08,WEEKENDS/HOLIDAY,21,TRAIN,CC32,495,1344
2026-08,WEEKENDS/HOLIDAY,9,TRAIN,NE17/PTC,24901,16262
2026-08,WEEKDAY,22,TRAIN,SW2,1334,1457
2026-08,WEEKENDS/HOLIDAY,11,TRAIN,PE1,2969,1564
2026-08,WEEKENDS/HOLIDAY,9,TRAIN,DT20,1950,3479
2026-08,WEEKENDS/HOLIDAY,13,TRAIN,CC11,10297,8104
2026-08,WEEKDAY,11,TRAIN,NS9/TE2,42671,48244
2026-08,WEEKENDS/HOLIDAY,5,TRAIN,EW12/DT14,1024,398
2026-08,WEEKENDS/HOLIDAY,11,TRAIN,SW1,1401,754
2026-08,WEEKDAY,14,TRAIN,DT23,2586,3287
2026-08,WEEKENDS/HOLIDAY,9,TRAIN,DT17,1406,3944
2026-08,WEEKDAY,15,TRAIN,PW5,1960,2631
2026-08,WEEKENDS/HOLIDAY,13,TRAIN,EW32,3245,1495
2026-08,WEEKDAY,0,TRAIN,TE22,64,85
2026-08,WEEKENDS/HOLIDAY,21,TRAIN,SE5,468,2066
2026-08,WEEKENDS/HOLIDAY,15,TRAIN,CC7,4229,4470
2026-08,WEEKDAY,15,TRAIN,CC26,4094,3196
2026-08,WEEKENDS/HOLIDAY,15,TRAIN,TE23,1922,3370
2026-08,WEEKDAY,23,TRAIN,BP9,80,641
2026-08,WEEKDAY,15,TRAIN,EW25,9581,9984
2026-08,WEEKDAY,23,TRAIN,PE4,264,896
2026-08,WEEKENDS/HOLIDAY,14,TRAIN,EW19,8520,9844
2026-08,WEEKENDS/HOLIDAY,11,TRAIN,NE5,5717,9861
2026-08,WEEKDAY,14,TRAIN,SW4,1890,4049
2026-08,WEEKENDS/HOLIDAY,13,TRAIN,NE7/DT12,24537,28268
2026-08,WEEKENDS/HOLIDAY,16,TRAIN,EW25,8730,8960
2026-08,WEEKDAY,7,TRAIN,EW6,28179,13506
2026-08,WEEKDAY,12,TRAIN,DT8,5552,3476
2026-08,WEEKDAY,8,TRAIN,PW4,8118,2687
2026-08,WEEKENDS/HOLIDAY,21,TRAIN,PW7,738,2137
2026-08,WEEKDAY,21,TRAIN,CC26,3218,3641
2026-08,WEEKDAY,20,TRAIN,NE9,18714,27889
2026-08,WEEKDAY,16,TRAIN,EW32,8927,2299
2026-08,WEEKENDS/HOLIDAY,0,TRAIN,DT8,11,128
2026-08,WEEKDAY,11,TRAIN,DT6,8644,7598
2026-08,WEEKDAY,19,TRAIN,CC4/DT15,46314,20478
2026-08,WEEKENDS/HOLIDAY,8,TRAIN,SW7,822,422
2026-08,WEEKENDS/HOLIDAY,5,TRAIN,CC16,274,21
2026-08,WEEKDAY,17,TRAIN,NE4/DT19,88863,65594
2026-08,WEEKENDS/HOLIDAY,19,TRAIN,NS8,9589,9753
2026-08,WEEKDAY,14,TRAIN,NS23,34974,39249
2026-08,WEEKENDS/HOLIDAY,14,TRAIN,PE2,3041,3278
2026-08,WEEKDAY,12,TRAIN,DT25,3455,2799
2026-08,WEEKDAY,21,TRAIN,NS3,9913,25191
2026-08,WEEKDAY,12,TRAIN,EW1,26555,19324
2026-08,WEEKDAY,5,TRAIN,DT31,2408,114
2026-08,WEEKDAY,12,TRAIN,DT30,7628,4535
2026-08,WEEKENDS/HOLIDAY,20,TRAIN,PE5,1428,4321
2026-08,WEEKDAY,19,TRAIN,NS12,18266,57341
2026-08,WEEKENDS/HOLIDAY,0,TRAIN,NS18,152,1191
2026-08,WEEKDAY,11,TRAIN,EW28,24042,16859
2026-08,WEEKDAY,5,TRAIN,NS24/NE6/CC1,453,285
2026-08,WEEKENDS/HOLIDAY,16,TRAIN,SE1,2159,2349
2026-08,WEEKENDS/HOLIDAY,18,TRAIN,NE7/DT12,30607,32253
2026-08,WEEKDAY,7,TRAIN,CC11,15019,61642
2026-08,WEEKDAY,14,TRAIN,DT20,4323,5923
2026-08,WEEKENDS/HOLIDAY,19,TRAIN,NE8,34072,36750
2026-08,WEEKENDS/HOLIDAY,6,TRAIN,DT4,158,45
2026-08,WEEKDAY,6,TRAIN,EW9,49025,10861
2026-08,WEEKENDS/HOLIDAY,17,TRAIN,NE12/CC13,41717,48999
2026-08,WEEKDAY,6,TRAIN,SE3,7539,927
2026-08,WEEKENDS/HOLIDAY,11,TRAIN,TE16,7058,4443
2026-08,WEEKENDS/HOLIDAY,11,TRAIN,CC19/DT9,6527,7210
2026-08,WEEKDAY,0,TRAIN,NS23,564,316
2026-08,WEEKENDS/HOLIDAY,21,TRAIN,DT18,4473,3655
2026-08,WEEKENDS/HOLIDAY,20,TRAIN,PW1,1462,502
2026-08,WEEKDAY,23,TRAIN,PW2,28,14
2026-08,WEEKENDS/HOLIDAY,6,TRAIN,TE22,150,1010
2026-08,WEEKDAY,6,TRAIN,TE5,9780,2233
2026-08,WEEKDAY,19,TRAIN,NS13,46905,139764
2026-08,WEEKENDS/HOLIDAY,21,TRAIN,DT34,1068,3123
2026-08,WEEKDAY,18,TRAIN,NE11,31681,49008
2026-08,WEEKENDS/HOLIDAY,0,TRAIN,CC11,81,398
2026-08,WEEKDAY,18,TRAIN,SW4,3420,6207
2026-08,WEEKENDS/HOLIDAY,5,TRAIN,TE3,1055,103
2026-08,WEEKDAY,23,TRAIN,BP4,154,539
2026-08,WEEKDAY,17,TRAIN,SE2,5060,9490
2026-08,WEEKENDS/HOLIDAY,20,TRAIN,BP10,811,2061
2026-08,WEEKDAY,18,TRAIN,CC23,93358,10700
2026-08,WEEKENDS/HOLIDAY,6,TRAIN,TE11,1425,940
2026-08,WEEKDAY,5,TRAIN,TE15,196,54
2026-08,WEEKENDS/HOLIDAY,18,TRAIN,CC32,1041,1077
2026-08,WEEKENDS/HOLIDAY,13,TRAIN,CC16,4726,3358
2026-08,WEEKDAY,16,TRAIN,PE5,5087,7796
2026-08,WEEKENDS/HOLIDAY,5,TRAIN,EW7,798,194
2026-08,WEEKDAY,0,TRAIN,CC20,17,251
2026-08,WEEKENDS/HOLIDAY,0,TRAIN,EW27,121,4022
2026-08,WEEKENDS/HOLIDAY,15,TRAIN,CC31,1768,1964
2026-08,WEEKENDS/HOLIDAY,17,TRAIN,TE6,6694,7617
2026-08,WEEKENDS/HOLIDAY,22,TRAIN,NS18,2517,10739
2026-08,WEEKDAY,8,TRAIN,PW5,4992,1403
2026-08,WEEKDAY,11,TRAIN,NS17/CC15,33158,10602
2026-08,WEEKENDS/HOLIDAY,6,TRAIN,NS15,4172,4470
2026-08,WEEKENDS/HOLIDAY,8,TRAIN,BP8,977,960
2026-08,WEEKDAY,15,TRAIN,DT10,6550,3269
2026-08,WEEKENDS/HOLIDAY,18,TRAIN,NS3,11439,13396
2026-08,WEEKDAY,17,TRAIN,NS17/CC15,51508,36850
2026-08,WEEKENDS/HOLIDAY,22,TRAIN,DT28,1825,8265
2026-08,WEEKENDS/HOLIDAY,10,TRAIN,PE2,4722,1583
2026-08,WEEKDAY,13,TRAIN,EW17,27356,23399
2026-08,WEEKENDS/HOLIDAY,8,TRAIN,NE13,12087,12079
2026-08,WEEKENDS/HOLIDAY,16,TRAIN,EW17,13991,15726
2026-08,WEEKDAY,18,TRAIN,NE16/STC,65481,158456
2026-08,WEEKDAY,21,TRAIN,NS21/DT11,47889,56057
2026-08,WEEKENDS/HOLIDAY,10,TRAIN,EW15,6951,15089
2026-08,WEEKDAY,5,TRAIN,EW4,4323,548
2026-08,WEEKENDS/HOLIDAY,22,TRAIN,PW3,81,579
2026-08,WEEKDAY,8,TRAIN,CC4/DT15,4325,78246
2026-08,WEEKDAY,12,TRAIN,EW7,13756,11995
2026-08,WEEKDAY,6,TRAIN,NS15,18232,22776
2026-08,WEEKENDS/HOLIDAY,22,TRAIN,CC3,8201,1216
2026-08,WEEKENDS/HOLIDAY,9,TRAIN,NS16,28994,17333
2026-08,WEEKENDS/HOLIDAY,14,TRAIN,DT30,4615,4378
2026-08,WEEKENDS/HOLIDAY,8,TRAIN,PW5,2365,779
2026-08,WEEKENDS/HOLIDAY,0,TRAIN,CC24,37,96
2026-08,WEEKENDS/HOLIDAY,13,TRAIN,TE3,7112,4860
2026-08,WEEKDAY,0,TRAIN,PE3,56,736
2026-08,WEEKDAY,18,TRAIN,CC30,521,273
2026-08,WEEKENDS/HOLIDAY,10,TRAIN,PW5,2354,908
2026-08,WEEKENDS/HOLIDAY,8,TRAIN,NE9,12486,9164
2026-08,WEEKENDS/HOLIDAY,5,TRAIN,CC10/DT26,1034,131
2026-08,WEEKDAY,7,TRAIN,NS13,165963,56624
2026-08,WEEKENDS/HOLIDAY,19,TRAIN,BP5,1014,1236
2026-08,WEEKENDS/HOLIDAY,12,TRAIN,PE2,4134,2837
2026-08,WEEKDAY,22,TRAIN,CC30,64,73
2026-08,WEEKENDS/HOLIDAY,20,TRAIN,BP7,298,669
2026-08,WEEKDAY,22,TRAIN,NS8,7451,15743
2026-08,WEEKENDS/HOLIDAY,8,TRAIN,DT31,4466,2225
2026-08,WEEKENDS/HOLIDAY,10,TRAIN,NS13,30577,21641
2026-08,WEEKENDS/HOLIDAY,0,TRAIN,TE16,68,388
2026-08,WEEKENDS/HOLIDAY,8,TRAIN,NS3,12019,8504
2026-08,WEEKENDS/HOLIDAY,6,TRAIN,CC34/DT16,6982,9896
2026-08,WEEKENDS/HOLIDAY,20,TRAIN,NS28,1855,758
2026-08,WEEKDAY,19,TRAIN,SE3,1648,8645
2026-08,WEEKENDS/HOLIDAY,6,TRAIN,DT3,497,205
2026-08,WEEKDAY,19,TRAIN,DT31,7345,25018
2026-08,WEEKENDS/HOLIDAY,20,TRAIN,BP13,308,657
2026-08,WEEKENDS/HOLIDAY,19,TRAIN,NE15,9643,18610
2026-08,WEEKDAY,17,TRAIN,NE18,24425,18024
2026-08,WEEKDAY,5,TRAIN,DT23,142,3
2026-08,WEEKENDS/HOLIDAY,16,TRAIN,CC17/TE9,3932,3641
2026-08,WEEKDAY,11,TRAIN,TE1,7518,5222
2026-08,WEEKENDS/HOLIDAY,8,TRAIN,NE7/DT12,8925,14381
2026-08,WEEKDAY,8,TRAIN,EW15,18443,199331
2026-08,WEEKDAY,9,TRAIN,TE26,13093,13481
2026-08,WEEKDAY,15,TRAIN,TE8,9101,10410
2026-08,WEEKDAY,7,TRAIN,DT23,5732,8588
2026-08,WEEKDAY,16,TRAIN,DT33,14743,17368
2026-08,WEEKENDS/HOLIDAY,14,TRAIN,EW3,9915,10261
2026-08,WEEKENDS/HOLIDAY,12,TRAIN,DT33,10640,5343
2026-08,WEEKENDS/HOLIDAY,5,TRAIN,DT24,1,0
2026-08,WEEKDAY,18,TRAIN,BP6/DT1,59363,136037
2026-08,WEEKENDS/HOLIDAY,15,TRAIN,EW7,7313,8765
2026-08,WEEKDAY,12,TRAIN,CC16,7392,4504
2026-08,WEEKDAY,0,TRAIN,DT18,349,185
2026-08,WEEKENDS/HOLIDAY,5,TRAIN,EW9,1866,108
2026-08,WEEKDAY,9,TRAIN,EW27,44453,38935
2026-08,WEEKENDS/HOLIDAY,23,TRAIN,PW3,19,284
2026-08,WEEKDAY,15,TRAIN,EW30,2959,696
2026-08,WEEKENDS/HOLIDAY,20,TRAIN,EW19,5458,10353
2026-08,WEEKENDS/HOLIDAY,18,TRAIN,PE1,2345,2815
2026-08,WEEKDAY,22,TRAIN,DT6,5329,4204
2026-08,WEEKENDS/HOLIDAY,21,TRAIN,EW18,4727,9340
2026-08,WEEKENDS/HOLIDAY,17,TRAIN,TE15,8214,8355
2026-08,WEEKENDS/HOLIDAY,20,TRAIN,NE11,7214,8898
2026-08,WEEKDAY,11,TRAIN,PW4,3696,2790
2026-08,WEEKENDS/HOLIDAY,15,TRAIN,DT10,2097,1642
2026-08,WEEKDAY,17,TRAIN,NS5,39680,56056
2026-08,WEEKDAY,19,TRAIN,EW21/CC22,60451,37292
2026-08,WEEKENDS/HOLIDAY,5,TRAIN,TE27,124,1
2026-08,WEEKDAY,0,TRAIN,PE7,13,494
2026-08,WEEKDAY,16,TRAIN,NE15,16605,30384
2026-08,WEEKDAY,11,TRAIN,SW8,1178,804
2026-08,WEEKENDS/HOLIDAY,13,TRAIN,NS10,23321,17049
2026-08,WEEKENDS/HOLIDAY,14,TRAIN,EW7,8071,8278
2026-08,WEEKENDS/HOLIDAY,20,TRAIN,PE6,2682,4142
2026-08,WEEKDAY,7,TRAIN,DT10,8885,15142
2026-08,WEEKDAY,22,TRAIN,DT2,712,1969
2026-08,WEEKENDS/HOLIDAY,21,TRAIN,NS10,8002,25579
2026-08,WEEKDAY,11,TRAIN,PE1,3635,2082
2026-08,WEEKDAY,10,TRAIN,CC8,7501,4380
2026-08,WEEKDAY,22,TRAIN,BP9,412,1313
2026-08,WEEKENDS/HOLIDAY,7,TRAIN,EW24/NS1,16123,23605
2026-08,WEEKENDS/HOLIDAY,14,TRAIN,BP2,1514,1297
2026-08,WEEKENDS/HOLIDAY,23,TRAIN,DT13,2047,2715
2026-08,WEEKDAY,22,TRAIN,NE13,8192,23347
2026-08,WEEKDAY,17,TRAIN,CC14,19966,11443
2026-08,WEEKDAY,16,TRAIN,NS28,3373,2380
2026-08,WEEKENDS/HOLIDAY,12,TRAIN,TE5,4539,3399
2026-08,WEEKDAY,6,TRAIN,CC2,396,1871
2026-08,WEEKENDS/HOLIDAY,14,TRAIN,CC5,3349,4101
2026-08,WEEKDAY,7,TRAIN,EW1,99327,38885
2026-08,WEEKENDS/HOLIDAY,11,TRAIN,BP12,1908,1003
2026-08,WEEKDAY,14,TRAIN,EW11,15048,18375
2026-08,WEEKDAY,11,TRAIN,TE23,2792,1572
2026-08,WEEKDAY,21,TRAIN,PE4,1002,2131
2026-08,WEEKENDS/HOLIDAY,6,TRAIN,NE1/CC29,3164,11326
2026-08,WEEKENDS/HOLIDAY,5,TRAIN,EW29,532,1342
2026-08,WEEKENDS/HOLIDAY,9,TRAIN,DT31,5446,2360
2026-08,WEEKENDS/HOLIDAY,16,TRAIN,NE5,9182,10061
2026-08,WEEKDAY,6,TRAIN,CC31,1808,189
2026-08,WEEKENDS/HOLIDAY,5,TRAIN,PW5,730,16
2026-08,WEEKDAY,20,TRAIN,DT13,13264,10961
2026-08,WEEKENDS/HOLIDAY,16,TRAIN,CC20,3092,3404
2026-08,WEEKENDS/HOLIDAY,16,TRAIN,NS13,27873,35541
2026-08,WEEKENDS/HOLIDAY,22,TRAIN,DT20,3461,2463
2026-08,WEEKENDS/HOLIDAY,15,TRAIN,PE4,1180,1217
2026-08,WEEKDAY,7,TRAIN,NS25/EW13,5760,42702
2026-08,WEEKDAY,8,TRAIN,NE14,95984,20787
2026-08,WEEKENDS/HOLIDAY,11,TRAIN,EW11,11503,11321
2026-08,WEEKENDS/HOLIDAY,20,TRAIN,NE9,8793,13521
2026-08,WEEKDAY,16,TRAIN,CC11,26818,9567
2026-08,WEEKDAY,5,TRAIN,TE11,156,29
2026-08,WEEKDAY,8,TRAIN,NS17/CC15,119576,25276
2026-08,WEEKENDS/HOLIDAY,12,TRAIN,CC3,5106,8447
2026-08,WEEKDAY,7,TRAIN,PE7,14093,3915
2026-08,WEEKDAY,14,TRAIN,NS10,27691,27486
2026-08,WEEKENDS/HOLIDAY,16,TRAIN,NS9/TE2,35783,38670
2026-08,WEEKDAY,6,TRAIN,CC16,6852,4541
2026-08,WEEKENDS/HOLIDAY,15,TRAIN,CC32,941,951
2026-08,WEEKDAY,23,TRAIN,NE9,3439,10110
2026-08,WEEKENDS/HOLIDAY,17,TRAIN,PE4,1442,1375
2026-08,WEEKENDS/HOLIDAY,18,TRAIN,NE18,9297,10125
2026-08,WEEKENDS/HOLIDAY,14,TRAIN,SE4,2138,2199
2026-08,WEEKENDS/HOLIDAY,21,TRAIN,DT8,829,1946
2026-08,WEEKENDS/HOLIDAY,0,TRAIN,CG2,93,714
2026-08,WEEKDAY,22,TRAIN,NS9/TE2,25804,61092
2026-08,WEEKDAY,15,TRAIN,EW27,36981,44742
2026-08,WEEKENDS/HOLIDAY,9,TRAIN,CC11,2957,10451
2026-08,WEEKDAY,22,TRAIN,NE14,7874,35454
2026-08,WEEKENDS/HOLIDAY,9,TRAIN,PW7,2580,1129
2026-08,WEEKENDS/HOLIDAY,21,TRAIN,SE3,458,2653
2026-08,WEEKDAY,6,TRAIN,NE16/STC,61358,25233
2026-08,WEEKENDS/HOLIDAY,20,TRAIN,NE16/STC,17002,31216
2026-08,WEEKDAY,21,TRAIN,SW5,4536,7384
2026-08,WEEKENDS/HOLIDAY,15,TRAIN,DT33,8168,7956
2026-08,WEEKENDS/HOLIDAY,14,TRAIN,CC17/TE9,3129,3330
2026-08,WEEKENDS/HOLIDAY,7,TRAIN,EW32,3576,8301
2026-08,WEEKDAY,12,TRAIN,TE12,8088,5185
2026-08,WEEKDAY,23,TRAIN,NS13,7818,31511
2026-08,WEEKENDS/HOLIDAY,18,TRAIN,EW4,10264,11055
2026-08,WEEKDAY,8,TRAIN,NS8,53173,18821
2026-08,WEEKENDS/HOLIDAY,7,TRAIN,EW30,1627,6424
2026-08,WEEKDAY,17,TRAIN,EW14/NS26,197791,38228
2026-08,WEEKENDS/HOLIDAY,11,TRAIN,CC2,2635,2585
2026-08,WEEKENDS/HOLIDAY,12,TRAIN,DT8,2730,1873
2026-08,WEEKDAY,0,TRAIN,NS19,550,2550
2026-08,WEEKENDS/HOLIDAY,7,TRAIN,CC26,2783,3482
2026-08,WEEKENDS/HOLIDAY,20,TRAIN,PW2,225,45
2026-08,WEEKDAY,22,TRAIN,EW11,12080,17405
2026-08,WEEKDAY,7,TRAIN,NS9/TE2,157844,86414
2026-08,WEEKENDS/HOLIDAY,14,TRAIN,NS23,26898,35146
2026-08,WEEKDAY,13,TRAIN,SE2,5417,5214
2026-08,WEEKENDS/HOLIDAY,5,TRAIN,DT13,20,1
2026-08,WEEKENDS/HOLIDAY,9,TRAIN,EW21/CC22,8280,9985
2026-08,WEEKENDS/HOLIDAY,20,TRAIN,TE4,3056,3241
2026-08,WEEKENDS/HOLIDAY,17,TRAIN,NE18,10274,10578
2026-08,WEEKDAY,0,TRAIN,CC4/DT15,292,164
2026-08,WEEKDAY,19,TRAIN,NS16,47215,96444
2026-08,WEEKDAY,0,TRAIN,EW28,19,3848
2026-08,WEEKENDS/HOLIDAY,10,TRAIN,NS3,14814,8763
2026-08,WEEKENDS/HOLIDAY,6,TRAIN,BP8,521,531
2026-08,WEEKDAY,21,TRAIN,CC30,74,101
2026-08,WEEKENDS/HOLIDAY,6,TRAIN,CC7,1837,925
2026-08,WEEKENDS/HOLIDAY,18,TRAIN,NS25/EW13,66051,40616
2026-08,WEEKDAY,15,TRAIN,NS10,24880,32001
2026-08,WEEKENDS/HOLIDAY,20,TRAIN,NE10,5678,9643
2026-08,WEEKDAY,21,TRAIN,NS24/NE6/CC1,57339,16419
2026-08,WEEKENDS/HOLIDAY,9,TRAIN,PE6,4823,3274
2026-08,WEEKDAY,7,TRAIN,SW7,2439,2071
2026-08,WEEKENDS/HOLIDAY,19,TRAIN,TE6,4570,8840
2026-08,WEEKENDS/HOLIDAY,21,TRAIN,EW14/NS26,18465,7672
2026-08,WEEKENDS/HOLIDAY,17,TRAIN,PW2,165,214
2026-08,WEEKDAY,17,TRAIN,NS7,36796,41605
2026-08,WEEKENDS/HOLIDAY,14,TRAIN,CC32,905,978
2026-08,WEEKDAY,16,TRAIN,EW4,17708,15490
2026-08,WEEKDAY,20,TRAIN,EW5,25274,41299
2026-08,WEEKDAY,21,TRAIN,DT33,5780,25804
2026-08,WEEKDAY,14,TRAIN,NE8,26200,27721
2026-08,WEEKENDS/HOLIDAY,10,TRAIN,NS7,16402,14499
2026-08,WEEKDAY,16,TRAIN,PE4,1539,2141
2026-08,WEEKDAY,22,TRAIN,TE3,2892,11809
2026-08,WEEKENDS/HOLIDAY,15,TRAIN,DT2,1359,1162
2026-08,WEEKDAY,15,TRAIN,CC24,38316,19045
2026-08,WEEKDAY,14,TRAIN,DT30,7702,6913
2026-08,WEEKENDS/HOLIDAY,8,TRAIN,PE1,2579,813
2026-08,WEEKENDS/HOLIDAY,11,TRAIN,EW10,7756,7301
2026-08,WEEKENDS/HOLIDAY,7,TRAIN,CC32,107,197
2026-08,WEEKDAY,10,TRAIN,BP6/DT1,33609,20216
2026-08,WEEKENDS/HOLIDAY,11,TRAIN,EW21/CC22,12487,15070
2026-08,WEEKENDS/HOLIDAY,8,TRAIN,CC4/DT15,1128,6326
2026-08,WEEKENDS/HOLIDAY,13,TRAIN,SW7,779,1072
2026-08,WEEKENDS/HOLIDAY,14,TRAIN,EW21/CC22,14914,13253
2026-08,WEEKENDS/HOLIDAY,19,TRAIN,CC11,10105,7500
2026-08,WEEKDAY,7,TRAIN,CC31,3502,1487
2026-08,WEEKENDS/HOLIDAY,12,TRAIN,EW33,3226,1673
2026-08,WEEKENDS/HOLIDAY,18,TRAIN,TE11,3102,2792
2026-08,WEEKENDS/HOLIDAY,18,TRAIN,SW2,2755,1943
2026-08,WEEKDAY,5,TRAIN,NS3,10266,1152
2026-08,WEEKENDS/HOLIDAY,0,TRAIN,NE7/DT12,246,590
2026-08,WEEKDAY,19,TRAIN,NS4/BP1,39027,91962
2026-08,WEEKENDS/HOLIDAY,15,TRAIN,CG1/DT35,14565,15577
2026-08,WEEKDAY,10,TRAIN,CC17/TE9,6922,3963
2026-08,WEEKDAY,13,TRAIN,TE16,7370,7121
2026-08,WEEKENDS/HOLIDAY,5,TRAIN,TE8,87,48
2026-08,WEEKENDS/HOLIDAY,5,TRAIN,NS7,10476,2147
2026-08,WEEKDAY,15,TRAIN,DT17,15145,7310
2026-08,WEEKDAY,14,TRAIN,NS5,22318,23007
2026-08,WEEKENDS/HOLIDAY,9,TRAIN,NS28,917,2723
2026-08,WEEKENDS/HOLIDAY,23,TRAIN,EW20,1151,3455
2026-08,WEEKENDS/HOLIDAY,14,TRAIN,CC7,3813,4371
2026-08,WEEKENDS/HOLIDAY,20,TRAIN,NS20,18922,9408
2026-08,WEEKENDS/HOLIDAY,19,TRAIN,TE26,13048,8163
2026-08,WEEKDAY,14,TRAIN,SW8,1417,1863
2026-08,WEEKENDS/HOLIDAY,10,TRAIN,NE9,16914,10267
2026-08,WEEKENDS/HOLIDAY,10,TRAIN,EW17,14309,12055
2026-08,WEEKENDS/HOLIDAY,19,TRAIN,NE17/PTC,30221,34513
2026-08,WEEKDAY,12,TRAIN,BP13,1311,985
2026-08,WEEKDAY,14,TRAIN,DT28,6406,6733
2026-08,WEEKENDS/HOLIDAY,23,TRAIN,DT29,465,3182
2026-08,WEEKENDS/HOLIDAY,7,TRAIN,DT4,468,105
2026-08,WEEKDAY,14,TRAIN,CC23,10433,11080
2026-08,WEEKDAY,15,TRAIN,CC21,13442,11991
2026-08,WEEKDAY,20,TRAIN,CC10/DT26,13411,20941
2026-08,WEEKDAY,17,TRAIN,NS10,66197,65165
2026-08,WEEKDAY,7,TRAIN,NS10,167644,61991
2026-08,WEEKDAY,17,TRAIN,BP12,3932,4281
2026-08,WEEKDAY,22,TRAIN,EW21/CC22,25491,11304
2026-08,WEEKDAY,6,TRAIN,PE7,9668,1368
2026-08,WEEKENDS/HOLIDAY,16,TRAIN,TE27,3715,4095
2026-08,WEEKDAY,11,TRAIN,SW7,1446,1025
2026-08,WEEKDAY,9,TRAIN,SE1,8470,2680
2026-08,WEEKDAY,0,TRAIN,SW4,24,436
2026-08,WEEKDAY,6,TRAIN,BP11,12220,1022
2026-08,WEEKDAY,10,TRAIN,TE19,3353,23479
2026-08,WEEKDAY,19,TRAIN,CC21,15451,21550
2026-08,WEEKENDS/HOLIDAY,13,TRAIN,CC20,3935,3003
2026-08,WEEKENDS/HOLIDAY,18,TRAIN,TE4,4982,5221
2026-08,WEEKDAY,13,TRAIN,NS18,15123,12406
2026-08,WEEKDAY,9,TRAIN,CC14,10906,8269
2026-08,WEEKDAY,20,TRAIN,TE15,11758,9451
2026-08,WEEKENDS/HOLIDAY,12,TRAIN,SW2,4070,1975
2026-08,WEEKENDS/HOLIDAY,0,TRAIN,CC6,214,67
2026-08,WEEKDAY,21,TRAIN,CC7,3889,8065
2026-08,WEEKDAY,17,TRAIN,EW32,33410,3597
2026-08,WEEKENDS/HOLIDAY,21,TRAIN,NE1/CC29,69481,12522
2026-08,WEEKDAY,10,TRAIN,DT17,5596,33428
2026-08,WEEKENDS/HOLIDAY,13,TRAIN,EW3,11054,9996
2026-08,WEEKENDS/HOLIDAY,13,TRAIN,EW33,2834,2291
2026-08,WEEKENDS/HOLIDAY,16,TRAIN,SE5,1515,1626
2026-08,WEEKDAY,18,TRAIN,CC6,15604,21109
2026-08,WEEKENDS/HOLIDAY,19,TRAIN,EW19,8259,10439
2026-08,WEEKDAY,10,TRAIN,NS10,37638,16978
2026-08,WEEKDAY,22,TRAIN,PW2,81,21
2026-08,WEEKENDS/HOLIDAY,10,TRAIN,CC30,107,86
2026-08,WEEKENDS/HOLIDAY,21,TRAIN,NS2,9023,19156
2026-08,WEEKENDS/HOLIDAY,23,TRAIN,EW12/DT14,14282,6765
2026-08,WEEKENDS/HOLIDAY,19,TRAIN,NS18,6171,10123
2026-08,WEEKENDS/HOLIDAY,6,TRAIN,BP7,448,70
2026-08,WEEKDAY,5,TRAIN,BP4,1421,272
2026-08,WEEKDAY,6,TRAIN,SW2,7229,1397
2026-08,WEEKENDS/HOLIDAY,7,TRAIN,BP13,689,204
2026-08,WEEKENDS/HOLIDAY,12,TRAIN,CC19/DT9,6620,6114
2026-08,WEEKENDS/HOLIDAY,23,TRAIN,TE4,1707,1158
2026-08,WEEKENDS/HOLIDAY,9,TRAIN,NE8,10667,18464
2026-08,WEEKDAY,17,TRAIN,TE24,5760,6079
2026-08,WEEKENDS/HOLIDAY,14,TRAIN,CC10/DT26,9569,9346
2026-08,WEEKDAY,5,TRAIN,NE15,5856,344
2026-08,WEEKENDS/HOLIDAY,14,TRAIN,DT2,1304,1114
2026-08,WEEKENDS/HOLIDAY,0,TRAIN,NE15,53,1427
2026-08,WEEKENDS/HOLIDAY,20,TRAIN,NS7,20037,20039
2026-08,WEEKENDS/HOLIDAY,18,TRAIN,EW31,3850,2866
2026-08,WEEKDAY,7,TRAIN,CC21,11467,13463
2026-08,WEEKDAY,12,TRAIN,TE7,7432,4626
2026-08,WEEKDAY,22,TRAIN,DT34,2083,4372
2026-08,WEEKDAY,21,TRAIN,NE10,9865,18087
2026-08,WEEKENDS/HOLIDAY,14,TRAIN,CC23,3063,2567
2026-08,WEEKDAY,19,TRAIN,BP13,811,2613
2026-08,WEEKENDS/HOLIDAY,0,TRAIN,CC19/DT9,34,199
2026-08,WEEKDAY,22,TRAIN,DT33,3872,22772
2026-08,WEEKENDS/HOLIDAY,6,TRAIN,NE9,6503,4443
2026-08,WEEKDAY,18,TRAIN,CC8,14795,20878
2026-08,WEEKENDS/HOLIDAY,6,TRAIN,DT8,192,130
2026-08,WEEKENDS/HOLIDAY,21,TRAIN,EW3,5309,11814
2026-08,WEEKDAY,16,TRAIN,DT13,13858,9668
2026-08,WEEKDAY,9,TRAIN,SW8,942,1032
2026-08,WEEKDAY,0,TRAIN,SW8,26,170
2026-08,WEEKDAY,22,TRAIN,CC25,2847,4404
2026-08,WEEKENDS/HOLIDAY,7,TRAIN,EW3,6586,4417
2026-08,WEEKDAY,17,TRAIN,EW17,38643,47033
2026-08,WEEKDAY,11,TRAIN,TE13,6955,4469
2026-08,WEEKDAY,7,TRAIN,DT17,2377,39478
2026-08,WEEKDAY,14,TRAIN,BP7,820,1174
2026-08,WEEKENDS/HOLIDAY,11,TRAIN,NE8,16158,26568
2026-08,WEEKDAY,12,TRAIN,SE3,2617,1904
2026-08,WEEKDAY,20,TRAIN,NS8,12455,24314
2026-08,WEEKDAY,14,TRAIN,CC2,4514,5650
2026-08,WEEKDAY,20,TRAIN,TE14/NS22,103837,37557
2026-08,WEEKENDS/HOLIDAY,5,TRAIN,BP10,774,127
2026-08,WEEKENDS/HOLIDAY,18,TRAIN,CC24,9228,5567
2026-08,WEEKENDS/HOLIDAY,6,TRAIN,EW24/NS1,9706,14512
2026-08,WEEKENDS/HOLIDAY,19,TRAIN,EW10,9035,15424
2026-08,WEEKDAY,13,TRAIN,SE5,4069,2756
2026-08,WEEKDAY,18,TRAIN,NE12/CC13,94490,194798
2026-08,WEEKDAY,16,TRAIN,SW2,4822,3315
2026-08,WEEKDAY,8,TRAIN,PE3,13502,11277
2026-08,WEEKENDS/HOLIDAY,14,TRAIN,NE10,9124,9398
2026-08,WEEKDAY,9,TRAIN,NS24/NE6/CC1,16387,50830
2026-08,WEEKENDS/HOLIDAY,7,TRAIN,NS7,24854,19711
2026-08,WEEKDAY,8,TRAIN,EW4,48957,24508
2026-08,WEEKENDS/HOLIDAY,8,TRAIN,EW24/NS1,17904,27681
2026-08,WEEKDAY,0,TRAIN,SE2,32,721
2026-08,WEEKDAY,15,TRAIN,TE24,4300,3896
2026-08,WEEKENDS/HOLIDAY,23,TRAIN,DT22,5236,3570
2026-08,WEEKENDS/HOLIDAY,11,TRAIN,NE17/PTC,31225,28571
2026-08,WEEKENDS/HOLIDAY,23,TRAIN,EW18,1507,3999
2026-08,WEEKENDS/HOLIDAY,6,TRAIN,NS2,9739,4309
2026-08,WEEKENDS/HOLIDAY,11,TRAIN,SE1,2843,1927
2026-08,WEEKDAY,11,TRAIN,DT10,4747,1704
2026-08,WEEKDAY,16,TRAIN,DT17,26373,7506
2026-08,WEEKENDS/HOLIDAY,16,TRAIN,NS18,7809,7992
2026-08,WEEKDAY,17,TRAIN,EW7,19663,26159
2026-08,WEEKENDS/HOLIDAY,0,TRAIN,CC10/DT26,132,961
2026-08,WEEKDAY,9,TRAIN,EW3,25476,12249
2026-08,WEEKENDS/HOLIDAY,7,TRAIN,EW31,2803,5733
2026-08,WEEKDAY,23,TRAIN,NE13,2843,10256
2026-08,WEEKDAY,6,TRAIN,DT5,16073,6472
2026-08,WEEKDAY,10,TRAIN,CC24,16232,42158
2026-08,WEEKDAY,16,TRAIN,PE6,8475,9135
2026-08,WEEKDAY,15,TRAIN,BP7,1093,1186
2026-08,WEEKDAY,13,TRAIN,CC24,27569,35066
2026-08,WEEKENDS/HOLIDAY,20,TRAIN,TE24,1629,2688
2026-08,WEEKENDS/HOLIDAY,18,TRAIN,EW33,4866,4535
2026-08,WEEKDAY,12,TRAIN,EW23,44305,41878
2026-08,WEEKENDS/HOLIDAY,10,TRAIN,SW4,2494,1009
2026-08,WEEKENDS/HOLIDAY,8,TRAIN,CC12,4232,1985
2026-08,WEEKENDS/HOLIDAY,14,TRAIN,CC27,1774,1368
2026-08,WEEKDAY,14,TRAIN,DT17,11667,18356
2026-08,WEEKDAY,12,TRAIN,CC31,2334,1777
2026-08,WEEKENDS/HOLIDAY,18,TRAIN,EW24/NS1,64178,60887
2026-08,WEEKDAY,9,TRAIN,DT13,8492,20792
2026-08,WEEKENDS/HOLIDAY,16,TRAIN,CC14,4186,3964
2026-08,WEEKENDS/HOLIDAY,20,TRAIN,DT7,1162,2412
2026-08,WEEKDAY,19,TRAIN,DT5,20903,36553
2026-08,WEEKENDS/HOLIDAY,20,TRAIN,CC10/DT26,6116,10679
2026-08,WEEKENDS/HOLIDAY,10,TRAIN,EW5,20932,13498
2026-08,WEEKDAY,0,TRAIN,EW9,233,1254
2026-08,WEEKDAY,11,TRAIN,DT31,7479,4632
2026-08,WEEKDAY,12,TRAIN,NS13,42072,39119
2026-08,WEEKENDS/HOLIDAY,21,TRAIN,BP2,410,1903
2026-08,WEEKDAY,16,TRAIN,NS8,18156,17315
2026-08,WEEKENDS/HOLIDAY,12,TRAIN,BP8,1127,942
2026-08,WEEKENDS/HOLIDAY,11,TRAIN,NS25/EW13,27316,55606
2026-08,WEEKDAY,12,TRAIN,NE15,20304,16091
2026-08,WEEKDAY,16,TRAIN,EW15,43548,18935
2026-08,WEEKDAY,23,TRAIN,PE3,390,2696
2026-08,WEEKENDS/HOLIDAY,5,TRAIN,TE18,32,5
2026-08,WEEKENDS/HOLIDAY,6,TRAIN,SW5,1726,450
2026-08,WEEKDAY,7,TRAIN,SE4,12013,2364
2026-08,WEEKENDS/HOLIDAY,9,TRAIN,TE16,5703,3301
2026-08,WEEKDAY,8,TRAIN,EW17,65371,37127
2026-08,WEEKDAY,11,TRAIN,NS20,39960,44761
2026-08,WEEKENDS/HOLIDAY,13,TRAIN,NE13,19698,15240
2026-08,WEEKDAY,20,TRAIN,NS11,24390,63793
2026-08,WEEKENDS/HOLIDAY,22,TRAIN,TE12,1320,805
2026-08,WEEKDAY,12,TRAIN,EW30,2450,1316
2026-08,WEEKENDS/HOLIDAY,11,TRAIN,DT5,14170,8783
2026-08,WEEKDAY,11,TRAIN,NS10,34091,17896
2026-08,WEEKDAY,19,TRAIN,TE1,14274,8471
2026-08,WEEKENDS/HOLIDAY,23,TRAIN,DT30,502,3414
2026-08,WEEKENDS/HOLIDAY,0,TRAIN,TE28,8,334
2026-08,WEEKDAY,6,TRAIN,TE16,6236,3340
2026-08,WEEKDAY,10,TRAIN,TE25,3538,1851
2026-08,WEEKDAY,22,TRAIN,NS28,553,292
2026-08,WEEKDAY,12,TRAIN,NS11,30304,22778
2026-08,WEEKDAY,10,TRAIN,NS17/CC15,38518,11110
2026-08,WEEKENDS/HOLIDAY,19,TRAIN,TE12,3261,1541
2026-08,WEEKENDS/HOLIDAY,18,TRAIN,CC17/TE9,4074,3687
2026-08,WEEKENDS/HOLIDAY,20,TRAIN,EW3,5914,12429
2026-08,WEEKENDS/HOLIDAY,20,TRAIN,NS16,15695,27697
2026-08,WEEKDAY,13,TRAIN,DT17,13342,47406
2026-08,WEEKENDS/HOLIDAY,0,TRAIN,CC31,1,9
2026-08,WEEKENDS/HOLIDAY,22,TRAIN,PE6,1101,2841
2026-08,WEEKDAY,17,TRAIN,SW2,4913,3634
2026-08,WEEKDAY,5,TRAIN,EW33,12603,810
2026-08,WEEKENDS/HOLIDAY,8,TRAIN,NS15,8318,6344
2026-08,WEEKDAY,10,TRAIN,NS14,36957,15312
2026-08,WEEKDAY,12,TRAIN,TE11,4123,3388
2026-08,WEEKENDS/HOLIDAY,16,TRAIN,PW5,1826,2000
2026-08,WEEKENDS/HOLIDAY,6,TRAIN,CC25,1355,2371
2026-08,WEEKDAY,8,TRAIN,NE15,91070,11574
2026-08,WEEKENDS/HOLIDAY,11,TRAIN,EW26,23313,8450
2026-08,WEEKDAY,22,TRAIN,CC21,11024,5235
2026-08,WEEKENDS/HOLIDAY,15,TRAIN,PW6,799,827
2026-08,WEEKENDS/HOLIDAY,22,TRAIN,CC23,1442,896
2026-08,WEEKDAY,9,TRAIN,PW4,5930,3143
2026-08,WEEKDAY,8,TRAIN,TE19,2614,97976
2026-08,WEEKENDS/HOLIDAY,15,TRAIN,TE8,8548,6258
2026-08,WEEKDAY,13,TRAIN,CC25,5339,5001
2026-08,WEEKENDS/HOLIDAY,18,TRAIN,CC12,4982,4948
2026-08,WEEKENDS/HOLIDAY,23,TRAIN,BP10,146,712
2026-08,WEEKENDS/HOLIDAY,19,TRAIN,CC10/DT26,8387,10308
2026-08,WEEKENDS/HOLIDAY,13,TRAIN,NS28,1379,3328
2026-08,WEEKENDS/HOLIDAY,13,TRAIN,NS5,16013,14756
2026-08,WEEKDAY,15,TRAIN,EW17,20197,24852
2026-08,WEEKDAY,11,TRAIN,CC30,128,99
2026-08,WEEKENDS/HOLIDAY,15,TRAIN,TE16,5350,5080
2026-08,WEEKENDS/HOLIDAY,8,TRAIN,CC17/TE9,3644,3411
2026-08,WEEKDAY,7,TRAIN,NS7,74850,43906
2026-08,WEEKDAY,11,TRAIN,DT2,5016,1199
2026-08,WEEKENDS/HOLIDAY,16,TRAIN,TE8,7940,8144
2026-08,WEEKDAY,16,TRAIN,DT34,7103,4710
2026-08,WEEKENDS/HOLIDAY,15,TRAIN,NE12/CC13,39428,39165
2026-08,WEEKENDS/HOLIDAY,5,TRAIN,NS5,4187,353
2026-08,WEEKENDS/HOLIDAY,21,TRAIN,CC20,1187,2715
2026-08,WEEKENDS/HOLIDAY,6,TRAIN,SE5,787,170
2026-08,WEEKENDS/HOLIDAY,7,TRAIN,SW1,769,305
2026-08,WEEKDAY,15,TRAIN,CG2,31724,19559
2026-08,WEEKENDS/HOLIDAY,23,TRAIN,BP12,64,493
2026-08,WEEKENDS/HOLIDAY,19,TRAIN,NS25/EW13,56522,28058
2026-08,WEEKDAY,10,TRAIN,DT18,5571,26957
2026-08,WEEKENDS/HOLIDAY,11,TRAIN,CC12,5692,3266
2026-08,WEEKENDS/HOLIDAY,23,TRAIN,NE1/CC29,19216,3059
2026-08,WEEKENDS/HOLIDAY,10,TRAIN,EW31,1871,502
2026-08,WEEKENDS/HOLIDAY,10,TRAIN,TE1,2689,964
2026-08,WEEKDAY,11,TRAIN,NE18,9907,9876
2026-08,WEEKENDS/HOLIDAY,8,TRAIN,EW26,23289,9630
2026-08,WEEKDAY,8,TRAIN,NS5,87445,23913
2026-08,WEEKENDS/HOLIDAY,16,TRAIN,NS11,21788,24292
2026-08,WEEKDAY,8,TRAIN,NS11,115996,39183
2026-08,WEEKDAY,17,TRAIN,NE16/STC,53444,93285
2026-08,WEEKDAY,18,TRAIN,NE1/CC29,145213,87898
2026-08,WEEKDAY,7,TRAIN,CC32,752,1919
2026-08,WEEKENDS/HOLIDAY,14,TRAIN,DT20,2937,3710
2026-08,WEEKDAY,7,TRAIN,CC2,1087,8266
2026-08,WEEKDAY,21,TRAIN,DT34,2507,5280
2026-08,WEEKENDS/HOLIDAY,20,TRAIN,CC20,1696,2996
2026-08,WEEKENDS/HOLIDAY,16,TRAIN,TE24,2089,2522
2026-08,WEEKENDS/HOLIDAY,21,TRAIN,PW5,675,3336
2026-08,WEEKDAY,21,TRAIN,EW12/DT14,87165,31336
2026-08,WEEKENDS/HOLIDAY,23,TRAIN,EW3,927,5126
2026-08,WEEKENDS/HOLIDAY,16,TRAIN,TE7,4346,3109
2026-08,WEEKDAY,18,TRAIN,CC31,4875,5683
2026-08,WEEKDAY,12,TRAIN,NE7/DT12,44745,35924
2026-08,WEEKENDS/HOLIDAY,22,TRAIN,DT5,2817,8206
2026-08,WEEKDAY,19,TRAIN,NS14,29568,79958
2026-08,WEEKENDS/HOLIDAY,19,TRAIN,NE11,8813,10470
2026-08,WEEKDAY,12,TRAIN,TE28,4608,3818
2026-08,WEEKDAY,22,TRAIN,NE17/PTC,16770,33715
2026-08,WEEKDAY,19,TRAIN,CC26,15673,7595
2026-08,WEEKENDS/HOLIDAY,17,TRAIN,NS15,7866,7632
2026-08,WEEKDAY,7,TRAIN,BP8,5406,5643
2026-08,WEEKDAY,22,TRAIN,PW5,467,3269
2026-08,WEEKDAY,20,TRAIN,NS18,8714,21332
2026-08,WEEKENDS/HOLIDAY,0,TRAIN,TE7,39,295
2026-08,WEEKENDS/HOLIDAY,20,TRAIN,TE3,3719,6879
2026-08,WEEKENDS/HOLIDAY,11,TRAIN,TE8,7952,7831
2026-08,WEEKENDS/HOLIDAY,15,TRAIN,EW21/CC22,13509,11128
2026-08,WEEKDAY,23,TRAIN,EW11,5737,7983
2026-08,WEEKENDS/HOLIDAY,22,TRAIN,BP4,210,986
2026-08,WEEKENDS/HOLIDAY,11,TRAIN,EW5,20620,15141
2026-08,WEEKDAY,9,TRAIN,NS21/DT11,78586,78015
2026-08,WEEKENDS/HOLIDAY,8,TRAIN,NE18,4538,5563
2026-08,WEEKDAY,0,TRAIN,EW14/NS26,673,220
2026-08,WEEKENDS/HOLIDAY,10,TRAIN,TE5,4356,2242
2026-08,WEEKDAY,8,TRAIN,PE5,17737,2982
2026-08,WEEKDAY,23,TRAIN,NS11,4313,26141
2026-08,WEEKENDS/HOLIDAY,9,TRAIN,CC32,503,334
2026-08,WEEKENDS/HOLIDAY,0,TRAIN,EW2/DT32,475,3335
2026-08,WEEKENDS/HOLIDAY,23,TRAIN,PW5,168,1798
2026-08,WEEKDAY,11,TRAIN,DT25,3247,2073
2026-08,WEEKDAY,12,TRAIN,PE4,1698,1436
2026-08,WEEKDAY,12,TRAIN,NS14,28413,18874
2026-08,WEEKENDS/HOLIDAY,12,TRAIN,NS4/BP1,23669,20717
2026-08,WEEKENDS/HOLIDAY,22,TRAIN,SW8,113,884
2026-08,WEEKDAY,18,TRAIN,NS21/DT11,145626,142543
2026-08,WEEKENDS/HOLIDAY,9,TRAIN,DT13,4300,6694
2026-08,WEEKENDS/HOLIDAY,0,TRAIN,DT10,26,117
2026-08,WEEKENDS/HOLIDAY,16,TRAIN,DT8,2549,2404
2026-08,WEEKENDS/HOLIDAY,20,TRAIN,BP2,662,1797
2026-08,WEEKDAY,11,TRAIN,NE4/DT19,40417,79321
2026-08,WEEKENDS/HOLIDAY,17,TRAIN,CC6,10009,31519
2026-08,WEEKDAY,19,TRAIN,CC14,10171,14074
2026-08,WEEKDAY,14,TRAIN,EW20,10498,10646
2026-08,WEEKENDS/HOLIDAY,11,TRAIN,PW6,1373,543
2026-08,WEEKDAY,5,TRAIN,DT22,1554,8
2026-08,WEEKDAY,23,TRAIN,NS25/EW13,25428,3518
2026-08,WEEKDAY,15,TRAIN,NS11,25827,38914
2026-08,WEEKDAY,22,TRAIN,CC10/DT26,8299,16588
2026-08,WEEKENDS/HOLIDAY,18,TRAIN,CC26,2689,3978
2026-08,WEEKDAY,18,TRAIN,CC14,19820,18313
2026-08,WEEKENDS/HOLIDAY,17,TRAIN,EW9,17907,20993
2026-08,WEEKDAY,6,TRAIN,EW22,6095,8103
2026-08,WEEKENDS/HOLIDAY,15,TRAIN,CC28,2633,2480
2026-08,WEEKDAY,16,TRAIN,NS23,46225,42236
2026-08,WEEKDAY,11,TRAIN,TE3,11782,6893
2026-08,WEEKDAY,18,TRAIN,NS8,31693,55738
2026-08,WEEKDAY,19,TRAIN,SE1,3186,9700
2026-08,WEEKENDS/HOLIDAY,21,TRAIN,TE7,1215,3500
2026-08,WEEKENDS/HOLIDAY,11,TRAIN,BP8,1053,981
2026-08,WEEKDAY,14,TRAIN,BP10,2475,3521
2026-08,WEEKENDS/HOLIDAY,15,TRAIN,EW33,3368,1920
2026-08,WEEKENDS/HOLIDAY,18,TRAIN,NE17/PTC,33956,37059
2026-08,WEEKENDS/HOLIDAY,12,TRAIN,CC30,99,114
2026-08,WEEKENDS/HOLIDAY,21,TRAIN,EW5,10836,20944
2026-08,WEEKDAY,0,TRAIN,PW1,16,11
2026-08,WEEKENDS/HOLIDAY,13,TRAIN,CC32,791,811
2026-08,WEEKDAY,16,TRAIN,EW10,8291,11472
2026-08,WEEKENDS/HOLIDAY,18,TRAIN,DT28,7981,7827
2026-08,WEEKENDS/HOLIDAY,0,TRAIN,EW4,70,1823
2026-08,WEEKENDS/HOLIDAY,0,TRAIN,CC7,47,535
2026-08,WEEKDAY,17,TRAIN,CC27,45013,3240
2026-08,WEEKENDS/HOLIDAY,6,TRAIN,DT25,681,296
2026-08,WEEKENDS/HOLIDAY,10,TRAIN,BP12,1880,789
2026-08,WEEKDAY,18,TRAIN,DT3,8865,19848
2026-08,WEEKENDS/HOLIDAY,14,TRAIN,NS13,30307,29847
2026-08,WEEKDAY,16,TRAIN,DT31,9513,9638
2026-08,WEEKENDS/HOLIDAY,18,TRAIN,CC11,11641,7912
2026-08,WEEKENDS/HOLIDAY,14,TRAIN,EW1,17730,17247
2026-08,WEEKDAY,14,TRAIN,PW4,3751,5274
2026-08,WEEKENDS/HOLIDAY,9,TRAIN,EW5,21775,12641
2026-08,WEEKDAY,6,TRAIN,NS12,48464,9402
2026-08,WEEKDAY,20,TRAIN,BP12,991,3415
2026-08,WEEKENDS/HOLIDAY,0,TRAIN,SW5,74,746
2026-08,WEEKDAY,12,TRAIN,SW5,6658,5961
2026-08,WEEKENDS/HOLIDAY,18,TRAIN,CC30,254,126
2026-08,WEEKENDS/HOLIDAY,5,TRAIN,DT27,62,2
2026-08,WEEKDAY,22,TRAIN,EW26,7698,39698
2026-08,WEEKENDS/HOLIDAY,10,TRAIN,PE7,3458,1323
2026-08,WEEKENDS/HOLIDAY,20,TRAIN,EW16/NE3/TE17,13150,10486
2026-08,WEEKENDS/HOLIDAY,19,TRAIN,NS28,4104,1194
2026-08,WEEKDAY,18,TRAIN,EW4,41273,37222
2026-08,WEEKDAY,7,TRAIN,NS20,20238,100967
2026-08,WEEKDAY,17,TRAIN,SE4,4002,6207
2026-08,WEEKENDS/HOLIDAY,5,TRAIN,CC25,369,53
2026-08,WEEKENDS/HOLIDAY,14,TRAIN,DT25,2276,1921
2026-08,WEEKENDS/HOLIDAY,12,TRAIN,TE6,8448,4820
2026-08,WEEKENDS/HOLIDAY,5,TRAIN,PE4,169,14
2026-08,WEEKDAY,13,TRAIN,BP4,3533,6227
2026-08,WEEKDAY,17,TRAIN,TE16,16350,11240
2026-08,WEEKENDS/HOLIDAY,0,TRAIN,CC30,1,5
2026-08,WEEKDAY,23,TRAIN,BP6/DT1,3677,18564
2026-08,WEEKDAY,11,TRAIN,NE15,22095,11127
2026-08,WEEKENDS/HOLIDAY,7,TRAIN,TE16,2169,1913
2026-08,WEEKDAY,12,TRAIN,EW29,10344,6967
2026-08,WEEKDAY,13,TRAIN,NS13,41870,42667
2026-08,WEEKDAY,13,TRAIN,EW26,27114,19440
2026-08,WEEKENDS/HOLIDAY,22,TRAIN,NE17/PTC,11740,19882
2026-08,WEEKDAY,23,TRAIN,EW30,252,673
2026-08,WEEKENDS/HOLIDAY,6,TRAIN,DT17,90,379
2026-08,WEEKDAY,16,TRAIN,EW3,18617,20337
2026-08,WEEKENDS/HOLIDAY,5,TRAIN,CC26,84,45
2026-08,WEEKENDS/HOLIDAY,17,TRAIN,BP7,655,629
2026-08,WEEKENDS/HOLIDAY,5,TRAIN,DT7,25,0
2026-08,WEEKENDS/HOLIDAY,0,TRAIN,DT23,41,128
2026-08,WEEKENDS/HOLIDAY,8,TRAIN,EW19,8667,5160
2026-08,WEEKENDS/HOLIDAY,19,TRAIN,TE5,3429,4852
2026-08,WEEKDAY,12,TRAIN,CC3,5457,8383
2026-08,WEEKDAY,9,TRAIN,DT17,4279,130218
2026-08,WEEKENDS/HOLIDAY,16,TRAIN,DT13,9308,8185
2026-08,WEEKDAY,15,TRAIN,NS28,4600,1951
2026-08,WEEKDAY,21,TRAIN,NE4/DT19,68896,27128
2026-08,WEEKENDS/HOLIDAY,14,TRAIN,DT8,2064,2143
2026-08,WEEKDAY,6,TRAIN,DT7,2567,3186
2026-08,WEEKENDS/HOLIDAY,6,TRAIN,PW6,312,41
2026-08,WEEKDAY,22,TRAIN,CC28,1275,5050
2026-08,WEEKENDS/HOLIDAY,7,TRAIN,EW15,2407,11215
2026-08,WEEKENDS/HOLIDAY,20,TRAIN,PE4,744,1385
2026-08,WEEKENDS/HOLIDAY,17,TRAIN,PW1,2013,1949
2026-08,WEEKENDS/HOLIDAY,5,TRAIN,DT29,155,3
2026-08,WEEKDAY,22,TRAIN,EW27,20514,44623
2026-08,WEEKENDS/HOLIDAY,15,TRAIN,CC25,3464,2540
2026-08,WEEKENDS/HOLIDAY,17,TRAIN,NE16/STC,29020,34346
2026-08,WEEKENDS/HOLIDAY,22,TRAIN,NS23,28213,6408
2026-08,WEEKDAY,5,TRAIN,EW22,470,682
2026-08,WEEKENDS/HOLIDAY,6,TRAIN,NE18,2853,1484
2026-08,WEEKDAY,5,TRAIN,DT20,51,0
2026-08,WEEKENDS/HOLIDAY,0,TRAIN,CC2,1,129
2026-08,WEEKDAY,19,TRAIN,CC24,55186,12285
2026-08,WEEKDAY,14,TRAIN,EW10,6754,8986
2026-08,WEEKENDS/HOLIDAY,18,TRAIN,PE5,3005,4012
2026-08,WEEKENDS/HOLIDAY,21,TRAIN,TE16,2977,7546
2026-08,WEEKENDS/HOLIDAY,8,TRAIN,NS21/DT11,20071,20567
2026-08,WEEKDAY,0,TRAIN,CC27,6,8
2026-08,WEEKENDS/HOLIDAY,14,TRAIN,EW10,7225,8883
2026-08,WEEKENDS/HOLIDAY,20,TRAIN,TE22,16782,4974
2026-08,WEEKDAY,15,TRAIN,BP3,2647,4160
2026-08,WEEKDAY,23,TRAIN,SW5,794,3200
2026-08,WEEKENDS/HOLIDAY,17,TRAIN,NS25/EW13,69075,47580
2026-08,WEEKDAY,6,TRAIN,EW6,14723,4340
2026-08,WEEKENDS/HOLIDAY,11,TRAIN,TE11,3015,1925
2026-08,WEEKDAY,22,TRAIN,CC4/DT15,24848,3205
2026-08,WEEKENDS/HOLIDAY,14,TRAIN,NE16/STC,28886,28223
2026-08,WEEKDAY,14,TRAIN,TE24,5360,3496
2026-08,WEEKENDS/HOLIDAY,0,TRAIN,CC5,27,67
2026-08,WEEKENDS/HOLIDAY,11,TRAIN,EW1,21724,11465
2026-08,WEEKENDS/HOLIDAY,7,TRAIN,BP4,908,452
2026-08,WEEKDAY,13,TRAIN,DT34,4012,5297
2026-08,WEEKDAY,22,TRAIN,NE10,5765,13456
2026-08,WEEKENDS/HOLIDAY,8,TRAIN,PE5,4324,1241
2026-08,WEEKDAY,16,TRAIN,SE3,2104,3796
2026-08,WEEKENDS/HOLIDAY,18,TRAIN,DT13,9806,7397
2026-08,WEEKDAY,8,TRAIN,PW2,105,252
2026-08,WEEKENDS/HOLIDAY,20,TRAIN,SW7,355,1459
2026-08,WEEKDAY,6,TRAIN,DT18,752,10094
2026-08,WEEKDAY,7,TRAIN,CC30,578,291
2026-08,WEEKDAY,18,TRAIN,NS4/BP1,70303,126546
2026-08,WEEKDAY,16,TRAIN,CC27,12749,2484
2026-08,WEEKENDS/HOLIDAY,12,TRAIN,TE19,2839,2910
2026-08,WEEKENDS/HOLIDAY,11,TRAIN,BP6/DT1,25364,17642
2026-08,WEEKDAY,9,TRAIN,NS28,4707,3092
2026-08,WEEKDAY,18,TRAIN,CC10/DT26,64359,42191
2026-08,WEEKENDS/HOLIDAY,19,TRAIN,EW25,10205,10515
2026-08,WEEKENDS/HOLIDAY,15,TRAIN,CC34/DT16,34906,35905
2026-08,WEEKDAY,20,TRAIN,BP6/DT1,27443,56603
2026-08,WEEKENDS/HOLIDAY,13,TRAIN,EW1,19435,16501
2026-08,WEEKDAY,19,TRAIN,EW18,24224,32686
2026-08,WEEKENDS/HOLIDAY,9,TRAIN,CC2,1524,3256
2026-08,WEEKENDS/HOLIDAY,23,TRAIN,CC10/DT26,1562,5521
2026-08,WEEKDAY,5,TRAIN,EW30,888,1829
2026-08,WEEKDAY,10,TRAIN,EW5,30438,20771
2026-08,WEEKDAY,16,TRAIN,TE18,14723,10189
2026-08,WEEKDAY,9,TRAIN,CC25,9345,12760
2026-08,WEEKENDS/HOLIDAY,23,TRAIN,PE4,267,601
2026-08,WEEKDAY,17,TRAIN,DT21,20960,11729
2026-08,WEEKDAY,19,TRAIN,CG1/DT35,40886,10700
2026-08,WEEKENDS/HOLIDAY,10,TRAIN,PE6,5509,3806
2026-08,WEEKDAY,0,TRAIN,SW2,18,208
2026-08,WEEKENDS/HOLIDAY,7,TRAIN,DT33,3519,1582
2026-08,WEEKDAY,7,TRAIN,CC26,7758,23484
2026-08,WEEKDAY,22,TRAIN,SW3,217,1268
2026-08,WEEKENDS/HOLIDAY,6,TRAIN,CC14,937,695
2026-08,WEEKDAY,22,TRAIN,TE14/NS22,61001,15629
2026-08,WEEKDAY,11,TRAIN,TE28,4155,2455
2026-08,WEEKDAY,20,TRAIN,PE5,2157,10261
2026-08,WEEKDAY,6,TRAIN,CC8,8574,8045
2026-08,WEEKENDS/HOLIDAY,5,TRAIN,TE11,70,23
2026-08,WEEKENDS/HOLIDAY,0,TRAIN,NE16/STC,300,2700
2026-08,WEEKENDS/HOLIDAY,21,TRAIN,SW1,1103,320
2026-08,WEEKDAY,13,TRAIN,TE18,18042,14100
2026-08,WEEKENDS/HOLIDAY,10,TRAIN,NE18,7649,8574
2026-08,WEEKENDS/HOLIDAY,11,TRAIN,TE26,9730,12151
2026-08,WEEKDAY,0,TRAIN,NS8,597,2668
2026-08,WEEKDAY,6,TRAIN,CC24,1444,20913
2026-08,WEEKDAY,19,TRAIN,NS2,29326,70888
2026-08,WEEKENDS/HOLIDAY,19,TRAIN,TE15,7718,6673
2026-08,WEEKENDS/HOLIDAY,6,TRAIN,NS8,9152,3697
2026-08,WEEKDAY,18,TRAIN,PE5,5960,16494
2026-08,WEEKDAY,17,TRAIN,DT10,7704,5714
2026-08,WEEKENDS/HOLIDAY,22,TRAIN,CC28,771,3187
2026-08,WEEKENDS/HOLIDAY,17,TRAIN,NE4/DT19,46613,42902
2026-08,WEEKDAY,14,TRAIN,TE3,14110,9670
2026-08,WEEKDAY,20,TRAIN,EW26,19065,56372
2026-08,WEEKENDS/HOLIDAY,13,TRAIN,NS17/CC15,18454,10808
2026-08,WEEKDAY,17,TRAIN,EW15,119085,30638
2026-08,WEEKDAY,9,TRAIN,PW7,5375,2450
2026-08,WEEKENDS/HOLIDAY,8,TRAIN,BP7,682,364
2026-08,WEEKENDS/HOLIDAY,5,TRAIN,EW20,363,103
2026-08,WEEKDAY,21,TRAIN,TE23,1753,2960
2026-08,WEEKDAY,12,TRAIN,EW9,17537,13921
2026-08,WEEKENDS/HOLIDAY,11,TRAIN,EW28,20428,8455
2026-08,WEEKDAY,21,TRAIN,NE12/CC13,51437,65049
2026-08,WEEKDAY,7,TRAIN,PW2,48,219
2026-08,WEEKDAY,13,TRAIN,TE14/NS22,79410,79858
2026-08,WEEKDAY,0,TRAIN,TE14/NS22,980,642
2026-08,WEEKDAY,8,TRAIN,EW23,100648,93213
2026-08,WEEKDAY,7,TRAIN,NS8,80616,33592
2026-08,WEEKDAY,11,TRAIN,PW1,1327,2520
2026-08,WEEKENDS/HOLIDAY,15,TRAIN,BP7,502,675
2026-08,WEEKDAY,23,TRAIN,PW7,488,1711
2026-08,WEEKENDS/HOLIDAY,19,TRAIN,PE6,3461,4566
2026-08,WEEKDAY,0,TRAIN,EW12/DT14,782,1154
2026-08,WEEKDAY,22,TRAIN,CC3,12130,1594
2026-08,WEEKDAY,5,TRAIN,DT2,173,95
2026-08,WEEKENDS/HOLIDAY,18,TRAIN,SE5,1539,1873
2026-08,WEEKDAY,20,TRAIN,BP3,1941,7204
2026-08,WEEKDAY,15,TRAIN,EW1,22933,29785
2026-08,WEEKENDS/HOLIDAY,16,TRAIN,NS2,15621,18520
2026-08,WEEKENDS/HOLIDAY,11,TRAIN,NS24/NE6/CC1,15483,26247
2026-08,WEEKDAY,9,TRAIN,NE12/CC13,87923,35987
2026-08,WEEKDAY,12,TRAIN,NS10,33136,22129
2026-08,WEEKENDS/HOLIDAY,22,TRAIN,NE10,3327,7595
2026-08,WEEKENDS/HOLIDAY,17,TRAIN,PE7,2561,2479
2026-08,WEEKENDS/HOLIDAY,7,TRAIN,NS13,23992,11058
2026-08,WEEKDAY,14,TRAIN,PE2,6198,5956
2026-08,WEEKDAY,17,TRAIN,NE11,25994,28745
2026-08,WEEKDAY,10,TRAIN,NE17/PTC,35187,25623
2026-08,WEEKDAY,15,TRAIN,SE5,3770,2842
2026-08,WEEKDAY,19,TRAIN,TE29,3113,11778
2026-08,WEEKDAY,13,TRAIN,NE11,17182,15785
2026-08,WEEKDAY,13,TRAIN,BP10,3015,3204
2026-08,WEEKDAY,20,TRAIN,DT20,8970,6949
2026-08,WEEKENDS/HOLIDAY,7,TRAIN,SE2,2791,558
2026-08,WEEKENDS/HOLIDAY,7,TRAIN,CC7,2920,1877
2026-08,WEEKDAY,23,TRAIN,TE18,6096,1660
2026-08,WEEKDAY,15,TRAIN,CC19/DT9,7307,7727
2026-08,WEEKDAY,17,TRAIN,NS11,54472,72983
2026-08,WEEKENDS/HOLIDAY,23,TRAIN,BP7,33,178
2026-08,WEEKDAY,20,TRAIN,CC24,38224,6721
2026-08,WEEKENDS/HOLIDAY,14,TRAIN,BP8,1075,964
2026-08,WEEKDAY,5,TRAIN,NS13,27024,4025
2026-08,WEEKENDS/HOLIDAY,5,TRAIN,TE4,158,35
2026-08,WEEKDAY,8,TRAIN,TE6,47705,9432
2026-08,WEEKDAY,11,TRAIN,CC12,9041,3655
2026-08,WEEKENDS/HOLIDAY,12,TRAIN,BP13,756,615
2026-08,WEEKDAY,10,TRAIN,SE4,4642,2634
2026-08,WEEKDAY,16,TRAIN,NS17/CC15,34360,23060
2026-08,WEEKDAY,19,TRAIN,DT33,15174,48090
2026-08,WEEKENDS/HOLIDAY,9,TRAIN,EW4,11177,4771
2026-08,WEEKDAY,13,TRAIN,PE5,7177,6725
2026-08,WEEKDAY,18,TRAIN,NS13,67359,192925
2026-08,WEEKDAY,11,TRAIN,CC32,2271,1124
2026-08,WEEKENDS/HOLIDAY,9,TRAIN,EW16/NE3/TE17,9531,12479
2026-08,WEEKENDS/HOLIDAY,5,TRAIN,NE16/STC,2612,541
2026-08,WEEKENDS/HOLIDAY,7,TRAIN,NS14,19331,7720
2026-08,WEEKDAY,20,TRAIN,PE7,1316,7056
2026-08,WEEKDAY,8,TRAIN,DT23,7466,22245
2026-08,WEEKDAY,23,TRAIN,TE25,259,945
2026-08,WEEKENDS/HOLIDAY,17,TRAIN,BP12,1414,1316
2026-08,WEEKENDS/HOLIDAY,7,TRAIN,SE4,1516,913
2026-08,WEEKENDS/HOLIDAY,15,TRAIN,NE8,26283,27290
2026-08,WEEKDAY,9,TRAIN,TE15,13330,15528
2026-08,WEEKDAY,7,TRAIN,NS24/NE6/CC1,10746,31483
2026-08,WEEKDAY,8,TRAIN,BP5,4009,2472
2026-08,WEEKDAY,19,TRAIN,TE6,8460,30852
2026-08,WEEKDAY,11,TRAIN,BP5,1851,1560
2026-08,WEEKENDS/HOLIDAY,21,TRAIN,CC23,2327,1320
2026-08,WEEKDAY,15,TRAIN,EW14/NS26,49299,29568
2026-08,WEEKENDS/HOLIDAY,13,TRAIN,NS7,15007,12849
2026-08,WEEKDAY,7,TRAIN,BP2,15761,2435
2026-08,WEEKDAY,6,TRAIN,DT33,30534,9776
2026-08,WEEKENDS/HOLIDAY,21,TRAIN,DT23,2018,1813
2026-08,WEEKDAY,16,TRAIN,NS14,25505,34114
2026-08,WEEKENDS/HOLIDAY,21,TRAIN,NE18,6507,5277
2026-08,WEEKDAY,8,TRAIN,NE5,4741,50973
2026-08,WEEKDAY,10,TRAIN,NE12/CC13,50742,36808
2026-08,WEEKDAY,7,TRAIN,TE29,11719,4734
2026-08,WEEKDAY,18,TRAIN,NE15,27665,89489
2026-08,WEEKDAY,12,TRAIN,TE16,8424,5903
2026-08,WEEKDAY,19,TRAIN,EW5,32234,68908
2026-08,WEEKDAY,23,TRAIN,SE1,305,2618
2026-08,WEEKDAY,5,TRAIN,NS15,4054,2926
2026-08,WEEKDAY,21,TRAIN,NS27/CC33/TE20,4986,2599
2026-08,WEEKENDS/HOLIDAY,10,TRAIN,EW8/CC9,23446,50212
2026-08,WEEKENDS/HOLIDAY,12,TRAIN,TE29,2697,2063
2026-08,WEEKDAY,18,TRAIN,PE6,8196,18179
2026-08,WEEKDAY,7,TRAIN,DT30,36168,10638
2026-08,WEEKDAY,12,TRAIN,BP6/DT1,32917,29473
2026-08,WEEKENDS/HOLIDAY,22,TRAIN,NS10,5123,24140
2026-08,WEEKDAY,16,TRAIN,NS11,29925,44486
2026-08,WEEKENDS/HOLIDAY,8,TRAIN,EW6,6624,4602
2026-08,WEEKDAY,12,TRAIN,DT2,5052,2223
2026-08,WEEKDAY,13,TRAIN,CC27,4960,9080
2026-08,WEEKENDS/HOLIDAY,17,TRAIN,SE3,1846,1854
2026-08,WEEKENDS/HOLIDAY,20,TRAIN,PW7,1028,2529
2026-08,WEEKENDS/HOLIDAY,21,TRAIN,NE16/STC,14290,28966
2026-08,WEEKENDS/HOLIDAY,13,TRAIN,SE4,2575,2265
2026-08,WEEKENDS/HOLIDAY,12,TRAIN,NS20,23526,22959
2026-08,WEEKENDS/HOLIDAY,15,TRAIN,TE6,5804,6293
2026-08,WEEKDAY,18,TRAIN,BP12,3605,7737
2026-08,WEEKENDS/HOLIDAY,12,TRAIN,SW7,906,929
2026-08,WEEKENDS/HOLIDAY,9,TRAIN,NS11,28278,11802
2026-08,WEEKENDS/HOLIDAY,19,TRAIN,EW23,26545,31832
2026-08,WEEKDAY,5,TRAIN,DT29,1906,95
2026-08,WEEKDAY,9,TRAIN,NS2,36474,20670
2026-08,WEEKDAY,11,TRAIN,NE8,21430,26610
2026-08,WEEKENDS/HOLIDAY,14,TRAIN,SW2,2945,2336
2026-08,WEEKENDS/HOLIDAY,18,TRAIN,TE27,3936,4194
2026-08,WEEKDAY,6,TRAIN,EW31,6470,11871
2026-08,WEEKENDS/HOLIDAY,5,TRAIN,EW3,1201,55
2026-08,WEEKENDS/HOLIDAY,23,TRAIN,CC14,418,1319
2026-08,WEEKENDS/HOLIDAY,23,TRAIN,DT27,712,2578
2026-08,WEEKDAY,22,TRAIN,DT24,1502,6482
2026-08,WEEKENDS/HOLIDAY,16,TRAIN,DT20,4230,3891
2026-08,WEEKDAY,22,TRAIN,TE25,789,2232
2026-08,WEEKENDS/HOLIDAY,11,TRAIN,CC30,149,117
2026-08,WEEKDAY,8,TRAIN,CC30,287,290
2026-08,WEEKDAY,12,TRAIN,NS25/EW13,40276,72726
2026-08,WEEKDAY,22,TRAIN,DT18,14346,3117
2026-08,WEEKDAY,10,TRAIN,TE11,4954,2367
2026-08,WEEKDAY,12,TRAIN,NE13,22240,17412
2026-08,WEEKDAY,5,TRAIN,CC28,1244,53
2026-08,WEEKDAY,7,TRAIN,NE15,87187,13873
2026-08,WEEKDAY,8,TRAIN,EW14/NS26,10246,349483
2026-08,WEEKDAY,7,TRAIN,EW27,122959,103454
2026-08,WEEKDAY,21,TRAIN,DT24,2536,6903
2026-08,WEEKENDS/HOLIDAY,20,TRAIN,DT3,1650,4012
2026-08,WEEKDAY,23,TRAIN,CC34/DT16,38277,6067
2026-08,WEEKENDS/HOLIDAY,17,TRAIN,CC8,6278,5171
2026-08,WEEKENDS/HOLIDAY,0,TRAIN,EW33,0,400
2026-08,WEEKENDS/HOLIDAY,5,TRAIN,SE1,427,155
2026-08,WEEKDAY,21,TRAIN,TE1,6774,3379
2026-08,WEEKENDS/HOLIDAY,13,TRAIN,SW1,1381,712
2026-08,WEEKENDS/HOLIDAY,22,TRAIN,EW15,10162,4173
2026-08,WEEKDAY,10,TRAIN,NE18,8830,13721
2026-08,WEEKDAY,15,TRAIN,EW28,25429,20474
2026-08,WEEKENDS/HOLIDAY,23,TRAIN,NS10,2374,14583
2026-08,WEEKDAY,6,TRAIN,BP8,3557,3503
2026-08,WEEKDAY,22,TRAIN,BP7,223,895
2026-08,WEEKENDS/HOLIDAY,7,TRAIN,CC25,2454,3072
2026-08,WEEKENDS/HOLIDAY,19,TRAIN,SE4,1407,2431
2026-08,WEEKENDS/HOLIDAY,11,TRAIN,EW30,1288,579
2026-08,WEEKDAY,18,TRAIN,NE17/PTC,63310,134738
2026-08,WEEKENDS/HOLIDAY,7,TRAIN,DT18,229,773
2026-08,WEEKDAY,11,TRAIN,EW18,15906,11034
2026-08,WEEKENDS/HOLIDAY,13,TRAIN,PE5,3526,3223
2026-08,WEEKENDS/HOLIDAY,6,TRAIN,TE3,2985,2650
2026-08,WEEKENDS/HOLIDAY,11,TRAIN,CC20,3853,3060
2026-08,WEEKENDS/HOLIDAY,22,TRAIN,CC12,1141,3807
2026-08,WEEKENDS/HOLIDAY,22,TRAIN,DT8,686,1316
2026-08,WEEKENDS/HOLIDAY,19,TRAIN,DT34,2811,3032
2026-08,WEEKENDS/HOLIDAY,9,TRAIN,CC34/DT16,5021,21577
2026-08,WEEKDAY,14,TRAIN,CC27,4523,5656
2026-08,WEEKDAY,5,TRAIN,PE1,1650,246
2026-08,WEEKENDS/HOLIDAY,23,TRAIN,PE5,221,1789
2026-08,WEEKENDS/HOLIDAY,0,TRAIN,NS24/NE6/CC1,232,381
2026-08,WEEKENDS/HOLIDAY,10,TRAIN,CC24,3406,5845
2026-08,WEEKDAY,5,TRAIN,EW27,19201,4986
2026-08,WEEKDAY,10,TRAIN,BP13,1494,733
2026-08,WEEKENDS/HOLIDAY,14,TRAIN,NS24/NE6/CC1,27698,28990
2026-08,WEEKENDS/HOLIDAY,14,TRAIN,BP5,1213,1196
2026-08,WEEKDAY,17,TRAIN,PE2,6337,8571
2026-08,WEEKDAY,12,TRAIN,NE11,14133,14432
2026-08,WEEKDAY,22,TRAIN,NE4/DT19,43013,17919
2026-08,WEEKENDS/HOLIDAY,7,TRAIN,CC28,1704,1295
2026-08,WEEKENDS/HOLIDAY,5,TRAIN,CC34/DT16,413,69
2026-08,WEEKENDS/HOLIDAY,23,TRAIN,CC23,376,339
2026-08,WEEKDAY,5,TRAIN,SW2,1065,307
2026-08,WEEKENDS/HOLIDAY,13,TRAIN,TE14/NS22,52588,73571
2026-08,WEEKDAY,23,TRAIN,EW8/CC9,11401,10029
2026-08,WEEKDAY,13,TRAIN,PW5,5201,2722
2026-08,WEEKENDS/HOLIDAY,9,TRAIN,NS7,21914,17823
2026-08,WEEKDAY,23,TRAIN,EW18,2388,6490
2026-08,WEEKDAY,8,TRAIN,CC31,6099,2275
2026-08,WEEKDAY,15,TRAIN,NE4/DT19,59775,50418
2026-08,WEEKENDS/HOLIDAY,23,TRAIN,CG2,6280,5557
2026-08,WEEKDAY,14,TRAIN,NE12/CC13,63615,59854
2026-08,WEEKDAY,8,TRAIN,TE23,8595,2692
2026-08,WEEKENDS/HOLIDAY,18,TRAIN,CC19/DT9,7200,5357
2026-08,WEEKDAY,16,TRAIN,NE8,28577,31289
2026-08,WEEKENDS/HOLIDAY,14,TRAIN,EW16/NE3/TE17,14663,12338
2026-08,WEEKDAY,7,TRAIN,CC14,18658,22691
2026-08,WEEKDAY,17,TRAIN,DT28,30208,14115
2026-08,WEEKDAY,0,TRAIN,CC11,167,398
2026-08,WEEKENDS/HOLIDAY,7,TRAIN,CC8,2614,1549
2026-08,WEEKDAY,13,TRAIN,DT2,3868,3688
2026-08,WEEKDAY,14,TRAIN,EW32,2491,1503
2026-08,WEEKDAY,9,TRAIN,NE16/STC,78964,25199
2026-08,WEEKDAY,17,TRAIN,NS25/EW13,89713,61142
2026-08,WEEKENDS/HOLIDAY,17,TRAIN,NS14,19397,19681
2026-08,WEEKDAY,20,TRAIN,DT17,29393,5964
2026-08,WEEKDAY,21,TRAIN,DT3,2098,8539
2026-08,WEEKDAY,20,TRAIN,NS10,26033,56979
2026-08,WEEKDAY,10,TRAIN,TE23,3480,1312
2026-08,WEEKENDS/HOLIDAY,16,TRAIN,BP5,1196,981
2026-08,WEEKENDS/HOLIDAY,17,TRAIN,NE11,11001,11901
2026-08,WEEKENDS/HOLIDAY,19,TRAIN,CG1/DT35,15748,9379
2026-08,WEEKENDS/HOLIDAY,15,TRAIN,NE11,9904,9962
2026-08,WEEKDAY,18,TRAIN,EW25,15943,46740
2026-08,WEEKDAY,19,TRAIN,EW7,12965,35607
2026-08,WEEKDAY,10,TRAIN,NS11,36669,15810
2026-08,WEEKENDS/HOLIDAY,9,TRAIN,CC5,1372,2126
2026-08,WEEKDAY,8,TRAIN,CC27,1872,70287
2026-08,WEEKDAY,5,TRAIN,EW12/DT14,5541,1033
2026-08,WEEKENDS/HOLIDAY,10,TRAIN,BP8,1015,961
2026-08,WEEKENDS/HOLIDAY,12,TRAIN,DT27,6012,4624
2026-08,WEEKENDS/HOLIDAY,7,TRAIN,CG1/DT35,1331,4542
2026-08,WEEKDAY,11,TRAIN,PW7,2884,2071
2026-08,WEEKDAY,7,TRAIN,CC6,2446,5139
2026-08,WEEKDAY,18,TRAIN,DT5,27979,50973
2026-08,WEEKDAY,6,TRAIN,NS23,3126,9311
2026-08,WEEKENDS/HOLIDAY,14,TRAIN,CC12,4203,4673
2026-08,WEEKDAY,0,TRAIN,PE1,52,769
2026-08,WEEKDAY,9,TRAIN,TE1,4994,15913
2026-08,WEEKENDS/HOLIDAY,20,TRAIN,CC2,2182,2245
2026-08,WEEKENDS/HOLIDAY,18,TRAIN,TE24,2578,2881
2026-08,WEEKENDS/HOLIDAY,13,TRAIN,EW7,9436,8737
2026-08,WEEKENDS/HOLIDAY,5,TRAIN,EW14/NS26,408,151
2026-08,WEEKENDS/HOLIDAY,6,TRAIN,CC11,3770,4978
2026-08,WEEKDAY,7,TRAIN,SE5,9745,11639
2026-08,WEEKENDS/HOLIDAY,15,TRAIN,PE5,3040,3284
2026-08,WEEKDAY,23,TRAIN,PE5,352,3188
2026-08,WEEKDAY,0,TRAIN,CC7,25,571
2026-08,WEEKDAY,22,TRAIN,NS16,17695,48138
2026-08,WEEKDAY,10,TRAIN,CC16,6496,5070
2026-08,WEEKDAY,23,TRAIN,DT22,4769,5880
2026-08,WEEKDAY,6,TRAIN,NS19,31555,20166
2026-08,WEEKENDS/HOLIDAY,16,TRAIN,EW32,3649,2528
2026-08,WEEKENDS/HOLIDAY,13,TRAIN,PW1,2130,2421
2026-08,WEEKENDS/HOLIDAY,21,TRAIN,NS17/CC15,8038,13700
2026-08,WEEKDAY,8,TRAIN,TE13,4326,14254
2026-08,WEEKDAY,21,TRAIN,EW19,8773,20474
2026-08,WEEKENDS/HOLIDAY,10,TRAIN,PE5,4932,1721
2026-08,WEEKDAY,19,TRAIN,CC20,5840,11283
2026-08,WEEKENDS/HOLIDAY,12,TRAIN,DT25,3035,1469
2026-08,WEEKDAY,14,TRAIN,NS28,3531,1944
2026-08,WEEKDAY,22,TRAIN,CC19/DT9,3129,3078
2026-08,WEEKDAY,7,TRAIN,DT31,32722,12432
2026-08,WEEKENDS/HOLIDAY,5,TRAIN,PE6,588,71
2026-08,WEEKDAY,18,TRAIN,CC16,22925,17580
2026-08,WEEKDAY,9,TRAIN,NS25/EW13,13434,97975
2026-08,WEEKENDS/HOLIDAY,5,TRAIN,BP5,253,130
2026-08,WEEKDAY,6,TRAIN,EW3,19096,8037
2026-08,WEEKENDS/HOLIDAY,14,TRAIN,EW2/DT32,35998,33733
2026-08,WEEKENDS/HOLIDAY,14,TRAIN,BP4,874,870
2026-08,WEEKDAY,17,TRAIN,PW1,4092,3602
2026-08,WEEKDAY,0,TRAIN,TE25,11,220
2026-08,WEEKENDS/HOLIDAY,7,TRAIN,PW5,3091,807
2026-08,WEEKDAY,15,TRAIN,NE18,10395,10512
2026-08,WEEKDAY,20,TRAIN,DT10,2398,3529
2026-08,WEEKENDS/HOLIDAY,9,TRAIN,DT5,9624,9920
2026-08,WEEKDAY,9,TRAIN,TE3,15655,8110
2026-08,WEEKENDS/HOLIDAY,16,TRAIN,PE7,2270,2490
2026-08,WEEKENDS/HOLIDAY,8,TRAIN,EW20,6312,6352
2026-08,WEEKDAY,0,TRAIN,EW32,0,346
2026-08,WEEKDAY,14,TRAIN,EW2/DT32,47548,53876
2026-08,WEEKENDS/HOLIDAY,18,TRAIN,PE3,3546,4346
2026-08,WEEKDAY,23,TRAIN,DT18,6870,1338
2026-08,WEEKENDS/HOLIDAY,12,TRAIN,BP7,643,607
2026-08,WEEKENDS/HOLIDAY,12,TRAIN,CC23,3336,2748
2026-08,WEEKENDS/HOLIDAY,19,TRAIN,DT27,4750,6442
2026-08,WEEKENDS/HOLIDAY,19,TRAIN,EW31,3044,3239
2026-08,WEEKENDS/HOLIDAY,6,TRAIN,EW16/NE3/TE17,3158,8908
2026-08,WEEKDAY,0,TRAIN,TE8,236,555
2026-08,WEEKENDS/HOLIDAY,20,TRAIN,NS5,8433,20825
2026-08,WEEKENDS/HOLIDAY,15,TRAIN,NS20,22002,16211
2026-08,WEEKDAY,6,TRAIN,NS7,67338,16708
2026-08,WEEKENDS/HOLIDAY,17,TRAIN,NS24/NE6/CC1,35047,27098
2026-08,WEEKDAY,16,TRAIN,NE4/DT19,66363,51927
2026-08,WEEKDAY,20,TRAIN,DT28,7433,15421
2026-08,WEEKENDS/HOLIDAY,0,TRAIN,EW8/CC9,650,1503
2026-08,WEEKDAY,20,TRAIN,NS28,1228,578
2026-08,WEEKDAY,14,TRAIN,BP4,5886,2792
2026-08,WEEKDAY,21,TRAIN,PW7,1749,4078
2026-08,WEEKENDS/HOLIDAY,8,TRAIN,DT29,4569,1584
2026-08,WEEKDAY,5,TRAIN,EW14/NS26,666,2264
2026-08,WEEKDAY,16,TRAIN,NS3,15122,23102
2026-08,WEEKENDS/HOLIDAY,10,TRAIN,EW23,28880,20977
2026-08,WEEKENDS/HOLIDAY,22,TRAIN,EW8/CC9,18602,13378
2026-08,WEEKDAY,14,TRAIN,DT24,3699,3857
2026-08,WEEKENDS/HOLIDAY,23,TRAIN,NS20,1651,2151
2026-08,WEEKDAY,14,TRAIN,DT25,3326,2986
2026-08,WEEKDAY,6,TRAIN,BP4,4727,726
2026-08,WEEKDAY,10,TRAIN,TE4,3713,4093
2026-08,WEEKDAY,5,TRAIN,TE24,192,3
2026-08,WEEKDAY,6,TRAIN,EW11,19175,7971
2026-08,WEEKDAY,7,TRAIN,NS23,9193,23352
2026-08,WEEKDAY,10,TRAIN,CC2,2922,6870
2026-08,WEEKDAY,6,TRAIN,NS5,68779,17882
2026-08,WEEKDAY,17,TRAIN,TE5,10083,12445
2026-08,WEEKENDS/HOLIDAY,7,TRAIN,CG2,8454,10169
2026-08,WEEKENDS/HOLIDAY,23,TRAIN,EW25,1217,4480
2026-08,WEEKDAY,16,TRAIN,SW5,6265,8571
2026-08,WEEKENDS/HOLIDAY,7,TRAIN,TE13,608,2045
2026-08,WEEKENDS/HOLIDAY,19,TRAIN,CC19/DT9,7821,3601
2026-08,WEEKDAY,20,TRAIN,TE27,2477,8933
2026-08,WEEKENDS/HOLIDAY,12,TRAIN,TE3,7905,5097
2026-08,WEEKENDS/HOLIDAY,13,TRAIN,EW26,20294,13623
2026-08,WEEKDAY,13,TRAIN,NE5,12677,15263
2026-08,WEEKENDS/HOLIDAY,7,TRAIN,NS15,6507,6610
2026-08,WEEKDAY,16,TRAIN,PW3,899,989
2026-08,WEEKDAY,7,TRAIN,PW4,12310,1660
2026-08,WEEKDAY,17,TRAIN,EW25,15493,27681
2026-08,WEEKENDS/HOLIDAY,16,TRAIN,CC19/DT9,6312,7065
2026-08,WEEKDAY,10,TRAIN,BP9,2879,1570
2026-08,WEEKENDS/HOLIDAY,20,TRAIN,SE1,920,2915
2026-08,WEEKDAY,13,TRAIN,EW5,28458,25792
2026-08,WEEKENDS/HOLIDAY,23,TRAIN,CC32,99,349
2026-08,WEEKENDS/HOLIDAY,22,TRAIN,NS27/CC33/TE20,1713,1472
2026-08,WEEKDAY,18,TRAIN,EW28,72639,75863
2026-08,WEEKENDS/HOLIDAY,9,TRAIN,PE2,4516,1362
2026-08,WEEKENDS/HOLIDAY,7,TRAIN,NS18,7198,2875
2026-08,WEEKDAY,19,TRAIN,TE5,7671,17597
2026-08,WEEKDAY,10,TRAIN,NS25/EW13,16931,59728
2026-08,WEEKENDS/HOLIDAY,17,TRAIN,DT21,7693,6276
2026-08,WEEKDAY,17,TRAIN,EW24/NS1,192570,108398
2026-08,WEEKDAY,9,TRAIN,NS17/CC15,64528,15164
2026-08,WEEKDAY,7,TRAIN,CC10/DT26,38074,26115
2026-08,WEEKENDS/HOLIDAY,22,TRAIN,CC32,342,847
2026-08,WEEKENDS/HOLIDAY,11,TRAIN,DT22,5868,9229
2026-08,WEEKDAY,7,TRAIN,SW2,11936,4133
2026-08,WEEKDAY,10,TRAIN,NE8,18916,25663
2026-08,WEEKENDS/HOLIDAY,7,TRAIN,PW3,500,117
2026-08,WEEKDAY,12,TRAIN,CC20,4682,4262
2026-08,WEEKDAY,11,TRAIN,SW2,3781,2279
2026-08,WEEKDAY,10,TRAIN,PW6,1639,558
2026-08,WEEKENDS/HOLIDAY,16,TRAIN,CC3,10525,7936
2026-08,WEEKENDS/HOLIDAY,12,TRAIN,NS27/CC33/TE20,2399,3419
2026-08,WEEKENDS/HOLIDAY,10,TRAIN,BP6/DT1,25646,14729
2026-08,WEEKDAY,16,TRAIN,BP9,1825,2724
2026-08,WEEKDAY,9,TRAIN,TE24,6421,2101
2026-08,WEEKDAY,7,TRAIN,DT22,17619,10998
2026-08,WEEKDAY,23,TRAIN,CC7,1152,3055
2026-08,WEEKDAY,13,TRAIN,NE12/CC13,60483,54769
2026-08,WEEKDAY,17,TRAIN,TE12,16160,4994
2026-08,WEEKENDS/HOLIDAY,15,TRAIN,NE15,13964,13979
2026-08,WEEKENDS/HOLIDAY,5,TRAIN,EW19,508,67
2026-08,WEEKDAY,20,TRAIN,EW31,7468,3592
2026-08,WEEKDAY,12,TRAIN,TE15,9863,13719
2026-08,WEEKENDS/HOLIDAY,17,TRAIN,NS3,11940,12973
2026-08,WEEKENDS/HOLIDAY,5,TRAIN,CC17/TE9,490,34
2026-08,WEEKENDS/HOLIDAY,6,TRAIN,TE8,1100,1518
2026-08,WEEKDAY,11,TRAIN,DT28,8738,4336
2026-08,WEEKENDS/HOLIDAY,16,TRAIN,EW18,9379,9634
2026-08,WEEKENDS/HOLIDAY,16,TRAIN,NE4/DT19,46193,38808
2026-08,WEEKENDS/HOLIDAY,17,TRAIN,TE11,2731,2621
2026-08,WEEKENDS/HOLIDAY,11,TRAIN,PE4,1587,796
2026-08,WEEKDAY,8,TRAIN,CC6,4444,11166
2026-08,WEEKDAY,15,TRAIN,BP6/DT1,28138,36963
2026-08,WEEKDAY,20,TRAIN,EW33,4601,8537
2026-08,WEEKDAY,12,TRAIN,TE6,11080,6391
2026-08,WEEKDAY,12,TRAIN,NE8,24619,34106
2026-08,WEEKENDS/HOLIDAY,22,TRAIN,TE25,660,1350
2026-08,WEEKDAY,21,TRAIN,BP7,473,1278
2026-08,WEEKDAY,22,TRAIN,NS12,5562,21340
2026-08,WEEKDAY,7,TRAIN,TE22,276,2183
2026-08,WEEKDAY,5,TRAIN,EW19,3566,349
2026-08,WEEKDAY,13,TRAIN,DT30,7635,5846
2026-08,WEEKENDS/HOLIDAY,23,TRAIN,SE4,138,1153
2026-08,WEEKENDS/HOLIDAY,15,TRAIN,TE25,1929,2017
2026-08,WEEKENDS/HOLIDAY,13,TRAIN,CC7,4192,3864
2026-08,WEEKDAY,11,TRAIN,DT29,6225,2988
2026-08,WEEKDAY,5,TRAIN,DT3,792,87
2026-08,WEEKENDS/HOLIDAY,21,TRAIN,CC26,1104,2369
2026-08,WEEKDAY,6,TRAIN,BP5,4503,1389
2026-08,WEEKENDS/HOLIDAY,18,TRAIN,CC2,4234,2069
2026-08,WEEKENDS/HOLIDAY,11,TRAIN,NS2,17697,11885
2026-08,WEEKENDS/HOLIDAY,22,TRAIN,CC7,2861,4258
2026-08,WEEKDAY,9,TRAIN,SE5,5177,1465
2026-08,WEEKENDS/HOLIDAY,15,TRAIN,NE13,15013,13668
2026-08,WEEKDAY,6,TRAIN,EW32,6611,11678
2026-08,WEEKENDS/HOLIDAY,6,TRAIN,DT28,1826,674
2026-08,WEEKDAY,17,TRAIN,DT3,9088,11489
2026-08,WEEKENDS/HOLIDAY,7,TRAIN,NS28,380,1258
2026-08,WEEKENDS/HOLIDAY,5,TRAIN,PW3,151,11
2026-08,WEEKDAY,9,TRAIN,NE5,6583,46897
2026-08,WEEKDAY,23,TRAIN,CC3,3986,568
2026-08,WEEKDAY,6,TRAIN,NS24/NE6/CC1,3973,9279
2026-08,WEEKDAY,22,TRAIN,TE5,2941,6950
2026-08,WEEKENDS/HOLIDAY,14,TRAIN,CC14,3798,3789
2026-08,WEEKENDS/HOLIDAY,12,TRAIN,CC24,7058,7382
2026-08,WEEKDAY,17,TRAIN,CC4/DT15,58830,23237
2026-08,WEEKENDS/HOLIDAY,0,TRAIN,EW9,265,1087
2026-08,WEEKDAY,21,TRAIN,PE3,2416,7487
2026-08,WEEKENDS/HOLIDAY,7,TRAIN,NS5,17128,5832
2026-08,WEEKENDS/HOLIDAY,16,TRAIN,DT27,5898,4545
2026-08,WEEKDAY,20,TRAIN,CC7,4035,9125
2026-08,WEEKENDS/HOLIDAY,0,TRAIN,EW5,124,1804
2026-08,WEEKENDS/HOLIDAY,20,TRAIN,DT23,1873,1860
2026-08,WEEKENDS/HOLIDAY,19,TRAIN,DT21,6571,4989
2026-08,WEEKDAY,6,TRAIN,DT22,11713,4482
2026-08,WEEKDAY,16,TRAIN,CC17/TE9,13892,8155
2026-08,WEEKENDS/HOLIDAY,16,TRAIN,DT24,2359,2388
2026-08,WEEKENDS/HOLIDAY,5,TRAIN,TE29,57,0
2026-08,WEEKENDS/HOLIDAY,17,TRAIN,EW8/CC9,54610,41593
2026-08,WEEKDAY,18,TRAIN,CC20,10919,14976
2026-08,WEEKENDS/HOLIDAY,13,TRAIN,TE29,2463,2320
2026-08,WEEKDAY,12,TRAIN,CC25,5856,4176
2026-08,WEEKENDS/HOLIDAY,17,TRAIN,EW17,14950,16357
2026-08,WEEKDAY,9,TRAIN,NS19,53399,38670
2026-08,WEEKENDS/HOLIDAY,21,TRAIN,EW22,1313,3944
2026-08,WEEKENDS/HOLIDAY,18,TRAIN,NS7,23039,18250
2026-08,WEEKDAY,6,TRAIN,NS17/CC15,43934,23744
2026-08,WEEKDAY,20,TRAIN,TE26,14463,10938
2026-08,WEEKENDS/HOLIDAY,0,TRAIN,CC3,1,38
2026-08,WEEKDAY,20,TRAIN,TE1,10274,4045
2026-08,WEEKDAY,0,TRAIN,EW25,67,1417
2026-08,WEEKDAY,23,TRAIN,EW7,1435,7325
2026-08,WEEKENDS/HOLIDAY,17,TRAIN,DT23,2697,2108
2026-08,WEEKENDS/HOLIDAY,17,TRAIN,BP3,2465,2432
2026-08,WEEKDAY,11,TRAIN,DT22,8110,8986
2026-08,WEEKENDS/HOLIDAY,17,TRAIN,EW15,15310,12377
2026-08,WEEKENDS/HOLIDAY,22,TRAIN,NE7/DT12,16327,7817
2026-08,WEEKDAY,7,TRAIN,TE18,2612,9635
2026-08,WEEKDAY,12,TRAIN,CC32,2172,1795
2026-08,WEEKENDS/HOLIDAY,7,TRAIN,NE7/DT12,8741,10763
2026-08,WEEKENDS/HOLIDAY,7,TRAIN,DT13,1431,1475
2026-08,WEEKDAY,17,TRAIN,NS24/NE6/CC1,65952,42904
2026-08,WEEKENDS/HOLIDAY,18,TRAIN,DT23,2537,2130
2026-08,WEEKDAY,17,TRAIN,NS9/TE2,76265,129128
2026-08,WEEKENDS/HOLIDAY,9,TRAIN,NS27/CC33/TE20,946,1789
2026-08,WEEKENDS/HOLIDAY,15,TRAIN,NS9/TE2,34997,37136
2026-08,WEEKENDS/HOLIDAY,10,TRAIN,SE2,4723,2146
2026-08,WEEKENDS/HOLIDAY,8,TRAIN,DT17,837,2891
2026-08,WEEKENDS/HOLIDAY,15,TRAIN,EW26,16219,16175
2026-08,WEEKDAY,17,TRAIN,SW6,2985,5124
2026-08,WEEKENDS/HOLIDAY,0,TRAIN,PE5,21,622
2026-08,WEEKENDS/HOLIDAY,8,TRAIN,EW1,18637,8092
2026-08,WEEKDAY,8,TRAIN,TE7,17656,17579
2026-08,WEEKDAY,0,TRAIN,NS5,511,4699
2026-08,WEEKDAY,21,TRAIN,PE1,1103,6063
2026-08,WEEKENDS/HOLIDAY,14,TRAIN,TE22,2817,6448
2026-08,WEEKDAY,13,TRAIN,TE7,10337,7434
2026-08,WEEKDAY,11,TRAIN,EW19,15383,9434
2026-08,WEEKDAY,15,TRAIN,NE5,11833,12313
2026-08,WEEKDAY,23,TRAIN,TE12,731,479
2026-08,WEEKENDS/HOLIDAY,14,TRAIN,NS7,14761,11365
2026-08,WEEKDAY,16,TRAIN,NE18,13969,12470
2026-08,WEEKDAY,0,TRAIN,TE1,7,320
2026-08,WEEKENDS/HOLIDAY,13,TRAIN,NS2,17721,15698
2026-08,WEEKENDS/HOLIDAY,8,TRAIN,DT30,5672,1881
2026-08,WEEKENDS/HOLIDAY,19,TRAIN,PW7,1620,2423
2026-08,WEEKDAY,13,TRAIN,CC6,5994,7632
2026-08,WEEKDAY,23,TRAIN,TE11,1003,2235
2026-08,WEEKDAY,14,TRAIN,TE15,11383,11063
2026-08,WEEKENDS/HOLIDAY,19,TRAIN,CC30,111,80
2026-08,WEEKDAY,20,TRAIN,TE25,1747,4420
2026-08,WEEKENDS/HOLIDAY,20,TRAIN,EW23,21141,28063
2026-08,WEEKENDS/HOLIDAY,19,TRAIN,NS15,6669,7456
2026-08,WEEKDAY,10,TRAIN,BP3,3819,1463
2026-08,WEEKDAY,5,TRAIN,EW6,1251,230
2026-08,WEEKDAY,17,TRAIN,TE27,8214,10623
2026-08,WEEKENDS/HOLIDAY,6,TRAIN,DT30,1070,305
2026-08,WEEKDAY,20,TRAIN,NS2,19751,45536
2026-08,WEEKENDS/HOLIDAY,14,TRAIN,BP6/DT1,22177,20023
2026-08,WEEKENDS/HOLIDAY,22,TRAIN,NE13,4338,12046
2026-08,WEEKDAY,12,TRAIN,PW1,1945,2537
2026-08,WEEKDAY,14,TRAIN,EW18,15352,15575
2026-08,WEEKENDS/HOLIDAY,6,TRAIN,NS17/CC15,8080,3490
2026-08,WEEKENDS/HOLIDAY,23,TRAIN,DT28,754,5152
2026-08,WEEKENDS/HOLIDAY,7,TRAIN,NE9,11150,5503
2026-08,WEEKENDS/HOLIDAY,22,TRAIN,EW10,4871,8416
2026-08,WEEKENDS/HOLIDAY,12,TRAIN,NS18,9811,6086
2026-08,WEEKDAY,5,TRAIN,CC14,1048,235
2026-08,WEEKENDS/HOLIDAY,13,TRAIN,DT2,1764,1126
2026-08,WEEKENDS/HOLIDAY,14,TRAIN,EW4,8389,7221
2026-08,WEEKENDS/HOLIDAY,7,TRAIN,CC19/DT9,2412,4771
2026-08,WEEKENDS/HOLIDAY,14,TRAIN,CC25,3245,2830
2026-08,WEEKENDS/HOLIDAY,23,TRAIN,TE5,558,2019
2026-08,WEEKENDS/HOLIDAY,23,TRAIN,CC30,17,28
2026-08,WEEKENDS/HOLIDAY,15,TRAIN,NS13,28815,31474
2026-08,WEEKENDS/HOLIDAY,15,TRAIN,DT20,3659,3570
2026-08,WEEKENDS/HOLIDAY,21,TRAIN,EW4,3587,11529
2026-08,WEEKENDS/HOLIDAY,13,TRAIN,TE15,7364,8280
2026-08,WEEKDAY,22,TRAIN,EW29,5251,4320
2026-08,WEEKENDS/HOLIDAY,5,TRAIN,NS9/TE2,4207,2917
2026-08,WEEKENDS/HOLIDAY,12,TRAIN,TE4,3721,3428
2026-08,WEEKDAY,17,TRAIN,DT33,22428,31878
2026-08,WEEKDAY,8,TRAIN,CC2,2687,16048
2026-08,WEEKENDS/HOLIDAY,0,TRAIN,DT29,23,501
2026-08,WEEKENDS/HOLIDAY,7,TRAIN,TE11,2755,2455
2026-08,WEEKDAY,0,TRAIN,NS20,207,416
2026-08,WEEKDAY,0,TRAIN,TE27,30,775
2026-08,WEEKDAY,19,TRAIN,TE8,16829,20771
2026-08,WEEKDAY,10,TRAIN,EW18,16190,12295
2026-08,WEEKENDS/HOLIDAY,6,TRAIN,NE16/STC,9455,4169
2026-08,WEEKDAY,23,TRAIN,TE15,1964,1871
2026-08,WEEKDAY,16,TRAIN,TE27,7609,7505
2026-08,WEEKDAY,7,TRAIN,TE1,14579,23057
2026-08,WEEKDAY,5,TRAIN,EW24/NS1,12231,6361
2026-08,WEEKDAY,16,TRAIN,NS27/CC33/TE20,8220,4305
2026-08,WEEKENDS/HOLIDAY,5,TRAIN,EW10,628,105
2026-08,WEEKENDS/HOLIDAY,12,TRAIN,EW21/CC22,13139,12223
2026-08,WEEKENDS/HOLIDAY,12,TRAIN,TE27,4278,3431
2026-08,WEEKENDS/HOLIDAY,19,TRAIN,NS11,17854,30024
2026-08,WEEKDAY,6,TRAIN,BP3,12559,1249
2026-08,WEEKDAY,12,TRAIN,TE18,14254,18099
2026-08,WEEKDAY,0,TRAIN,DT21,244,385
2026-08,WEEKDAY,10,TRAIN,PW7,2902,1649
2026-08,WEEKENDS/HOLIDAY,23,TRAIN,PE7,113,1340
2026-08,WEEKENDS/HOLIDAY,23,TRAIN,NS18,1117,5602
2026-08,WEEKDAY,12,TRAIN,TE4,4769,4163
2026-08,WEEKENDS/HOLIDAY,17,TRAIN,SW2,3137,1983
2026-08,WEEKDAY,22,TRAIN,NS17/CC15,11350,24418
2026-08,WEEKDAY,16,TRAIN,BP7,823,1293
2026-08,WEEKDAY,9,TRAIN,TE27,11913,4174
2026-08,WEEKDAY,8,TRAIN,TE29,17056,2489
2026-08,WEEKENDS/HOLIDAY,5,TRAIN,BP13,353,24
2026-08,WEEKDAY,18,TRAIN,SE3,2648,8486
2026-08,WEEKENDS/HOLIDAY,11,TRAIN,TE12,3702,3436
2026-08,WEEKENDS/HOLIDAY,5,TRAIN,NE7/DT12,268,33
2026-08,WEEKDAY,9,TRAIN,TE5,10528,5336
2026-08,WEEKENDS/HOLIDAY,8,TRAIN,DT4,1495,324
2026-08,WEEKDAY,9,TRAIN,TE19,2704,90055
2026-08,WEEKDAY,7,TRAIN,TE15,12860,13531
2026-08,WEEKENDS/HOLIDAY,20,TRAIN,NE17/PTC,26304,29310
2026-08,WEEKDAY,6,TRAIN,DT30,14589,4253
2026-08,WEEKENDS/HOLIDAY,21,TRAIN,CC24,6070,4149
2026-08,WEEKDAY,22,TRAIN,BP3,1008,3594
2026-08,WEEKDAY,10,TRAIN,PW3,799,409
2026-08,WEEKDAY,13,TRAIN,CC21,16943,10561
2026-08,WEEKENDS/HOLIDAY,5,TRAIN,SW5,948,53
2026-08,WEEKENDS/HOLIDAY,18,TRAIN,NS21/DT11,39536,42082
2026-08,WEEKDAY,16,TRAIN,CC24,54737,13935
2026-08,WEEKDAY,13,TRAIN,NS15,19477,16640
2026-08,WEEKDAY,16,TRAIN,SW1,4350,1128
2026-08,WEEKDAY,11,TRAIN,NE13,23648,14579
2026-08,WEEKENDS/HOLIDAY,13,TRAIN,EW2/DT32,37744,34349
2026-08,WEEKENDS/HOLIDAY,10,TRAIN,DT21,5311,6217
2026-08,WEEKDAY,13,TRAIN,EW16/NE3/TE17,31891,51536
2026-08,WEEKDAY,18,TRAIN,PE1,4333,9656
2026-08,WEEKENDS/HOLIDAY,16,TRAIN,NE9,13426,11526
2026-08,WEEKENDS/HOLIDAY,20,TRAIN,NS8,6570,9502
2026-08,WEEKDAY,6,TRAIN,PE3,10230,1854
2026-08,WEEKENDS/HOLIDAY,12,TRAIN,TE11,3146,2117
2026-08,WEEKDAY,0,TRAIN,SE3,27,621
2026-08,WEEKENDS/HOLIDAY,9,TRAIN,DT18,1412,4265
2026-08,WEEKDAY,7,TRAIN,PW5,10965,6068
2026-08,WEEKENDS/HOLIDAY,23,TRAIN,NS2,2374,8884
2026-08,WEEKDAY,7,TRAIN,CC24,6304,79053
2026-08,WEEKDAY,8,TRAIN,BP9,4245,2542
2026-08,WEEKDAY,5,TRAIN,NE13,4089,590
2026-08,WEEKENDS/HOLIDAY,10,TRAIN,CC16,3752,3645
2026-08,WEEKENDS/HOLIDAY,10,TRAIN,BP5,1398,1069
2026-08,WEEKENDS/HOLIDAY,15,TRAIN,EW10,7744,9296
2026-08,WEEKENDS/HOLIDAY,12,TRAIN,TE18,9741,13005
2026-08,WEEKDAY,10,TRAIN,BP8,1459,1448
2026-08,WEEKENDS/HOLIDAY,5,TRAIN,CC8,232,21
2026-08,WEEKENDS/HOLIDAY,13,TRAIN,NS11,24610,20758
2026-08,WEEKDAY,7,TRAIN,DT27,18938,27472
2026-08,WEEKENDS/HOLIDAY,13,TRAIN,BP3,2450,2232
2026-08,WEEKDAY,18,TRAIN,EW30,19927,3252
2026-08,WEEKENDS/HOLIDAY,14,TRAIN,NS17/CC15,15812,10610
2026-08,WEEKENDS/HOLIDAY,14,TRAIN,SE3,1588,1619
2026-08,WEEKENDS/HOLIDAY,17,TRAIN,NS28,4068,2763
2026-08,WEEKDAY,16,TRAIN,PW1,2814,3261
2026-08,WEEKDAY,20,TRAIN,NE10,12700,20642
2026-08,WEEKDAY,23,TRAIN,DT25,678,2641
2026-08,WEEKDAY,9,TRAIN,NS4/BP1,40039,24370
2026-08,WEEKDAY,5,TRAIN,TE18,137,23
2026-08,WEEKENDS/HOLIDAY,20,TRAIN,TE7,1433,3631
2026-08,WEEKENDS/HOLIDAY,12,TRAIN,TE8,9615,7641
2026-08,WEEKENDS/HOLIDAY,19,TRAIN,EW9,15043,25040
2026-08,WEEKDAY,19,TRAIN,EW11,27266,31565
2026-08,WEEKDAY,18,TRAIN,EW16/NE3/TE17,133985,40066
2026-08,WEEKENDS/HOLIDAY,5,TRAIN,NS18,837,143
2026-08,WEEKENDS/HOLIDAY,19,TRAIN,NS20,21338,14467
2026-08,WEEKENDS/HOLIDAY,20,TRAIN,PW6,253,843
2026-08,WEEKDAY,21,TRAIN,SW6,656,4140
2026-08,WEEKENDS/HOLIDAY,19,TRAIN,SW8,435,857
2026-08,WEEKENDS/HOLIDAY,22,TRAIN,TE19,2057,1052
2026-08,WEEKENDS/HOLIDAY,13,TRAIN,EW14/NS26,14243,15217
2026-08,WEEKENDS/HOLIDAY,22,TRAIN,PW1,539,109
2026-08,WEEKDAY,16,TRAIN,DT30,5903,11197
2026-08,WEEKDAY,0,TRAIN,CC16,52,372
2026-08,WEEKDAY,10,TRAIN,EW31,1200,1373
2026-08,WEEKENDS/HOLIDAY,18,TRAIN,CC4/DT15,20830,16869
2026-08,WEEKDAY,9,TRAIN,BP11,5124,1735
2026-08,WEEKENDS/HOLIDAY,0,TRAIN,NS8,815,1683
2026-08,WEEKDAY,5,TRAIN,DT24,1464,3
2026-08,WEEKDAY,6,TRAIN,NE4/DT19,9517,17062
2026-08,WEEKDAY,23,TRAIN,CC26,820,994
2026-08,WEEKDAY,15,TRAIN,CC5,4386,3999
2026-08,WEEKDAY,17,TRAIN,SW5,7980,10615
2026-08,WEEKDAY,8,TRAIN,EW26,114947,36938
2026-08,WEEKDAY,13,TRAIN,TE5,5711,6204
2026-08,WEEKDAY,15,TRAIN,CC16,9407,6382
2026-08,WEEKENDS/HOLIDAY,23,TRAIN,BP8,157,293
2026-08,WEEKDAY,19,TRAIN,EW16/NE3/TE17,56851,29171
2026-08,WEEKENDS/HOLIDAY,21,TRAIN,SE4,842,2337
2026-08,WEEKENDS/HOLIDAY,20,TRAIN,NS24/NE6/CC1,27458,14452
2026-08,WEEKENDS/HOLIDAY,16,TRAIN,NE10,9369,9521
2026-08,WEEKENDS/HOLIDAY,22,TRAIN,EW31,648,2107
2026-08,WEEKENDS/HOLIDAY,12,TRAIN,NS25/EW13,32819,53526
2026-08,WEEKDAY,14,TRAIN,NE9,22020,19020
2026-08,WEEKDAY,22,TRAIN,TE22,4343,633
2026-08,WEEKDAY,8,TRAIN,EW3,49064,20268
2026-08,WEEKDAY,16,TRAIN,PE2,4954,6921
2026-08,WEEKDAY,16,TRAIN,SW6,2054,3747
2026-08,WEEKENDS/HOLIDAY,22,TRAIN,TE1,1084,2770
2026-08,WEEKDAY,7,TRAIN,DT8,8524,34763
2026-08,WEEKDAY,6,TRAIN,NE1/CC29,7284,27033
2026-08,WEEKENDS/HOLIDAY,10,TRAIN,NS25/EW13,20193,61716
2026-08,WEEKDAY,5,TRAIN,PE7,1420,100
2026-08,WEEKDAY,5,TRAIN,DT4,233,1
2026-08,WEEKDAY,11,TRAIN,NS19,36105,27255
2026-08,WEEKDAY,12,TRAIN,NS18,15270,9997
2026-08,WEEKDAY,12,TRAIN,NE12/CC13,51575,52994
2026-08,WEEKDAY,5,TRAIN,EW32,1826,1721
2026-08,WEEKENDS/HOLIDAY,0,TRAIN,EW17,38,740
2026-08,WEEKENDS/HOLIDAY,8,TRAIN,NS17/CC15,19516,7556
2026-08,WEEKDAY,15,TRAIN,NS12,12237,19968
2026-08,WEEKENDS/HOLIDAY,17,TRAIN,TE29,2934,2960
2026-08,WEEKENDS/HOLIDAY,23,TRAIN,CC17/TE9,540,1693
2026-08,WEEKDAY,9,TRAIN,NS18,26147,16006
2026-08,WEEKENDS/HOLIDAY,18,TRAIN,NE4/DT19,45620,40389
2026-08,WEEKDAY,12,TRAIN,DT22,8674,10055
2026-08,WEEKDAY,12,TRAIN,SW7,1480,1383
2026-08,WEEKDAY,7,TRAIN,SW4,11905,2400
2026-08,WEEKENDS/HOLIDAY,17,TRAIN,TE12,3409,2418
2026-08,WEEKDAY,18,TRAIN,DT34,14587,12274
2026-08,WEEKENDS/HOLIDAY,6,TRAIN,BP13,514,127
2026-08,WEEKENDS/HOLIDAY,11,TRAIN,BP4,1132,620
2026-08,WEEKENDS/HOLIDAY,14,TRAIN,EW28,16399,12232
2026-08,WEEKENDS/HOLIDAY,16,TRAIN,NS24/NE6/CC1,33495,28177
2026-08,WEEKENDS/HOLIDAY,0,TRAIN,DT33,20,1896
2026-08,WEEKENDS/HOLIDAY,22,TRAIN,CC16,1265,2711
2026-08,WEEKDAY,8,TRAIN,BP3,14164,2400
2026-08,WEEKENDS/HOLIDAY,22,TRAIN,EW32,996,4185
2026-08,WEEKENDS/HOLIDAY,16,TRAIN,DT22,7837,9324
2026-08,WEEKENDS/HOLIDAY,21,TRAIN,DT13,5133,7050
2026-08,WEEKENDS/HOLIDAY,15,TRAIN,NS12,11094,10997
2026-08,WEEKENDS/HOLIDAY,19,TRAIN,DT7,1700,2808
2026-08,WEEKENDS/HOLIDAY,23,TRAIN,SW5,536,1903
2026-08,WEEKDAY,13,TRAIN,DT10,6240,2908
2026-08,WEEKENDS/HOLIDAY,22,TRAIN,DT18,4697,2182
2026-08,WEEKENDS/HOLIDAY,14,TRAIN,CC26,1659,1879
2026-08,WEEKDAY,0,TRAIN,TE19,221,110
2026-08,WEEKENDS/HOLIDAY,0,TRAIN,EW16/NE3/TE17,93,859
2026-08,WEEKENDS/HOLIDAY,23,TRAIN,SW7,44,679
2026-08,WEEKENDS/HOLIDAY,8,TRAIN,TE22,1434,1927
2026-08,WEEKENDS/HOLIDAY,15,TRAIN,EW22,2722,3270
2026-08,WEEKENDS/HOLIDAY,5,TRAIN,CC27,44,8
2026-08,WEEKDAY,10,TRAIN,TE8,7445,8312
2026-08,WEEKENDS/HOLIDAY,11,TRAIN,NS17/CC15,22892,8046
2026-08,WEEKENDS/HOLIDAY,6,TRAIN,DT27,835,385
2026-08,WEEKDAY,10,TRAIN,NS16,39164,28602
2026-08,WEEKENDS/HOLIDAY,7,TRAIN,NE17/PTC,13119,6165
2026-08,WEEKENDS/HOLIDAY,13,TRAIN,BP10,1767,1897
2026-08,WEEKENDS/HOLIDAY,12,TRAIN,SW3,1165,707
2026-08,WEEKENDS/HOLIDAY,7,TRAIN,SW3,941,239
2026-08,WEEKENDS/HOLIDAY,8,TRAIN,CG2,8329,11151
2026-08,WEEKDAY,8,TRAIN,NE17/PTC,113657,23900
2026-08,WEEKDAY,5,TRAIN,CC16,1272,197
2026-08,WEEKENDS/HOLIDAY,19,TRAIN,DT24,2277,3055
2026-08,WEEKENDS/HOLIDAY,12,TRAIN,DT7,2539,2035
2026-08,WEEKDAY,12,TRAIN,CC5,5304,6557
2026-08,WEEKDAY,13,TRAIN,NS7,16461,14171
2026-08,WEEKDAY,18,TRAIN,CG2,38118,27802
2026-08,WEEKDAY,15,TRAIN,TE6,9521,10868
2026-08,WEEKDAY,18,TRAIN,DT2,9904,6777
2026-08,WEEKENDS/HOLIDAY,10,TRAIN,NS17/CC15,23484,7066
2026-08,WEEKDAY,10,TRAIN,PW1,657,2406
2026-08,WEEKDAY,10,TRAIN,BP4,2642,7001
2026-08,WEEKDAY,13,TRAIN,DT21,11208,10386
2026-08,WEEKENDS/HOLIDAY,11,TRAIN,SW3,1294,632
2026-08,WEEKDAY,18,TRAIN,NE14,41319,95403
2026-08,WEEKDAY,23,TRAIN,TE22,1226,194
2026-08,WEEKDAY,12,TRAIN,CC26,6155,3953
2026-08,WEEKENDS/HOLIDAY,0,TRAIN,NS27/CC33/TE20,59,324
2026-08,WEEKDAY,18,TRAIN,SE5,4207,6148
2026-08,WEEKENDS/HOLIDAY,6,TRAIN,EW29,3691,9860
2026-08,WEEKENDS/HOLIDAY,5,TRAIN,TE13,42,7
2026-08,WEEKENDS/HOLIDAY,10,TRAIN,EW3,11840,5722
2026-08,WEEKDAY,8,TRAIN,PE2,15668,2103
2026-08,WEEKDAY,7,TRAIN,TE6,45620,19172
2026-08,WEEKDAY,10,TRAIN,SE5,3144,1052
2026-08,WEEKDAY,10,TRAIN,BP7,1143,650
2026-08,WEEKENDS/HOLIDAY,8,TRAIN,DT20,1300,2508
2026-08,WEEKENDS/HOLIDAY,23,TRAIN,TE25,266,649
2026-08,WEEKENDS/HOLIDAY,19,TRAIN,DT8,1459,2511
2026-08,WEEKENDS/HOLIDAY,11,TRAIN,SE3,2235,1053
2026-08,WEEKDAY,18,TRAIN,TE22,4645,11241
2026-08,WEEKENDS/HOLIDAY,8,TRAIN,TE13,1338,2829
2026-08,WEEKDAY,0,TRAIN,NE17/PTC,624,3889
2026-08,WEEKDAY,16,TRAIN,SW7,1336,2558
2026-08,WEEKDAY,22,TRAIN,BP4,1210,1814
2026-08,WEEKENDS/HOLIDAY,14,TRAIN,NE13,16509,13871
2026-08,WEEKDAY,17,TRAIN,PW7,4653,5361
2026-08,WEEKENDS/HOLIDAY,6,TRAIN,DT29,1169,245
2026-08,WEEKDAY,15,TRAIN,CC28,2811,4243
2026-08,WEEKENDS/HOLIDAY,0,TRAIN,DT17,117,105
2026-08,WEEKENDS/HOLIDAY,17,TRAIN,TE3,7267,5786
2026-08,WEEKDAY,10,TRAIN,NS24/NE6/CC1,16336,32642
2026-08,WEEKENDS/HOLIDAY,16,TRAIN,PW3,532,451
2026-08,WEEKENDS/HOLIDAY,8,TRAIN,EW31,2431,2856
2026-08,WEEKDAY,9,TRAIN,EW18,28588,27101
2026-08,WEEKENDS/HOLIDAY,12,TRAIN,PW4,3399,3110
2026-08,WEEKENDS/HOLIDAY,5,TRAIN,TE7,141,30
2026-08,WEEKDAY,14,TRAIN,EW28,24634,19813
2026-08,WEEKENDS/HOLIDAY,22,TRAIN,EW9,8842,14165
2026-08,WEEKDAY,6,TRAIN,PW4,8443,967
2026-08,WEEKDAY,13,TRAIN,CC20,6801,5128
2026-08,WEEKDAY,6,TRAIN,NE8,24449,10518
2026-08,WEEKDAY,11,TRAIN,NE12/CC13,48277,45991
2026-08,WEEKDAY,5,TRAIN,PW7,1039,521
2026-08,WEEKDAY,5,TRAIN,CC6,411,39
2026-08,WEEKENDS/HOLIDAY,21,TRAIN,DT6,1228,3115
2026-08,WEEKDAY,22,TRAIN,SE1,972,5057
2026-08,WEEKENDS/HOLIDAY,11,TRAIN,TE22,1978,5038
2026-08,WEEKDAY,17,TRAIN,BP3,4461,7004
2026-08,WEEKDAY,19,TRAIN,TE19,43357,4854
2026-08,WEEKENDS/HOLIDAY,19,TRAIN,NS3,9015,12751
2026-08,WEEKDAY,17,TRAIN,EW4,35282,21086
2026-08,WEEKENDS/HOLIDAY,21,TRAIN,EW15,12067,5410
2026-08,WEEKENDS/HOLIDAY,14,TRAIN,BP7,467,602
2026-08,WEEKENDS/HOLIDAY,16,TRAIN,NE1/CC29,48788,45643
2026-08,WEEKDAY,0,TRAIN,CC30,1,2
2026-08,WEEKENDS/HOLIDAY,17,TRAIN,TE26,12593,10992
2026-08,WEEKDAY,8,TRAIN,DT2,8696,15581
2026-08,WEEKENDS/HOLIDAY,5,TRAIN,NE10,286,83
2026-08,WEEKENDS/HOLIDAY,19,TRAIN,CC6,13285,19399
2026-08,WEEKDAY,13,TRAIN,DT20,4933,8032
2026-08,WEEKENDS/HOLIDAY,20,TRAIN,PW5,872,3689
2026-08,WEEKDAY,21,TRAIN,CC17/TE9,3311,7435
2026-08,WEEKDAY,17,TRAIN,EW8/CC9,104518,69860
2026-08,WEEKDAY,8,TRAIN,NS28,3782,4320
2026-08,WEEKDAY,21,TRAIN,DT17,17088,4394
2026-08,WEEKENDS/HOLIDAY,9,TRAIN,CC7,3753,2605
2026-08,WEEKDAY,15,TRAIN,EW24/NS1,64845,58694
2026-08,WEEKENDS/HOLIDAY,22,TRAIN,PE4,450,931
2026-08,WEEKDAY,9,TRAIN,SW2,6266,2555
2026-08,WEEKENDS/HOLIDAY,9,TRAIN,EW28,19459,8238
2026-08,WEEKDAY,21,TRAIN,EW15,50415,9422
2026-08,WEEKDAY,0,TRAIN,EW23,486,1783
2026-08,WEEKENDS/HOLIDAY,17,TRAIN,DT3,4432,4384
2026-08,WEEKENDS/HOLIDAY,18,TRAIN,EW19,10042,10333
2026-08,WEEKENDS/HOLIDAY,11,TRAIN,TE5,4380,2723
2026-08,WEEKDAY,17,TRAIN,BP8,3232,2743
2026-08,WEEKENDS/HOLIDAY,8,TRAIN,BP10,2119,1165
2026-08,WEEKENDS/HOLIDAY,19,TRAIN,EW17,11581,15425
2026-08,WEEKDAY,0,TRAIN,DT25,41,264
2026-08,WEEKDAY,17,TRAIN,EW22,35401,14295
2026-08,WEEKDAY,6,TRAIN,EW16/NE3/TE17,12008,39194
2026-08,WEEKENDS/HOLIDAY,15,TRAIN,EW32,3160,1603
2026-08,WEEKDAY,0,TRAIN,EW8/CC9,872,1439
2026-08,WEEKDAY,11,TRAIN,DT7,3317,3305
2026-08,WEEKDAY,0,TRAIN,SW6,29,514
2026-08,WEEKDAY,0,TRAIN,EW33,0,212
2026-08,WEEKENDS/HOLIDAY,11,TRAIN,EW24/NS1,25530,55835
2026-08,WEEKENDS/HOLIDAY,23,TRAIN,NS25/EW13,15674,2558
2026-08,WEEKDAY,9,TRAIN,PE2,10803,2746
2026-08,WEEKDAY,21,TRAIN,TE25,1296,3228
2026-08,WEEKENDS/HOLIDAY,13,TRAIN,TE7,4017,3665
2026-08,WEEKDAY,16,TRAIN,PE7,3331,5388
2026-08,WEEKDAY,23,TRAIN,EW25,1304,7008
2026-08,WEEKENDS/HOLIDAY,17,TRAIN,NE10,10388,9991
2026-08,WEEKDAY,13,TRAIN,EW4,14953,10523
2026-08,WEEKENDS/HOLIDAY,0,TRAIN,EW12/DT14,758,1179
2026-08,WEEKENDS/HOLIDAY,20,TRAIN,NE15,6470,18966
2026-08,WEEKDAY,21,TRAIN,BP4,2030,2375
2026-08,WEEKENDS/HOLIDAY,5,TRAIN,NS27/CC33/TE20,156,15
2026-08,WEEKDAY,11,TRAIN,CC5,5456,4912
2026-08,WEEKENDS/HOLIDAY,8,TRAIN,CC3,555,3528
2026-08,WEEKENDS/HOLIDAY,11,TRAIN,PW5,2368,1001
2026-08,WEEKDAY,21,TRAIN,NS13,38818,64719
2026-08,WEEKDAY,15,TRAIN,PW1,2182,3235
2026-08,WEEKENDS/HOLIDAY,17,TRAIN,NS12,12506,13092
2026-08,WEEKENDS/HOLIDAY,17,TRAIN,TE28,2820,3621
2026-08,WEEKDAY,22,TRAIN,BP8,1301,1215
2026-08,WEEKDAY,19,TRAIN,SE2,3477,14404
2026-08,WEEKENDS/HOLIDAY,13,TRAIN,DT30,5467,4137
2026-08,WEEKENDS/HOLIDAY,0,TRAIN,SW1,14,26
2026-08,WEEKDAY,6,TRAIN,NS10,93451,22577
2026-08,WEEKDAY,18,TRAIN,EW33,13514,13465
2026-08,WEEKDAY,10,TRAIN,NS20,29988,47138
2026-08,WEEKDAY,12,TRAIN,NE14,27830,19781
2026-08,WEEKDAY,19,TRAIN,NE9,36178,39892
2026-08,WEEKDAY,22,TRAIN,BP6/DT1,13839,37235
2026-08,WEEKENDS/HOLIDAY,21,TRAIN,PE5,987,4246
2026-08,WEEKENDS/HOLIDAY,6,TRAIN,TE5,1437,521
2026-08,WEEKDAY,0,TRAIN,NE16/STC,385,3807
2026-08,WEEKDAY,19,TRAIN,EW27,61529,117702
2026-08,WEEKDAY,12,TRAIN,NS9/TE2,49525,52717
2026-08,WEEKDAY,15,TRAIN,EW2/DT32,45718,54874
2026-08,WEEKENDS/HOLIDAY,18,TRAIN,CC10/DT26,11805,10387
2026-08,WEEKDAY,19,TRAIN,TE11,5490,7897
2026-08,WEEKDAY,12,TRAIN,DT4,2162,1467
2026-08,WEEKENDS/HOLIDAY,20,TRAIN,EW17,9658,13997
2026-08,WEEKDAY,23,TRAIN,NS10,3740,21890
2026-08,WEEKDAY,15,TRAIN,SE1,3828,4111
2026-08,WEEKDAY,14,TRAIN,DT21,8241,9651
2026-08,WEEKENDS/HOLIDAY,0,TRAIN,SE3,21,432
2026-08,WEEKDAY,23,TRAIN,CC5,1106,1733
2026-08,WEEKENDS/HOLIDAY,11,TRAIN,DT33,10736,3812
2026-08,WEEKENDS/HOLIDAY,7,TRAIN,EW19,5964,3628
2026-08,WEEKDAY,9,TRAIN,DT25,6614,5667
2026-08,WEEKENDS/HOLIDAY,13,TRAIN,TE13,3236,2552
2026-08,WEEKDAY,21,TRAIN,CC21,15944,7357
2026-08,WEEKDAY,7,TRAIN,CC17/TE9,25988,28589
2026-08,WEEKENDS/HOLIDAY,15,TRAIN,NS21/DT11,35606,36995
2026-08,WEEKDAY,10,TRAIN,PE3,6471,3759
2026-08,WEEKENDS/HOLIDAY,5,TRAIN,EW5,2448,153
2026-08,WEEKENDS/HOLIDAY,22,TRAIN,BP9,293,770
2026-08,WEEKDAY,19,TRAIN,NS9/TE2,62847,148669
2026-08,WEEKDAY,13,TRAIN,SW3,3560,1771
2026-08,WEEKDAY,0,TRAIN,DT27,52,557
2026-08,WEEKDAY,20,TRAIN,CC12,3993,11911
2026-08,WEEKDAY,9,TRAIN,CC20,9152,4700
2026-08,WEEKDAY,19,TRAIN,NE13,24765,51708
2026-08,WEEKENDS/HOLIDAY,0,TRAIN,DT24,22,269
2026-08,WEEKDAY,23,TRAIN,NS2,3640,12936
2026-08,WEEKENDS/HOLIDAY,6,TRAIN,SE2,1910,191
2026-08,WEEKENDS/HOLIDAY,11,TRAIN,PW2,181,221
2026-08,WEEKENDS/HOLIDAY,21,TRAIN,CG2,19794,10346
2026-08,WEEKDAY,21,TRAIN,BP13,416,1350
2026-08,WEEKDAY,8,TRAIN,EW12/DT14,27939,125169
2026-08,WEEKENDS/HOLIDAY,21,TRAIN,EW32,1473,5224
2026-08,WEEKDAY,13,TRAIN,CC8,9275,6622
2026-08,WEEKENDS/HOLIDAY,0,TRAIN,CC25,18,163
2026-08,WEEKENDS/HOLIDAY,7,TRAIN,DT23,516,441
2026-08,WEEKENDS/HOLIDAY,9,TRAIN,BP3,3019,870
2026-08,WEEKDAY,23,TRAIN,NS9/TE2,10661,31138
2026-08,WEEKENDS/HOLIDAY,19,TRAIN,NS13,24830,39177
2026-08,WEEKENDS/HOLIDAY,7,TRAIN,NE18,3294,4393
2026-08,WEEKDAY,22,TRAIN,BP5,702,1221
2026-08,WEEKENDS/HOLIDAY,14,TRAIN,PE7,2310,2684
2026-08,WEEKDAY,5,TRAIN,NE9,3253,63
2026-08,WEEKDAY,23,TRAIN,CC28,305,2259
2026-08,WEEKDAY,22,TRAIN,TE11,2021,3981
2026-08,WEEKDAY,22,TRAIN,CC2,6005,2405
2026-08,WEEKENDS/HOLIDAY,17,TRAIN,SW8,477,790
2026-08,WEEKENDS/HOLIDAY,12,TRAIN,SE3,2206,1391
2026-08,WEEKENDS/HOLIDAY,16,TRAIN,EW26,17950,18054
2026-08,WEEKENDS/HOLIDAY,10,TRAIN,CC19/DT9,4881,7547
2026-08,WEEKDAY,12,TRAIN,EW25,9395,6086
2026-08,WEEKDAY,6,TRAIN,TE28,4035,1377
2026-08,WEEKENDS/HOLIDAY,10,TRAIN,PW3,550,246
2026-08,WEEKENDS/HOLIDAY,17,TRAIN,NS23,38714,32317
2026-08,WEEKENDS/HOLIDAY,18,TRAIN,DT25,3138,2799
2026-08,WEEKENDS/HOLIDAY,12,TRAIN,TE13,3799,2809
2026-08,WEEKDAY,12,TRAIN,CC21,10670,17007
2026-08,WEEKENDS/HOLIDAY,10,TRAIN,SW2,3532,2177
2026-08,WEEKDAY,5,TRAIN,NS20,1013,2312
2026-08,WEEKDAY,6,TRAIN,EW17,27848,10699
2026-08,WEEKDAY,19,TRAIN,PE5,3834,16138
2026-08,WEEKENDS/HOLIDAY,9,TRAIN,BP9,2143,1708
2026-08,WEEKDAY,16,TRAIN,NS13,42161,66249
2026-08,WEEKENDS/HOLIDAY,11,TRAIN,BP5,1395,1066
2026-08,WEEKDAY,23,TRAIN,DT3,411,3310
2026-08,WEEKENDS/HOLIDAY,10,TRAIN,TE13,3413,2905
2026-08,WEEKENDS/HOLIDAY,12,TRAIN,DT34,3565,1606
2026-08,WEEKDAY,15,TRAIN,NE15,15473,24887
2026-08,WEEKENDS/HOLIDAY,20,TRAIN,PE1,996,3119
2026-08,WEEKENDS/HOLIDAY,14,TRAIN,BP11,1924,1739
2026-08,WEEKENDS/HOLIDAY,23,TRAIN,NE11,1381,2647
2026-08,WEEKDAY,20,TRAIN,TE4,5384,6114
2026-08,WEEKDAY,19,TRAIN,NS8,20815,39332
2026-08,WEEKDAY,5,TRAIN,BP10,3330,280
2026-08,WEEKENDS/HOLIDAY,12,TRAIN,EW20,9036,5577
2026-08,WEEKENDS/HOLIDAY,6,TRAIN,NS11,15549,5057
2026-08,WEEKENDS/HOLIDAY,11,TRAIN,NE11,10412,9451
2026-08,WEEKDAY,19,TRAIN,DT7,6132,8175
2026-08,WEEKDAY,19,TRAIN,NE11,21390,33597
2026-08,WEEKENDS/HOLIDAY,7,TRAIN,DT34,657,642
2026-08,WEEKENDS/HOLIDAY,5,TRAIN,NE18,742,123
2026-08,WEEKDAY,14,TRAIN,TE14/NS22,71364,72230
2026-08,WEEKENDS/HOLIDAY,22,TRAIN,NS25/EW13,40901,5810
2026-08,WEEKDAY,6,TRAIN,NS13,88993,23691
2026-08,WEEKENDS/HOLIDAY,19,TRAIN,TE3,4552,7251
2026-08,WEEKENDS/HOLIDAY,15,TRAIN,EW12/DT14,53910,53007
2026-08,WEEKDAY,0,TRAIN,DT17,194,99
2026-08,WEEKENDS/HOLIDAY,16,TRAIN,BP9,1075,1200
2026-08,WEEKDAY,5,TRAIN,DT18,87,1
2026-08,WEEKENDS/HOLIDAY,6,TRAIN,PW5,3122,445
2026-08,WEEKENDS/HOLIDAY,22,TRAIN,TE14/NS22,36537,9795
2026-08,WEEKENDS/HOLIDAY,10,TRAIN,CC31,1734,881
2026-08,WEEKENDS/HOLIDAY,12,TRAIN,EW17,15487,14324
2026-08,WEEKDAY,0,TRAIN,NS13,1509,7906
2026-08,WEEKDAY,11,TRAIN,NE11,13393,11636
2026-08,WEEKDAY,19,TRAIN,BP2,1995,7325
2026-08,WEEKENDS/HOLIDAY,21,TRAIN,NS9/TE2,26847,37442
2026-08,WEEKENDS/HOLIDAY,7,TRAIN,TE7,1952,1821
2026-08,WEEKENDS/HOLIDAY,19,TRAIN,CC26,4639,2803
2026-08,WEEKENDS/HOLIDAY,13,TRAIN,TE8,10267,7156
2026-08,WEEKENDS/HOLIDAY,20,TRAIN,BP4,485,1107
2026-08,WEEKENDS/HOLIDAY,19,TRAIN,TE24,2260,2888
2026-08,WEEKENDS/HOLIDAY,7,TRAIN,BP3,1978,696
2026-08,WEEKDAY,5,TRAIN,CC17/TE9,2310,279
2026-08,WEEKDAY,13,TRAIN,TE6,13536,10220
2026-08,WEEKDAY,12,TRAIN,PW5,2147,1870
2026-08,WEEKENDS/HOLIDAY,9,TRAIN,EW32,2631,1174
2026-08,WEEKENDS/HOLIDAY,13,TRAIN,TE25,2068,2026
2026-08,WEEKENDS/HOLIDAY,18,TRAIN,TE19,3879,2686
2026-08,WEEKDAY,0,TRAIN,NS9/TE2,1760,8027
2026-08,WEEKDAY,21,TRAIN,DT18,18931,5196
2026-08,WEEKENDS/HOLIDAY,10,TRAIN,DT33,11749,3051
2026-08,WEEKENDS/HOLIDAY,19,TRAIN,NE16/STC,22298,33915
2026-08,WEEKENDS/HOLIDAY,9,TRAIN,NE16/STC,28175,12814
2026-08,WEEKDAY,7,TRAIN,PW7,9632,9920
2026-08,WEEKDAY,11,TRAIN,EW32,2044,1888
2026-08,WEEKDAY,9,TRAIN,EW24/NS1,34855,92575
2026-08,WEEKDAY,23,TRAIN,SE5,208,1395
2026-08,WEEKDAY,21,TRAIN,DT8,2408,2926
2026-08,WEEKDAY,23,TRAIN,EW32,289,1071
2026-08,WEEKDAY,18,TRAIN,NE18,33243,29474
2026-08,WEEKENDS/HOLIDAY,5,TRAIN,NS15,1087,441
2026-08,WEEKENDS/HOLIDAY,7,TRAIN,SE5,1090,368
2026-08,WEEKDAY,20,TRAIN,SW6,844,5086
2026-08,WEEKENDS/HOLIDAY,10,TRAIN,NE8,13176,22366
2026-08,WEEKENDS/HOLIDAY,15,TRAIN,NS10,18681,17695
2026-08,WEEKENDS/HOLIDAY,9,TRAIN,SW3,1490,370
2026-08,WEEKENDS/HOLIDAY,9,TRAIN,CC4/DT15,2112,10773
2026-08,WEEKENDS/HOLIDAY,15,TRAIN,DT3,3846,3519
2026-08,WEEKENDS/HOLIDAY,7,TRAIN,EW16/NE3/TE17,6361,14988
2026-08,WEEKENDS/HOLIDAY,12,TRAIN,NE4/DT19,34771,47639
2026-08,WEEKDAY,6,TRAIN,EW19,19249,8074
2026-08,WEEKENDS/HOLIDAY,18,TRAIN,TE16,6390,5496
2026-08,WEEKENDS/HOLIDAY,14,TRAIN,EW20,6487,6883
2026-08,WEEKENDS/HOLIDAY,11,TRAIN,EW33,3321,1658
2026-08,WEEKENDS/HOLIDAY,8,TRAIN,CC31,1236,510
2026-08,WEEKDAY,16,TRAIN,NS4/BP1,38604,49560
2026-08,WEEKENDS/HOLIDAY,16,TRAIN,DT3,4307,3775
2026-08,WEEKDAY,19,TRAIN,NS23,57183,53089
2026-08,WEEKDAY,12,TRAIN,EW11,18342,16374
2026-08,WEEKDAY,11,TRAIN,TE22,1512,4949
2026-08,WEEKENDS/HOLIDAY,12,TRAIN,DT13,7831,8898
2026-08,WEEKDAY,15,TRAIN,NS20,50974,33981
2026-08,WEEKENDS/HOLIDAY,5,TRAIN,DT4,27,0
2026-08,WEEKENDS/HOLIDAY,18,TRAIN,EW29,12797,10273
2026-08,WEEKDAY,5,TRAIN,NE5,407,38
2026-08,WEEKENDS/HOLIDAY,17,TRAIN,NS9/TE2,38649,45200
2026-08,WEEKDAY,16,TRAIN,CC5,5438,4160
2026-08,WEEKDAY,20,TRAIN,TE23,2116,4154
2026-08,WEEKENDS/HOLIDAY,22,TRAIN,SW7,137,1429
2026-08,WEEKDAY,10,TRAIN,NE14,32350,13153
2026-08,WEEKENDS/HOLIDAY,9,TRAIN,TE5,4413,2459
2026-08,WEEKDAY,9,TRAIN,CC7,7462,5347
2026-08,WEEKENDS/HOLIDAY,10,TRAIN,NS2,17107,10899
2026-08,WEEKENDS/HOLIDAY,11,TRAIN,DT24,2859,1636
2026-08,WEEKENDS/HOLIDAY,8,TRAIN,TE14/NS22,7038,35540
2026-08,WEEKENDS/HOLIDAY,17,TRAIN,EW12/DT14,58646,50396
2026-08,WEEKENDS/HOLIDAY,15,TRAIN,BP12,1305,1274
2026-08,WEEKDAY,0,TRAIN,SE1,62,574
2026-08,WEEKENDS/HOLIDAY,0,TRAIN,EW6,55,605
2026-08,WEEKENDS/HOLIDAY,9,TRAIN,PW4,2753,2044
2026-08,WEEKENDS/HOLIDAY,11,TRAIN,EW15,9410,16224
2026-08,WEEKDAY,11,TRAIN,CC20,5245,3276
2026-08,WEEKDAY,12,TRAIN,PW4,3618,3405
2026-08,WEEKDAY,15,TRAIN,CC11,16069,9843
2026-08,WEEKENDS/HOLIDAY,23,TRAIN,NE16/STC,2700,13414
2026-08,WEEKENDS/HOLIDAY,5,TRAIN,DT6,21,12
2026-08,WEEKENDS/HOLIDAY,13,TRAIN,PW6,1099,871
2026-08,WEEKENDS/HOLIDAY,6,TRAIN,TE26,939,708
2026-08,WEEKDAY,11,TRAIN,DT21,8671,11942
2026-08,WEEKENDS/HOLIDAY,22,TRAIN,EW17,5840,12579
2026-08,WEEKENDS/HOLIDAY,22,TRAIN,CC31,363,1889
2026-08,WEEKDAY,8,TRAIN,CC12,32843,8341
2026-08,WEEKDAY,13,TRAIN,DT13,16096,12174
2026-08,WEEKENDS/HOLIDAY,20,TRAIN,CC16,2235,3276
2026-08,WEEKDAY,21,TRAIN,EW18,10337,17648
2026-08,WEEKDAY,10,TRAIN,NS27/CC33/TE20,2009,8010
2026-08,WEEKDAY,14,TRAIN,NS3,15190,17106
2026-08,WEEKENDS/HOLIDAY,11,TRAIN,PE5,4651,2277
2026-08,WEEKDAY,10,TRAIN,NE1/CC29,16217,80217
2026-08,WEEKENDS/HOLIDAY,23,TRAIN,NE7/DT12,5370,3638
2026-08,WEEKDAY,0,TRAIN,EW18,62,423
2026-08,WEEKENDS/HOLIDAY,22,TRAIN,DT27,2042,5248
2026-08,WEEKDAY,22,TRAIN,DT3,1374,6995
2026-08,WEEKENDS/HOLIDAY,21,TRAIN,NS13,22618,33139
2026-08,WEEKENDS/HOLIDAY,9,TRAIN,EW11,9474,9081
2026-08,WEEKENDS/HOLIDAY,0,TRAIN,SW2,28,147
2026-08,WEEKDAY,22,TRAIN,TE26,6769,6257
2026-08,WEEKDAY,10,TRAIN,PE2,6206,2208
2026-08,WEEKENDS/HOLIDAY,15,TRAIN,NE14,16124,16293
2026-08,WEEKENDS/HOLIDAY,12,TRAIN,BP4,1038,785
2026-08,WEEKENDS/HOLIDAY,7,TRAIN,NE5,1063,4525
2026-08,WEEKDAY,9,TRAIN,TE18,5862,26459
2026-08,WEEKENDS/HOLIDAY,16,TRAIN,NE7/DT12,24141,24836
2026-08,WEEKDAY,20,TRAIN,EW20,9682,14921
2026-08,WEEKDAY,7,TRAIN,NS17/CC15,91854,61608
2026-08,WEEKDAY,14,TRAIN,CC7,5976,5786
2026-08,WEEKDAY,0,TRAIN,NS28,2,11
2026-08,WEEKDAY,21,TRAIN,NE17/PTC,34079,45613
2026-08,WEEKENDS/HOLIDAY,18,TRAIN,DT34,3361,2723
2026-08,WEEKENDS/HOLIDAY,15,TRAIN,TE19,3233,2292
2026-08,WEEKDAY,6,TRAIN,EW5,37570,16838
2026-08,WEEKENDS/HOLIDAY,20,TRAIN,EW11,13789,11947
2026-08,WEEKDAY,20,TRAIN,TE3,7312,15821
2026-08,WEEKDAY,14,TRAIN,EW14/NS26,41860,49495
2026-08,WEEKENDS/HOLIDAY,10,TRAIN,EW2/DT32,31905,23990
2026-08,WEEKENDS/HOLIDAY,14,TRAIN,TE4,3573,2955
2026-08,WEEKDAY,5,TRAIN,NS14,15464,2797
2026-08,WEEKDAY,8,TRAIN,TE28,14456,4485
2026-08,WEEKENDS/HOLIDAY,10,TRAIN,SW3,1443,475
2026-08,WEEKDAY,14,TRAIN,TE22,2572,5293
2026-08,WEEKDAY,6,TRAIN,PE1,6632,1632
2026-08,WEEKDAY,16,TRAIN,PE3,8090,8474
2026-08,WEEKENDS/HOLIDAY,6,TRAIN,TE18,580,1169
2026-08,WEEKDAY,7,TRAIN,CC7,13729,12192
2026-08,WEEKENDS/HOLIDAY,16,TRAIN,DT29,3766,3873
2026-08,WEEKENDS/HOLIDAY,17,TRAIN,DT27,6612,5332
2026-08,WEEKENDS/HOLIDAY,16,TRAIN,BP10,1526,1752
2026-08,WEEKENDS/HOLIDAY,23,TRAIN,DT10,301,809
2026-08,WEEKDAY,21,TRAIN,NE15,9021,37017
2026-08,WEEKENDS/HOLIDAY,16,TRAIN,SW4,1694,2024
2026-08,WEEKENDS/HOLIDAY,5,TRAIN,PE7,366,5
2026-08,WEEKDAY,7,TRAIN,CC5,3352,6553
2026-08,WEEKDAY,15,TRAIN,SE2,3426,6058
2026-08,WEEKENDS/HOLIDAY,18,TRAIN,CC21,7406,9143
2026-08,WEEKDAY,14,TRAIN,SE2,3957,6046
2026-08,WEEKDAY,18,TRAIN,SW8,1229,2853
2026-08,WEEKDAY,9,TRAIN,SW3,3561,924
2026-08,WEEKENDS/HOLIDAY,18,TRAIN,EW6,6905,9445
2026-08,WEEKENDS/HOLIDAY,7,TRAIN,TE24,890,879
2026-08,WEEKENDS/HOLIDAY,22,TRAIN,DT24,938,3689
2026-08,WEEKENDS/HOLIDAY,16,TRAIN,NS5,14792,16567
2026-08,WEEKDAY,11,TRAIN,PE6,8312,6112
2026-08,WEEKDAY,8,TRAIN,DT27,20042,35706
2026-08,WEEKDAY,8,TRAIN,EW25,50860,12071
2026-08,WEEKDAY,0,TRAIN,DT29,53,714
2026-08,WEEKDAY,19,TRAIN,DT6,9759,11629
2026-08,WEEKDAY,9,TRAIN,CC26,4944,15023
2026-08,WEEKDAY,11,TRAIN,TE14/NS22,41218,92300
2026-08,WEEKDAY,23,TRAIN,PW5,160,1799
2026-08,WEEKENDS/HOLIDAY,9,TRAIN,PE5,4972,1415
2026-08,WEEKDAY,8,TRAIN,TE1,10161,35998
2026-08,WEEKDAY,19,TRAIN,CC23,42711,5839
2026-08,WEEKENDS/HOLIDAY,8,TRAIN,SW6,1640,548
2026-08,WEEKDAY,8,TRAIN,DT30,45779,5864
2026-08,WEEKDAY,15,TRAIN,TE18,13441,9887
2026-08,WEEKDAY,17,TRAIN,NS13,62505,112892
2026-08,WEEKDAY,22,TRAIN,EW8/CC9,31186,22451
2026-08,WEEKENDS/HOLIDAY,6,TRAIN,EW10,7517,1824
2026-08,WEEKENDS/HOLIDAY,12,TRAIN,TE16,5978,4644
2026-08,WEEKENDS/HOLIDAY,23,TRAIN,DT24,372,2265
2026-08,WEEKDAY,6,TRAIN,PE6,10706,2586
2026-08,WEEKDAY,13,TRAIN,NS10,29660,25458
2026-08,WEEKDAY,10,TRAIN,SE1,4775,1945
2026-08,WEEKDAY,17,TRAIN,NE5,34118,18134
2026-08,WEEKDAY,17,TRAIN,EW33,19069,11784
2026-08,WEEKENDS/HOLIDAY,17,TRAIN,DT17,4628,4173
2026-08,WEEKENDS/HOLIDAY,9,TRAIN,NS10,28160,12562
2026-08,WEEKDAY,9,TRAIN,EW31,1845,4729
2026-08,WEEKENDS/HOLIDAY,16,TRAIN,SW8,441,802
2026-08,WEEKDAY,20,TRAIN,EW4,10464,21906
2026-08,WEEKDAY,20,TRAIN,NS12,12603,32180
2026-08,WEEKENDS/HOLIDAY,18,TRAIN,BP5,1079,1322
2026-08,WEEKDAY,22,TRAIN,CC34/DT16,63132,16502
2026-08,WEEKDAY,19,TRAIN,DT8,6738,7359
2026-08,WEEKENDS/HOLIDAY,7,TRAIN,NS20,4734,13620
2026-08,WEEKDAY,22,TRAIN,CC20,1529,3504
2026-08,WEEKENDS/HOLIDAY,19,TRAIN,EW14/NS26,16596,15545
2026-08,WEEKENDS/HOLIDAY,5,TRAIN,CC3,17,3
2026-08,WEEKDAY,20,TRAIN,SW3,757,1128
2026-08,WEEKDAY,22,TRAIN,EW28,18514,29536
2026-08,WEEKENDS/HOLIDAY,6,TRAIN,NE4/DT19,2567,5433
2026-08,WEEKENDS/HOLIDAY,17,TRAIN,BP13,717,667
2026-08,WEEKDAY,9,TRAIN,EW4,25232,11504
2026-08,WEEKENDS/HOLIDAY,13,TRAIN,EW28,18073,12036
2026-08,WEEKENDS/HOLIDAY,6,TRAIN,CC23,183,1313
2026-08,WEEKDAY,5,TRAIN,CC32,10,4
2026-08,WEEKDAY,10,TRAIN,TE26,9977,13231
2026-08,WEEKDAY,21,TRAIN,DT6,4724,5271
2026-08,WEEKENDS/HOLIDAY,20,TRAIN,BP3,1042,2855
2026-08,WEEKENDS/HOLIDAY,18,TRAIN,NE16/STC,27344,35205
2026-08,WEEKENDS/HOLIDAY,8,TRAIN,DT6,2774,2905
2026-08,WEEKDAY,8,TRAIN,DT20,11761,18388
2026-08,WEEKENDS/HOLIDAY,17,TRAIN,EW27,36398,43061
2026-08,WEEKDAY,8,TRAIN,TE5,23312,9239
2026-08,WEEKDAY,19,TRAIN,NE10,21204,31349
2026-08,WEEKDAY,5,TRAIN,EW16/NE3/TE17,1665,255
2026-08,WEEKENDS/HOLIDAY,21,TRAIN,PE2,741,4326
2026-08,WEEKDAY,0,TRAIN,DT3,17,623
2026-08,WEEKENDS/HOLIDAY,19,TRAIN,DT10,1848,1733
2026-08,WEEKENDS/HOLIDAY,6,TRAIN,DT33,2202,675
2026-08,WEEKENDS/HOLIDAY,23,TRAIN,NS7,12679,12285
2026-08,WEEKENDS/HOLIDAY,22,TRAIN,NS14,9690,22496
2026-08,WEEKDAY,16,TRAIN,PE1,3414,4814
2026-08,WEEKDAY,8,TRAIN,NS25/EW13,11704,104179
2026-08,WEEKDAY,21,TRAIN,PE7,931,5545
2026-08,WEEKENDS/HOLIDAY,16,TRAIN,NS17/CC15,16772,12100
2026-08,WEEKDAY,7,TRAIN,TE24,5561,8553
2026-08,WEEKDAY,20,TRAIN,DT34,4169,7595
2026-08,WEEKDAY,22,TRAIN,DT20,6556,3799
2026-08,WEEKDAY,9,TRAIN,DT33,37491,6817
2026-08,WEEKDAY,18,TRAIN,DT27,39933,22024
2026-08,WEEKENDS/HOLIDAY,6,TRAIN,TE23,681,572
2026-08,WEEKDAY,22,TRAIN,CC6,8157,1099
2026-08,WEEKDAY,21,TRAIN,TE26,12264,8253
2026-08,WEEKENDS/HOLIDAY,22,TRAIN,NE9,4652,11106
2026-08,WEEKENDS/HOLIDAY,11,TRAIN,CC25,3833,1921
2026-08,WEEKDAY,21,TRAIN,SW7,333,3157
2026-08,WEEKENDS/HOLIDAY,12,TRAIN,NE14,20955,13696
2026-08,WEEKDAY,15,TRAIN,PW3,899,802
2026-08,WEEKENDS/HOLIDAY,20,TRAIN,CC28,1518,3532
2026-08,WEEKDAY,14,TRAIN,NS14,24094,23504
2026-08,WEEKENDS/HOLIDAY,7,TRAIN,PW6,543,78
2026-08,WEEKDAY,10,TRAIN,SW6,2315,1178
2026-08,WEEKDAY,22,TRAIN,SE5,502,2652
2026-08,WEEKENDS/HOLIDAY,22,TRAIN,EW2/DT32,14030,25070
2026-08,WEEKDAY,16,TRAIN,BP12,3187,2722
2026-08,WEEKDAY,5,TRAIN,EW17,4337,365
2026-08,WEEKDAY,22,TRAIN,PE1,674,4944
2026-08,WEEKENDS/HOLIDAY,9,TRAIN,CG1/DT35,1579,9656
2026-08,WEEKDAY,0,TRAIN,SW1,15,25
2026-08,WEEKDAY,17,TRAIN,CC17/TE9,19002,14623
2026-08,WEEKENDS/HOLIDAY,5,TRAIN,NS20,213,411
2026-08,WEEKDAY,16,TRAIN,TE26,14633,18132
2026-08,WEEKDAY,6,TRAIN,EW15,4473,27000
2026-08,WEEKDAY,19,TRAIN,TE25,2909,8041
2026-08,WEEKDAY,17,TRAIN,DT7,10903,7840
2026-08,WEEKDAY,23,TRAIN,EW4,1495,9217
2026-08,WEEKENDS/HOLIDAY,14,TRAIN,NE14,16716,15725
2026-08,WEEKENDS/HOLIDAY,10,TRAIN,NS12,15820,6206
2026-08,WEEKENDS/HOLIDAY,0,TRAIN,EW21/CC22,161,667
2026-08,WEEKENDS/HOLIDAY,7,TRAIN,NE8,12318,7490
2026-08,WEEKDAY,15,TRAIN,EW32,3077,1431
2026-08,WEEKDAY,0,TRAIN,CC25,25,206
2026-08,WEEKDAY,9,TRAIN,NS23,12870,54441
2026-08,WEEKENDS/HOLIDAY,11,TRAIN,CC28,3177,1654
2026-08,WEEKDAY,20,TRAIN,BP7,544,1343
2026-08,WEEKDAY,5,TRAIN,PE3,1706,335
2026-08,WEEKDAY,5,TRAIN,CC24,272,856
2026-08,WEEKENDS/HOLIDAY,18,TRAIN,EW21/CC22,14354,14172
2026-08,WEEKENDS/HOLIDAY,14,TRAIN,NE1/CC29,34418,48100
2026-08,WEEKDAY,14,TRAIN,CG1/DT35,10536,11584
2026-08,WEEKDAY,8,TRAIN,SE5,6585,1704
2026-08,WEEKDAY,5,TRAIN,PW1,61,128
2026-08,WEEKENDS/HOLIDAY,22,TRAIN,EW24/NS1,33769,15320
2026-08,WEEKENDS/HOLIDAY,5,TRAIN,NE14,1402,148
2026-08,WEEKENDS/HOLIDAY,21,TRAIN,EW9,12005,16909
2026-08,WEEKENDS/HOLIDAY,22,TRAIN,NS21/DT11,21939,24707
2026-08,WEEKDAY,11,TRAIN,CG2,16366,25699
2026-08,WEEKDAY,20,TRAIN,NE13,17963,30950
2026-08,WEEKENDS/HOLIDAY,16,TRAIN,EW14/NS26,15877,16801
2026-08,WEEKDAY,10,TRAIN,TE14/NS22,30915,94288
2026-08,WEEKDAY,11,TRAIN,EW1,27444,14533
2026-08,WEEKDAY,18,TRAIN,EW24/NS1,233759,169807
2026-08,WEEKDAY,7,TRAIN,NE10,30861,40467
2026-08,WEEKDAY,23,TRAIN,NE7/DT12,5380,5190
2026-08,WEEKDAY,6,TRAIN,PW2,8,117
2026-08,WEEKDAY,22,TRAIN,SW1,813,369
2026-08,WEEKDAY,12,TRAIN,NS12,16864,11290
2026-08,WEEKENDS/HOLIDAY,19,TRAIN,NE10,8021,9965
2026-08,WEEKDAY,20,TRAIN,SW4,1390,4043
2026-08,WEEKDAY,0,TRAIN,DT30,14,884
2026-08,WEEKENDS/HOLIDAY,10,TRAIN,EW25,8658,5528
2026-08,WEEKDAY,13,TRAIN,NS20,47520,50554
2026-08,WEEKDAY,17,TRAIN,TE26,20182,20405
2026-08,WEEKDAY,9,TRAIN,TE6,23440,5562
2026-08,WEEKENDS/HOLIDAY,15,TRAIN,TE28,2063,2837
2026-08,WEEKENDS/HOLIDAY,19,TRAIN,NE18,9630,8495
2026-08,WEEKDAY,12,TRAIN,DT29,6188,3913
2026-08,WEEKENDS/HOLIDAY,15,TRAIN,NS14,16872,14530
2026-08,WEEKENDS/HOLIDAY,8,TRAIN,EW25,8611,4636
2026-08,WEEKENDS/HOLIDAY,16,TRAIN,BP3,2099,2140
2026-08,WEEKENDS/HOLIDAY,23,TRAIN,BP2,75,503
2026-08,WEEKDAY,23,TRAIN,TE5,674,3330
2026-08,WEEKENDS/HOLIDAY,16,TRAIN,CC25,4026,2753
2026-08,WEEKENDS/HOLIDAY,19,TRAIN,DT22,11467,12828
2026-08,WEEKENDS/HOLIDAY,9,TRAIN,EW18,9405,8430
2026-08,WEEKENDS/HOLIDAY,5,TRAIN,DT25,25,0
2026-08,WEEKDAY,23,TRAIN,EW1,1565,16284
2026-08,WEEKENDS/HOLIDAY,12,TRAIN,SE2,4200,2837
2026-08,WEEKENDS/HOLIDAY,6,TRAIN,CC26,528,3667
2026-08,WEEKDAY,18,TRAIN,PW5,2459,6724
2026-08,WEEKDAY,19,TRAIN,CC30,258,161
2026-08,WEEKENDS/HOLIDAY,11,TRAIN,TE6,8859,3790
2026-08,WEEKENDS/HOLIDAY,9,TRAIN,EW23,26436,20736
2026-08,WEEKDAY,11,TRAIN,NE10,16905,11000
2026-08,WEEKENDS/HOLIDAY,22,TRAIN,PW5,404,2857
2026-08,WEEKDAY,21,TRAIN,PW5,953,5272
2026-08,WEEKDAY,16,TRAIN,BP4,15482,2521
2026-08,WEEKENDS/HOLIDAY,11,TRAIN,NS11,26712,14229
2026-08,WEEKENDS/HOLIDAY,10,TRAIN,EW29,4444,3651
2026-08,WEEKENDS/HOLIDAY,14,TRAIN,EW18,8940,9335
2026-08,WEEKENDS/HOLIDAY,5,TRAIN,NS8,2943,551
2026-08,WEEKENDS/HOLIDAY,14,TRAIN,TE25,1843,2115
2026-08,WEEKENDS/HOLIDAY,8,TRAIN,EW3,10170,5011
2026-08,WEEKDAY,21,TRAIN,SE2,1753,8168
2026-08,WEEKENDS/HOLIDAY,20,TRAIN,CC31,754,1981
2026-08,WEEKENDS/HOLIDAY,21,TRAIN,EW10,12450,9923
2026-08,WEEKENDS/HOLIDAY,18,TRAIN,DT18,3601,4911
2026-08,WEEKENDS/HOLIDAY,14,TRAIN,TE15,7637,7727
2026-08,WEEKDAY,18,TRAIN,EW10,18793,36088
2026-08,WEEKENDS/HOLIDAY,22,TRAIN,EW19,3015,8391
2026-08,WEEKDAY,22,TRAIN,TE8,6602,6501
2026-08,WEEKDAY,19,TRAIN,NS7,25553,47885
2026-08,WEEKENDS/HOLIDAY,13,TRAIN,CC31,1781,1920
2026-08,WEEKDAY,19,TRAIN,NS3,17523,47929
2026-08,WEEKDAY,15,TRAIN,DT27,7830,6869
2026-08,WEEKDAY,5,TRAIN,BP11,4047,273
2026-08,WEEKDAY,22,TRAIN,PE2,784,6583
2026-08,WEEKENDS/HOLIDAY,8,TRAIN,NE11,6313,5852
2026-08,WEEKENDS/HOLIDAY,20,TRAIN,BP5,663,1083
2026-08,WEEKDAY,6,TRAIN,NS9/TE2,87102,45302
2026-08,WEEKDAY,18,TRAIN,BP4,4251,5623
2026-08,WEEKENDS/HOLIDAY,21,TRAIN,EW25,4735,8891
2026-08,WEEKDAY,9,TRAIN,TE7,9459,9428
2026-08,WEEKENDS/HOLIDAY,11,TRAIN,PE3,5518,3427
2026-08,WEEKENDS/HOLIDAY,11,TRAIN,EW27,27244,22812
2026-08,WEEKENDS/HOLIDAY,8,TRAIN,CC20,2725,2417
2026-08,WEEKENDS/HOLIDAY,12,TRAIN,NE8,20296,27037
2026-08,WEEKDAY,7,TRAIN,EW26,135721,58737
2026-08,WEEKDAY,14,TRAIN,NS12,12636,18539
2026-08,WEEKDAY,21,TRAIN,EW3,10057,22530
2026-08,WEEKENDS/HOLIDAY,19,TRAIN,DT13,8668,6431
2026-08,WEEKENDS/HOLIDAY,10,TRAIN,TE26,7384,11937
2026-08,WEEKDAY,18,TRAIN,NS24/NE6/CC1,90346,73367
2026-08,WEEKDAY,5,TRAIN,NS4/BP1,15675,6727
2026-08,WEEKENDS/HOLIDAY,8,TRAIN,NS27/CC33/TE20,679,1497
2026-08,WEEKDAY,11,TRAIN,NE9,25654,15500
2026-08,WEEKENDS/HOLIDAY,13,TRAIN,EW16/NE3/TE17,16031,13874
2026-08,WEEKENDS/HOLIDAY,10,TRAIN,CC5,1765,2981
2026-08,WEEKENDS/HOLIDAY,21,TRAIN,NS20,17701,7812
2026-08,WEEKENDS/HOLIDAY,12,TRAIN,NS12,14694,8531
2026-08,WEEKENDS/HOLIDAY,15,TRAIN,DT21,6216,6570
2026-08,WEEKENDS/HOLIDAY,6,TRAIN,EW31,2785,3068
2026-08,WEEKDAY,21,TRAIN,EW33,2270,5928
2026-08,WEEKENDS/HOLIDAY,23,TRAIN,TE26,1760,1793
2026-08,WEEKDAY,16,TRAIN,EW11,19407,17587
2026-08,WEEKDAY,13,TRAIN,BP12,4202,2234
2026-08,WEEKDAY,13,TRAIN,NE18,11292,13306
2026-08,WEEKENDS/HOLIDAY,0,TRAIN,PW1,35,9
2026-08,WEEKDAY,7,TRAIN,BP10,12126,3175
2026-08,WEEKENDS/HOLIDAY,14,TRAIN,PW6,926,821
2026-08,WEEKDAY,15,TRAIN,EW20,11754,9973
2026-08,WEEKDAY,17,TRAIN,NS19,61989,61232
2026-08,WEEKDAY,7,TRAIN,EW28,132807,46341
2026-08,WEEKENDS/HOLIDAY,20,TRAIN,CC32,521,1247
2026-08,WEEKENDS/HOLIDAY,16,TRAIN,NS23,36421,33477
2026-08,WEEKENDS/HOLIDAY,8,TRAIN,NE12/CC13,26518,17002
2026-08,WEEKENDS/HOLIDAY,22,TRAIN,EW23,11165,21371
2026-08,WEEKDAY,0,TRAIN,NS2,466,2909
2026-08,WEEKENDS/HOLIDAY,6,TRAIN,SW6,651,139
2026-08,WEEKENDS/HOLIDAY,5,TRAIN,PW6,178,7
2026-08,WEEKENDS/HOLIDAY,9,TRAIN,EW10,8000,6051
2026-08,WEEKENDS/HOLIDAY,7,TRAIN,NS19,12833,7732
2026-08,WEEKDAY,10,TRAIN,CC7,4833,3190
2026-08,WEEKDAY,17,TRAIN,NS12,28611,39414
2026-08,WEEKDAY,21,TRAIN,NS5,13362,38670
2026-08,WEEKENDS/HOLIDAY,8,TRAIN,NE8,10237,12296
2026-08,WEEKENDS/HOLIDAY,14,TRAIN,CC20,2773,3064
2026-08,WEEKENDS/HOLIDAY,7,TRAIN,PE7,1638,336
2026-08,WEEKENDS/HOLIDAY,5,TRAIN,CC2,46,2
2026-08,WEEKENDS/HOLIDAY,21,TRAIN,SE1,774,3142
2026-08,WEEKDAY,0,TRAIN,DT31,46,819
2026-08,WEEKDAY,12,TRAIN,NS4/BP1,33015,30945
2026-08,WEEKENDS/HOLIDAY,8,TRAIN,EW32,3126,3521
2026-08,WEEKDAY,5,TRAIN,CC19/DT9,268,536
2026-08,WEEKENDS/HOLIDAY,12,TRAIN,PE6,6094,4518
2026-08,WEEKENDS/HOLIDAY,0,TRAIN,NS25/EW13,577,189
2026-08,WEEKENDS/HOLIDAY,11,TRAIN,NE18,8665,8661
2026-08,WEEKENDS/HOLIDAY,19,TRAIN,NS14,13336,21067
2026-08,WEEKDAY,12,TRAIN,PW3,836,608
2026-08,WEEKDAY,19,TRAIN,CC16,10208,13408
2026-08,WEEKENDS/HOLIDAY,20,TRAIN,TE1,2753,3388
2026-08,WEEKENDS/HOLIDAY,5,TRAIN,BP12,710,57
2026-08,WEEKDAY,9,TRAIN,PE3,10989,5049
2026-08,WEEKDAY,22,TRAIN,EW24/NS1,51665,23538
2026-08,WEEKDAY,14,TRAIN,CC10/DT26,12329,13934
2026-08,WEEKDAY,19,TRAIN,BP7,859,2207
2026-08,WEEKENDS/HOLIDAY,6,TRAIN,PE5,1662,281
2026-08,WEEKDAY,14,TRAIN,BP8,1832,1827
2026-08,WEEKENDS/HOLIDAY,19,TRAIN,EW3,8099,13126
2026-08,WEEKDAY,22,TRAIN,SW4,1024,3282
2026-08,WEEKENDS/HOLIDAY,12,TRAIN,BP9,2094,1406
2026-08,WEEKDAY,8,TRAIN,NS2,73389,38236
2026-08,WEEKDAY,11,TRAIN,EW12/DT14,39360,68894
2026-08,WEEKENDS/HOLIDAY,22,TRAIN,EW27,12592,29976
2026-08,WEEKDAY,23,TRAIN,NE16/STC,4033,22192
2026-08,WEEKENDS/HOLIDAY,19,TRAIN,TE28,2197,3560
2026-08,WEEKENDS/HOLIDAY,15,TRAIN,TE22,3465,7468
2026-08,WEEKDAY,5,TRAIN,CG2,8817,1002
2026-08,WEEKDAY,18,TRAIN,NS3,23760,63611
2026-08,WEEKENDS/HOLIDAY,9,TRAIN,DT6,3986,3039
2026-08,WEEKENDS/HOLIDAY,9,TRAIN,DT2,1742,937
2026-08,WEEKENDS/HOLIDAY,11,TRAIN,NE12/CC13,35601,33610
2026-08,WEEKENDS/HOLIDAY,13,TRAIN,DT34,2868,2154
2026-08,WEEKDAY,8,TRAIN,EW11,26103,45236
2026-08,WEEKENDS/HOLIDAY,6,TRAIN,PW4,1003,218
2026-08,WEEKENDS/HOLIDAY,14,TRAIN,DT27,5071,4235
2026-08,WEEKENDS/HOLIDAY,5,TRAIN,TE1,325,52
2026-08,WEEKENDS/HOLIDAY,20,TRAIN,NS21/DT11,28058,31596
2026-08,WEEKDAY,20,TRAIN,NE14,17607,47634
2026-08,WEEKDAY,23,TRAIN,SW2,261,693
2026-08,WEEKENDS/HOLIDAY,13,TRAIN,NS12,12435,10225
2026-08,WEEKENDS/HOLIDAY,17,TRAIN,EW28,22923,18614
2026-08,WEEKDAY,9,TRAIN,EW7,25558,13130
2026-08,WEEKENDS/HOLIDAY,13,TRAIN,SE1,2355,2467
2026-08,WEEKENDS/HOLIDAY,15,TRAIN,DT13,8381,8106
2026-08,WEEKENDS/HOLIDAY,13,TRAIN,TE27,3740,3758
2026-08,WEEKENDS/HOLIDAY,14,TRAIN,PW7,1900,2273
2026-08,WEEKENDS/HOLIDAY,12,TRAIN,BP10,2253,1726
2026-08,WEEKDAY,15,TRAIN,DT20,4391,5490
2026-08,WEEKENDS/HOLIDAY,18,TRAIN,CC20,3373,3420
2026-08,WEEKENDS/HOLIDAY,7,TRAIN,EW27,21839,19404
2026-08,WEEKDAY,20,TRAIN,CC20,3240,6361
2026-08,WEEKENDS/HOLIDAY,13,TRAIN,TE11,2635,2561
2026-08,WEEKENDS/HOLIDAY,5,TRAIN,CC12,198,12
2026-08,WEEKDAY,16,TRAIN,CC20,6592,7475
2026-08,WEEKDAY,18,TRAIN,TE7,19624,16403
2026-08,WEEKDAY,13,TRAIN,SW4,2096,3123
2026-08,WEEKENDS/HOLIDAY,21,TRAIN,TE6,2433,10080
2026-08,WEEKDAY,15,TRAIN,NE7/DT12,26317,24000
2026-08,WEEKENDS/HOLIDAY,16,TRAIN,NE12/CC13,40909,42781
2026-08,WEEKENDS/HOLIDAY,12,TRAIN,SE4,3081,2241
2026-08,WEEKENDS/HOLIDAY,21,TRAIN,EW31,1108,2571
2026-08,WEEKDAY,20,TRAIN,TE28,1778,6415
2026-08,WEEKENDS/HOLIDAY,15,TRAIN,PE2,3118,3242
2026-08,WEEKENDS/HOLIDAY,15,TRAIN,TE15,7777,7498
2026-08,WEEKENDS/HOLIDAY,12,TRAIN,EW24/NS1,36257,60087
2026-08,WEEKENDS/HOLIDAY,9,TRAIN,EW14/NS26,4436,16182
2026-08,WEEKENDS/HOLIDAY,13,TRAIN,NE11,11818,11426
2026-08,WEEKDAY,20,TRAIN,DT4,655,4034
2026-08,WEEKDAY,15,TRAIN,TE27,8040,6022
2026-08,WEEKENDS/HOLIDAY,11,TRAIN,NE16/STC,31844,21687
2026-08,WEEKENDS/HOLIDAY,23,TRAIN,DT18,2828,1174
2026-08,WEEKDAY,16,TRAIN,DT10,5559,3819
2026-08,WEEKDAY,0,TRAIN,EW4,98,2565
2026-08,WEEKDAY,7,TRAIN,EW14/NS26,5467,92992
2026-08,WEEKDAY,13,TRAIN,PE4,1597,1830
2026-08,WEEKDAY,9,TRAIN,TE13,5479,10216
2026-08,WEEKENDS/HOLIDAY,8,TRAIN,TE12,1310,4598
2026-08,WEEKDAY,13,TRAIN,NS5,23760,20268
2026-08,WEEKENDS/HOLIDAY,6,TRAIN,EW20,3558,2559
2026-08,WEEKENDS/HOLIDAY,21,TRAIN,PW1,1107,236
2026-08,WEEKDAY,20,TRAIN,NE4/DT19,84238,38075
2026-08,WEEKENDS/HOLIDAY,21,TRAIN,EW11,11813,11685
2026-08,WEEKDAY,19,TRAIN,CC3,15338,8017
2026-08,WEEKENDS/HOLIDAY,8,TRAIN,DT10,1786,1053
2026-08,WEEKENDS/HOLIDAY,23,TRAIN,NE5,6907,2654
2026-08,WEEKENDS/HOLIDAY,15,TRAIN,SW1,1400,575
2026-08,WEEKDAY,12,TRAIN,DT13,12364,17019
2026-08,WEEKDAY,7,TRAIN,NS15,37565,68389
2026-08,WEEKDAY,23,TRAIN,DT34,1184,2332
2026-08,WEEKENDS/HOLIDAY,13,TRAIN,CC17/TE9,3580,3410
2026-08,WEEKDAY,7,TRAIN,TE28,10730,6672
2026-08,WEEKDAY,16,TRAIN,BP8,2061,1930
2026-08,WEEKENDS/HOLIDAY,13,TRAIN,CC4/DT15,10821,22001
2026-08,WEEKENDS/HOLIDAY,15,TRAIN,CC24,8254,5654
2026-08,WEEKDAY,16,TRAIN,DT23,5483,3239
2026-08,WEEKDAY,18,TRAIN,SW3,1793,1512
2026-08,WEEKENDS/HOLIDAY,19,TRAIN,NS21/DT11,34060,36487
2026-08,WEEKENDS/HOLIDAY,5,TRAIN,DT10,13,0
2026-08,WEEKENDS/HOLIDAY,22,TRAIN,BP13,105,576
2026-08,WEEKDAY,13,TRAIN,BP11,3074,2913
2026-08,WEEKDAY,13,TRAIN,CC32,1587,2541
2026-08,WEEKDAY,7,TRAIN,NE13,51687,28098
2026-08,WEEKENDS/HOLIDAY,17,TRAIN,EW33,5458,3919
2026-08,WEEKDAY,5,TRAIN,TE8,604,335
2026-08,WEEKDAY,10,TRAIN,EW6,11230,6135
2026-08,WEEKENDS/HOLIDAY,13,TRAIN,DT8,2616,2153
2026-08,WEEKDAY,19,TRAIN,EW17,28306,52959
2026-08,WEEKENDS/HOLIDAY,10,TRAIN,TE27,4966,2393
2026-08,WEEKENDS/HOLIDAY,6,TRAIN,NE17/PTC,7439,2867
2026-08,WEEKDAY,9,TRAIN,CC28,8953,8277
2026-08,WEEKDAY,5,TRAIN,EW21/CC22,2277,1506
2026-08,WEEKENDS/HOLIDAY,0,TRAIN,CG1/DT35,13,304
2026-08,WEEKENDS/HOLIDAY,18,TRAIN,EW12/DT14,55367,44308
2026-08,WEEKDAY,19,TRAIN,CC2,8586,5092
2026-08,WEEKENDS/HOLIDAY,16,TRAIN,EW6,6533,7366
2026-08,WEEKDAY,11,TRAIN,EW30,1926,1161
2026-08,WEEKENDS/HOLIDAY,17,TRAIN,PW5,1752,2523
2026-08,WEEKDAY,0,TRAIN,DT13,191,571
2026-08,WEEKDAY,17,TRAIN,TE15,17304,17888
2026-08,WEEKDAY,8,TRAIN,SW5,11546,3255
2026-08,WEEKENDS/HOLIDAY,16,TRAIN,CC10/DT26,11835,9857
2026-08,WEEKDAY,22,TRAIN,TE19,6782,1345
2026-08,WEEKDAY,18,TRAIN,CG1/DT35,82524,13432
2026-08,WEEKENDS/HOLIDAY,6,TRAIN,NE10,3050,1755
2026-08,WEEKDAY,7,TRAIN,DT28,33596,28522
2026-08,WEEKENDS/HOLIDAY,5,TRAIN,NS25/EW13,203,174
2026-08,WEEKENDS/HOLIDAY,5,TRAIN,NS23,101,102
2026-08,WEEKDAY,10,TRAIN,DT29,8020,2588
2026-08,WEEKDAY,13,TRAIN,NE17/PTC,48552,48087
2026-08,WEEKENDS/HOLIDAY,18,TRAIN,BP2,1401,1642
2026-08,WEEKENDS/HOLIDAY,23,TRAIN,PW7,359,1015
2026-08,WEEKENDS/HOLIDAY,23,TRAIN,EW30,175,901
2026-08,WEEKENDS/HOLIDAY,7,TRAIN,DT30,1682,763
2026-08,WEEKENDS/HOLIDAY,5,TRAIN,PW4,504,25
2026-08,WEEKDAY,21,TRAIN,NE13,16668,26790
2026-08,WEEKENDS/HOLIDAY,18,TRAIN,NS11,22260,30537
2026-08,WEEKENDS/HOLIDAY,5,TRAIN,NE15,1138,43
2026-08,WEEKDAY,23,TRAIN,NE11,2140,4194
2026-08,WEEKDAY,0,TRAIN,DT8,11,219
2026-08,WEEKDAY,17,TRAIN,NS21/DT11,102221,100996
2026-08,WEEKENDS/HOLIDAY,18,TRAIN,CC14,4796,4161
2026-08,WEEKDAY,7,TRAIN,EW24/NS1,67115,174238
2026-08,WEEKDAY,14,TRAIN,SW3,1797,1451
2026-08,WEEKDAY,19,TRAIN,EW24/NS1,140696,104371
2026-08,WEEKDAY,13,TRAIN,EW8/CC9,51007,48139
2026-08,WEEKDAY,22,TRAIN,EW32,2273,2290
2026-08,WEEKENDS/HOLIDAY,16,TRAIN,BP4,981,850
2026-08,WEEKENDS/HOLIDAY,21,TRAIN,NS28,1209,561
2026-08,WEEKENDS/HOLIDAY,13,TRAIN,CG1/DT35,10487,15457
2026-08,WEEKENDS/HOLIDAY,5,TRAIN,NS11,6416,840
2026-08,WEEKENDS/HOLIDAY,21,TRAIN,TE18,7895,5370
2026-08,WEEKENDS/HOLIDAY,11,TRAIN,TE4,3323,3434
2026-08,WEEKDAY,6,TRAIN,TE27,6059,2306
2026-08,WEEKENDS/HOLIDAY,0,TRAIN,TE27,27,503
2026-08,WEEKENDS/HOLIDAY,23,TRAIN,TE12,422,335
2026-08,WEEKDAY,9,TRAIN,DT18,4678,86062
2026-08,WEEKDAY,9,TRAIN,NS7,43323,26660
2026-08,WEEKENDS/HOLIDAY,19,TRAIN,DT31,3576,5812
2026-08,WEEKENDS/HOLIDAY,14,TRAIN,NS5,14367,15016
2026-08,WEEKENDS/HOLIDAY,6,TRAIN,PE3,1099,425
2026-08,WEEKENDS/HOLIDAY,19,TRAIN,DT6,2997,3357
2026-08,WEEKENDS/HOLIDAY,12,TRAIN,DT18,3891,4659
2026-08,WEEKDAY,21,TRAIN,BP10,955,4007
2026-08,WEEKDAY,18,TRAIN,NS12,30805,72190
2026-08,WEEKDAY,0,TRAIN,TE28,10,429
2026-08,WEEKDAY,16,TRAIN,EW9,19964,17998
2026-08,WEEKDAY,22,TRAIN,EW25,3794,14478
2026-08,WEEKDAY,20,TRAIN,NS16,33254,61274
2026-08,WEEKDAY,17,TRAIN,EW11,38929,25092
2026-08,WEEKDAY,8,TRAIN,NS14,118187,29941
2026-08,WEEKENDS/HOLIDAY,12,TRAIN,NE10,11938,8195
2026-08,WEEKENDS/HOLIDAY,23,TRAIN,DT5,1085,4412
2026-08,WEEKDAY,17,TRAIN,SE5,3812,4181
2026-08,WEEKDAY,19,TRAIN,NE4/DT19,94804,60738
2026-08,WEEKDAY,22,TRAIN,NS18,4614,18996
2026-08,WEEKENDS/HOLIDAY,12,TRAIN,DT24,2780,1939
2026-08,WEEKENDS/HOLIDAY,23,TRAIN,TE29,290,1030
2026-08,WEEKDAY,11,TRAIN,CC14,8241,3317
2026-08,WEEKENDS/HOLIDAY,13,TRAIN,EW6,7238,6524
2026-08,WEEKDAY,14,TRAIN,SW5,6475,7376
2026-08,WEEKENDS/HOLIDAY,17,TRAIN,CC5,5503,7715
2026-08,WEEKENDS/HOLIDAY,22,TRAIN,PW4,1199,1763
2026-08,WEEKDAY,9,TRAIN,CC27,1800,49854
2026-08,WEEKDAY,22,TRAIN,NS27/CC33/TE20,3240,1576
2026-08,WEEKENDS/HOLIDAY,19,TRAIN,EW1,14068,21477
2026-08,WEEKDAY,13,TRAIN,CC34/DT16,27145,40455
2026-08,WEEKENDS/HOLIDAY,6,TRAIN,EW9,16155,3109
2026-08,WEEKENDS/HOLIDAY,12,TRAIN,CC11,8369,7738
2026-08,WEEKDAY,17,TRAIN,EW27,85024,109656
2026-08,WEEKENDS/HOLIDAY,14,TRAIN,EW8/CC9,39616,37691
2026-08,WEEKDAY,8,TRAIN,NS3,57304,17302
2026-08,WEEKDAY,17,TRAIN,EW23,91749,85227
2026-08,WEEKDAY,17,TRAIN,BP9,2484,3987
2026-08,WEEKDAY,6,TRAIN,NS18,19535,8170
2026-08,WEEKENDS/HOLIDAY,10,TRAIN,PW6,1414,496
2026-08,WEEKENDS/HOLIDAY,15,TRAIN,EW17,13439,14496
2026-08,WEEKDAY,14,TRAIN,CC21,11030,10350
2026-08,WEEKENDS/HOLIDAY,14,TRAIN,EW29,6559,5142
2026-08,WEEKENDS/HOLIDAY,9,TRAIN,PW1,367,2235
2026-08,WEEKDAY,20,TRAIN,NE18,15842,12290
2026-08,WEEKENDS/HOLIDAY,22,TRAIN,EW22,1114,3233
2026-08,WEEKENDS/HOLIDAY,21,TRAIN,CG1/DT35,16005,2908
2026-08,WEEKDAY,12,TRAIN,PE6,8737,6364
2026-08,WEEKDAY,0,TRAIN,TE16,96,432
2026-08,WEEKENDS/HOLIDAY,22,TRAIN,SW6,244,1706
2026-08,WEEKENDS/HOLIDAY,17,TRAIN,CC27,2127,1628
2026-08,WEEKDAY,15,TRAIN,PW2,124,123
2026-08,WEEKENDS/HOLIDAY,7,TRAIN,TE27,2445,973
2026-08,WEEKDAY,9,TRAIN,BP7,1412,786
2026-08,WEEKDAY,0,TRAIN,NS25/EW13,623,210
2026-08,WEEKDAY,12,TRAIN,CC4/DT15,20310,32309
2026-08,WEEKDAY,14,TRAIN,PW2,151,157
2026-08,WEEKENDS/HOLIDAY,10,TRAIN,NS23,7685,25236
2026-08,WEEKDAY,17,TRAIN,CC12,14693,14529
2026-08,WEEKENDS/HOLIDAY,9,TRAIN,DT3,5259,2394
2026-08,WEEKENDS/HOLIDAY,8,TRAIN,EW22,2768,2880
2026-08,WEEKDAY,9,TRAIN,NS9/TE2,66166,45748
2026-08,WEEKENDS/HOLIDAY,21,TRAIN,PW4,1734,2366
2026-08,WEEKENDS/HOLIDAY,18,TRAIN,SE1,2185,2796
2026-08,WEEKENDS/HOLIDAY,23,TRAIN,EW7,987,4649
2026-08,WEEKDAY,10,TRAIN,EW1,31077,12094
2026-08,WEEKDAY,17,TRAIN,TE18,23120,13686
2026-08,WEEKENDS/HOLIDAY,10,TRAIN,NS14,23812,11953
2026-08,WEEKENDS/HOLIDAY,12,TRAIN,TE7,5175,3303
2026-08,WEEKDAY,7,TRAIN,SW6,5742,8468
2026-08,WEEKDAY,9,TRAIN,EW22,7881,26140
2026-08,WEEKENDS/HOLIDAY,14,TRAIN,NS11,21787,21436
2026-08,WEEKDAY,14,TRAIN,EW4,14420,11409
2026-08,WEEKENDS/HOLIDAY,9,TRAIN,EW12/DT14,13146,31659
2026-08,WEEKENDS/HOLIDAY,6,TRAIN,BP6/DT1,5148,3340
2026-08,WEEKDAY,7,TRAIN,CC12,24357,25463
2026-08,WEEKDAY,5,TRAIN,CC11,1422,1106
2026-08,WEEKDAY,6,TRAIN,SW7,970,501
2026-08,WEEKDAY,15,TRAIN,TE26,13141,14826
2026-08,WEEKENDS/HOLIDAY,22,TRAIN,NE1/CC29,53589,8415
2026-08,WEEKENDS/HOLIDAY,11,TRAIN,NE1/CC29,16224,55046
2026-08,WEEKDAY,6,TRAIN,DT20,1426,3765
2026-08,WEEKENDS/HOLIDAY,15,TRAIN,NE5,9410,9465
2026-08,WEEKENDS/HOLIDAY,17,TRAIN,EW10,10204,13449
2026-08,WEEKENDS/HOLIDAY,8,TRAIN,TE15,2730,4091
2026-08,WEEKENDS/HOLIDAY,9,TRAIN,BP11,2909,1024
2026-08,WEEKENDS/HOLIDAY,12,TRAIN,EW12/DT14,34078,58424
2026-08,WEEKENDS/HOLIDAY,18,TRAIN,NS2,15950,22277
2026-08,WEEKENDS/HOLIDAY,17,TRAIN,BP11,1929,1973
2026-08,WEEKENDS/HOLIDAY,12,TRAIN,EW30,1786,822
2026-08,WEEKDAY,21,TRAIN,NS9/TE2,42892,74319
2026-08,WEEKDAY,17,TRAIN,EW5,49581,57203
2026-08,WEEKENDS/HOLIDAY,19,TRAIN,NE1/CC29,60938,27983
2026-08,WEEKDAY,12,TRAIN,BP4,6120,7442
2026-08,WEEKENDS/HOLIDAY,8,TRAIN,TE16,3881,2636
2026-08,WEEKDAY,8,TRAIN,NE4/DT19,25831,82783
2026-08,WEEKDAY,5,TRAIN,NS19,6356,2723
2026-08,WEEKENDS/HOLIDAY,9,TRAIN,CC27,553,2022
2026-08,WEEKDAY,16,TRAIN,TE5,5414,7689
2026-08,WEEKENDS/HOLIDAY,19,TRAIN,BP8,986,1019
2026-08,WEEKENDS/HOLIDAY,22,TRAIN,SW5,1643,3236
2026-08,WEEKDAY,22,TRAIN,TE15,7592,4361
2026-08,WEEKENDS/HOLIDAY,22,TRAIN,NE8,24975,12417
2026-08,WEEKENDS/HOLIDAY,23,TRAIN,CC34/DT16,28931,5446
2026-08,WEEKENDS/HOLIDAY,14,TRAIN,NS25/EW13,40974,47326
2026-08,WEEKENDS/HOLIDAY,21,TRAIN,PW6,205,931
2026-08,WEEKDAY,6,TRAIN,NE9,27273,18165
2026-08,WEEKENDS/HOLIDAY,7,TRAIN,BP10,1661,690
2026-08,WEEKDAY,20,TRAIN,EW24/NS1,119412,51512
2026-08,WEEKDAY,7,TRAIN,CC25,11689,15570
2026-08,WEEKENDS/HOLIDAY,15,TRAIN,NE1/CC29,42281,44309
2026-08,WEEKDAY,19,TRAIN,DT29,6678,19020
2026-08,WEEKENDS/HOLIDAY,15,TRAIN,TE24,2023,2229
2026-08,WEEKENDS/HOLIDAY,5,TRAIN,SE5,290,66
2026-08,WEEKENDS/HOLIDAY,20,TRAIN,TE23,10917,4400
2026-08,WEEKENDS/HOLIDAY,22,TRAIN,TE7,803,2863
2026-08,WEEKDAY,20,TRAIN,EW25,8001,22542
2026-08,WEEKENDS/HOLIDAY,14,TRAIN,DT10,2459,1553
2026-08,WEEKDAY,17,TRAIN,NS14,41805,60543
2026-08,WEEKENDS/HOLIDAY,7,TRAIN,EW33,4716,4848
2026-08,WEEKENDS/HOLIDAY,14,TRAIN,DT5,11820,9023
2026-08,WEEKENDS/HOLIDAY,14,TRAIN,NE8,24382,27047
2026-08,WEEKDAY,8,TRAIN,SW1,4166,2412
2026-08,WEEKENDS/HOLIDAY,8,TRAIN,SE1,2974,1232
2026-08,WEEKENDS/HOLIDAY,20,TRAIN,TE27,1959,4613
2026-08,WEEKDAY,5,TRAIN,DT21,64,0
2026-08,WEEKDAY,22,TRAIN,NS21/DT11,36312,41704
2026-08,WEEKENDS/HOLIDAY,5,TRAIN,EW33,1986,159
2026-08,WEEKDAY,9,TRAIN,EW32,1709,5225
2026-08,WEEKENDS/HOLIDAY,7,TRAIN,CC21,1378,2567
2026-08,WEEKENDS/HOLIDAY,11,TRAIN,NS8,11444,6532
2026-08,WEEKDAY,9,TRAIN,EW26,52284,14300
2026-08,WEEKENDS/HOLIDAY,8,TRAIN,CC28,2313,1473
2026-08,WEEKDAY,22,TRAIN,CC7,3650,6334
2026-08,WEEKENDS/HOLIDAY,12,TRAIN,BP3,2604,1688
2026-08,WEEKENDS/HOLIDAY,11,TRAIN,PE6,5821,4088
2026-08,WEEKDAY,14,TRAIN,PW6,1481,2165
2026-08,WEEKDAY,21,TRAIN,EW8/CC9,58724,30671
2026-08,WEEKENDS/HOLIDAY,9,TRAIN,PW2,148,178
2026-08,WEEKDAY,6,TRAIN,EW23,53479,49659
2026-08,WEEKENDS/HOLIDAY,19,TRAIN,CC14,2998,3824
2026-08,WEEKDAY,15,TRAIN,TE13,5293,5580
2026-08,WEEKDAY,10,TRAIN,DT7,2978,2900
2026-08,WEEKENDS/HOLIDAY,13,TRAIN,NE14,19095,15073
2026-08,WEEKDAY,17,TRAIN,PW2,222,234
2026-08,WEEKDAY,15,TRAIN,CC6,4789,7119
2026-08,WEEKENDS/HOLIDAY,0,TRAIN,TE18,224,313
2026-08,WEEKENDS/HOLIDAY,20,TRAIN,CC27,1388,750
2026-08,WEEKDAY,8,TRAIN,NS4/BP1,81185,38444
2026-08,WEEKENDS/HOLIDAY,21,TRAIN,CC5,7210,2971
2026-08,WEEKENDS/HOLIDAY,5,TRAIN,DT2,26,8
2026-08,WEEKDAY,7,TRAIN,BP11,18842,2203
2026-08,WEEKDAY,16,TRAIN,EW25,10397,13141
2026-08,WEEKENDS/HOLIDAY,16,TRAIN,SW6,1125,1557
2026-08,WEEKENDS/HOLIDAY,11,TRAIN,CC6,6750,9647
2026-08,WEEKDAY,19,TRAIN,PW1,2727,2443
2026-08,WEEKDAY,20,TRAIN,NS20,45243,18017
2026-08,WEEKDAY,15,TRAIN,TE7,5822,6195
2026-08,WEEKDAY,14,TRAIN,DT5,12130,14900
2026-08,WEEKENDS/HOLIDAY,5,TRAIN,EW30,337,271
2026-08,WEEKENDS/HOLIDAY,15,TRAIN,NS8,8721,7900
2026-08,WEEKDAY,21,TRAIN,SW4,1005,3837
2026-08,WEEKENDS/HOLIDAY,14,TRAIN,NS4/BP1,20962,22596
2026-08,WEEKENDS/HOLIDAY,18,TRAIN,DT6,4495,3696
2026-08,WEEKDAY,16,TRAIN,DT3,7244,7312
2026-08,WEEKENDS/HOLIDAY,8,TRAIN,CC21,2665,4395
2026-08,WEEKDAY,21,TRAIN,TE28,1545,5235
2026-08,WEEKENDS/HOLIDAY,10,TRAIN,DT6,4119,2870
2026-08,WEEKENDS/HOLIDAY,10,TRAIN,CC32,800,470
2026-08,WEEKDAY,16,TRAIN,CC19/DT9,8238,7747
2026-08,WEEKENDS/HOLIDAY,14,TRAIN,NS18,7914,7254
2026-08,WEEKENDS/HOLIDAY,12,TRAIN,DT2,2291,938
2026-08,WEEKDAY,17,TRAIN,PE7,4268,7238
2026-08,WEEKENDS/HOLIDAY,5,TRAIN,EW4,1261,88
2026-08,WEEKDAY,15,TRAIN,CC14,13920,7848
2026-08,WEEKDAY,17,TRAIN,PW6,2087,2482
2026-08,WEEKDAY,9,TRAIN,TE4,5184,6184
2026-08,WEEKENDS/HOLIDAY,22,TRAIN,TE28,1070,2312
2026-08,WEEKENDS/HOLIDAY,18,TRAIN,NE8,30978,40759
2026-08,WEEKDAY,0,TRAIN,BP6/DT1,0,4493
2026-08,WEEKDAY,5,TRAIN,EW7,3566,742
2026-08,WEEKDAY,22,TRAIN,CC16,3603,4802
2026-08,WEEKENDS/HOLIDAY,9,TRAIN,NE10,9415,6659
2026-08,WEEKDAY,7,TRAIN,DT18,1820,27805
2026-08,WEEKDAY,11,TRAIN,NE1/CC29,21564,74469
2026-08,WEEKDAY,9,TRAIN,EW15,14475,168761
2026-08,WEEKDAY,21,TRAIN,CC28,1975,6269
2026-08,WEEKDAY,10,TRAIN,NE9,25100,17751
2026-08,WEEKENDS/HOLIDAY,8,TRAIN,NE16/STC,24098,9966
2026-08,WEEKDAY,9,TRAIN,BP13,1918,695
2026-08,WEEKENDS/HOLIDAY,19,TRAIN,TE16,5276,5175
2026-08,WEEKENDS/HOLIDAY,21,TRAIN,CC28,984,3970
2026-08,WEEKDAY,6,TRAIN,NS25/EW13,2216,16072
2026-08,WEEKDAY,9,TRAIN,CC12,16916,4821
2026-08,WEEKDAY,19,TRAIN,BP12,1897,6456
2026-08,WEEKDAY,7,TRAIN,EW12/DT14,21673,47840
2026-08,WEEKDAY,15,TRAIN,EW15,30297,19369
2026-08,WEEKDAY,9,TRAIN,NE14,62270,16574
2026-08,WEEKENDS/HOLIDAY,5,TRAIN,EW1,2362,170
2026-08,WEEKENDS/HOLIDAY,0,TRAIN,EW23,322,1591
2026-08,WEEKDAY,23,TRAIN,BP2,98,845
2026-08,WEEKDAY,22,TRAIN,TE23,1057,2143
2026-08,WEEKDAY,21,TRAIN,NE5,27208,10788
2026-08,WEEKDAY,20,TRAIN,EW7,7248,24682
2026-08,WEEKDAY,20,TRAIN,TE7,3589,7846
2026-08,WEEKENDS/HOLIDAY,16,TRAIN,PW4,3317,3132
2026-08,WEEKDAY,10,TRAIN,NS4/BP1,30428,22720
2026-08,WEEKDAY,12,TRAIN,CC28,4235,3361
2026-08,WEEKENDS/HOLIDAY,21,TRAIN,DT27,2690,5873
2026-08,WEEKDAY,15,TRAIN,CC31,1899,2284
2026-08,WEEKDAY,21,TRAIN,EW28,23032,38269
2026-08,WEEKDAY,5,TRAIN,CC4/DT15,227,282
2026-08,WEEKDAY,18,TRAIN,TE11,11098,11631
2026-08,WEEKDAY,23,TRAIN,BP12,94,888
2026-08,WEEKENDS/HOLIDAY,20,TRAIN,NE1/CC29,66689,17961
2026-08,WEEKDAY,5,TRAIN,EW10,3486,428
2026-08,WEEKENDS/HOLIDAY,17,TRAIN,TE14/NS22,80946,56938
2026-08,WEEKENDS/HOLIDAY,13,TRAIN,PE2,3511,3233
2026-08,WEEKDAY,18,TRAIN,PE4,2257,3873
2026-08,WEEKDAY,5,TRAIN,TE14/NS22,772,1319
2026-08,WEEKDAY,14,TRAIN,EW31,1776,1025
2026-08,WEEKENDS/HOLIDAY,23,TRAIN,DT2,89,537
2026-08,WEEKENDS/HOLIDAY,17,TRAIN,CC34/DT16,40905,39115
2026-08,WEEKENDS/HOLIDAY,15,TRAIN,PW5,1613,1772
2026-08,WEEKDAY,11,TRAIN,BP6/DT1,29721,25558
2026-08,WEEKDAY,8,TRAIN,DT4,9662,1113
2026-08,WEEKENDS/HOLIDAY,6,TRAIN,TE12,218,1713
2026-08,WEEKENDS/HOLIDAY,19,TRAIN,EW26,15247,23972
2026-08,WEEKDAY,19,TRAIN,PE2,3872,14189
2026-08,WEEKENDS/HOLIDAY,16,TRAIN,EW3,10149,10980
2026-08,WEEKDAY,19,TRAIN,BP8,2495,3579
2026-08,WEEKENDS/HOLIDAY,5,TRAIN,BP9,359,323
2026-08,WEEKDAY,22,TRAIN,NE9,8180,20033
2026-08,WEEKDAY,15,TRAIN,TE16,6160,7205
2026-08,WEEKENDS/HOLIDAY,9,TRAIN,CC17/TE9,4266,2883
2026-08,WEEKENDS/HOLIDAY,12,TRAIN,CC20,4195,2855
2026-08,WEEKENDS/HOLIDAY,13,TRAIN,TE12,3629,2686
2026-08,WEEKENDS/HOLIDAY,20,TRAIN,NE8,35727,26033
2026-08,WEEKDAY,11,TRAIN,EW20,11683,8100
2026-08,WEEKDAY,21,TRAIN,CC32,1223,1796
2026-08,WEEKENDS/HOLIDAY,8,TRAIN,NS18,9664,4229
2026-08,WEEKDAY,11,TRAIN,BP7,920,776
2026-08,WEEKENDS/HOLIDAY,19,TRAIN,CC25,4893,3606
2026-08,WEEKENDS/HOLIDAY,18,TRAIN,DT33,9397,10434
2026-08,WEEKDAY,6,TRAIN,NE18,15159,4962
2026-08,WEEKDAY,0,TRAIN,PE6,72,588
2026-08,WEEKENDS/HOLIDAY,15,TRAIN,CC11,9959,6522
2026-08,WEEKENDS/HOLIDAY,8,TRAIN,EW5,17959,10348
2026-08,WEEKENDS/HOLIDAY,21,TRAIN,EW20,3185,7196
2026-08,WEEKDAY,13,TRAIN,SW2,4824,2916
2026-08,WEEKDAY,15,TRAIN,EW3,16148,18024
2026-08,WEEKDAY,12,TRAIN,NS8,17180,10104
2026-08,WEEKDAY,13,TRAIN,BP7,1034,922
2026-08,WEEKENDS/HOLIDAY,9,TRAIN,NS18,11677,4146
2026-08,WEEKENDS/HOLIDAY,20,TRAIN,SW3,471,935
2026-08,WEEKENDS/HOLIDAY,0,TRAIN,NE14,71,1857
2026-08,WEEKENDS/HOLIDAY,14,TRAIN,TE27,3398,3711
2026-08,WEEKDAY,17,TRAIN,TE11,8396,7846
2026-08,WEEKDAY,21,TRAIN,DT28,4830,14899
2026-08,WEEKDAY,23,TRAIN,CC14,612,2105
2026-08,WEEKDAY,17,TRAIN,NS23,63822,51733
2026-08,WEEKDAY,6,TRAIN,TE6,21353,6426
2026-08,WEEKDAY,23,TRAIN,TE24,300,1061
2026-08,WEEKDAY,14,TRAIN,BP2,1842,2409
2026-08,WEEKENDS/HOLIDAY,5,TRAIN,NS16,4490,610
2026-08,WEEKDAY,10,TRAIN,SW2,3524,2041
2026-08,WEEKDAY,17,TRAIN,CC16,20314,10800
2026-08,WEEKDAY,0,TRAIN,TE15,108,297
2026-08,WEEKENDS/HOLIDAY,14,TRAIN,SE5,1570,1712
2026-08,WEEKDAY,6,TRAIN,NE10,14763,10477
2026-08,WEEKDAY,11,TRAIN,CC23,12027,12344
2026-08,WEEKENDS/HOLIDAY,17,TRAIN,BP2,1483,1368
2026-08,WEEKENDS/HOLIDAY,19,TRAIN,DT18,4177,4096
2026-08,WEEKENDS/HOLIDAY,10,TRAIN,EW11,11054,10146
2026-08,WEEKENDS/HOLIDAY,19,TRAIN,BP10,1105,2272
2026-08,WEEKDAY,9,TRAIN,SW1,3089,1957
2026-08,WEEKDAY,5,TRAIN,TE22,21,0
2026-08,WEEKDAY,11,TRAIN,EW21/CC22,22972,20828
2026-08,WEEKDAY,9,TRAIN,PW2,185,303
2026-08,WEEKDAY,14,TRAIN,SW7,1361,2210
2026-08,WEEKDAY,19,TRAIN,BP5,2135,3600
2026-08,WEEKENDS/HOLIDAY,6,TRAIN,EW14/NS26,1500,5259
2026-08,WEEKDAY,21,TRAIN,NS16,29785,56032
2026-08,WEEKDAY,23,TRAIN,DT30,687,6008
2026-08,WEEKDAY,17,TRAIN,DT23,16233,5573
2026-08,WEEKENDS/HOLIDAY,17,TRAIN,EW30,4675,1055
2026-08,WEEKENDS/HOLIDAY,10,TRAIN,EW22,3620,2653
2026-08,WEEKENDS/HOLIDAY,22,TRAIN,BP2,269,1600
2026-08,WEEKDAY,22,TRAIN,TE7,1426,5391
2026-08,WEEKDAY,22,TRAIN,CC12,1830,7255
2026-08,WEEKDAY,15,TRAIN,PE3,8859,8381
2026-08,WEEKENDS/HOLIDAY,16,TRAIN,CG1/DT35,16067,15143
2026-08,WEEKENDS/HOLIDAY,11,TRAIN,EW17,14998,13534
2026-08,WEEKENDS/HOLIDAY,6,TRAIN,NE15,5349,1257
2026-08,WEEKENDS/HOLIDAY,18,TRAIN,SE3,1526,2138
2026-08,WEEKDAY,9,TRAIN,NS20,28208,84130
2026-08,WEEKDAY,5,TRAIN,DT5,1774,295
2026-08,WEEKDAY,11,TRAIN,DT33,15114,5293
2026-08,WEEKDAY,0,TRAIN,DT7,11,216
2026-08,WEEKDAY,8,TRAIN,SW7,868,1072
2026-08,WEEKDAY,16,TRAIN,EW2/DT32,51066,67787
2026-08,WEEKENDS/HOLIDAY,0,TRAIN,EW7,83,738
2026-08,WEEKDAY,22,TRAIN,NS20,15214,9344
2026-08,WEEKDAY,12,TRAIN,PW6,1723,1058
2026-08,WEEKDAY,18,TRAIN,SW6,2935,7727
2026-08,WEEKENDS/HOLIDAY,22,TRAIN,NE12/CC13,17746,29690
2026-08,WEEKDAY,20,TRAIN,BP4,1900,2771
2026-08,WEEKENDS/HOLIDAY,13,TRAIN,TE22,2446,5281
2026-08,WEEKDAY,20,TRAIN,CC3,12885,3479
2026-08,WEEKDAY,10,TRAIN,CC11,5885,20276
2026-08,WEEKENDS/HOLIDAY,9,TRAIN,SW1,1190,502
2026-08,WEEKDAY,16,TRAIN,CC28,3620,5024
2026-08,WEEKDAY,12,TRAIN,CC6,7071,6499
2026-08,WEEKDAY,18,TRAIN,NS19,85189,94564
2026-08,WEEKENDS/HOLIDAY,18,TRAIN,BP10,1569,2320
2026-08,WEEKENDS/HOLIDAY,13,TRAIN,DT23,1977,2274
2026-08,WEEKENDS/HOLIDAY,11,TRAIN,CC4/DT15,4857,18361
2026-08,WEEKENDS/HOLIDAY,23,TRAIN,CC31,197,860
2026-08,WEEKDAY,8,TRAIN,NS24/NE6/CC1,28501,61996
2026-08,WEEKENDS/HOLIDAY,10,TRAIN,BP2,2127,797
2026-08,WEEKENDS/HOLIDAY,19,TRAIN,TE13,2719,2466
2026-08,WEEKENDS/HOLIDAY,6,TRAIN,NS4/BP1,14312,6599
2026-08,WEEKENDS/HOLIDAY,23,TRAIN,NS8,3355,5020
2026-08,WEEKDAY,7,TRAIN,EW8/CC9,47978,56717
2026-08,WEEKENDS/HOLIDAY,19,TRAIN,DT3,2462,4654
2026-08,WEEKDAY,16,TRAIN,NS7,18525,25372
2026-08,WEEKENDS/HOLIDAY,20,TRAIN,EW18,5889,9336
2026-08,WEEKENDS/HOLIDAY,8,TRAIN,NS25/EW13,4095,27000
2026-08,WEEKENDS/HOLIDAY,14,TRAIN,BP13,578,708
2026-08,WEEKENDS/HOLIDAY,23,TRAIN,NS17/CC15,2822,7108
2026-08,WEEKENDS/HOLIDAY,16,TRAIN,NS4/BP1,20855,24200
2026-08,WEEKENDS/HOLIDAY,20,TRAIN,DT5,6412,9373
2026-08,WEEKENDS/HOLIDAY,8,TRAIN,SW2,2270,1455
2026-08,WEEKDAY,14,TRAIN,CG2,25846,23596
2026-08,WEEKENDS/HOLIDAY,11,TRAIN,DT3,6167,2440
2026-08,WEEKENDS/HOLIDAY,21,TRAIN,NE15,4712,19578
2026-08,WEEKDAY,5,TRAIN,EW8/CC9,3119,1445
2026-08,WEEKENDS/HOLIDAY,23,TRAIN,NS19,2598,10348
2026-08,WEEKDAY,14,TRAIN,CC26,3071,4294
2026-08,WEEKENDS/HOLIDAY,0,TRAIN,PW5,16,533
2026-08,WEEKENDS/HOLIDAY,9,TRAIN,TE8,5084,7563
2026-08,WEEKENDS/HOLIDAY,15,TRAIN,NE16/STC,28052,28302
2026-08,WEEKENDS/HOLIDAY,18,TRAIN,NE13,15859,16609
2026-08,WEEKENDS/HOLIDAY,10,TRAIN,EW20,8080,5909
2026-08,WEEKDAY,20,TRAIN,TE18,18400,8370
2026-08,WEEKENDS/HOLIDAY,13,TRAIN,BP9,1621,1183
2026-08,WEEKDAY,13,TRAIN,NS2,23351,23252
2026-08,WEEKENDS/HOLIDAY,17,TRAIN,EW2/DT32,37999,43141
2026-08,WEEKENDS/HOLIDAY,21,TRAIN,TE4,2763,2940
2026-08,WEEKDAY,16,TRAIN,CC25,8932,5809
2026-08,WEEKDAY,14,TRAIN,DT29,5034,4959
2026-08,WEEKDAY,6,TRAIN,DT4,2999,317
2026-08,WEEKDAY,5,TRAIN,EW1,10182,531
2026-08,WEEKDAY,13,TRAIN,CC30,144,139
2026-08,WEEKENDS/HOLIDAY,8,TRAIN,SE4,2408,1562
2026-08,WEEKDAY,10,TRAIN,EW11,19574,17669
2026-08,WEEKDAY,10,TRAIN,PW4,3531,2237
2026-08,WEEKDAY,18,TRAIN,NE13,36192,65639
2026-08,WEEKDAY,14,TRAIN,TE16,6368,7328
2026-08,WEEKENDS/HOLIDAY,12,TRAIN,EW8/CC9,37887,41812
2026-08,WEEKDAY,16,TRAIN,CC12,10504,8387
2026-08,WEEKDAY,11,TRAIN,CC4/DT15,14267,26542
2026-08,WEEKENDS/HOLIDAY,17,TRAIN,TE19,3651,2463
2026-08,WEEKDAY,10,TRAIN,CC3,2461,12269
2026-08,WEEKDAY,0,TRAIN,EW11,190,677
2026-08,WEEKENDS/HOLIDAY,20,TRAIN,NS27/CC33/TE20,3336,4168
2026-08,WEEKDAY,7,TRAIN,EW31,4529,33653
2026-08,WEEKDAY,18,TRAIN,DT31,13694,37149
2026-08,WEEKDAY,14,TRAIN,PW7,3270,3785
2026-08,WEEKENDS/HOLIDAY,7,TRAIN,SW2,1272,543
2026-08,WEEKDAY,16,TRAIN,SW3,1845,1561
2026-08,WEEKDAY,17,TRAIN,PW4,4901,7762
2026-08,WEEKENDS/HOLIDAY,0,TRAIN,TE11,66,266
2026-08,WEEKENDS/HOLIDAY,19,TRAIN,BP7,497,728
2026-08,WEEKENDS/HOLIDAY,10,TRAIN,TE11,2728,1755
2026-08,WEEKENDS/HOLIDAY,8,TRAIN,TE8,3965,5867
2026-08,WEEKENDS/HOLIDAY,12,TRAIN,NS24/NE6/CC1,19518,28930
2026-08,WEEKENDS/HOLIDAY,12,TRAIN,CC34/DT16,14878,33320
2026-08,WEEKENDS/HOLIDAY,19,TRAIN,SE2,1929,4065
2026-08,WEEKENDS/HOLIDAY,23,TRAIN,EW9,4568,7404
2026-08,WEEKENDS/HOLIDAY,0,TRAIN,NS5,343,3566
2026-08,WEEKDAY,21,TRAIN,CC2,6389,3021
2026-08,WEEKDAY,10,TRAIN,EW15,15084,68368
2026-08,WEEKDAY,8,TRAIN,NE1/CC29,30925,107581
2026-08,WEEKDAY,14,TRAIN,CC12,12725,8538
2026-08,WEEKDAY,20,TRAIN,NE17/PTC,39084,61878
2026-08,WEEKENDS/HOLIDAY,18,TRAIN,NS19,22544,24417
2026-08,WEEKENDS/HOLIDAY,23,TRAIN,EW8/CC9,7232,6637
2026-08,WEEKDAY,5,TRAIN,TE29,362,2
2026-08,WEEKDAY,11,TRAIN,PW6,1588,936
2026-08,WEEKENDS/HOLIDAY,16,TRAIN,DT5,11480,9896
2026-08,WEEKDAY,8,TRAIN,NE18,22011,33401
2026-08,WEEKENDS/HOLIDAY,6,TRAIN,TE7,1174,621
2026-08,WEEKDAY,6,TRAIN,EW21/CC22,13437,19547
2026-08,WEEKENDS/HOLIDAY,5,TRAIN,CG1/DT35,230,84
2026-08,WEEKENDS/HOLIDAY,13,TRAIN,TE24,2091,2121
2026-08,WEEKENDS/HOLIDAY,9,TRAIN,SW7,986,446
2026-08,WEEKENDS/HOLIDAY,8,TRAIN,TE23,1761,1363
2026-08,WEEKDAY,8,TRAIN,SW2,8398,2072
2026-08,WEEKDAY,9,TRAIN,EW29,4007,16929
2026-08,WEEKENDS/HOLIDAY,23,TRAIN,SE2,230,1963
2026-08,WEEKDAY,13,TRAIN,NS11,29927,28497
2026-08,WEEKDAY,15,TRAIN,DT13,10943,9911
2026-08,WEEKENDS/HOLIDAY,18,TRAIN,EW23,31846,34584
2026-08,WEEKDAY,19,TRAIN,TE14/NS22,113649,70367
2026-08,WEEKENDS/HOLIDAY,16,TRAIN,TE16,5641,5458
2026-08,WEEKENDS/HOLIDAY,14,TRAIN,CC28,2518,2460
2026-08,WEEKENDS/HOLIDAY,6,TRAIN,NS7,21175,11479
2026-08,WEEKENDS/HOLIDAY,15,TRAIN,DT31,4451,4387
2026-08,WEEKDAY,14,TRAIN,EW1,24170,26717
2026-08,WEEKENDS/HOLIDAY,22,TRAIN,NS15,2827,6474
2026-08,WEEKDAY,19,TRAIN,CC17/TE9,8293,14622
2026-08,WEEKDAY,17,TRAIN,BP6/DT1,45027,76705
2026-08,WEEKENDS/HOLIDAY,10,TRAIN,PW1,914,2947
2026-08,WEEKENDS/HOLIDAY,15,TRAIN,BP10,1546,1747
2026-08,WEEKENDS/HOLIDAY,13,TRAIN,CC25,3561,2517
2026-08,WEEKENDS/HOLIDAY,22,TRAIN,CC5,3002,2094
2026-08,WEEKDAY,20,TRAIN,PW3,297,1593
2026-08,WEEKENDS/HOLIDAY,12,TRAIN,NE5,6774,10558
2026-08,WEEKENDS/HOLIDAY,15,TRAIN,SE3,1545,1644
2026-08,WEEKENDS/HOLIDAY,16,TRAIN,DT34,2666,2291
2026-08,WEEKDAY,12,TRAIN,DT28,8547,5831
2026-08,WEEKDAY,22,TRAIN,NS25/EW13,71242,9529
2026-08,WEEKENDS/HOLIDAY,17,TRAIN,CC4/DT15,20941,20051
2026-08,WEEKENDS/HOLIDAY,20,TRAIN,CC7,4102,5790
2026-08,WEEKDAY,18,TRAIN,CC2,18247,7841
2026-08,WEEKENDS/HOLIDAY,20,TRAIN,CC11,7718,5965
2026-08,WEEKDAY,5,TRAIN,CC25,1011,245
2026-08,WEEKENDS/HOLIDAY,15,TRAIN,SW3,1070,749
2026-08,WEEKENDS/HOLIDAY,21,TRAIN,CC7,7747,5516
2026-08,WEEKDAY,9,TRAIN,NE4/DT19,26523,82238
2026-08,WEEKDAY,9,TRAIN,EW1,49872,13867
2026-08,WEEKDAY,16,TRAIN,BP6/DT1,31136,45859
2026-08,WEEKDAY,14,TRAIN,EW12/DT14,58469,58019
2026-08,WEEKDAY,13,TRAIN,EW30,1435,1435
2026-08,WEEKENDS/HOLIDAY,21,TRAIN,CC11,6585,5421
2026-08,WEEKENDS/HOLIDAY,14,TRAIN,CC24,7756,6209
2026-08,WEEKENDS/HOLIDAY,15,TRAIN,BP4,922,870
2026-08,WEEKENDS/HOLIDAY,10,TRAIN,DT25,3066,1639
2026-08,WEEKDAY,11,TRAIN,NS7,20769,15991
2026-08,WEEKENDS/HOLIDAY,5,TRAIN,PE1,284,67
2026-08,WEEKENDS/HOLIDAY,13,TRAIN,SW6,1330,1497
2026-08,WEEKENDS/HOLIDAY,20,TRAIN,DT25,1471,2846
2026-08,WEEKENDS/HOLIDAY,7,TRAIN,CC34/DT16,7190,11626
2026-08,WEEKDAY,17,TRAIN,EW6,14725,20359
2026-08,WEEKENDS/HOLIDAY,20,TRAIN,DT33,4163,11916
2026-08,WEEKENDS/HOLIDAY,7,TRAIN,DT25,911,447
2026-08,WEEKDAY,12,TRAIN,EW6,9829,8925
2026-08,WEEKDAY,21,TRAIN,TE7,3319,6457
2026-08,WEEKDAY,14,TRAIN,BP11,2645,3015
2026-08,WEEKENDS/HOLIDAY,22,TRAIN,NS4/BP1,9048,19436
2026-08,WEEKENDS/HOLIDAY,17,TRAIN,NE17/PTC,34526,37840
2026-08,WEEKENDS/HOLIDAY,16,TRAIN,CC8,6331,4967
2026-08,WEEKENDS/HOLIDAY,18,TRAIN,NS20,21256,16894
2026-08,WEEKDAY,20,TRAIN,CC21,15362,9507
2026-08,WEEKDAY,10,TRAIN,NS23,11812,40297
2026-08,WEEKDAY,16,TRAIN,NS12,16930,22969
2026-08,WEEKENDS/HOLIDAY,19,TRAIN,SW1,1024,607
2026-08,WEEKENDS/HOLIDAY,23,TRAIN,EW33,320,1489
2026-08,WEEKENDS/HOLIDAY,6,TRAIN,NE8,7486,3736
2026-08,WEEKDAY,18,TRAIN,EW29,71625,16204
2026-08,WEEKDAY,9,TRAIN,NE9,35024,33886
2026-08,WEEKDAY,16,TRAIN,SE5,2968,3143
2026-08,WEEKDAY,23,TRAIN,CC11,3680,2532
2026-08,WEEKENDS/HOLIDAY,21,TRAIN,CC10/DT26,4922,11384
2026-08,WEEKENDS/HOLIDAY,12,TRAIN,SW8,616,701
2026-08,WEEKDAY,19,TRAIN,NS10,36220,95346
2026-08,WEEKENDS/HOLIDAY,8,TRAIN,NS8,12554,7094
2026-08,WEEKDAY,11,TRAIN,NE14,29041,15526
2026-08,WEEKDAY,10,TRAIN,EW20,11601,11059
2026-08,WEEKENDS/HOLIDAY,17,TRAIN,TE13,3172,2572
2026-08,WEEKDAY,22,TRAIN,EW18,6946,13436
2026-08,WEEKDAY,18,TRAIN,CC21,16286,33684
2026-08,WEEKDAY,7,TRAIN,EW29,13635,117588
2026-08,WEEKENDS/HOLIDAY,22,TRAIN,EW20,2063,6195
2026-08,WEEKENDS/HOLIDAY,18,TRAIN,EW7,9266,11166
2026-08,WEEKENDS/HOLIDAY,16,TRAIN,PW2,151,180
2026-08,WEEKDAY,11,TRAIN,DT30,8111,3096
2026-08,WEEKDAY,5,TRAIN,TE1,2115,281
2026-08,WEEKENDS/HOLIDAY,21,TRAIN,NE14,6864,22058
2026-08,WEEKENDS/HOLIDAY,13,TRAIN,CC12,5656,4367
2026-08,WEEKDAY,13,TRAIN,TE19,8040,14150
2026-08,WEEKDAY,16,TRAIN,CC21,12439,13939
2026-08,WEEKENDS/HOLIDAY,16,TRAIN,EW31,3047,1002
2026-08,WEEKDAY,6,TRAIN,DT10,3216,4140
2026-08,WEEKENDS/HOLIDAY,21,TRAIN,SW5,2318,3875
2026-08,WEEKDAY,20,TRAIN,SE3,958,5865
2026-08,WEEKDAY,21,TRAIN,DT20,8244,5907
2026-08,WEEKDAY,13,TRAIN,PE2,10535,6325
2026-08,WEEKENDS/HOLIDAY,8,TRAIN,NS20,9112,19834
2026-08,WEEKENDS/HOLIDAY,22,TRAIN,PE3,758,3214
2026-08,WEEKENDS/HOLIDAY,10,TRAIN,TE24,2974,1306
2026-08,WEEKENDS/HOLIDAY,13,TRAIN,TE23,2187,2158
2026-08,WEEKENDS/HOLIDAY,23,TRAIN,CC7,1137,2218
2026-08,WEEKENDS/HOLIDAY,16,TRAIN,TE25,2134,2404
2026-08,WEEKENDS/HOLIDAY,11,TRAIN,DT17,2665,3306
2026-08,WEEKDAY,13,TRAIN,EW15,34237,38710
2026-08,WEEKENDS/HOLIDAY,22,TRAIN,TE13,1413,2440
2026-08,WEEKENDS/HOLIDAY,19,TRAIN,CC8,4363,5367
2026-08,WEEKDAY,21,TRAIN,TE6,4503,18553
2026-08,WEEKENDS/HOLIDAY,10,TRAIN,SW5,4681,2921
2026-08,WEEKDAY,16,TRAIN,TE11,6104,5597
2026-08,WEEKDAY,5,TRAIN,EW28,17764,1379
2026-08,WEEKENDS/HOLIDAY,22,TRAIN,DT22,9635,5746
2026-08,WEEKDAY,9,TRAIN,CG2,14758,27877
2026-08,WEEKENDS/HOLIDAY,17,TRAIN,CC26,3438,2423
2026-08,WEEKENDS/HOLIDAY,20,TRAIN,TE12,1593,1433
2026-08,WEEKDAY,16,TRAIN,PW5,2408,3206
2026-08,WEEKENDS/HOLIDAY,23,TRAIN,CC4/DT15,5795,1014
2026-08,WEEKDAY,22,TRAIN,BP10,610,3007
2026-08,WEEKENDS/HOLIDAY,7,TRAIN,BP8,626,873
2026-08,WEEKDAY,12,TRAIN,EW3,17952,14052
2026-08,WEEKENDS/HOLIDAY,0,TRAIN,CC17/TE9,26,647
2026-08,WEEKDAY,19,TRAIN,SW2,3539,2674
2026-08,WEEKDAY,11,TRAIN,SW4,2608,1641
2026-08,WEEKENDS/HOLIDAY,18,TRAIN,SW7,713,1253
2026-08,WEEKENDS/HOLIDAY,13,TRAIN,PW2,164,224
2026-08,WEEKENDS/HOLIDAY,7,TRAIN,DT5,2542,2392
2026-08,WEEKDAY,20,TRAIN,PE4,953,2650
2026-08,WEEKENDS/HOLIDAY,9,TRAIN,TE22,1711,3030
2026-08,WEEKDAY,0,TRAIN,CC23,46,169
2026-08,WEEKDAY,13,TRAIN,NS24/NE6/CC1,42959,40221
2026-08,WEEKENDS/HOLIDAY,16,TRAIN,BP7,459,650
2026-08,WEEKDAY,10,TRAIN,SE3,3528,1139
2026-08,WEEKENDS/HOLIDAY,11,TRAIN,EW20,8704,5776
2026-08,WEEKENDS/HOLIDAY,12,TRAIN,DT6,5266,3045
2026-08,WEEKDAY,14,TRAIN,BP3,2900,3979
2026-08,WEEKDAY,13,TRAIN,CC11,13768,15789
2026-08,WEEKDAY,20,TRAIN,DT8,2465,3310
2026-08,WEEKENDS/HOLIDAY,22,TRAIN,TE6,1992,9609
2026-08,WEEKENDS/HOLIDAY,21,TRAIN,SW7,192,1605
2026-08,WEEKDAY,20,TRAIN,NE12/CC13,53342,77338
2026-08,WEEKDAY,20,TRAIN,EW22,11655,7797
2026-08,WEEKENDS/HOLIDAY,18,TRAIN,NS16,22594,31467
2026-08,WEEKENDS/HOLIDAY,17,TRAIN,DT8,2420,2647
2026-08,WEEKENDS/HOLIDAY,0,TRAIN,NS13,986,6245
2026-08,WEEKENDS/HOLIDAY,10,TRAIN,EW26,24405,7511
2026-08,WEEKDAY,6,TRAIN,DT34,4694,2550
2026-08,WEEKDAY,23,TRAIN,EW6,1199,6082
2026-08,WEEKENDS/HOLIDAY,21,TRAIN,PE1,591,3273
2026-08,WEEKDAY,23,TRAIN,NS12,2331,10333
2026-08,WEEKDAY,22,TRAIN,PE3,1124,5239
2026-08,WEEKENDS/HOLIDAY,5,TRAIN,CC6,116,17
2026-08,WEEKDAY,20,TRAIN,PE1,1610,7353
2026-08,WEEKENDS/HOLIDAY,13,TRAIN,NS18,8907,7251
2026-08,WEEKENDS/HOLIDAY,9,TRAIN,NS14,26416,11494
2026-08,WEEKENDS/HOLIDAY,8,TRAIN,EW10,7918,5040
2026-08,WEEKENDS/HOLIDAY,21,TRAIN,NS27/CC33/TE20,2911,2829
2026-08,WEEKDAY,17,TRAIN,PE3,8634,10548
2026-08,WEEKENDS/HOLIDAY,11,TRAIN,DT2,2068,806
2026-08,WEEKENDS/HOLIDAY,17,TRAIN,DT30,5442,5549
2026-08,WEEKDAY,8,TRAIN,DT5,46933,19645
2026-08,WEEKDAY,17,TRAIN,EW29,87940,11649
2026-08,WEEKENDS/HOLIDAY,16,TRAIN,DT6,4807,3500
2026-08,WEEKENDS/HOLIDAY,6,TRAIN,TE14/NS22,2012,8764
2026-08,WEEKDAY,14,TRAIN,NS8,14095,12360
2026-08,WEEKDAY,16,TRAIN,TE13,6530,5560
2026-08,WEEKENDS/HOLIDAY,21,TRAIN,DT4,395,1661
2026-08,WEEKENDS/HOLIDAY,11,TRAIN,CC7,4297,3090
2026-08,WEEKENDS/HOLIDAY,11,TRAIN,EW22,3650,2136
2026-08,WEEKDAY,15,TRAIN,TE25,2349,3955
2026-08,WEEKENDS/HOLIDAY,6,TRAIN,SW4,857,225
2026-08,WEEKENDS/HOLIDAY,21,TRAIN,PE3,1172,4114
2026-08,WEEKDAY,14,TRAIN,TE27,10185,6066
2026-08,WEEKDAY,20,TRAIN,EW28,26186,44889
2026-08,WEEKENDS/HOLIDAY,21,TRAIN,DT33,3114,13692
2026-08,WEEKENDS/HOLIDAY,19,TRAIN,DT20,4738,3354
2026-08,WEEKDAY,13,TRAIN,EW6,9370,9835
2026-08,WEEKDAY,5,TRAIN,EW3,4307,264
2026-08,WEEKDAY,0,TRAIN,SE4,41,500
2026-08,WEEKDAY,7,TRAIN,CC3,574,7464
2026-08,WEEKENDS/HOLIDAY,23,TRAIN,CC2,632,810
2026-08,WEEKENDS/HOLIDAY,11,TRAIN,BP3,2997,1313
2026-08,WEEKDAY,23,TRAIN,DT23,1219,1224
2026-08,WEEKDAY,21,TRAIN,EW27,35964,57141
2026-08,WEEKENDS/HOLIDAY,9,TRAIN,CC28,3249,1315
2026-08,WEEKDAY,17,TRAIN,DT2,16806,4051
2026-08,WEEKENDS/HOLIDAY,20,TRAIN,NS14,10068,20329
2026-08,WEEKENDS/HOLIDAY,0,TRAIN,DT30,20,718
2026-08,WEEKDAY,13,TRAIN,EW19,14829,13618
2026-08,WEEKDAY,14,TRAIN,NE1/CC29,43792,48774
2026-08,WEEKENDS/HOLIDAY,9,TRAIN,SE3,2469,684
2026-08,WEEKENDS/HOLIDAY,21,TRAIN,NE10,4286,9604
2026-08,WEEKENDS/HOLIDAY,15,TRAIN,CC2,3096,3110
2026-08,WEEKENDS/HOLIDAY,12,TRAIN,NS10,26241,14696
2026-08,WEEKDAY,13,TRAIN,TE23,2257,2781
2026-08,WEEKDAY,10,TRAIN,CC4/DT15,7268,28965
2026-08,WEEKENDS/HOLIDAY,11,TRAIN,NS10,26334,12904
2026-08,WEEKDAY,7,TRAIN,EW32,6217,36587
2026-08,WEEKENDS/HOLIDAY,13,TRAIN,NE17/PTC,35574,33248
2026-08,WEEKENDS/HOLIDAY,8,TRAIN,DT25,2226,1930
2026-08,WEEKENDS/HOLIDAY,9,TRAIN,BP6/DT1,25458,13721
2026-08,WEEKDAY,13,TRAIN,NS23,42633,40470
2026-08,WEEKENDS/HOLIDAY,0,TRAIN,PE6,56,338
2026-08,WEEKENDS/HOLIDAY,9,TRAIN,DT8,2872,1750
2026-08,WEEKENDS/HOLIDAY,8,TRAIN,BP6/DT1,20404,11020
2026-08,WEEKENDS/HOLIDAY,16,TRAIN,CC16,4060,3319
2026-08,WEEKDAY,0,TRAIN,CG2,129,1026
2026-08,WEEKENDS/HOLIDAY,14,TRAIN,EW9,14517,13998
2026-08,WEEKDAY,9,TRAIN,EW12/DT14,26822,113405
2026-08,WEEKENDS/HOLIDAY,16,TRAIN,TE14/NS22,78073,63265
2026-08,WEEKDAY,13,TRAIN,NS25/EW13,66199,50438
2026-08,WEEKENDS/HOLIDAY,14,TRAIN,DT28,5408,4596
2026-08,WEEKDAY,14,TRAIN,EW23,44655,41932
2026-08,WEEKENDS/HOLIDAY,9,TRAIN,CC14,4277,2184
2026-08,WEEKDAY,23,TRAIN,CC30,32,47
2026-08,WEEKENDS/HOLIDAY,18,TRAIN,DT10,2620,1952
2026-08,WEEKENDS/HOLIDAY,13,TRAIN,EW15,14016,14486
2026-08,WEEKDAY,18,TRAIN,BP10,3438,10045
2026-08,WEEKDAY,9,TRAIN,TE14/NS22,25366,121342
2026-08,WEEKDAY,14,TRAIN,NS27/CC33/TE20,4055,5729
2026-08,WEEKENDS/HOLIDAY,17,TRAIN,NE7/DT12,26945,30894
2026-08,WEEKDAY,5,TRAIN,NS10,23652,3186
2026-08,WEEKENDS/HOLIDAY,9,TRAIN,NE11,7952,6566
2026-08,WEEKENDS/HOLIDAY,20,TRAIN,CC25,2098,3377
2026-08,WEEKDAY,13,TRAIN,DT23,2862,4367
2026-08,WEEKENDS/HOLIDAY,6,TRAIN,SW3,674,96
2026-08,WEEKENDS/HOLIDAY,15,TRAIN,EW6,6096,6683
2026-08,WEEKENDS/HOLIDAY,9,TRAIN,PE4,1286,556
2026-08,WEEKENDS/HOLIDAY,12,TRAIN,EW10,7482,8290
2026-08,WEEKDAY,21,TRAIN,BP5,956,1970
2026-08,WEEKDAY,9,TRAIN,NS10,56619,24492
2026-08,WEEKDAY,20,TRAIN,NS5,15167,48454
2026-08,WEEKDAY,18,TRAIN,CC19/DT9,14494,14628
2026-08,WEEKDAY,23,TRAIN,TE14/NS22,17431,5984
2026-08,WEEKDAY,9,TRAIN,TE12,5839,12282
2026-08,WEEKENDS/HOLIDAY,0,TRAIN,EW25,113,1208
2026-08,WEEKDAY,14,TRAIN,EW17,23091,23213
2026-08,WEEKENDS/HOLIDAY,10,TRAIN,NS4/BP1,20850,16572
2026-08,WEEKDAY,9,TRAIN,NS3,29125,12370
2026-08,WEEKDAY,20,TRAIN,EW30,7394,1387
2026-08,WEEKDAY,10,TRAIN,PE7,4013,1709
2026-08,WEEKDAY,7,TRAIN,EW21/CC22,25903,63183
2026-08,WEEKDAY,22,TRAIN,DT21,11530,8891
2026-08,WEEKDAY,23,TRAIN,PW6,69,635
2026-08,WEEKDAY,6,TRAIN,TE11,3472,3880
2026-08,WEEKDAY,13,TRAIN,SW7,2015,2044
2026-08,WEEKENDS/HOLIDAY,22,TRAIN,EW12/DT14,33329,13543
2026-08,WEEKENDS/HOLIDAY,18,TRAIN,DT30,4884,5952
2026-08,WEEKENDS/HOLIDAY,14,TRAIN,EW5,19823,18370
2026-08,WEEKENDS/HOLIDAY,9,TRAIN,NS25/EW13,9880,60195
2026-08,WEEKENDS/HOLIDAY,9,TRAIN,CC10/DT26,10194,7700
2026-08,WEEKENDS/HOLIDAY,16,TRAIN,TE13,3153,2610
2026-08,WEEKDAY,19,TRAIN,EW22,12236,12288
2026-08,WEEKDAY,0,TRAIN,NS3,281,2149
2026-08,WEEKENDS/HOLIDAY,19,TRAIN,NS27/CC33/TE20,3506,5366
2026-08,WEEKENDS/HOLIDAY,22,TRAIN,NE18,3949,3827
2026-08,WEEKENDS/HOLIDAY,12,TRAIN,CG2,13069,22424
2026-08,WEEKDAY,20,TRAIN,PW6,495,2307
2026-08,WEEKDAY,23,TRAIN,NE10,2138,5967
2026-08,WEEKENDS/HOLIDAY,14,TRAIN,PE4,1220,1205
2026-08,WEEKDAY,13,TRAIN,NS27/CC33/TE20,4281,8848
2026-08,WEEKDAY,7,TRAIN,PE2,21269,10649
2026-08,WEEKDAY,6,TRAIN,NS21/DT11,26710,29538
2026-08,WEEKDAY,17,TRAIN,TE3,25769,19150
2026-08,WEEKENDS/HOLIDAY,9,TRAIN,EW29,3664,3880
2026-08,WEEKENDS/HOLIDAY,13,TRAIN,CC2,2790,3234
2026-08,WEEKDAY,17,TRAIN,CG2,37319,20996
2026-08,WEEKENDS/HOLIDAY,9,TRAIN,TE23,2191,1301
2026-08,WEEKENDS/HOLIDAY,23,TRAIN,BP5,147,200
2026-08,WEEKDAY,5,TRAIN,DT30,1981,75
2026-08,WEEKDAY,17,TRAIN,CC8,12378,12250
2026-08,WEEKDAY,22,TRAIN,DT17,10315,2397
2026-08,WEEKENDS/HOLIDAY,16,TRAIN,NS8,9339,8490
2026-08,WEEKDAY,11,TRAIN,CC3,4230,8535
2026-08,WEEKENDS/HOLIDAY,11,TRAIN,BP11,2624,1337
2026-08,WEEKDAY,6,TRAIN,NE5,1404,6642
2026-08,WEEKENDS/HOLIDAY,23,TRAIN,DT31,617,3248
2026-08,WEEKENDS/HOLIDAY,17,TRAIN,NE5,9659,11294
2026-08,WEEKDAY,0,TRAIN,NS15,305,1141
2026-08,WEEKDAY,13,TRAIN,SE1,3633,3559
2026-08,WEEKENDS/HOLIDAY,16,TRAIN,EW30,3599,711
2026-08,WEEKDAY,10,TRAIN,NE10,16513,10677
2026-08,WEEKENDS/HOLIDAY,9,TRAIN,BP10,2267,1358
2026-08,WEEKDAY,19,TRAIN,EW15,98916,29656
2026-08,WEEKENDS/HOLIDAY,23,TRAIN,TE18,3167,1204
2026-08,WEEKDAY,16,TRAIN,NE7/DT12,29815,24385
2026-08,WEEKENDS/HOLIDAY,13,TRAIN,CC23,3255,3071
2026-08,WEEKENDS/HOLIDAY,22,TRAIN,CC4/DT15,17210,2553
2026-08,WEEKDAY,20,TRAIN,NS24/NE6/CC1,55148,23026
2026-08,WEEKENDS/HOLIDAY,9,TRAIN,NE4/DT19,13205,29569
2026-08,WEEKENDS/HOLIDAY,0,TRAIN,SE5,11,232
2026-08,WEEKENDS/HOLIDAY,23,TRAIN,TE7,314,1560
2026-08,WEEKENDS/HOLIDAY,11,TRAIN,NS9/TE2,32287,32522
2026-08,WEEKDAY,15,TRAIN,NE13,25549,24542
2026-08,WEEKDAY,6,TRAIN,CG1/DT35,2274,11690
2026-08,WEEKENDS/HOLIDAY,20,TRAIN,NE5,11488,8923
2026-08,WEEKENDS/HOLIDAY,0,TRAIN,CC26,3,110
2026-08,WEEKDAY,14,TRAIN,CC8,13849,7215
2026-08,WEEKDAY,18,TRAIN,EW7,23730,45717
2026-08,WEEKDAY,16,TRAIN,DT5,14355,18422
2026-08,WEEKDAY,19,TRAIN,DT3,4704,17898
2026-08,WEEKENDS/HOLIDAY,12,TRAIN,DT21,6048,6583
2026-08,WEEKDAY,21,TRAIN,NS20,42346,13081
2026-08,WEEKENDS/HOLIDAY,22,TRAIN,EW26,4861,21870
2026-08,WEEKDAY,9,TRAIN,NS14,59848,18932
2026-08,WEEKDAY,20,TRAIN,EW16/NE3/TE17,38396,18533
2026-08,WEEKDAY,22,TRAIN,DT22,9920,10585
2026-08,WEEKDAY,5,TRAIN,SW3,1436,68
2026-08,WEEKENDS/HOLIDAY,20,TRAIN,NS23,33086,15220
2026-08,WEEKENDS/HOLIDAY,15,TRAIN,NS15,6946,5690
2026-08,WEEKDAY,0,TRAIN,TE18,393,264
2026-08,WEEKDAY,22,TRAIN,PE5,960,6016
2026-08,WEEKDAY,17,TRAIN,EW26,56172,62566
2026-08,WEEKENDS/HOLIDAY,18,TRAIN,TE12,3358,1915
2026-08,WEEKENDS/HOLIDAY,0,TRAIN,EW14/NS26,434,213
2026-08,WEEKDAY,8,TRAIN,NS9/TE2,126698,74694
2026-08,WEEKDAY,21,TRAIN,CC25,4507,6600
2026-08,WEEKDAY,16,TRAIN,TE6,10230,13043
2026-08,WEEKENDS/HOLIDAY,21,TRAIN,CC17/TE9,1554,4012
2026-08,WEEKENDS/HOLIDAY,10,TRAIN,NE15,19360,6753
2026-08,WEEKENDS/HOLIDAY,23,TRAIN,EW1,1247,9661
2026-08,WEEKDAY,23,TRAIN,EW10,1988,6943
2026-08,WEEKDAY,22,TRAIN,EW5,12076,32514
2026-08,WEEKENDS/HOLIDAY,23,TRAIN,EW28,1546,12350
2026-08,WEEKENDS/HOLIDAY,12,TRAIN,EW29,7568,4617
2026-08,WEEKDAY,11,TRAIN,CC25,6205,3315
2026-08,WEEKENDS/HOLIDAY,0,TRAIN,NS23,448,265
2026-08,WEEKENDS/HOLIDAY,15,TRAIN,DT22,7446,8064
2026-08,WEEKDAY,6,TRAIN,NE13,25057,10541
2026-08,WEEKDAY,20,TRAIN,TE29,1955,6271
2026-08,WEEKDAY,15,TRAIN,SE3,1864,3369
2026-08,WEEKDAY,12,TRAIN,EW10,8443,7147
2026-08,WEEKDAY,7,TRAIN,TE13,2546,7668
2026-08,WEEKENDS/HOLIDAY,6,TRAIN,DT13,916,598
2026-08,WEEKDAY,21,TRAIN,EW7,6338,21411
2026-08,WEEKDAY,22,TRAIN,PE6,1874,4423
2026-08,WEEKENDS/HOLIDAY,9,TRAIN,NS24/NE6/CC1,7079,18750
2026-08,WEEKENDS/HOLIDAY,7,TRAIN,DT8,516,363
2026-08,WEEKENDS/HOLIDAY,13,TRAIN,SW8,496,788
2026-08,WEEKENDS/HOLIDAY,12,TRAIN,PW2,244,251
2026-08,WEEKDAY,5,TRAIN,TE16,398,46
2026-08,WEEKDAY,19,TRAIN,CC6,11102,13343
2026-08,WEEKDAY,8,TRAIN,EW29,10656,74888
2026-08,WEEKDAY,18,TRAIN,EW6,17499,37272
2026-08,WEEKDAY,23,TRAIN,SW4,273,1627
2026-08,WEEKDAY,12,TRAIN,EW27,35706,39758
2026-08,WEEKENDS/HOLIDAY,14,TRAIN,DT13,7890,8856
2026-08,WEEKENDS/HOLIDAY,22,TRAIN,TE15,4958,2733
2026-08,WEEKENDS/HOLIDAY,16,TRAIN,CC23,3065,1853
2026-08,WEEKENDS/HOLIDAY,19,TRAIN,CC31,1621,1818
2026-08,WEEKENDS/HOLIDAY,23,TRAIN,CC5,1038,1270
2026-08,WEEKENDS/HOLIDAY,13,TRAIN,PE6,5345,4781
2026-08,WEEKDAY,23,TRAIN,NS5,2774,15091
2026-08,WEEKDAY,9,TRAIN,DT22,11771,11086
2026-08,WEEKDAY,12,TRAIN,PW2,190,182
2026-08,WEEKDAY,10,TRAIN,EW33,3151,2226
2026-08,WEEKENDS/HOLIDAY,16,TRAIN,NS19,21768,22802
2026-08,WEEKENDS/HOLIDAY,22,TRAIN,SE5,296,1697
2026-08,WEEKDAY,17,TRAIN,SE1,6105,6330
2026-08,WEEKDAY,21,TRAIN,DT29,2779,11141
2026-08,WEEKENDS/HOLIDAY,7,TRAIN,NS25/EW13,2484,13536
2026-08,WEEKENDS/HOLIDAY,20,TRAIN,EW4,5344,10462
2026-08,WEEKENDS/HOLIDAY,11,TRAIN,DT10,2982,1356
2026-08,WEEKDAY,14,TRAIN,NS18,13997,12869
2026-08,WEEKENDS/HOLIDAY,7,TRAIN,DT24,1180,508
2026-08,WEEKENDS/HOLIDAY,9,TRAIN,PW5,2352,743
2026-08,WEEKDAY,17,TRAIN,CC3,16688,6935
2026-08,WEEKENDS/HOLIDAY,5,TRAIN,CG2,4876,472
2026-08,WEEKDAY,21,TRAIN,CC20,2653,5565
2026-08,WEEKDAY,11,TRAIN,DT24,4617,3020
2026-08,WEEKDAY,14,TRAIN,CC24,28298,26141
2026-08,WEEKENDS/HOLIDAY,15,TRAIN,TE1,2432,1508
2026-08,WEEKDAY,13,TRAIN,DT5,15525,12847
2026-08,WEEKENDS/HOLIDAY,12,TRAIN,PE4,1348,1130
2026-08,WEEKENDS/HOLIDAY,15,TRAIN,NE10,8651,9211
2026-08,WEEKENDS/HOLIDAY,19,TRAIN,CC12,3269,5071
2026-08,WEEKENDS/HOLIDAY,9,TRAIN,NS20,12062,23361
2026-08,WEEKENDS/HOLIDAY,16,TRAIN,NS27/CC33/TE20,3787,5250
2026-08,WEEKENDS/HOLIDAY,21,TRAIN,NE13,7441,13718
2026-08,WEEKENDS/HOLIDAY,8,TRAIN,DT5,7149,6711
2026-08,WEEKDAY,0,TRAIN,DT24,23,364
2026-08,WEEKENDS/HOLIDAY,21,TRAIN,TE27,1339,4739
2026-08,WEEKENDS/HOLIDAY,10,TRAIN,NE10,10749,6792
2026-08,WEEKDAY,13,TRAIN,CG2,24014,24719
2026-08,WEEKENDS/HOLIDAY,10,TRAIN,DT29,5389,1533
2026-08,WEEKDAY,15,TRAIN,TE19,10385,4713
2026-08,WEEKDAY,16,TRAIN,NS20,65326,30742
2026-08,WEEKENDS/HOLIDAY,23,TRAIN,TE1,463,1576
2026-08,WEEKENDS/HOLIDAY,16,TRAIN,PE3,3521,3902
2026-08,WEEKDAY,6,TRAIN,EW20,15538,12690
2026-08,WEEKDAY,16,TRAIN,EW31,7389,1028
2026-08,WEEKDAY,17,TRAIN,EW20,31300,20381
2026-08,WEEKDAY,15,TRAIN,NS4/BP1,31578,40141
2026-08,WEEKDAY,20,TRAIN,SW5,4043,9217
2026-08,WEEKDAY,20,TRAIN,DT5,14125,19534
2026-08,WEEKDAY,22,TRAIN,EW16/NE3/TE17,18208,11036
2026-08,WEEKDAY,22,TRAIN,EW2/DT32,23295,43097
2026-08,WEEKENDS/HOLIDAY,8,TRAIN,NE14,18817,7398
2026-08,WEEKENDS/HOLIDAY,19,TRAIN,DT4,763,1730
2026-08,WEEKDAY,6,TRAIN,TE12,1261,5180
2026-08,WEEKENDS/HOLIDAY,8,TRAIN,PW7,2146,874
2026-08,WEEKENDS/HOLIDAY,19,TRAIN,TE22,7937,10080
2026-08,WEEKENDS/HOLIDAY,5,TRAIN,PW1,18,35
2026-08,WEEKENDS/HOLIDAY,16,TRAIN,SW1,1433,577
2026-08,WEEKDAY,0,TRAIN,EW31,0,127
2026-08,WEEKENDS/HOLIDAY,15,TRAIN,CC19/DT9,5922,6137
2026-08,WEEKENDS/HOLIDAY,11,TRAIN,BP9,2657,1583
2026-08,WEEKDAY,17,TRAIN,CC11,86594,15247
2026-08,WEEKENDS/HOLIDAY,20,TRAIN,NS2,10210,19758
2026-08,WEEKENDS/HOLIDAY,12,TRAIN,TE14/NS22,43858,74278
2026-08,WEEKDAY,19,TRAIN,EW23,65246,86559
2026-08,WEEKDAY,0,TRAIN,EW15,181,244
2026-08,WEEKENDS/HOLIDAY,19,TRAIN,EW33,4270,4640
2026-08,WEEKDAY,10,TRAIN,NE13,23837,15087
2026-08,WEEKDAY,11,TRAIN,EW33,2792,2000
2026-08,WEEKENDS/HOLIDAY,7,TRAIN,EW25,8333,6289
2026-08,WEEKENDS/HOLIDAY,11,TRAIN,EW25,8647,6308
2026-08,WEEKENDS/HOLIDAY,13,TRAIN,DT28,6148,4412
2026-08,WEEKDAY,22,TRAIN,TE27,1136,5708
2026-08,WEEKDAY,18,TRAIN,NS14,49461,110150
2026-08,WEEKENDS/HOLIDAY,16,TRAIN,CC30,169,171
2026-08,WEEKENDS/HOLIDAY,15,TRAIN,EW29,7250,4883
2026-08,WEEKENDS/HOLIDAY,0,TRAIN,NS7,2368,2288
2026-08,WEEKDAY,0,TRAIN,PW5,13,577
2026-08,WEEKDAY,7,TRAIN,NE9,49400,40993
2026-08,WEEKENDS/HOLIDAY,19,TRAIN,NE4/DT19,45974,30425
2026-08,WEEKENDS/HOLIDAY,15,TRAIN,PW1,1946,2256
2026-08,WEEKENDS/HOLIDAY,21,TRAIN,CC2,2346,2380
2026-08,WEEKENDS/HOLIDAY,11,TRAIN,NS15,8394,4185
2026-08,WEEKDAY,8,TRAIN,DT6,15769,16547
2026-08,WEEKENDS/HOLIDAY,23,TRAIN,TE14/NS22,10764,4203
2026-08,WEEKENDS/HOLIDAY,7,TRAIN,BP12,1408,446
2026-08,WEEKDAY,13,TRAIN,NE8,33629,28755
2026-08,WEEKDAY,8,TRAIN,SE3,8873,1152
2026-08,WEEKENDS/HOLIDAY,19,TRAIN,NS16,19913,29317
2026-08,WEEKDAY,18,TRAIN,EW5,53498,98367
2026-08,WEEKENDS/HOLIDAY,11,TRAIN,SW6,1664,1075
2026-08,WEEKENDS/HOLIDAY,18,TRAIN,DT20,4858,4205
2026-08,WEEKDAY,10,TRAIN,DT34,4360,3061
2026-08,WEEKENDS/HOLIDAY,17,TRAIN,EW4,11626,10154
2026-08,WEEKDAY,18,TRAIN,CC24,118986,23113
2026-08,WEEKDAY,17,TRAIN,NE1/CC29,104293,60585
2026-08,WEEKENDS/HOLIDAY,23,TRAIN,DT8,199,607
2026-08,WEEKENDS/HOLIDAY,6,TRAIN,TE4,1232,884
2026-08,WEEKENDS/HOLIDAY,15,TRAIN,EW23,26850,27626
2026-08,WEEKENDS/HOLIDAY,10,TRAIN,NS9/TE2,30475,28295
2026-08,WEEKDAY,18,TRAIN,CC28,9765,12964
2026-08,WEEKENDS/HOLIDAY,21,TRAIN,NE5,12294,8442
2026-08,WEEKENDS/HOLIDAY,17,TRAIN,EW22,3655,3614
2026-08,WEEKDAY,13,TRAIN,TE26,15001,16302
2026-08,WEEKDAY,6,TRAIN,SE2,12786,826
2026-08,WEEKENDS/HOLIDAY,9,TRAIN,EW27,24069,15172
2026-08,WEEKDAY,10,TRAIN,EW32,1660,1956
2026-08,WEEKDAY,23,TRAIN,NE8,9676,9027
2026-08,WEEKDAY,23,TRAIN,EW19,1827,6748
2026-08,WEEKENDS/HOLIDAY,0,TRAIN,TE14/NS22,687,684
2026-08,WEEKDAY,14,TRAIN,DT22,7693,7679
2026-08,WEEKENDS/HOLIDAY,8,TRAIN,NS5,19063,7867
2026-08,WEEKENDS/HOLIDAY,0,TRAIN,NS10,503,4872
2026-08,WEEKDAY,7,TRAIN,EW15,9609,72383
2026-08,WEEKDAY,13,TRAIN,CC12,17701,7903
2026-08,WEEKDAY,5,TRAIN,DT28,1824,338
2026-08,WEEKENDS/HOLIDAY,6,TRAIN,CC27,220,476
2026-08,WEEKDAY,13,TRAIN,NS17/CC15,33502,15706
2026-08,WEEKENDS/HOLIDAY,18,TRAIN,EW30,3485,1881
2026-08,WEEKENDS/HOLIDAY,17,TRAIN,DT18,3587,4323
2026-08,WEEKENDS/HOLIDAY,17,TRAIN,SE4,2231,2261
2026-08,WEEKDAY,10,TRAIN,DT25,3705,2385
2026-08,WEEKENDS/HOLIDAY,0,TRAIN,TE23,85,164
2026-08,WEEKDAY,21,TRAIN,PE2,1117,8161
2026-08,WEEKDAY,9,TRAIN,CC11,7390,72018
2026-08,WEEKENDS/HOLIDAY,20,TRAIN,EW12/DT14,46600,25936
2026-08,WEEKDAY,7,TRAIN,DT21,4927,12736
2026-08,WEEKENDS/HOLIDAY,8,TRAIN,NS4/BP1,19519,13674
2026-08,WEEKDAY,18,TRAIN,TE1,28525,7585
2026-08,WEEKENDS/HOLIDAY,13,TRAIN,DT6,4219,3757
2026-08,WEEKDAY,12,TRAIN,CC19/DT9,7528,7042
2026-08,WEEKDAY,5,TRAIN,CC30,8,1
2026-08,WEEKENDS/HOLIDAY,14,TRAIN,NS16,23439,23140
2026-08,WEEKDAY,12,TRAIN,TE22,2390,4429
2026-08,WEEKENDS/HOLIDAY,6,TRAIN,EW32,3003,3084
2026-08,WEEKDAY,9,TRAIN,EW16/NE3/TE17,29359,75936
2026-08,WEEKDAY,0,TRAIN,DT6,36,331
2026-08,WEEKDAY,7,TRAIN,BP12,12413,8985
2026-08,WEEKDAY,16,TRAIN,CC31,2096,2525
2026-08,WEEKDAY,8,TRAIN,NS27/CC33/TE20,2373,32148
2026-08,WEEKDAY,11,TRAIN,CC27,6034,5401
2026-08,WEEKDAY,11,TRAIN,NS27/CC33/TE20,5739,5083
2026-08,WEEKDAY,9,TRAIN,NS27/CC33/TE20,1783,28116
2026-08,WEEKENDS/HOLIDAY,0,TRAIN,NS11,549,5751
2026-08,WEEKENDS/HOLIDAY,19,TRAIN,CC3,10893,4616
2026-08,WEEKENDS/HOLIDAY,19,TRAIN,CC32,911,911
2026-08,WEEKENDS/HOLIDAY,20,TRAIN,TE11,1347,2514
2026-08,WEEKDAY,8,TRAIN,NS15,33705,87852
2026-08,WEEKENDS/HOLIDAY,17,TRAIN,CC19/DT9,6933,7399
2026-08,WEEKENDS/HOLIDAY,14,TRAIN,EW17,14284,14332
2026-08,WEEKENDS/HOLIDAY,15,TRAIN,TE5,3758,3652
2026-08,WEEKDAY,20,TRAIN,EW3,11642,26499
2026-08,WEEKENDS/HOLIDAY,17,TRAIN,EW24/NS1,62611,58316
2026-08,WEEKENDS/HOLIDAY,10,TRAIN,EW16/NE3/TE17,11308,13648
2026-08,WEEKDAY,12,TRAIN,NS19,40231,33198
2026-08,WEEKENDS/HOLIDAY,6,TRAIN,TE16,1302,1170
2026-08,WEEKDAY,0,TRAIN,NS17/CC15,730,1806
2026-08,WEEKDAY,10,TRAIN,SW3,2207,617
2026-08,WEEKENDS/HOLIDAY,7,TRAIN,PE5,2812,558
2026-08,WEEKENDS/HOLIDAY,22,TRAIN,CC10/DT26,3904,9846
2026-08,WEEKENDS/HOLIDAY,18,TRAIN,EW18,10291,10284
2026-08,WEEKDAY,16,TRAIN,EW23,54706,51175
2026-08,WEEKENDS/HOLIDAY,18,TRAIN,BP7,627,718
2026-08,WEEKDAY,5,TRAIN,TE13,131,79
2026-08,WEEKDAY,10,TRAIN,EW3,18063,10357
2026-08,WEEKENDS/HOLIDAY,11,TRAIN,NE14,21407,10505
2026-08,WEEKDAY,9,TRAIN,EW20,19168,24121
2026-08,WEEKDAY,0,TRAIN,NE10,129,386
2026-08,WEEKDAY,14,TRAIN,TE1,7531,4993
2026-08,WEEKENDS/HOLIDAY,7,TRAIN,NE11,3521,3520
2026-08,WEEKENDS/HOLIDAY,9,TRAIN,DT27,5042,3460
2026-08,WEEKDAY,18,TRAIN,NS17/CC15,62426,68000
2026-08,WEEKDAY,18,TRAIN,TE25,4208,9960
2026-08,WEEKENDS/HOLIDAY,14,TRAIN,EW30,1581,773
2026-08,WEEKENDS/HOLIDAY,18,TRAIN,PW6,671,948
2026-08,WEEKDAY,18,TRAIN,NS10,71007,115957
2026-08,WEEKENDS/HOLIDAY,15,TRAIN,CC10/DT26,9968,9641
2026-08,WEEKENDS/HOLIDAY,8,TRAIN,NS2,14894,10666
2026-08,WEEKDAY,23,TRAIN,TE28,336,1852
2026-08,WEEKDAY,23,TRAIN,DT29,746,5097
2026-08,WEEKDAY,16,TRAIN,EW1,27708,35411
2026-08,WEEKDAY,18,TRAIN,TE28,5744,13866
2026-08,WEEKDAY,20,TRAIN,EW6,5455,18907
2026-08,WEEKDAY,17,TRAIN,NS3,22199,40889
2026-08,WEEKENDS/HOLIDAY,14,TRAIN,SW8,518,873
2026-08,WEEKDAY,0,TRAIN,NE9,171,694
2026-08,WEEKDAY,8,TRAIN,NS16,105340,60216
2026-08,WEEKDAY,16,TRAIN,EW12/DT14,68674,57854
2026-08,WEEKENDS/HOLIDAY,5,TRAIN,NS4/BP1,4049,1418
2026-08,WEEKDAY,18,TRAIN,PW6,1523,3976
2026-08,WEEKDAY,15,TRAIN,SW8,1025,1606
2026-08,WEEKDAY,8,TRAIN,DT18,4650,96837
2026-08,WEEKDAY,22,TRAIN,EW14/NS26,41390,6549
2026-08,WEEKENDS/HOLIDAY,0,TRAIN,SW6,11,329
2026-08,WEEKENDS/HOLIDAY,14,TRAIN,NS21/DT11,33979,35370
2026-08,WEEKENDS/HOLIDAY,8,TRAIN,CC19/DT9,3104,5338
2026-08,WEEKDAY,19,TRAIN,EW10,11343,30364
2026-08,WEEKENDS/HOLIDAY,16,TRAIN,SW7,666,1142
2026-08,WEEKDAY,12,TRAIN,CC24,32627,29407
2026-08,WEEKDAY,19,TRAIN,DT10,4346,5846
2026-08,WEEKDAY,20,TRAIN,CC17/TE9,3946,8536
2026-08,WEEKENDS/HOLIDAY,15,TRAIN,CC8,5075,4576
2026-08,WEEKENDS/HOLIDAY,0,TRAIN,CC20,17,134
2026-08,WEEKENDS/HOLIDAY,19,TRAIN,SE3,1041,2627
2026-08,WEEKDAY,15,TRAIN,SW4,1545,3573
2026-08,WEEKENDS/HOLIDAY,16,TRAIN,TE4,4089,2764
2026-08,WEEKDAY,16,TRAIN,CC23,25224,5369
2026-08,WEEKDAY,21,TRAIN,PW1,2257,328
2026-08,WEEKDAY,23,TRAIN,CC4/DT15,7855,1272
2026-08,WEEKENDS/HOLIDAY,13,TRAIN,TE26,12019,11118
2026-08,WEEKENDS/HOLIDAY,15,TRAIN,TE18,12381,8149
2026-08,WEEKDAY,15,TRAIN,SW1,2977,1484
2026-08,WEEKENDS/HOLIDAY,6,TRAIN,CC31,486,39
2026-08,WEEKENDS/HOLIDAY,17,TRAIN,EW1,19753,23176
2026-08,WEEKENDS/HOLIDAY,9,TRAIN,EW8/CC9,15690,42928
2026-08,WEEKENDS/HOLIDAY,10,TRAIN,CG2,9829,16052
2026-08,WEEKENDS/HOLIDAY,11,TRAIN,TE18,7061,12265
2026-08,WEEKENDS/HOLIDAY,19,TRAIN,TE29,2364,2873
2026-08,WEEKDAY,12,TRAIN,SW6,2178,1995
2026-08,WEEKDAY,14,TRAIN,PW1,1746,3226
2026-08,WEEKENDS/HOLIDAY,22,TRAIN,CC17/TE9,1164,3389
2026-08,WEEKENDS/HOLIDAY,14,TRAIN,EW26,16885,15005
2026-08,WEEKENDS/HOLIDAY,13,TRAIN,NS8,10927,8026
2026-08,WEEKDAY,16,TRAIN,SE1,4367,4682
2026-08,WEEKDAY,15,TRAIN,NS2,22182,28615
2026-08,WEEKDAY,17,TRAIN,NE8,41470,45490
2026-08,WEEKDAY,12,TRAIN,EW31,2153,1415
2026-08,WEEKENDS/HOLIDAY,16,TRAIN,NE17/PTC,31876,34206
2026-08,WEEKENDS/HOLIDAY,7,TRAIN,TE8,2272,2802
2026-08,WEEKDAY,22,TRAIN,NS10,10034,43684
2026-08,WEEKDAY,8,TRAIN,EW7,45012,22281
2026-08,WEEKDAY,15,TRAIN,CC2,6737,5414
2026-08,WEEKENDS/HOLIDAY,21,TRAIN,EW33,2552,3886
2026-08,WEEKENDS/HOLIDAY,5,TRAIN,BP7,244,97
2026-08,WEEKENDS/HOLIDAY,21,TRAIN,SW3,293,861
2026-08,WEEKDAY,9,TRAIN,SW5,9576,4248
2026-08,WEEKENDS/HOLIDAY,8,TRAIN,CC7,3188,2634
2026-08,WEEKDAY,7,TRAIN,NS18,35913,21123
2026-08,WEEKENDS/HOLIDAY,11,TRAIN,BP2,2126,1006
2026-08,WEEKENDS/HOLIDAY,21,TRAIN,SE2,964,4168
2026-08,WEEKENDS/HOLIDAY,19,TRAIN,NE14,13003,20798
2026-08,WEEKDAY,6,TRAIN,DT2,3002,3131
2026-08,WEEKENDS/HOLIDAY,0,TRAIN,PE2,55,654
2026-08,WEEKDAY,19,TRAIN,SW6,1644,7345
2026-08,WEEKENDS/HOLIDAY,6,TRAIN,SW8,142,171
2026-08,WEEKDAY,8,TRAIN,CC20,15154,8330
2026-08,WEEKDAY,14,TRAIN,CC16,7689,6167
2026-08,WEEKDAY,14,TRAIN,EW21/CC22,25804,21337
2026-08,WEEKDAY,13,TRAIN,TE1,4760,5600
2026-08,WEEKENDS/HOLIDAY,6,TRAIN,EW23,11741,10398
2026-08,WEEKENDS/HOLIDAY,20,TRAIN,CC26,2114,2259
2026-08,WEEKENDS/HOLIDAY,22,TRAIN,DT10,789,1515
2026-08,WEEKENDS/HOLIDAY,12,TRAIN,EW6,8435,6028
2026-08,WEEKENDS/HOLIDAY,6,TRAIN,NE11,1831,1422
2026-08,WEEKENDS/HOLIDAY,10,TRAIN,TE28,3096,1502
2026-08,WEEKDAY,11,TRAIN,DT13,9928,12690
2026-08,WEEKDAY,23,TRAIN,TE13,1341,1305
2026-08,WEEKDAY,19,TRAIN,NE16/STC,47867,124358
2026-08,WEEKDAY,6,TRAIN,EW29,10774,48519
2026-08,WEEKDAY,0,TRAIN,TE5,67,787
2026-08,WEEKDAY,14,TRAIN,SE4,3173,4257
2026-08,WEEKDAY,21,TRAIN,CC24,34365,5642
2026-08,WEEKENDS/HOLIDAY,23,TRAIN,NS15,1197,3150
2026-08,WEEKENDS/HOLIDAY,17,TRAIN,CC23,3877,2106
2026-08,WEEKDAY,19,TRAIN,PE1,3182,9920
2026-08,WEEKDAY,23,TRAIN,BP7,56,324
2026-08,WEEKDAY,7,TRAIN,EW16/NE3/TE17,25139,122713
2026-08,WEEKDAY,19,TRAIN,PE6,6244,15861
2026-08,WEEKDAY,0,TRAIN,CC21,107,260
2026-08,WEEKDAY,23,TRAIN,PE6,516,2429
2026-08,WEEKENDS/HOLIDAY,13,TRAIN,TE18,11539,11324
2026-08,WEEKENDS/HOLIDAY,7,TRAIN,TE15,1269,3211
2026-08,WEEKDAY,7,TRAIN,NS16,100180,74230
2026-08,WEEKENDS/HOLIDAY,8,TRAIN,NS10,26802,14059
2026-08,WEEKDAY,9,TRAIN,EW10,18576,9452
2026-08,WEEKDAY,10,TRAIN,PE5,6157,2274
2026-08,WEEKDAY,7,TRAIN,CC8,18175,18966
2026-08,WEEKDAY,14,TRAIN,EW9,17972,14764
2026-08,WEEKENDS/HOLIDAY,15,TRAIN,SW7,715,1002
2026-08,WEEKENDS/HOLIDAY,19,TRAIN,SW2,2331,1715
2026-08,WEEKDAY,21,TRAIN,TE14/NS22,114516,25005
2026-08,WEEKENDS/HOLIDAY,20,TRAIN,EW7,4419,10816
2026-08,WEEKENDS/HOLIDAY,9,TRAIN,NE13,15977,14156
2026-08,WEEKENDS/HOLIDAY,5,TRAIN,EW26,4126,234
2026-08,WEEKENDS/HOLIDAY,17,TRAIN,SW7,809,1133
2026-08,WEEKDAY,13,TRAIN,CC28,3912,3476
2026-08,WEEKENDS/HOLIDAY,9,TRAIN,DT10,2557,1396
2026-08,WEEKDAY,6,TRAIN,TE19,554,7720
2026-08,WEEKDAY,21,TRAIN,EW2/DT32,43733,52321
2026-08,WEEKENDS/HOLIDAY,19,TRAIN,EW12/DT14,51000,33976
2026-08,WEEKDAY,7,TRAIN,NS3,76312,21058
2026-08,WEEKDAY,19,TRAIN,TE23,3118,7606
2026-08,WEEKDAY,13,TRAIN,DT8,10250,4950
2026-08,WEEKDAY,23,TRAIN,EW15,11353,3209
2026-08,WEEKENDS/HOLIDAY,11,TRAIN,CC27,1067,1542
2026-08,WEEKENDS/HOLIDAY,6,TRAIN,EW3,3699,1803
2026-08,WEEKENDS/HOLIDAY,8,TRAIN,SW4,1697,755
2026-08,WEEKDAY,7,TRAIN,BP9,6730,3050
2026-08,WEEKDAY,20,TRAIN,NE7/DT12,34438,29183
2026-08,WEEKENDS/HOLIDAY,15,TRAIN,TE27,3146,3804
2026-08,WEEKENDS/HOLIDAY,20,TRAIN,SW8,195,1089
2026-08,WEEKENDS/HOLIDAY,14,TRAIN,TE23,1895,2637
2026-08,WEEKENDS/HOLIDAY,11,TRAIN,TE3,7138,4141
2026-08,WEEKENDS/HOLIDAY,18,TRAIN,EW3,10803,13489
2026-08,WEEKENDS/HOLIDAY,17,TRAIN,CC3,10288,7237
2026-08,WEEKDAY,5,TRAIN,SE2,3313,96
2026-08,WEEKENDS/HOLIDAY,21,TRAIN,DT17,4029,3002
2026-08,WEEKDAY,17,TRAIN,CC5,13372,5344
2026-08,WEEKDAY,6,TRAIN,CC11,10229,23908
2026-08,WEEKDAY,5,TRAIN,BP6/DT1,12820,9784
2026-08,WEEKDAY,13,TRAIN,DT28,6942,7307
2026-08,WEEKDAY,7,TRAIN,CC23,3784,38029
2026-08,WEEKDAY,23,TRAIN,NS23,18802,4015
2026-08,WEEKDAY,18,TRAIN,TE13,11955,6622
2026-08,WEEKENDS/HOLIDAY,14,TRAIN,EW6,6050,6423
2026-08,WEEKENDS/HOLIDAY,18,TRAIN,DT27,6698,6015
2026-08,WEEKDAY,17,TRAIN,NS16,59021,79946
2026-08,WEEKENDS/HOLIDAY,6,TRAIN,CG1/DT35,958,1429
2026-08,WEEKDAY,15,TRAIN,EW9,17872,15524
2026-08,WEEKENDS/HOLIDAY,15,TRAIN,TE29,2052,2494
2026-08,WEEKENDS/HOLIDAY,17,TRAIN,SE5,1743,1783
2026-08,WEEKDAY,9,TRAIN,NE7/DT12,20115,42007
2026-08,WEEKDAY,17,TRAIN,NS4/BP1,62495,79799
2026-08,WEEKDAY,12,TRAIN,DT5,15443,12124
2026-08,WEEKDAY,23,TRAIN,CC17/TE9,868,2679
2026-08,WEEKENDS/HOLIDAY,14,TRAIN,PE3,3711,3710
2026-08,WEEKENDS/HOLIDAY,17,TRAIN,SW5,3980,4707
2026-08,WEEKDAY,23,TRAIN,NS7,6613,19723
2026-08,WEEKENDS/HOLIDAY,10,TRAIN,NE13,17906,14060
2026-08,WEEKDAY,11,TRAIN,EW8/CC9,31936,45521
2026-08,WEEKENDS/HOLIDAY,13,TRAIN,CC27,1614,1507
2026-08,WEEKENDS/HOLIDAY,21,TRAIN,DT22,12747,6933
2026-08,WEEKDAY,0,TRAIN,NE11,56,347
2026-08,WEEKENDS/HOLIDAY,17,TRAIN,TE1,4371,2806
2026-08,WEEKENDS/HOLIDAY,9,TRAIN,BP4,1106,582
2026-08,WEEKENDS/HOLIDAY,17,TRAIN,NE14,17668,19973
2026-08,WEEKDAY,9,TRAIN,NE11,21560,14263
2026-08,WEEKDAY,13,TRAIN,TE24,3202,3277
2026-08,WEEKDAY,8,TRAIN,NS21/DT11,117645,126595
2026-08,WEEKDAY,8,TRAIN,DT3,27712,5915
2026-08,WEEKENDS/HOLIDAY,10,TRAIN,CC8,4650,3323
2026-08,WEEKENDS/HOLIDAY,5,TRAIN,CC7,282,35
2026-08,WEEKDAY,5,TRAIN,NS28,34,1
2026-08,WEEKENDS/HOLIDAY,21,TRAIN,EW7,3468,11395
2026-08,WEEKDAY,9,TRAIN,TE22,556,3291
2026-08,WEEKENDS/HOLIDAY,8,TRAIN,NS23,3094,10984
2026-08,WEEKENDS/HOLIDAY,7,TRAIN,DT31,1709,806
2026-08,WEEKDAY,20,TRAIN,TE24,1836,4584
2026-08,WEEKDAY,15,TRAIN,CC32,1196,1238
2026-08,WEEKENDS/HOLIDAY,6,TRAIN,DT18,148,395
2026-08,WEEKDAY,18,TRAIN,EW8/CC9,132820,123688
2026-08,WEEKENDS/HOLIDAY,23,TRAIN,NS12,1448,6664
2026-08,WEEKDAY,19,TRAIN,CC11,47293,21026
2026-08,WEEKENDS/HOLIDAY,5,TRAIN,TE16,70,29
2026-08,WEEKDAY,13,TRAIN,EW3,17011,16213
2026-08,WEEKENDS/HOLIDAY,6,TRAIN,TE19,182,805
2026-08,WEEKDAY,18,TRAIN,NS15,71973,35644
2026-08,WEEKENDS/HOLIDAY,20,TRAIN,CC5,12915,4535
2026-08,WEEKDAY,9,TRAIN,PE5,11599,2811
2026-08,WEEKENDS/HOLIDAY,8,TRAIN,BP5,1037,885
2026-08,WEEKDAY,23,TRAIN,CC6,7151,474
2026-08,WEEKDAY,18,TRAIN,CC7,11030,16824
2026-08,WEEKDAY,9,TRAIN,EW11,23130,33281
2026-08,WEEKENDS/HOLIDAY,8,TRAIN,EW27,22415,15464
2026-08,WEEKENDS/HOLIDAY,21,TRAIN,CC30,78,132
2026-08,WEEKDAY,14,TRAIN,PE4,1398,2323
2026-08,WEEKENDS/HOLIDAY,16,TRAIN,TE29,2665,2833
2026-08,WEEKDAY,23,TRAIN,NS3,3193,8984
2026-08,WEEKDAY,21,TRAIN,CC3,13766,2559
2026-08,WEEKDAY,13,TRAIN,TE13,5085,6665
2026-08,WEEKDAY,9,TRAIN,DT21,10242,18342
2026-08,WEEKENDS/HOLIDAY,21,TRAIN,TE29,882,2987
2026-08,WEEKDAY,7,TRAIN,TE23,6011,2236
2026-08,WEEKDAY,14,TRAIN,NE11,16651,19174
2026-08,WEEKDAY,13,TRAIN,PW3,1749,918
2026-08,WEEKDAY,20,TRAIN,EW27,43876,75055
2026-08,WEEKENDS/HOLIDAY,23,TRAIN,CC28,213,1449
2026-08,WEEKDAY,20,TRAIN,CC28,2836,6887
2026-08,WEEKDAY,0,TRAIN,TE12,31,103
2026-08,WEEKENDS/HOLIDAY,12,TRAIN,NE9,16937,11164
2026-08,WEEKDAY,18,TRAIN,SW7,1242,5104
2026-08,WEEKENDS/HOLIDAY,15,TRAIN,PW2,163,142
2026-08,WEEKDAY,21,TRAIN,NS10,16627,49833
2026-08,WEEKDAY,15,TRAIN,NS14,23372,26285
2026-08,WEEKDAY,15,TRAIN,CC17/TE9,23631,7030
2026-08,WEEKDAY,15,TRAIN,EW8/CC9,48819,40894
2026-08,WEEKDAY,9,TRAIN,BP5,2521,1639
2026-08,WEEKDAY,6,TRAIN,CC5,2304,1734
2026-08,WEEKENDS/HOLIDAY,8,TRAIN,SE2,3826,1457
2026-08,WEEKENDS/HOLIDAY,20,TRAIN,TE29,1426,2954
2026-08,WEEKDAY,21,TRAIN,DT27,5678,9572
2026-08,WEEKENDS/HOLIDAY,7,TRAIN,NE1/CC29,5059,19709
2026-08,WEEKENDS/HOLIDAY,20,TRAIN,EW31,2262,2940
2026-08,WEEKDAY,17,TRAIN,EW1,39210,56136
2026-08,WEEKDAY,18,TRAIN,DT24,13009,15244
2026-08,WEEKDAY,21,TRAIN,DT25,2616,5915
2026-08,WEEKENDS/HOLIDAY,0,TRAIN,DT34,4,481
2026-08,WEEKDAY,15,TRAIN,BP11,2163,3687
2026-08,WEEKDAY,17,TRAIN,DT34,15811,6244
2026-08,WEEKENDS/HOLIDAY,15,TRAIN,BP8,916,971
2026-08,WEEKENDS/HOLIDAY,8,TRAIN,CC11,3369,10194
2026-08,WEEKDAY,13,TRAIN,EW2/DT32,49449,49263
2026-08,WEEKENDS/HOLIDAY,18,TRAIN,CC25,4465,4037
2026-08,WEEKDAY,15,TRAIN,CC10/DT26,12476,13754
2026-08,WEEKENDS/HOLIDAY,20,TRAIN,BP8,771,926
2026-08,WEEKENDS/HOLIDAY,8,TRAIN,CC2,860,2606
2026-08,WEEKENDS/HOLIDAY,10,TRAIN,CC7,4061,2850
2026-08,WEEKDAY,13,TRAIN,DT4,1962,1937
2026-08,WEEKDAY,7,TRAIN,NE16/STC,146362,42073
2026-08,WEEKENDS/HOLIDAY,5,TRAIN,CC31,34,0
2026-08,WEEKDAY,5,TRAIN,NS27/CC33/TE20,461,193
2026-08,WEEKENDS/HOLIDAY,21,TRAIN,EW24/NS1,61823,19385
2026-08,WEEKENDS/HOLIDAY,18,TRAIN,PW5,1734,2882
2026-08,WEEKDAY,14,TRAIN,EW6,8173,10657
2026-08,WEEKDAY,22,TRAIN,PW3,102,1015
2026-08,WEEKENDS/HOLIDAY,15,TRAIN,PE1,2204,2159
2026-08,WEEKENDS/HOLIDAY,5,TRAIN,CC5,109,12
2026-08,WEEKENDS/HOLIDAY,7,TRAIN,NS4/BP1,18397,11259
2026-08,WEEKENDS/HOLIDAY,14,TRAIN,DT7,1933,2166
2026-08,WEEKDAY,0,TRAIN,DT5,136,1540
2026-08,WEEKENDS/HOLIDAY,12,TRAIN,TE1,3159,1079
2026-08,WEEKDAY,7,TRAIN,TE16,13180,8725
2026-08,WEEKDAY,7,TRAIN,SW8,1437,3193
2026-08,WEEKENDS/HOLIDAY,7,TRAIN,PE1,1527,426
2026-08,WEEKDAY,11,TRAIN,BP12,2694,1432
2026-08,WEEKDAY,10,TRAIN,NS21/DT11,47967,46817
2026-08,WEEKENDS/HOLIDAY,14,TRAIN,PW1,1940,2360
2026-08,WEEKDAY,14,TRAIN,DT31,6083,6648
2026-08,WEEKENDS/HOLIDAY,8,TRAIN,NS14,23949,10635
2026-08,WEEKDAY,10,TRAIN,NE7/DT12,19759,31603
2026-08,WEEKDAY,9,TRAIN,EW19,35749,11735
2026-08,WEEKDAY,22,TRAIN,NS19,12838,33357
2026-08,WEEKENDS/HOLIDAY,12,TRAIN,PE5,4598,2716
2026-08,WEEKDAY,16,TRAIN,CG2,30902,19249
2026-08,WEEKDAY,20,TRAIN,NE16/STC,31617,72810
2026-08,WEEKENDS/HOLIDAY,19,TRAIN,NS2,13158,20699
2026-08,WEEKENDS/HOLIDAY,22,TRAIN,BP6/DT1,8649,23173
2026-08,WEEKENDS/HOLIDAY,6,TRAIN,NE7/DT12,5509,5862
2026-08,WEEKDAY,18,TRAIN,EW19,36234,52050
2026-08,WEEKENDS/HOLIDAY,20,TRAIN,DT18,3986,3823
2026-08,WEEKENDS/HOLIDAY,10,TRAIN,SW7,939,480
2026-08,WEEKENDS/HOLIDAY,19,TRAIN,EW11,12112,14349
2026-08,WEEKENDS/HOLIDAY,0,TRAIN,TE24,33,191
2026-08,WEEKDAY,9,TRAIN,SE2,11841,2998
2026-08,WEEKDAY,12,TRAIN,EW4,15581,9054
2026-08,WEEKENDS/HOLIDAY,5,TRAIN,PE2,576,46
2026-08,WEEKDAY,7,TRAIN,TE25,6721,2055
2026-08,WEEKDAY,13,TRAIN,SW8,1095,2881
2026-08,WEEKENDS/HOLIDAY,0,TRAIN,PE1,49,519
2026-08,WEEKDAY,11,TRAIN,TE5,5533,3501
2026-08,WEEKENDS/HOLIDAY,15,TRAIN,NS28,6966,3433
2026-08,WEEKENDS/HOLIDAY,14,TRAIN,NS15,6333,5402
2026-08,WEEKENDS/HOLIDAY,23,TRAIN,NS3,1469,5828
2026-08,WEEKENDS/HOLIDAY,18,TRAIN,BP3,2110,2617
2026-08,WEEKENDS/HOLIDAY,11,TRAIN,CC23,2619,2529
2026-08,WEEKDAY,14,TRAIN,TE23,2159,3118
2026-08,WEEKDAY,12,TRAIN,TE13,8002,4710
2026-08,WEEKENDS/HOLIDAY,10,TRAIN,EW6,8468,4874
2026-08,WEEKDAY,20,TRAIN,DT27,8634,11478
2026-08,WEEKENDS/HOLIDAY,17,TRAIN,DT33,10723,9373
2026-08,WEEKDAY,15,TRAIN,EW16/NE3/TE17,39330,25533
2026-08,WEEKENDS/HOLIDAY,20,TRAIN,CC34/DT16,76566,26916
2026-08,WEEKENDS/HOLIDAY,18,TRAIN,PE4,1228,1592
2026-08,WEEKDAY,13,TRAIN,TE3,12237,11076
2026-08,WEEKDAY,10,TRAIN,CC12,9037,3128
2026-08,WEEKENDS/HOLIDAY,20,TRAIN,PW4,2117,2659
2026-08,WEEKDAY,12,TRAIN,BP12,3770,1646
2026-08,WEEKDAY,5,TRAIN,TE6,4860,393
2026-08,WEEKENDS/HOLIDAY,7,TRAIN,NS21/DT11,8743,12002
2026-08,WEEKENDS/HOLIDAY,22,TRAIN,PE5,660,3515
2026-08,WEEKDAY,20,TRAIN,DT22,13026,15989
2026-08,WEEKDAY,15,TRAIN,PW4,3359,4860
2026-08,WEEKENDS/HOLIDAY,10,TRAIN,PW2,179,215
2026-08,WEEKDAY,16,TRAIN,PW2,159,204
2026-08,WEEKENDS/HOLIDAY,6,TRAIN,DT22,1338,873
2026-08,WEEKDAY,5,TRAIN,SE3,1944,45
2026-08,WEEKDAY,8,TRAIN,TE25,10844,2508
2026-08,WEEKENDS/HOLIDAY,18,TRAIN,BP12,1240,1615
2026-08,WEEKDAY,15,TRAIN,NE1/CC29,48299,44285
2026-08,WEEKENDS/HOLIDAY,5,TRAIN,CC11,412,164
2026-08,WEEKENDS/HOLIDAY,13,TRAIN,CC10/DT26,11240,10204
2026-08,WEEKENDS/HOLIDAY,22,TRAIN,NS2,6188,15803
2026-08,WEEKENDS/HOLIDAY,14,TRAIN,PE6,4774,4592
2026-08,WEEKENDS/HOLIDAY,10,TRAIN,SW1,1414,580
2026-08,WEEKENDS/HOLIDAY,8,TRAIN,EW15,3149,13146
2026-08,WEEKDAY,11,TRAIN,PE4,1772,960
2026-08,WEEKENDS/HOLIDAY,17,TRAIN,TE8,7991,7805
2026-08,WEEKENDS/HOLIDAY,23,TRAIN,DT17,1603,621
2026-08,WEEKENDS/HOLIDAY,7,TRAIN,DT28,3121,1325
2026-08,WEEKENDS/HOLIDAY,9,TRAIN,DT29,5534,1696
2026-08,WEEKDAY,23,TRAIN,TE19,2635,606
2026-08,WEEKENDS/HOLIDAY,12,TRAIN,CC8,5390,4200
2026-08,WEEKENDS/HOLIDAY,14,TRAIN,DT18,4877,3511
2026-08,WEEKENDS/HOLIDAY,15,TRAIN,CC30,187,164
2026-08,WEEKDAY,20,TRAIN,TE8,12375,10197
2026-08,WEEKDAY,14,TRAIN,CC5,5272,4516
2026-08,WEEKENDS/HOLIDAY,6,TRAIN,CC4/DT15,363,1975
2026-08,WEEKDAY,15,TRAIN,NE17/PTC,43669,53018
2026-08,WEEKENDS/HOLIDAY,8,TRAIN,BP2,2158,661
2026-08,WEEKENDS/HOLIDAY,12,TRAIN,CC5,2620,4317
2026-08,WEEKDAY,18,TRAIN,NE4/DT19,120697,90652
2026-08,WEEKDAY,16,TRAIN,TE23,2513,4555
2026-08,WEEKENDS/HOLIDAY,23,TRAIN,SE5,122,829
2026-08,WEEKDAY,13,TRAIN,CC7,5370,5322
2026-08,WEEKDAY,19,TRAIN,EW26,27104,79573
2026-08,WEEKENDS/HOLIDAY,5,TRAIN,DT18,1,0
2026-08,WEEKENDS/HOLIDAY,20,TRAIN,DT24,1757,3281
2026-08,WEEKENDS/HOLIDAY,13,TRAIN,SE3,1908,1623
2026-08,WEEKENDS/HOLIDAY,12,TRAIN,EW26,23074,11199
2026-08,WEEKDAY,22,TRAIN,NS4/BP1,15099,31699
2026-08,WEEKDAY,12,TRAIN,EW15,33036,37193
2026-08,WEEKDAY,21,TRAIN,TE19,12145,2390
2026-08,WEEKENDS/HOLIDAY,14,TRAIN,CC34/DT16,26290,39368
2026-08,WEEKENDS/HOLIDAY,13,TRAIN,NS19,24941,21884
2026-08,WEEKDAY,7,TRAIN,BP13,4349,1257
2026-08,WEEKDAY,5,TRAIN,NS21/DT11,3679,2562
2026-08,WEEKDAY,14,TRAIN,EW3,16235,18159
2026-08,WEEKENDS/HOLIDAY,17,TRAIN,BP9,1143,1327
2026-08,WEEKDAY,12,TRAIN,DT3,6250,3615
2026-08,WEEKDAY,5,TRAIN,BP8,1724,700
2026-08,WEEKENDS/HOLIDAY,22,TRAIN,CC6,16993,1055
2026-08,WEEKDAY,5,TRAIN,TE23,231,10
2026-08,WEEKDAY,19,TRAIN,SW7,823,4937
2026-08,WEEKENDS/HOLIDAY,5,TRAIN,PE3,383,105
2026-08,WEEKENDS/HOLIDAY,19,TRAIN,BP11,1125,2427
2026-08,WEEKDAY,12,TRAIN,EW32,2955,1514
2026-08,WEEKENDS/HOLIDAY,16,TRAIN,CC6,8718,39985
2026-08,WEEKDAY,16,TRAIN,NE13,25241,27565
2026-08,WEEKDAY,13,TRAIN,NS9/TE2,49436,53290
2026-08,WEEKDAY,23,TRAIN,TE26,2096,2649
2026-08,WEEKDAY,6,TRAIN,TE7,8157,4581
2026-08,WEEKDAY,21,TRAIN,PE6,4272,6208
2026-08,WEEKENDS/HOLIDAY,11,TRAIN,EW16/NE3/TE17,13176,15184
2026-08,WEEKDAY,16,TRAIN,CG1/DT35,20969,8143
2026-08,WEEKENDS/HOLIDAY,11,TRAIN,PW1,1535,2713
2026-08,WEEKDAY,14,TRAIN,SW6,2058,3968
2026-08,WEEKENDS/HOLIDAY,8,TRAIN,NS9/TE2,27758,25563
2026-08,WEEKDAY,13,TRAIN,PW6,2186,2008
2026-08,WEEKDAY,12,TRAIN,EW24/NS1,48145,65437
2026-08,WEEKDAY,10,TRAIN,SW4,2755,1233
2026-08,WEEKENDS/HOLIDAY,11,TRAIN,NS20,22100,25228
2026-08,WEEKENDS/HOLIDAY,6,TRAIN,TE6,4334,799
2026-08,WEEKDAY,22,TRAIN,NE1/CC29,68235,12845
2026-08,WEEKENDS/HOLIDAY,5,TRAIN,NE13,754,154
2026-08,WEEKENDS/HOLIDAY,9,TRAIN,TE3,6459,3385
2026-08,WEEKDAY,0,TRAIN,CC10/DT26,162,1171
2026-08,WEEKDAY,23,TRAIN,PW1,239,56
2026-08,WEEKDAY,11,TRAIN,CC6,4508,5099
2026-08,WEEKDAY,19,TRAIN,PW5,1901,7108
2026-08,WEEKDAY,20,TRAIN,EW2/DT32,50844,67913
2026-08,WEEKDAY,0,TRAIN,NS27/CC33/TE20,33,199
2026-08,WEEKENDS/HOLIDAY,0,TRAIN,CC23,13,105
2026-08,WEEKDAY,18,TRAIN,BP9,2348,5413
2026-08,WEEKENDS/HOLIDAY,0,TRAIN,NS4/BP1,756,3167
2026-08,WEEKENDS/HOLIDAY,6,TRAIN,PW3,866,75
2026-08,WEEKDAY,20,TRAIN,PW5,1091,5688
2026-08,WEEKDAY,8,TRAIN,NE13,58241,33139
2026-08,WEEKENDS/HOLIDAY,13,TRAIN,BP7,554,684
2026-08,WEEKDAY,16,TRAIN,NE16/STC,43629,56788
2026-08,WEEKDAY,19,TRAIN,NE14,27001,75464
2026-08,WEEKDAY,23,TRAIN,TE27,480,3059
2026-08,WEEKDAY,6,TRAIN,NS16,54370,35218
2026-08,WEEKENDS/HOLIDAY,8,TRAIN,NE17/PTC,20673,12405
2026-08,WEEKDAY,21,TRAIN,CC34/DT16,86174,21604
2026-08,WEEKDAY,19,TRAIN,NS11,35358,109948
2026-08,WEEKENDS/HOLIDAY,12,TRAIN,NE16/STC,32146,27042
2026-08,WEEKDAY,6,TRAIN,CC12,11401,8694
2026-08,WEEKENDS/HOLIDAY,23,TRAIN,EW23,4265,11076
2026-08,WEEKDAY,8,TRAIN,EW1,110612,27674
2026-08,WEEKDAY,18,TRAIN,EW1,44550,103916
2026-08,WEEKENDS/HOLIDAY,0,TRAIN,EW22,36,190
2026-08,WEEKENDS/HOLIDAY,15,TRAIN,PE6,4662,4475
2026-08,WEEKDAY,10,TRAIN,EW26,31843,10230
2026-08,WEEKDAY,21,TRAIN,NS19,21080,44171
2026-08,WEEKENDS/HOLIDAY,23,TRAIN,EW21/CC22,4053,3225
2026-08,WEEKDAY,23,TRAIN,CC8,887,2661
2026-08,WEEKENDS/HOLIDAY,23,TRAIN,SW8,42,427
2026-08,WEEKENDS/HOLIDAY,22,TRAIN,DT23,1298,1417
2026-08,WEEKENDS/HOLIDAY,15,TRAIN,TE3,6269,4968
2026-08,WEEKDAY,8,TRAIN,NS7,49941,42828
2026-08,WEEKENDS/HOLIDAY,16,TRAIN,CC24,9292,5356
2026-08,WEEKENDS/HOLIDAY,23,TRAIN,NS14,4723,13329
2026-08,WEEKENDS/HOLIDAY,16,TRAIN,BP8,1017,967
2026-08,WEEKENDS/HOLIDAY,5,TRAIN,TE24,38,0
2026-08,WEEKENDS/HOLIDAY,23,TRAIN,EW17,1855,6562
2026-08,WEEKENDS/HOLIDAY,9,TRAIN,NS15,9223,5117
2026-08,WEEKDAY,15,TRAIN,BP12,3131,2455
2026-08,WEEKENDS/HOLIDAY,20,TRAIN,TE13,2168,2514
2026-08,WEEKENDS/HOLIDAY,6,TRAIN,PW1,37,259
2026-08,WEEKENDS/HOLIDAY,8,TRAIN,EW17,11060,8685
2026-08,WEEKENDS/HOLIDAY,11,TRAIN,CC26,1840,1061
2026-08,WEEKDAY,11,TRAIN,SE2,5395,3435
2026-08,WEEKENDS/HOLIDAY,21,TRAIN,DT5,4580,9806
2026-08,WEEKENDS/HOLIDAY,18,TRAIN,CC3,10473,6380
2026-08,WEEKDAY,19,TRAIN,DT34,7480,11623
2026-08,WEEKENDS/HOLIDAY,8,TRAIN,TE6,8690,3372
2026-08,WEEKENDS/HOLIDAY,17,TRAIN,PE6,4535,4680
2026-08,WEEKENDS/HOLIDAY,0,TRAIN,EW3,60,1321
2026-08,WEEKDAY,20,TRAIN,PE2,2032,9796
2026-08,WEEKDAY,5,TRAIN,SE5,1199,347
2026-08,WEEKDAY,15,TRAIN,PE5,4458,6960
2026-08,WEEKDAY,8,TRAIN,NS20,35124,156656
2026-08,WEEKENDS/HOLIDAY,0,TRAIN,EW26,80,3287
2026-08,WEEKENDS/HOLIDAY,18,TRAIN,NS23,36329,29291
2026-08,WEEKDAY,18,TRAIN,DT23,24441,10048
2026-08,WEEKDAY,21,TRAIN,CC8,4158,8486
2026-08,WEEKDAY,21,TRAIN,TE12,3180,1818
2026-08,WEEKENDS/HOLIDAY,16,TRAIN,TE22,4180,8941
2026-08,WEEKENDS/HOLIDAY,14,TRAIN,PW5,1755,1683
2026-08,WEEKDAY,9,TRAIN,EW6,19648,9333
2026-08,WEEKENDS/HOLIDAY,7,TRAIN,EW22,2040,2695
2026-08,WEEKENDS/HOLIDAY,20,TRAIN,NS25/EW13,51586,16066
2026-08,WEEKDAY,14,TRAIN,EW16/NE3/TE17,29586,38742
2026-08,WEEKDAY,17,TRAIN,NE14,33309,56150
2026-08,WEEKDAY,8,TRAIN,DT13,10718,24066
2026-08,WEEKENDS/HOLIDAY,13,TRAIN,BP4,906,921
2026-08,WEEKENDS/HOLIDAY,20,TRAIN,EW6,3336,7931
2026-08,WEEKDAY,23,TRAIN,PW4,595,1684
2026-08,WEEKENDS/HOLIDAY,11,TRAIN,DT28,6752,2908
2026-08,WEEKENDS/HOLIDAY,13,TRAIN,EW17,15576,15545
2026-08,WEEKDAY,7,TRAIN,EW7,34797,17732
2026-08,WEEKDAY,13,TRAIN,EW32,2294,2097
2026-08,WEEKENDS/HOLIDAY,16,TRAIN,CG2,22966,15522
2026-08,WEEKENDS/HOLIDAY,13,TRAIN,NS3,12950,10333
2026-08,WEEKDAY,15,TRAIN,DT7,6007,5262
2026-08,WEEKDAY,9,TRAIN,EW33,4694,4727
2026-08,WEEKENDS/HOLIDAY,15,TRAIN,NE7/DT12,23225,22997
2026-08,WEEKDAY,9,TRAIN,PW1,1176,3676
2026-08,WEEKENDS/HOLIDAY,17,TRAIN,BP4,964,995
2026-08,WEEKDAY,8,TRAIN,CC7,13686,9299
2026-08,WEEKENDS/HOLIDAY,9,TRAIN,BP12,1937,801
2026-08,WEEKENDS/HOLIDAY,0,TRAIN,EW24/NS1,857,2858
2026-08,WEEKENDS/HOLIDAY,7,TRAIN,EW10,8573,3418
2026-08,WEEKDAY,23,TRAIN,CC2,1605,762
2026-08,WEEKDAY,12,TRAIN,DT34,5904,4118
2026-08,WEEKDAY,16,TRAIN,CC4/DT15,25259,17321
2026-08,WEEKENDS/HOLIDAY,6,TRAIN,CC6,654,3183
2026-08,WEEKDAY,7,TRAIN,PE6,19871,7692
2026-08,WEEKENDS/HOLIDAY,10,TRAIN,SE3,2416,741
2026-08,WEEKENDS/HOLIDAY,18,TRAIN,SE2,2861,3827
2026-08,WEEKENDS/HOLIDAY,17,TRAIN,DT31,5262,5620
2026-08,WEEKENDS/HOLIDAY,20,TRAIN,TE18,9368,6342
2026-08,WEEKDAY,22,TRAIN,CC23,4562,1435
2026-08,WEEKDAY,18,TRAIN,TE6,18290,41383
2026-08,WEEKDAY,21,TRAIN,CC4/DT15,37263,5225
2026-08,WEEKENDS/HOLIDAY,14,TRAIN,PW3,394,405
2026-08,WEEKENDS/HOLIDAY,11,TRAIN,SE2,4435,2356
2026-08,WEEKDAY,10,TRAIN,TE3,10702,5713
2026-08,WEEKENDS/HOLIDAY,14,TRAIN,CC6,7168,12313
2026-08,WEEKDAY,19,TRAIN,DT27,15522,16797
2026-08,WEEKDAY,11,TRAIN,EW26,28121,11280
2026-08,WEEKENDS/HOLIDAY,23,TRAIN,DT25,455,1718
2026-08,WEEKENDS/HOLIDAY,12,TRAIN,NS8,11732,7175
2026-08,WEEKDAY,16,TRAIN,EW21/CC22,44404,22668
2026-08,WEEKENDS/HOLIDAY,0,TRAIN,NS12,326,2280
2026-08,WEEKDAY,18,TRAIN,CC17/TE9,23518,23582
2026-08,WEEKENDS/HOLIDAY,22,TRAIN,NE5,11271,5647
2026-08,WEEKENDS/HOLIDAY,8,TRAIN,SE5,1780,846
2026-08,WEEKENDS/HOLIDAY,19,TRAIN,DT30,3556,6175
2026-08,WEEKDAY,20,TRAIN,PW4,3041,5804
2026-08,WEEKDAY,5,TRAIN,PW6,643,13
2026-08,WEEKENDS/HOLIDAY,0,TRAIN,NE8,270,547
2026-08,WEEKENDS/HOLIDAY,8,TRAIN,DT23,1138,1457
2026-08,WEEKDAY,17,TRAIN,CC26,28028,5953
2026-08,WEEKENDS/HOLIDAY,17,TRAIN,CC10/DT26,12967,10518
2026-08,WEEKENDS/HOLIDAY,6,TRAIN,PE6,1066,570
2026-08,WEEKDAY,10,TRAIN,PW5,2330,1201
2026-08,WEEKENDS/HOLIDAY,12,TRAIN,CC32,837,766
2026-08,WEEKENDS/HOLIDAY,5,TRAIN,SE4,337,79
2026-08,WEEKDAY,15,TRAIN,EW22,22539,10872
2026-08,WEEKENDS/HOLIDAY,9,TRAIN,TE26,5108,9934
2026-08,WEEKENDS/HOLIDAY,13,TRAIN,CG2,17599,20271
2026-08,WEEKDAY,9,TRAIN,TE8,11871,11759
2026-08,WEEKDAY,14,TRAIN,CC14,7971,8366
2026-08,WEEKENDS/HOLIDAY,6,TRAIN,EW27,16210,9127
2026-08,WEEKENDS/HOLIDAY,17,TRAIN,CC32,1118,1161
2026-08,WEEKENDS/HOLIDAY,15,TRAIN,CC4/DT15,17831,19238
2026-08,WEEKENDS/HOLIDAY,6,TRAIN,CC28,1098,486
2026-08,WEEKDAY,8,TRAIN,BP11,10480,1749
2026-08,WEEKDAY,13,TRAIN,NS19,36722,36857
2026-08,WEEKENDS/HOLIDAY,7,TRAIN,DT6,834,927
2026-08,WEEKENDS/HOLIDAY,18,TRAIN,CC23,3382,2201
2026-08,WEEKENDS/HOLIDAY,23,TRAIN,EW24/NS1,10124,8392
2026-08,WEEKENDS/HOLIDAY,9,TRAIN,TE7,3999,3242
2026-08,WEEKENDS/HOLIDAY,6,TRAIN,CC24,444,4255
2026-08,WEEKDAY,11,TRAIN,TE12,6980,5944
2026-08,WEEKENDS/HOLIDAY,7,TRAIN,EW1,12550,8309
2026-08,WEEKENDS/HOLIDAY,7,TRAIN,TE6,6017,1900
2026-08,WEEKENDS/HOLIDAY,0,TRAIN,NE13,145,1125
2026-08,WEEKENDS/HOLIDAY,7,TRAIN,EW29,4956,20927
2026-08,WEEKENDS/HOLIDAY,7,TRAIN,TE12,764,2629
2026-08,WEEKDAY,15,TRAIN,EW6,7252,11604
2026-08,WEEKDAY,15,TRAIN,EW23,45040,44687
2026-08,WEEKDAY,21,TRAIN,PW4,2808,4367
2026-08,WEEKENDS/HOLIDAY,6,TRAIN,CC30,51,33
2026-08,WEEKENDS/HOLIDAY,10,TRAIN,NE14,21686,10459
2026-08,WEEKENDS/HOLIDAY,21,TRAIN,DT10,1028,1717
2026-08,WEEKDAY,8,TRAIN,DT17,4985,146933
2026-08,WEEKDAY,6,TRAIN,DT25,5835,4142
2026-08,WEEKENDS/HOLIDAY,16,TRAIN,EW1,17775,19813
2026-08,WEEKENDS/HOLIDAY,10,TRAIN,CC20,3852,2896
2026-08,WEEKDAY,21,TRAIN,DT30,2719,13797
2026-08,WEEKENDS/HOLIDAY,6,TRAIN,DT34,329,114
2026-08,WEEKENDS/HOLIDAY,10,TRAIN,DT10,2904,1224
2026-08,WEEKDAY,16,TRAIN,NE14,23704,33879
2026-08,WEEKDAY,17,TRAIN,EW19,32678,29736
2026-08,WEEKENDS/HOLIDAY,22,TRAIN,NE4/DT19,23908,11746
2026-08,WEEKDAY,18,TRAIN,PE2,6067,13673
2026-08,WEEKDAY,18,TRAIN,BP3,4371,13915
2026-08,WEEKENDS/HOLIDAY,10,TRAIN,TE7,4486,2923
2026-08,WEEKDAY,12,TRAIN,DT33,14649,7611
2026-08,WEEKDAY,21,TRAIN,EW29,11489,5653
2026-08,WEEKDAY,23,TRAIN,NS8,3468,8755
2026-08,WEEKDAY,10,TRAIN,DT28,9743,5405
2026-08,WEEKENDS/HOLIDAY,14,TRAIN,CC8,4684,4511
2026-08,WEEKDAY,19,TRAIN,NE7/DT12,41990,47457
2026-08,WEEKDAY,16,TRAIN,TE28,4153,5955
2026-08,WEEKDAY,7,TRAIN,CC16,15392,35143
2026-08,WEEKENDS/HOLIDAY,17,TRAIN,PW6,882,810
2026-08,WEEKENDS/HOLIDAY,9,TRAIN,SW6,1775,637
2026-08,WEEKENDS/HOLIDAY,15,TRAIN,SE2,3082,3051
2026-08,WEEKENDS/HOLIDAY,10,TRAIN,EW19,10753,6866
2026-08,WEEKENDS/HOLIDAY,23,TRAIN,PW4,365,1054
2026-08,WEEKENDS/HOLIDAY,0,TRAIN,TE29,13,325
2026-08,WEEKENDS/HOLIDAY,8,TRAIN,TE19,736,2415
2026-08,WEEKENDS/HOLIDAY,9,TRAIN,BP13,1076,589
2026-08,WEEKDAY,23,TRAIN,DT33,1304,13198
2026-08,WEEKDAY,20,TRAIN,CC4/DT15,34631,9068
2026-08,WEEKDAY,14,TRAIN,EW33,2250,2300
2026-08,WEEKDAY,18,TRAIN,BP11,3338,10869
2026-08,WEEKENDS/HOLIDAY,19,TRAIN,NS19,17313,23467
2026-08,WEEKDAY,11,TRAIN,DT34,5899,2719
2026-08,WEEKENDS/HOLIDAY,9,TRAIN,EW3,11603,5517
2026-08,WEEKDAY,13,TRAIN,EW33,2099,2290
2026-08,WEEKENDS/HOLIDAY,7,TRAIN,CC3,336,2507
2026-08,WEEKDAY,23,TRAIN,PE7,130,2066
2026-08,WEEKDAY,11,TRAIN,EW10,8959,5473
2026-08,WEEKDAY,17,TRAIN,EW2/DT32,74561,113090
2026-08,WEEKDAY,14,TRAIN,NS15,20833,13798
2026-08,WEEKDAY,21,TRAIN,SE5,760,3809
2026-08,WEEKENDS/HOLIDAY,18,TRAIN,NS15,7397,8468
2026-08,WEEKENDS/HOLIDAY,18,TRAIN,CC8,5414,5449
2026-08,WEEKDAY,21,TRAIN,EW4,6868,20372
2026-08,WEEKENDS/HOLIDAY,13,TRAIN,PE1,2525,2269
2026-08,WEEKENDS/HOLIDAY,7,TRAIN,EW7,6982,4394
2026-08,WEEKDAY,16,TRAIN,BP3,3134,4439
2026-08,WEEKENDS/HOLIDAY,21,TRAIN,TE1,1683,3155
2026-08,WEEKENDS/HOLIDAY,22,TRAIN,NS20,7155,5453
2026-08,WEEKDAY,15,TRAIN,EW7,9587,14397
2026-08,WEEKENDS/HOLIDAY,14,TRAIN,DT33,8402,7511
2026-08,WEEKDAY,19,TRAIN,EW31,11599,5026
2026-08,WEEKDAY,20,TRAIN,CC16,6408,7429
2026-08,WEEKENDS/HOLIDAY,22,TRAIN,PE1,460,2817
2026-08,WEEKENDS/HOLIDAY,20,TRAIN,NS17/CC15,8616,12146
2026-08,WEEKENDS/HOLIDAY,15,TRAIN,EW2/DT32,35662,34590
2026-08,WEEKENDS/HOLIDAY,18,TRAIN,SE4,2075,2486
2026-08,WEEKDAY,0,TRAIN,PE5,40,844
2026-08,WEEKDAY,7,TRAIN,PW6,7198,1917
2026-08,WEEKDAY,17,TRAIN,CC25,24243,8436
2026-08,WEEKDAY,23,TRAIN,TE4,2322,1825
2026-08,WEEKDAY,15,TRAIN,NS16,34898,40558
2026-08,WEEKDAY,23,TRAIN,NS20,3120,3441
2026-08,WEEKDAY,8,TRAIN,NE12/CC13,160162,46480
2026-08,WEEKENDS/HOLIDAY,11,TRAIN,CC16,4392,2897
2026-08,WEEKENDS/HOLIDAY,9,TRAIN,TE6,10198,3501
2026-08,WEEKENDS/HOLIDAY,5,TRAIN,TE5,206,7
2026-08,WEEKDAY,22,TRAIN,CC11,10585,6538
2026-08,WEEKDAY,18,TRAIN,NS27/CC33/TE20,44939,5941
2026-08,WEEKDAY,11,TRAIN,NS3,20149,11145
2026-08,WEEKDAY,6,TRAIN,BP10,9360,1317
2026-08,WEEKENDS/HOLIDAY,20,TRAIN,EW26,10570,23343
2026-08,WEEKENDS/HOLIDAY,10,TRAIN,TE29,3068,1215
2026-08,WEEKDAY,19,TRAIN,SW3,1211,1284
2026-08,WEEKDAY,20,TRAIN,EW18,13624,20678
2026-08,WEEKENDS/HOLIDAY,12,TRAIN,DT3,5579,2834
2026-08,WEEKDAY,7,TRAIN,SE3,13818,3140
2026-08,WEEKENDS/HOLIDAY,21,TRAIN,DT21,5875,6402
2026-08,WEEKDAY,20,TRAIN,SE1,1628,7120
2026-08,WEEKDAY,10,TRAIN,NS19,37259,27285
2026-08,WEEKENDS/HOLIDAY,15,TRAIN,DT29,3590,3529
2026-08,WEEKDAY,22,TRAIN,EW4,4512,16820
2026-08,WEEKENDS/HOLIDAY,11,TRAIN,NS7,13976,13573
2026-08,WEEKDAY,14,TRAIN,DT4,1589,2570
2026-08,WEEKENDS/HOLIDAY,8,TRAIN,BP11,2711,920
2026-08,WEEKENDS/HOLIDAY,0,TRAIN,SE1,66,389
2026-08,WEEKENDS/HOLIDAY,21,TRAIN,EW30,778,1572
2026-08,WEEKDAY,0,TRAIN,NE13,154,1779
2026-08,WEEKDAY,8,TRAIN,NS12,76866,21600
2026-08,WEEKDAY,5,TRAIN,CC12,968,148
2026-08,WEEKENDS/HOLIDAY,5,TRAIN,EW8/CC9,819,181
2026-08,WEEKENDS/HOLIDAY,22,TRAIN,SW1,401,221
2026-08,WEEKDAY,6,TRAIN,DT28,17710,10148
2026-08,WEEKDAY,13,TRAIN,EW23,47003,41971
2026-08,WEEKDAY,11,TRAIN,NS24/NE6/CC1,25033,37349
2026-08,WEEKENDS/HOLIDAY,6,TRAIN,SE1,1152,497
2026-08,WEEKENDS/HOLIDAY,14,TRAIN,NS27/CC33/TE20,3042,4180
2026-08,WEEKDAY,18,TRAIN,TE3,22446,36510
2026-08,WEEKENDS/HOLIDAY,18,TRAIN,EW9,17087,24094
2026-08,WEEKDAY,22,TRAIN,TE24,822,2433
2026-08,WEEKDAY,14,TRAIN,PE7,3216,5231
2026-08,WEEKENDS/HOLIDAY,22,TRAIN,CC27,871,531
2026-08,WEEKENDS/HOLIDAY,12,TRAIN,NS16,25915,20603
2026-08,WEEKENDS/HOLIDAY,23,TRAIN,NS16,4054,15765
2026-08,WEEKENDS/HOLIDAY,22,TRAIN,NS12,3446,12242
2026-08,WEEKENDS/HOLIDAY,0,TRAIN,TE1,1,571
2026-08,WEEKENDS/HOLIDAY,9,TRAIN,EW9,12581,16187
2026-08,WEEKENDS/HOLIDAY,19,TRAIN,SE1,1441,2896
2026-08,WEEKENDS/HOLIDAY,7,TRAIN,NS27/CC33/TE20,799,1367
2026-08,WEEKENDS/HOLIDAY,11,TRAIN,DT6,4814,2873
2026-08,WEEKDAY,22,TRAIN,NE15,5372,29420
2026-08,WEEKDAY,15,TRAIN,NS13,39156,51757
2026-08,WEEKENDS/HOLIDAY,6,TRAIN,NS27/CC33/TE20,766,707
2026-08,WEEKDAY,9,TRAIN,NE18,13300,34477
2026-08,WEEKDAY,8,TRAIN,DT34,16637,13590
2026-08,WEEKDAY,0,TRAIN,CC6,83,58
2026-08,WEEKENDS/HOLIDAY,17,TRAIN,EW11,14495,15018
2026-08,WEEKDAY,6,TRAIN,CC7,7444,2426
2026-08,WEEKDAY,6,TRAIN,EW30,2551,10147
2026-08,WEEKDAY,22,TRAIN,CC31,724,2965
2026-08,WEEKENDS/HOLIDAY,22,TRAIN,NS3,3380,10183
2026-08,WEEKENDS/HOLIDAY,16,TRAIN,DT30,4824,4899
2026-08,WEEKENDS/HOLIDAY,20,TRAIN,TE28,1673,3386
2026-08,WEEKENDS/HOLIDAY,13,TRAIN,DT10,2678,1626
2026-08,WEEKDAY,19,TRAIN,NE1/CC29,104935,52827
2026-08,WEEKDAY,11,TRAIN,NS25/EW13,26630,66060
2026-08,WEEKDAY,14,TRAIN,DT18,12311,10609
2026-08,WEEKENDS/HOLIDAY,23,TRAIN,NE18,998,2011
2026-08,WEEKDAY,14,TRAIN,EW8/CC9,46331,45101
2026-08,WEEKENDS/HOLIDAY,8,TRAIN,EW8/CC9,11595,23295
2026-08,WEEKDAY,6,TRAIN,SE1,8284,3152
2026-08,WEEKDAY,0,TRAIN,PW7,55,412
2026-08,WEEKDAY,14,TRAIN,BP12,4256,2473
2026-08,WEEKDAY,21,TRAIN,NS15,12429,13940
2026-08,WEEKDAY,9,TRAIN,CC10/DT26,24791,31266
2026-08,WEEKENDS/HOLIDAY,11,TRAIN,CG2,12741,19240
2026-08,WEEKENDS/HOLIDAY,19,TRAIN,PE1,1689,3014
2026-08,WEEKENDS/HOLIDAY,23,TRAIN,NE4/DT19,10393,5361
2026-08,WEEKDAY,0,TRAIN,NE8,239,500
2026-08,WEEKENDS/HOLIDAY,19,TRAIN,EW29,9968,11019
2026-08,WEEKENDS/HOLIDAY,18,TRAIN,TE1,4187,3733
2026-08,WEEKENDS/HOLIDAY,16,TRAIN,NE16/STC,28034,29528
2026-08,WEEKDAY,23,TRAIN,TE3,777,6658
2026-08,WEEKENDS/HOLIDAY,9,TRAIN,EW22,3037,2288
2026-08,WEEKDAY,16,TRAIN,EW5,27298,35148
2026-08,WEEKDAY,17,TRAIN,NE15,23882,49525
2026-08,WEEKDAY,10,TRAIN,CG1/DT35,3624,25651
2026-08,WEEKDAY,10,TRAIN,DT23,2732,5729
2026-08,WEEKENDS/HOLIDAY,0,TRAIN,DT20,151,198
2026-08,WEEKDAY,15,TRAIN,CC27,6360,2716
2026-08,WEEKDAY,23,TRAIN,SW6,120,1453
2026-08,WEEKENDS/HOLIDAY,15,TRAIN,EW9,13852,13609
2026-08,WEEKENDS/HOLIDAY,22,TRAIN,NS7,19940,21926
2026-08,WEEKDAY,5,TRAIN,PW3,623,83
2026-08,WEEKDAY,23,TRAIN,DT5,2226,6893
2026-08,WEEKDAY,17,TRAIN,NS8,30959,32587
2026-08,WEEKDAY,5,TRAIN,NE12/CC13,9301,1329
2026-08,WEEKENDS/HOLIDAY,8,TRAIN,DT21,2136,3703
2026-08,WEEKDAY,23,TRAIN,EW33,384,795
2026-08,WEEKENDS/HOLIDAY,16,TRAIN,SW5,4027,3967
2026-08,WEEKENDS/HOLIDAY,18,TRAIN,EW10,9930,14856
2026-08,WEEKENDS/HOLIDAY,10,TRAIN,TE4,2858,3476
2026-08,WEEKENDS/HOLIDAY,6,TRAIN,NS24/NE6/CC1,1584,2867
2026-08,WEEKDAY,9,TRAIN,CC3,1870,22609
2026-08,WEEKENDS/HOLIDAY,11,TRAIN,TE19,2306,2698
2026-08,WEEKDAY,10,TRAIN,CC25,5745,4800
2026-08,WEEKENDS/HOLIDAY,13,TRAIN,NS23,22140,38103
2026-08,WEEKDAY,20,TRAIN,DT31,5104,14648
2026-08,WEEKENDS/HOLIDAY,17,TRAIN,TE22,4871,11509
2026-08,WEEKDAY,6,TRAIN,BP2,7465,1408
2026-08,WEEKENDS/HOLIDAY,9,TRAIN,CC20,3615,2503
2026-08,WEEKDAY,6,TRAIN,EW25,31202,6454
2026-08,WEEKENDS/HOLIDAY,11,TRAIN,EW14/NS26,11342,17278
2026-08,WEEKDAY,8,TRAIN,TE18,4407,26388
2026-08,WEEKDAY,9,TRAIN,CC24,11654,97214
2026-08,WEEKENDS/HOLIDAY,8,TRAIN,EW18,7911,8106
2026-08,WEEKDAY,0,TRAIN,TE26,140,583
2026-08,WEEKENDS/HOLIDAY,8,TRAIN,TE27,3772,1667
2026-08,WEEKDAY,22,TRAIN,TE13,2274,3880
2026-08,WEEKENDS/HOLIDAY,6,TRAIN,NS10,17102,4775
2026-08,WEEKENDS/HOLIDAY,15,TRAIN,EW27,27599,30795
2026-08,WEEKENDS/HOLIDAY,13,TRAIN,CC24,7414,6647
2026-08,WEEKENDS/HOLIDAY,8,TRAIN,EW23,22892,20225
2026-08,WEEKDAY,0,TRAIN,TE3,80,1501
2026-08,WEEKENDS/HOLIDAY,14,TRAIN,NS19,21789,21710
2026-08,WEEKDAY,17,TRAIN,TE19,56966,5716
