YEAR_MONTH,DAY_TYPE,TIME_PER_HOUR,PT_TYPE,PT_CODE,TOTAL_TAP_IN_VOLUME,TOTAL_TAP_OUT_VOLUME
2026-06,WEEKDAY,6,TRAIN,TE29,2495,507
2026-06,WEEKDAY,9,TRAIN,NS20,27636,85759
2026-06,WEEKDAY,9,TRAIN,DT30,22349,3719
2026-06,WEEKENDS/HOLIDAY,12,TRAIN,TE23,1782,1249
2026-06,WEEKENDS/HOLIDAY,8,TRAIN,CC6,1094,4646
2026-06,WEEKENDS/HOLIDAY,5,TRAIN,EW31,845,154
2026-06,WEEKENDS/HOLIDAY,10,TRAIN,NS3,11023,6714
2026-06,WEEKENDS/HOLIDAY,15,TRAIN,NS19,15752,17371
2026-06,WEEKDAY,8,TRAIN,CC11,11787,117906
2026-06,WEEKDAY,14,TRAIN,PW2,176,162
2026-06,WEEKDAY,22,TRAIN,PE6,1881,4808
2026-06,WEEKDAY,10,TRAIN,EW1,30709,12750
2026-06,WEEKDAY,0,TRAIN,DT5,145,1564
2026-06,WEEKENDS/HOLIDAY,15,TRAIN,EW8/CC9,29502,27808
2026-06,WEEKDAY,12,TRAIN,TE7,6367,4429
2026-06,WEEKDAY,8,TRAIN,BP2,10776,1632
2026-06,WEEKDAY,11,TRAIN,BP4,3207,1400
2026-06,WEEKDAY,23,TRAIN,CE1/DT16,40893,5477
2026-06,WEEKENDS/HOLIDAY,20,TRAIN,NS12,5232,11335
2026-06,WEEKDAY,13,TRAIN,CC4/DT15,25237,28310
2026-06,WEEKDAY,6,TRAIN,PW3,3473,473
2026-06,WEEKDAY,23,TRAIN,NE1/CC29,20031,3762
2026-06,WEEKENDS/HOLIDAY,10,TRAIN,EW8/CC9,17803,41371
2026-06,WEEKDAY,12,TRAIN,EW15,32359,37566
2026-06,WEEKENDS/HOLIDAY,18,TRAIN,TE27,2699,3127
2026-06,WEEKENDS/HOLIDAY,14,TRAIN,NS18,5875,5576
2026-06,WEEKDAY,23,TRAIN,EW27,4235,21268
2026-06,WEEKDAY,5,TRAIN,BP12,2917,190
2026-06,WEEKENDS/HOLIDAY,6,TRAIN,TE25,142,34
2026-06,WEEKDAY,21,TRAIN,NE12/CC13,51747,65654
2026-06,WEEKENDS/HOLIDAY,12,TRAIN,NS24/NE6/CC1,14227,21554
2026-06,WEEKDAY,17,TRAIN,CC11,85789,14843
2026-06,WEEKDAY,12,TRAIN,SE4,4743,3190
2026-06,WEEKDAY,21,TRAIN,EW19,7871,20478
2026-06,WEEKENDS/HOLIDAY,10,TRAIN,PW5,1863,718
2026-06,WEEKENDS/HOLIDAY,6,TRAIN,NS25/EW13,1005,4797
2026-06,WEEKENDS/HOLIDAY,21,TRAIN,DT33,2282,10319
2026-06,WEEKDAY,10,TRAIN,DT17,4974,32582
2026-06,WEEKDAY,7,TRAIN,DT2,5571,13889
2026-06,WEEKENDS/HOLIDAY,5,TRAIN,EW12/DT14,862,158
2026-06,WEEKDAY,10,TRAIN,DT10,4448,1726
2026-06,WEEKDAY,23,TRAIN,NS14,6406,21559
2026-06,WEEKDAY,17,TRAIN,CC10/DT26,44545,23569
2026-06,WEEKDAY,15,TRAIN,TE28,2652,3958
2026-06,WEEKENDS/HOLIDAY,10,TRAIN,NS8,9673,4968
2026-06,WEEKENDS/HOLIDAY,19,TRAIN,CC12,2316,3813
2026-06,WEEKENDS/HOLIDAY,21,TRAIN,DT27,2071,4713
2026-06,WEEKENDS/HOLIDAY,13,TRAIN,CC16,3427,2280
2026-06,WEEKDAY,22,TRAIN,CG1/DT35,9774,2130
2026-06,WEEKDAY,23,TRAIN,DT33,1494,13202
2026-06,WEEKENDS/HOLIDAY,23,TRAIN,CC11,1259,1384
2026-06,WEEKDAY,9,TRAIN,EW1,48806,14399
2026-06,WEEKDAY,22,TRAIN,DT28,3228,11840
2026-06,WEEKENDS/HOLIDAY,18,TRAIN,NS20,16065,12437
2026-06,WEEKDAY,13,TRAIN,DT20,4099,7398
2026-06,WEEKDAY,11,TRAIN,NS23,16991,45118
2026-06,WEEKDAY,13,TRAIN,CC7,4776,4984
2026-06,WEEKENDS/HOLIDAY,7,TRAIN,EW30,1256,4627
2026-06,WEEKDAY,16,TRAIN,TE24,3756,3990
2026-06,WEEKDAY,6,TRAIN,BP2,5845,879
2026-06,WEEKDAY,11,TRAIN,DT7,3162,2702
2026-06,WEEKENDS/HOLIDAY,23,TRAIN,CC21,1110,998
2026-06,WEEKENDS/HOLIDAY,7,TRAIN,PW7,869,814
2026-06,WEEKDAY,14,TRAIN,NS28,2840,1931
2026-06,WEEKDAY,12,TRAIN,PW1,2022,3228
2026-06,WEEKDAY,23,TRAIN,EW6,1225,5927
2026-06,WEEKENDS/HOLIDAY,9,TRAIN,EW24/NS1,13145,22888
2026-06,WEEKDAY,6,TRAIN,DT7,1408,2877
2026-06,WEEKENDS/HOLIDAY,14,TRAIN,NS27/CE2/TE20,1792,2468
2026-06,WEEKENDS/HOLIDAY,15,TRAIN,CC11,7344,4916
2026-06,WEEKENDS/HOLIDAY,15,TRAIN,NE17/PTC,22607,22139
2026-06,WEEKDAY,9,TRAIN,SW1,3339,2210
2026-06,WEEKDAY,7,TRAIN,PW4,10612,1677
2026-06,WEEKDAY,12,TRAIN,SW4,2908,2197
2026-06,WEEKENDS/HOLIDAY,17,TRAIN,EW17,11726,12978
2026-06,WEEKDAY,11,TRAIN,CC12,7287,2871
2026-06,WEEKENDS/HOLIDAY,16,TRAIN,EW30,2881,449
2026-06,WEEKENDS/HOLIDAY,6,TRAIN,EW25,4893,1173
2026-06,WEEKDAY,22,TRAIN,NE1/CC29,63344,12454
2026-06,WEEKENDS/HOLIDAY,9,TRAIN,PE3,3325,2246
2026-06,WEEKDAY,13,TRAIN,TE26,13915,13164
2026-06,WEEKENDS/HOLIDAY,16,TRAIN,DT25,1828,1658
2026-06,WEEKENDS/HOLIDAY,11,TRAIN,CC28,2003,1130
2026-06,WEEKDAY,20,TRAIN,NS19,28146,46171
2026-06,WEEKENDS/HOLIDAY,7,TRAIN,PE3,1635,770
2026-06,WEEKENDS/HOLIDAY,10,TRAIN,BP10,1588,993
2026-06,WEEKENDS/HOLIDAY,23,TRAIN,CC10/DT26,1060,3840
2026-06,WEEKENDS/HOLIDAY,16,TRAIN,DT23,1585,1488
2026-06,WEEKENDS/HOLIDAY,16,TRAIN,EW17,10481,11880
2026-06,WEEKDAY,21,TRAIN,EW10,6084,17973
2026-06,WEEKDAY,15,TRAIN,CC3,7744,5942
2026-06,WEEKENDS/HOLIDAY,20,TRAIN,EW32,2302,4079
2026-06,WEEKENDS/HOLIDAY,9,TRAIN,TE8,3870,5842
2026-06,WEEKDAY,13,TRAIN,EW19,12998,12492
2026-06,WEEKDAY,0,TRAIN,EW5,238,2291
2026-06,WEEKENDS/HOLIDAY,5,TRAIN,TE8,6,2
2026-06,WEEKENDS/HOLIDAY,6,TRAIN,NE12/CC13,9263,3468
2026-06,WEEKDAY,18,TRAIN,PW7,4908,7741
2026-06,WEEKENDS/HOLIDAY,21,TRAIN,DT8,604,1125
2026-06,WEEKDAY,13,TRAIN,NS11,29493,25634
2026-06,WEEKDAY,7,TRAIN,TE12,3363,10890
2026-06,WEEKENDS/HOLIDAY,15,TRAIN,EW5,13911,14785
2026-06,WEEKDAY,19,TRAIN,CG2,26366,23087
2026-06,WEEKDAY,6,TRAIN,TE18,1094,3474
2026-06,WEEKDAY,11,TRAIN,TE6,11508,4680
2026-06,WEEKDAY,20,TRAIN,TE18,16856,6485
2026-06,WEEKDAY,18,TRAIN,NS12,30586,68206
2026-06,WEEKENDS/HOLIDAY,10,TRAIN,BP11,2017,733
2026-06,WEEKENDS/HOLIDAY,23,TRAIN,NS9/TE2,6767,14031
2026-06,WEEKDAY,6,TRAIN,TE11,2522,1996
2026-06,WEEKENDS/HOLIDAY,18,TRAIN,TE26,8415,7507
2026-06,WEEKDAY,9,TRAIN,TE7,9508,9113
2026-06,WEEKDAY,6,TRAIN,CE1/DT16,6973,26245
2026-06,WEEKDAY,23,TRAIN,CC8,805,2411
2026-06,WEEKDAY,21,TRAIN,DT29,3220,11433
2026-06,WEEKDAY,0,TRAIN,TE24,27,143
2026-06,WEEKDAY,23,TRAIN,TE14/NS22,15730,4490
2026-06,WEEKENDS/HOLIDAY,10,TRAIN,DT6,2852,1890
2026-06,WEEKENDS/HOLIDAY,16,TRAIN,TE3,5083,4022
2026-06,WEEKDAY,0,TRAIN,EW27,115,5276
2026-06,WEEKENDS/HOLIDAY,9,TRAIN,CC4/DT15,1097,8525
2026-06,WEEKDAY,7,TRAIN,DT22,17722,9814
2026-06,WEEKDAY,22,TRAIN,CE1/DT16,69905,16028
2026-06,WEEKENDS/HOLIDAY,20,TRAIN,SE2,870,3143
2026-06,WEEKENDS/HOLIDAY,6,TRAIN,DT17,239,1074
2026-06,WEEKDAY,0,TRAIN,NE13,206,1721
2026-06,WEEKENDS/HOLIDAY,16,TRAIN,EW3,7384,8191
2026-06,WEEKDAY,9,TRAIN,NS9/TE2,67121,48876
2026-06,WEEKDAY,7,TRAIN,EW26,129231,50416
2026-06,WEEKDAY,13,TRAIN,DT23,2936,4296
2026-06,WEEKDAY,19,TRAIN,CC3,16012,7145
2026-06,WEEKDAY,6,TRAIN,TE5,5853,2251
2026-06,WEEKDAY,19,TRAIN,NS24/NE6/CC1,62318,44889
2026-06,WEEKDAY,11,TRAIN,NS10,34661,17790
2026-06,WEEKDAY,14,TRAIN,TE14/NS22,70071,70217
2026-06,WEEKDAY,12,TRAIN,EW23,40471,38466
2026-06,WEEKDAY,14,TRAIN,NS10,24876,25514
2026-06,WEEKENDS/HOLIDAY,18,TRAIN,PW7,1522,1785
2026-06,WEEKENDS/HOLIDAY,22,TRAIN,EW3,2281,7509
2026-06,WEEKENDS/HOLIDAY,18,TRAIN,EW17,10793,12946
2026-06,WEEKDAY,10,TRAIN,BP7,957,648
2026-06,WEEKDAY,21,TRAIN,SE5,810,3793
2026-06,WEEKDAY,21,TRAIN,CC2,4639,2325
2026-06,WEEKDAY,21,TRAIN,EW5,19231,38552
2026-06,WEEKDAY,21,TRAIN,CC7,3651,7782
2026-06,WEEKENDS/HOLIDAY,23,TRAIN,EW2/DT32,3127,9721
2026-06,WEEKENDS/HOLIDAY,23,TRAIN,TE4,718,904
2026-06,WEEKDAY,5,TRAIN,NE14,7395,962
2026-06,WEEKENDS/HOLIDAY,16,TRAIN,NS10,15422,14942
2026-06,WEEKDAY,19,TRAIN,CC26,15524,6346
2026-06,WEEKDAY,14,TRAIN,NE11,13226,14462
2026-06,WEEKDAY,19,TRAIN,TE3,10516,28401
2026-06,WEEKENDS/HOLIDAY,23,TRAIN,CC20,139,628
2026-06,WEEKENDS/HOLIDAY,15,TRAIN,TE19,2068,1511
2026-06,WEEKDAY,9,TRAIN,BP9,3059,2382
2026-06,WEEKENDS/HOLIDAY,8,TRAIN,SW2,1640,1136
2026-06,WEEKENDS/HOLIDAY,15,TRAIN,NS28,6067,2618
2026-06,WEEKENDS/HOLIDAY,9,TRAIN,EW1,16090,6354
2026-06,WEEKDAY,23,TRAIN,BP5,295,321
2026-06,WEEKENDS/HOLIDAY,15,TRAIN,EW12/DT14,38393,37925
2026-06,WEEKENDS/HOLIDAY,14,TRAIN,EW23,19458,19989
2026-06,WEEKENDS/HOLIDAY,10,TRAIN,DT25,2163,1108
2026-06,WEEKDAY,14,TRAIN,CC26,2875,3543
2026-06,WEEKENDS/HOLIDAY,14,TRAIN,DT2,1160,810
2026-06,WEEKDAY,9,TRAIN,NS2,37201,21281
2026-06,WEEKDAY,7,TRAIN,DT17,2174,37870
2026-06,WEEKDAY,16,TRAIN,EW18,17003,17287
2026-06,WEEKENDS/HOLIDAY,17,TRAIN,NE1/CC29,39284,30039
2026-06,WEEKENDS/HOLIDAY,8,TRAIN,EW7,6798,4292
2026-06,WEEKENDS/HOLIDAY,10,TRAIN,NS13,23310,16319
2026-06,WEEKDAY,10,TRAIN,NE15,25821,8767
2026-06,WEEKDAY,11,TRAIN,CC23,10317,12563
2026-06,WEEKENDS/HOLIDAY,16,TRAIN,CG2,15942,11053
2026-06,WEEKDAY,21,TRAIN,EW12/DT14,91076,27636
2026-06,WEEKENDS/HOLIDAY,9,TRAIN,NS20,8900,18011
2026-06,WEEKENDS/HOLIDAY,16,TRAIN,NS28,4184,2344
2026-06,WEEKENDS/HOLIDAY,9,TRAIN,NS23,3423,15793
2026-06,WEEKDAY,16,TRAIN,DT34,6974,3766
2026-06,WEEKENDS/HOLIDAY,6,TRAIN,TE19,68,199
2026-06,WEEKDAY,15,TRAIN,SE1,2804,3442
2026-06,WEEKDAY,10,TRAIN,EW31,1524,1325
2026-06,WEEKENDS/HOLIDAY,0,TRAIN,SE3,12,286
2026-06,WEEKDAY,6,TRAIN,TE16,4357,3259
2026-06,WEEKENDS/HOLIDAY,10,TRAIN,NS27/CE2/TE20,1132,1629
2026-06,WEEKENDS/HOLIDAY,18,TRAIN,BP12,1016,1223
2026-06,WEEKENDS/HOLIDAY,23,TRAIN,TE12,332,232
2026-06,WEEKDAY,22,TRAIN,PE2,835,6746
2026-06,WEEKENDS/HOLIDAY,11,TRAIN,NE15,13714,6787
2026-06,WEEKENDS/HOLIDAY,10,TRAIN,TE5,3028,1640
2026-06,WEEKDAY,22,TRAIN,DT23,2991,2514
2026-06,WEEKDAY,10,TRAIN,PE2,6467,2183
2026-06,WEEKDAY,9,TRAIN,NS18,26324,16529
2026-06,WEEKENDS/HOLIDAY,5,TRAIN,NE11,89,51
2026-06,WEEKDAY,0,TRAIN,BP6/DT1,1,4963
2026-06,WEEKENDS/HOLIDAY,5,TRAIN,EW15,193,54
2026-06,WEEKENDS/HOLIDAY,6,TRAIN,NE8,5661,2960
2026-06,WEEKENDS/HOLIDAY,13,TRAIN,EW28,12123,8348
2026-06,WEEKENDS/HOLIDAY,5,TRAIN,DT34,195,4
2026-06,WEEKENDS/HOLIDAY,15,TRAIN,CC5,2372,2459
2026-06,WEEKDAY,15,TRAIN,NS14,21552,22434
2026-06,WEEKENDS/HOLIDAY,17,TRAIN,TE26,8430,7533
2026-06,WEEKENDS/HOLIDAY,13,TRAIN,NS9/TE2,27282,28727
2026-06,WEEKDAY,21,TRAIN,NS4/BP1,24528,45546
2026-06,WEEKDAY,18,TRAIN,NE8,44835,73781
2026-06,WEEKDAY,10,TRAIN,NS5,26992,12534
2026-06,WEEKENDS/HOLIDAY,5,TRAIN,NS23,110,79
2026-06,WEEKDAY,11,TRAIN,TE27,6142,3284
2026-06,WEEKENDS/HOLIDAY,19,TRAIN,NS19,13999,18665
2026-06,WEEKENDS/HOLIDAY,21,TRAIN,EW16/NE3/TE17,10613,6701
2026-06,WEEKDAY,23,TRAIN,CC28,272,1731
2026-06,WEEKDAY,23,TRAIN,BP3,257,1253
2026-06,WEEKDAY,6,TRAIN,EW32,7845,11997
2026-06,WEEKENDS/HOLIDAY,7,TRAIN,SW5,1871,588
2026-06,WEEKDAY,8,TRAIN,EW24/NS1,59177,183661
2026-06,WEEKENDS/HOLIDAY,22,TRAIN,DT22,7237,3876
2026-06,WEEKENDS/HOLIDAY,7,TRAIN,DT4,607,270
2026-06,WEEKENDS/HOLIDAY,17,TRAIN,DT17,2869,2618
2026-06,WEEKENDS/HOLIDAY,12,TRAIN,NE15,13015,8032
2026-06,WEEKENDS/HOLIDAY,23,TRAIN,CC19/DT9,410,520
2026-06,WEEKENDS/HOLIDAY,6,TRAIN,EW29,2803,8002
2026-06,WEEKDAY,11,TRAIN,NS17/CC15,30862,10304
2026-06,WEEKDAY,17,TRAIN,NS15,57727,22610
2026-06,WEEKENDS/HOLIDAY,6,TRAIN,EW24/NS1,7573,11693
2026-06,WEEKENDS/HOLIDAY,22,TRAIN,EW15,7660,2681
2026-06,WEEKDAY,5,TRAIN,EW27,19642,5510
2026-06,WEEKENDS/HOLIDAY,7,TRAIN,EW15,1895,8351
2026-06,WEEKENDS/HOLIDAY,12,TRAIN,DT8,1707,1213
2026-06,WEEKENDS/HOLIDAY,0,TRAIN,CC5,13,39
2026-06,WEEKENDS/HOLIDAY,16,TRAIN,NE8,18704,22208
2026-06,WEEKDAY,10,TRAIN,CC6,3178,6555
2026-06,WEEKDAY,0,TRAIN,TE14/NS22,539,519
2026-06,WEEKDAY,18,TRAIN,CC6,15830,20940
2026-06,WEEKENDS/HOLIDAY,19,TRAIN,DT21,4681,2712
2026-06,WEEKDAY,21,TRAIN,SE1,1291,6671
2026-06,WEEKENDS/HOLIDAY,16,TRAIN,BP4,640,692
2026-06,WEEKDAY,18,TRAIN,EW23,101944,126543
2026-06,WEEKENDS/HOLIDAY,6,TRAIN,EW3,2743,1286
2026-06,WEEKENDS/HOLIDAY,7,TRAIN,PE2,1797,361
2026-06,WEEKENDS/HOLIDAY,14,TRAIN,NE7/DT12,16649,17772
2026-06,WEEKDAY,23,TRAIN,CC11,3674,2366
2026-06,WEEKDAY,7,TRAIN,NS18,31802,14376
2026-06,WEEKDAY,21,TRAIN,DT18,19332,3804
2026-06,WEEKENDS/HOLIDAY,7,TRAIN,TE4,696,994
2026-06,WEEKDAY,8,TRAIN,EW19,57164,27813
2026-06,WEEKDAY,17,TRAIN,NE5,32173,16013
2026-06,WEEKENDS/HOLIDAY,7,TRAIN,SW1,592,307
2026-06,WEEKDAY,8,TRAIN,TE18,4094,25776
2026-06,WEEKENDS/HOLIDAY,17,TRAIN,EW14/NS26,12146,11827
2026-06,WEEKDAY,10,TRAIN,NS25/EW13,14256,59989
2026-06,WEEKENDS/HOLIDAY,22,TRAIN,DT27,1504,3692
2026-06,WEEKDAY,21,TRAIN,DT22,12144,11209
2026-06,WEEKENDS/HOLIDAY,20,TRAIN,TE16,2411,3492
2026-06,WEEKDAY,0,TRAIN,NS27/CE2/TE20,50,114
2026-06,WEEKENDS/HOLIDAY,14,TRAIN,NE10,6311,6664
2026-06,WEEKDAY,9,TRAIN,PE5,11280,2845
2026-06,WEEKDAY,5,TRAIN,NS21/DT11,4128,2755
2026-06,WEEKENDS/HOLIDAY,21,TRAIN,NE1/CC29,48935,7744
2026-06,WEEKENDS/HOLIDAY,22,TRAIN,EW11,4531,6668
2026-06,WEEKDAY,5,TRAIN,DT20,57,0
2026-06,WEEKDAY,20,TRAIN,CC6,13151,3482
2026-06,WEEKENDS/HOLIDAY,7,TRAIN,CC12,1817,1146
2026-06,WEEKDAY,16,TRAIN,PW1,3240,3297
2026-06,WEEKENDS/HOLIDAY,7,TRAIN,BP4,690,335
2026-06,WEEKENDS/HOLIDAY,9,TRAIN,PE7,2301,685
2026-06,WEEKENDS/HOLIDAY,23,TRAIN,CC27,122,84
2026-06,WEEKENDS/HOLIDAY,7,TRAIN,NS18,5691,2178
2026-06,WEEKDAY,0,TRAIN,CC17/TE9,64,745
2026-06,WEEKDAY,11,TRAIN,TE16,6682,4882
2026-06,WEEKENDS/HOLIDAY,16,TRAIN,CC8,3066,3199
2026-06,WEEKDAY,18,TRAIN,CC17/TE9,20282,21785
2026-06,WEEKDAY,14,TRAIN,NE9,19890,16488
2026-06,WEEKDAY,12,TRAIN,EW5,29566,23872
2026-06,WEEKENDS/HOLIDAY,16,TRAIN,NS20,16235,12759
2026-06,WEEKDAY,15,TRAIN,SW2,3438,2825
2026-06,WEEKDAY,14,TRAIN,DT24,3935,3382
2026-06,WEEKENDS/HOLIDAY,21,TRAIN,TE11,871,1725
2026-06,WEEKDAY,12,TRAIN,TE11,3881,2958
2026-06,WEEKENDS/HOLIDAY,18,TRAIN,EW2/DT32,29522,35372
2026-06,WEEKDAY,9,TRAIN,PE6,11658,7251
2026-06,WEEKDAY,20,TRAIN,NS17/CC15,18142,27824
2026-06,WEEKDAY,5,TRAIN,SE3,1797,23
2026-06,WEEKENDS/HOLIDAY,17,TRAIN,BP7,379,463
2026-06,WEEKDAY,10,TRAIN,NE4/DT19,26244,65720
2026-06,WEEKDAY,21,TRAIN,CC23,9324,1801
2026-06,WEEKENDS/HOLIDAY,23,TRAIN,TE19,630,256
2026-06,WEEKENDS/HOLIDAY,13,TRAIN,CG1/DT35,7269,8820
2026-06,WEEKDAY,10,TRAIN,CC5,2086,4911
2026-06,WEEKENDS/HOLIDAY,13,TRAIN,BP5,949,907
2026-06,WEEKENDS/HOLIDAY,21,TRAIN,DT4,296,1216
2026-06,WEEKENDS/HOLIDAY,12,TRAIN,TE24,1690,1313
2026-06,WEEKENDS/HOLIDAY,13,TRAIN,CC25,2560,1847
2026-06,WEEKDAY,0,TRAIN,NS24/NE6/CC1,323,325
2026-06,WEEKDAY,13,TRAIN,TE29,2859,2948
2026-06,WEEKDAY,13,TRAIN,EW27,33979,35683
2026-06,WEEKENDS/HOLIDAY,19,TRAIN,NS12,6453,11485
2026-06,WEEKENDS/HOLIDAY,8,TRAIN,DT29,3863,1483
2026-06,WEEKENDS/HOLIDAY,8,TRAIN,CC26,1634,1543
2026-06,WEEKDAY,17,TRAIN,TE12,15959,4326
2026-06,WEEKENDS/HOLIDAY,6,TRAIN,CC21,747,778
2026-06,WEEKENDS/HOLIDAY,12,TRAIN,NS3,10791,7327
2026-06,WEEKDAY,5,TRAIN,BP4,1290,240
2026-06,WEEKDAY,14,TRAIN,TE11,3494,3035
2026-06,WEEKENDS/HOLIDAY,14,TRAIN,CC23,2008,1718
2026-06,WEEKDAY,23,TRAIN,NS13,8208,32065
2026-06,WEEKDAY,15,TRAIN,TE6,7117,8706
2026-06,WEEKENDS/HOLIDAY,20,TRAIN,DT4,374,1219
2026-06,WEEKDAY,16,TRAIN,TE19,17498,3994
2026-06,WEEKENDS/HOLIDAY,17,TRAIN,SW1,937,563
2026-06,WEEKENDS/HOLIDAY,13,TRAIN,CC7,2545,2462
2026-06,WEEKDAY,7,TRAIN,DT31,28592,8985
2026-06,WEEKDAY,7,TRAIN,PW3,2731,878
2026-06,WEEKENDS/HOLIDAY,13,TRAIN,DT23,1433,1564
2026-06,WEEKENDS/HOLIDAY,18,TRAIN,BP3,1548,2195
2026-06,WEEKENDS/HOLIDAY,10,TRAIN,SW6,1445,579
2026-06,WEEKENDS/HOLIDAY,14,TRAIN,NS7,12522,8982
2026-06,WEEKENDS/HOLIDAY,5,TRAIN,TE4,30,5
2026-06,WEEKENDS/HOLIDAY,14,TRAIN,NE11,7543,6996
2026-06,WEEKDAY,23,TRAIN,EW2/DT32,6881,21211
2026-06,WEEKDAY,0,TRAIN,EW6,78,758
2026-06,WEEKENDS/HOLIDAY,10,TRAIN,TE28,2133,1209
2026-06,WEEKDAY,14,TRAIN,DT29,4593,4094
2026-06,WEEKENDS/HOLIDAY,15,TRAIN,BP10,1211,1227
2026-06,WEEKDAY,11,TRAIN,DT28,8456,4434
2026-06,WEEKDAY,10,TRAIN,BP11,3296,1286
2026-06,WEEKENDS/HOLIDAY,6,TRAIN,NS21/DT11,7319,8034
2026-06,WEEKENDS/HOLIDAY,0,TRAIN,EW18,34,220
2026-06,WEEKENDS/HOLIDAY,10,TRAIN,PE3,3978,2543
2026-06,WEEKENDS/HOLIDAY,9,TRAIN,PE1,2300,651
2026-06,WEEKENDS/HOLIDAY,20,TRAIN,EW8/CC9,26267,16004
2026-06,WEEKDAY,19,TRAIN,NE13,22879,50302
2026-06,WEEKDAY,8,TRAIN,EW30,2314,23347
2026-06,WEEKDAY,5,TRAIN,BP11,3947,232
2026-06,WEEKENDS/HOLIDAY,8,TRAIN,TE22,868,1369
2026-06,WEEKENDS/HOLIDAY,9,TRAIN,TE13,1439,2444
2026-06,WEEKDAY,8,TRAIN,CC2,2280,13569
2026-06,WEEKDAY,19,TRAIN,NS19,45750,64618
2026-06,WEEKENDS/HOLIDAY,14,TRAIN,EW16/NE3/TE17,11190,9395
2026-06,WEEKDAY,13,TRAIN,DT17,12640,46443
2026-06,WEEKENDS/HOLIDAY,21,TRAIN,TE26,6612,2971
2026-06,WEEKDAY,8,TRAIN,SW8,840,2441
2026-06,WEEKDAY,5,TRAIN,NE7/DT12,1507,301
2026-06,WEEKDAY,20,TRAIN,BP8,1505,1978
2026-06,WEEKDAY,20,TRAIN,EW4,10183,21895
2026-06,WEEKDAY,22,TRAIN,CC11,10295,6241
2026-06,WEEKENDS/HOLIDAY,15,TRAIN,SE5,989,1278
2026-06,WEEKDAY,22,TRAIN,BP6/DT1,14511,39217
2026-06,WEEKENDS/HOLIDAY,18,TRAIN,TE24,1766,2071
2026-06,WEEKDAY,0,TRAIN,EW16/NE3/TE17,60,721
2026-06,WEEKENDS/HOLIDAY,17,TRAIN,TE28,1947,2520
2026-06,WEEKENDS/HOLIDAY,9,TRAIN,PW2,132,144
2026-06,WEEKENDS/HOLIDAY,22,TRAIN,DT30,861,4986
2026-06,WEEKDAY,12,TRAIN,NS15,19640,14262
2026-06,WEEKDAY,5,TRAIN,NS20,912,2106
2026-06,WEEKENDS/HOLIDAY,10,TRAIN,BP8,826,703
2026-06,WEEKDAY,14,TRAIN,PW6,1253,1338
2026-06,WEEKENDS/HOLIDAY,0,TRAIN,CC24,17,43
2026-06,WEEKENDS/HOLIDAY,9,TRAIN,SE4,2424,1382
2026-06,WEEKENDS/HOLIDAY,8,TRAIN,TE28,1347,392
2026-06,WEEKENDS/HOLIDAY,5,TRAIN,NE14,1100,131
2026-06,WEEKDAY,13,TRAIN,DT33,13035,8691
2026-06,WEEKDAY,15,TRAIN,TE23,2023,3204
2026-06,WEEKDAY,9,TRAIN,SW6,3082,1770
2026-06,WEEKDAY,16,TRAIN,BP7,710,1069
2026-06,WEEKDAY,19,TRAIN,NE7/DT12,40245,44658
2026-06,WEEKENDS/HOLIDAY,20,TRAIN,BP12,420,1157
2026-06,WEEKENDS/HOLIDAY,6,TRAIN,PE7,715,77
2026-06,WEEKDAY,11,TRAIN,NS5,25124,13205
2026-06,WEEKENDS/HOLIDAY,19,TRAIN,BP5,772,849
2026-06,WEEKDAY,7,TRAIN,CC12,19742,9231
2026-06,WEEKENDS/HOLIDAY,6,TRAIN,PE2,1126,142
2026-06,WEEKDAY,22,TRAIN,EW20,4292,10348
2026-06,WEEKENDS/HOLIDAY,14,TRAIN,DT27,3607,3328
2026-06,WEEKDAY,7,TRAIN,CC24,5913,63361
2026-06,WEEKDAY,5,TRAIN,NS7,45950,2316
2026-06,WEEKDAY,14,TRAIN,DT7,2628,3928
2026-06,WEEKENDS/HOLIDAY,6,TRAIN,EW26,12656,5069
2026-06,WEEKENDS/HOLIDAY,12,TRAIN,TE7,3294,2380
2026-06,WEEKENDS/HOLIDAY,0,TRAIN,EW14/NS26,172,73
2026-06,WEEKDAY,6,TRAIN,BP8,2991,2603
2026-06,WEEKDAY,22,TRAIN,CC21,10067,4993
2026-06,WEEKDAY,9,TRAIN,NS10,56872,25356
2026-06,WEEKENDS/HOLIDAY,19,TRAIN,NE9,9789,10496
2026-06,WEEKENDS/HOLIDAY,22,TRAIN,NE16/STC,5980,18515
2026-06,WEEKENDS/HOLIDAY,7,TRAIN,BP9,827,758
2026-06,WEEKENDS/HOLIDAY,9,TRAIN,EW14/NS26,3008,12130
2026-06,WEEKDAY,18,TRAIN,SW5,6718,16381
2026-06,WEEKDAY,13,TRAIN,TE7,5953,5405
2026-06,WEEKDAY,15,TRAIN,EW4,11238,11203
2026-06,WEEKDAY,13,TRAIN,PE3,6302,5809
2026-06,WEEKDAY,7,TRAIN,TE23,3911,2172
2026-06,WEEKDAY,11,TRAIN,NS3,19496,11368
2026-06,WEEKENDS/HOLIDAY,20,TRAIN,EW11,7164,7826
2026-06,WEEKENDS/HOLIDAY,16,TRAIN,EW16/NE3/TE17,13351,8867
2026-06,WEEKENDS/HOLIDAY,11,TRAIN,CC26,1239,765
2026-06,WEEKENDS/HOLIDAY,18,TRAIN,NS15,5904,6846
2026-06,WEEKDAY,22,TRAIN,TE11,1842,3756
2026-06,WEEKENDS/HOLIDAY,22,TRAIN,DT10,592,1000
2026-06,WEEKENDS/HOLIDAY,8,TRAIN,CC3,409,2480
2026-06,WEEKDAY,22,TRAIN,CC2,4212,1504
2026-06,WEEKENDS/HOLIDAY,21,TRAIN,EW25,3685,6610
2026-06,WEEKENDS/HOLIDAY,16,TRAIN,PW4,2431,2470
2026-06,WEEKENDS/HOLIDAY,16,TRAIN,EW4,6583,6518
2026-06,WEEKDAY,12,TRAIN,CC20,4790,4072
2026-06,WEEKENDS/HOLIDAY,7,TRAIN,SE4,1189,803
2026-06,WEEKDAY,12,TRAIN,DT10,4158,2225
2026-06,WEEKENDS/HOLIDAY,19,TRAIN,PW6,372,806
2026-06,WEEKENDS/HOLIDAY,18,TRAIN,PW4,2351,2586
2026-06,WEEKDAY,20,TRAIN,EW25,7919,21803
2026-06,WEEKDAY,8,TRAIN,PW4,8068,3016
2026-06,WEEKDAY,17,TRAIN,BP5,3142,2657
2026-06,WEEKDAY,8,TRAIN,CG1/DT35,3087,80809
2026-06,WEEKENDS/HOLIDAY,9,TRAIN,EW17,11216,8372
2026-06,WEEKENDS/HOLIDAY,14,TRAIN,EW33,2251,1484
2026-06,WEEKENDS/HOLIDAY,18,TRAIN,SE4,1573,1948
2026-06,WEEKENDS/HOLIDAY,19,TRAIN,DT18,2742,2822
2026-06,WEEKDAY,21,TRAIN,CC19/DT9,4083,3607
2026-06,WEEKDAY,7,TRAIN,DT28,31235,28496
2026-06,WEEKDAY,7,TRAIN,NS7,73996,44901
2026-06,WEEKENDS/HOLIDAY,12,TRAIN,CC24,3467,4604
2026-06,WEEKENDS/HOLIDAY,8,TRAIN,SE2,2955,1079
2026-06,WEEKDAY,9,TRAIN,PW3,1007,706
2026-06,WEEKENDS/HOLIDAY,8,TRAIN,SW8,409,223
2026-06,WEEKDAY,15,TRAIN,NS3,14352,16146
2026-06,WEEKDAY,21,TRAIN,NE8,38815,28566
2026-06,WEEKENDS/HOLIDAY,7,TRAIN,CC2,240,829
2026-06,WEEKENDS/HOLIDAY,8,TRAIN,NE7/DT12,6330,11242
2026-06,WEEKENDS/HOLIDAY,21,TRAIN,NE11,4122,5988
2026-06,WEEKDAY,23,TRAIN,TE24,269,918
2026-06,WEEKDAY,14,TRAIN,CC24,18517,19891
2026-06,WEEKDAY,21,TRAIN,PE7,993,5909
2026-06,WEEKDAY,15,TRAIN,SW3,1291,1247
2026-06,WEEKDAY,7,TRAIN,EW28,126011,41614
2026-06,WEEKDAY,11,TRAIN,DT20,5588,4823
2026-06,WEEKENDS/HOLIDAY,6,TRAIN,TE1,1002,426
2026-06,WEEKDAY,20,TRAIN,NS11,24079,63476
2026-06,WEEKDAY,15,TRAIN,DT3,6932,5166
2026-06,WEEKDAY,12,TRAIN,SW5,7181,6156
2026-06,WEEKDAY,18,TRAIN,PE4,2432,3800
2026-06,WEEKDAY,19,TRAIN,DT29,6443,19265
2026-06,WEEKENDS/HOLIDAY,18,TRAIN,NS3,8789,10503
2026-06,WEEKDAY,18,TRAIN,PE1,4169,9302
2026-06,WEEKDAY,6,TRAIN,TE14/NS22,4340,24804
2026-06,WEEKDAY,13,TRAIN,EW22,7922,9946
2026-06,WEEKENDS/HOLIDAY,7,TRAIN,EW20,3750,3710
2026-06,WEEKENDS/HOLIDAY,22,TRAIN,DT5,2056,5833
2026-06,WEEKENDS/HOLIDAY,22,TRAIN,PW1,373,71
2026-06,WEEKENDS/HOLIDAY,13,TRAIN,NS24/NE6/CC1,17925,22257
2026-06,WEEKENDS/HOLIDAY,17,TRAIN,SW5,3071,3549
2026-06,WEEKENDS/HOLIDAY,9,TRAIN,NE9,12387,7501
2026-06,WEEKENDS/HOLIDAY,16,TRAIN,BP7,337,499
2026-06,WEEKDAY,20,TRAIN,TE3,7664,16072
2026-06,WEEKENDS/HOLIDAY,22,TRAIN,DT33,1609,9652
2026-06,WEEKDAY,21,TRAIN,SE3,683,5273
2026-06,WEEKDAY,11,TRAIN,CG2,15599,22828
2026-06,WEEKDAY,8,TRAIN,NS14,119369,30726
2026-06,WEEKDAY,14,TRAIN,CE1/DT16,27108,38603
2026-06,WEEKDAY,11,TRAIN,BP11,3307,1519
2026-06,WEEKENDS/HOLIDAY,18,TRAIN,CC26,1907,2768
2026-06,WEEKENDS/HOLIDAY,18,TRAIN,PE2,2599,3013
2026-06,WEEKDAY,21,TRAIN,DT25,2343,6326
2026-06,WEEKDAY,7,TRAIN,PE5,20912,2675
2026-06,WEEKDAY,21,TRAIN,NE17/PTC,33403,46459
2026-06,WEEKDAY,19,TRAIN,NS17/CC15,26480,45068
2026-06,WEEKDAY,7,TRAIN,CC27,1589,18351
2026-06,WEEKENDS/HOLIDAY,15,TRAIN,CC4/DT15,12552,13520
2026-06,WEEKENDS/HOLIDAY,10,TRAIN,CC19/DT9,3810,5204
2026-06,WEEKDAY,18,TRAIN,NE10,36332,39948
2026-06,WEEKDAY,22,TRAIN,DT8,1142,2199
2026-06,WEEKDAY,15,TRAIN,EW24/NS1,63045,53881
2026-06,WEEKENDS/HOLIDAY,22,TRAIN,NE5,7947,3435
2026-06,WEEKENDS/HOLIDAY,11,TRAIN,PW1,910,1804
2026-06,WEEKENDS/HOLIDAY,18,TRAIN,NS13,21937,33818
2026-06,WEEKDAY,14,TRAIN,NS17/CC15,22666,14868
2026-06,WEEKENDS/HOLIDAY,5,TRAIN,DT23,22,0
2026-06,WEEKDAY,0,TRAIN,NS13,1433,8149
2026-06,WEEKDAY,22,TRAIN,DT27,3955,7429
2026-06,WEEKDAY,0,TRAIN,NS3,219,2265
2026-06,WEEKENDS/HOLIDAY,0,TRAIN,CG2,59,538
2026-06,WEEKDAY,21,TRAIN,CC10/DT26,10522,19196
2026-06,WEEKDAY,18,TRAIN,DT21,24616,19561
2026-06,WEEKENDS/HOLIDAY,6,TRAIN,NE4/DT19,2984,4605
2026-06,WEEKDAY,19,TRAIN,DT25,4807,9714
2026-06,WEEKENDS/HOLIDAY,6,TRAIN,CC4/DT15,263,1798
2026-06,WEEKDAY,15,TRAIN,BP3,2485,3156
2026-06,WEEKDAY,7,TRAIN,DT33,65649,20407
2026-06,WEEKDAY,7,TRAIN,SE5,8288,3168
2026-06,WEEKDAY,18,TRAIN,EW9,41895,63171
2026-06,WEEKDAY,19,TRAIN,NS25/EW13,91376,52770
2026-06,WEEKDAY,13,TRAIN,DT25,3448,3183
2026-06,WEEKDAY,15,TRAIN,SE3,1787,2715
2026-06,WEEKDAY,12,TRAIN,PW6,1711,1063
2026-06,WEEKDAY,10,TRAIN,EW10,10596,5576
2026-06,WEEKENDS/HOLIDAY,10,TRAIN,EW16/NE3/TE17,8769,10302
2026-06,WEEKDAY,22,TRAIN,CC5,4055,2407
2026-06,WEEKENDS/HOLIDAY,23,TRAIN,DT17,1137,307
2026-06,WEEKDAY,19,TRAIN,CG1/DT35,42032,9837
2026-06,WEEKENDS/HOLIDAY,16,TRAIN,DT5,7996,7252
2026-06,WEEKENDS/HOLIDAY,0,TRAIN,NS10,313,3504
2026-06,WEEKDAY,11,TRAIN,EW3,17778,11052
2026-06,WEEKDAY,10,TRAIN,PE4,1777,746
2026-06,WEEKENDS/HOLIDAY,7,TRAIN,NE18,2584,2994
2026-06,WEEKENDS/HOLIDAY,19,TRAIN,EW24/NS1,45177,33385
2026-06,WEEKENDS/HOLIDAY,13,TRAIN,DT25,1545,1409
2026-06,WEEKENDS/HOLIDAY,0,TRAIN,EW28,21,2278
2026-06,WEEKDAY,11,TRAIN,TE4,3778,3507
2026-06,WEEKDAY,19,TRAIN,CC19/DT9,7839,8598
2026-06,WEEKDAY,17,TRAIN,NE18,28604,17541
2026-06,WEEKENDS/HOLIDAY,19,TRAIN,SW5,2379,3463
2026-06,WEEKDAY,15,TRAIN,DT4,1541,2229
2026-06,WEEKENDS/HOLIDAY,6,TRAIN,NS24/NE6/CC1,979,2386
2026-06,WEEKENDS/HOLIDAY,6,TRAIN,EW20,2721,2017
2026-06,WEEKENDS/HOLIDAY,10,TRAIN,DT31,3852,1754
2026-06,WEEKDAY,7,TRAIN,NE8,38193,23691
2026-06,WEEKENDS/HOLIDAY,18,TRAIN,EW23,23611,25883
2026-06,WEEKENDS/HOLIDAY,0,TRAIN,DT28,27,668
2026-06,WEEKDAY,5,TRAIN,NS24/NE6/CC1,450,265
2026-06,WEEKENDS/HOLIDAY,13,TRAIN,NS2,13120,12378
2026-06,WEEKDAY,7,TRAIN,DT24,14650,7376
2026-06,WEEKENDS/HOLIDAY,6,TRAIN,SW5,1372,361
2026-06,WEEKDAY,21,TRAIN,DT13,9065,9565
2026-06,WEEKENDS/HOLIDAY,7,TRAIN,DT34,1050,1537
2026-06,WEEKDAY,15,TRAIN,NS27/CE2/TE20,3978,3334
2026-06,WEEKENDS/HOLIDAY,10,TRAIN,EW12/DT14,12498,32913
2026-06,WEEKDAY,8,TRAIN,NE15,89641,12101
2026-06,WEEKDAY,10,TRAIN,TE24,3532,1637
2026-06,WEEKENDS/HOLIDAY,9,TRAIN,NS14,20888,9320
2026-06,WEEKENDS/HOLIDAY,10,TRAIN,NS20,9406,16756
2026-06,WEEKDAY,17,TRAIN,TE29,3799,6328
2026-06,WEEKDAY,0,TRAIN,TE5,69,538
2026-06,WEEKENDS/HOLIDAY,8,TRAIN,NE4/DT19,6286,14119
2026-06,WEEKDAY,5,TRAIN,NS28,54,3
2026-06,WEEKDAY,7,TRAIN,BP2,13493,1420
2026-06,WEEKENDS/HOLIDAY,19,TRAIN,CC4/DT15,14622,7845
2026-06,WEEKDAY,9,TRAIN,SW7,1702,934
2026-06,WEEKENDS/HOLIDAY,18,TRAIN,BP5,951,969
2026-06,WEEKDAY,11,TRAIN,NE14,29004,15255
2026-06,WEEKENDS/HOLIDAY,12,TRAIN,DT28,4946,2753
2026-06,WEEKENDS/HOLIDAY,17,TRAIN,DT13,6800,5907
2026-06,WEEKENDS/HOLIDAY,23,TRAIN,CC28,138,779
2026-06,WEEKENDS/HOLIDAY,22,TRAIN,NE13,3459,9095
2026-06,WEEKENDS/HOLIDAY,14,TRAIN,TE11,1552,1685
2026-06,WEEKDAY,15,TRAIN,DT17,14321,6755
2026-06,WEEKDAY,13,TRAIN,DT6,7015,5840
2026-06,WEEKENDS/HOLIDAY,16,TRAIN,CC27,1127,835
2026-06,WEEKDAY,20,TRAIN,BP5,1517,2578
2026-06,WEEKDAY,6,TRAIN,DT13,6744,3127
2026-06,WEEKDAY,21,TRAIN,CC4/DT15,38407,4684
2026-06,WEEKENDS/HOLIDAY,21,TRAIN,SW1,810,297
2026-06,WEEKENDS/HOLIDAY,20,TRAIN,EW31,1713,2442
2026-06,WEEKENDS/HOLIDAY,0,TRAIN,EW21/CC22,193,376
2026-06,WEEKENDS/HOLIDAY,20,TRAIN,EW7,3545,8328
2026-06,WEEKENDS/HOLIDAY,21,TRAIN,TE1,1358,2415
2026-06,WEEKDAY,5,TRAIN,NS12,7141,1441
2026-06,WEEKDAY,11,TRAIN,EW24/NS1,33417,65666
2026-06,WEEKENDS/HOLIDAY,19,TRAIN,NS13,19553,29601
2026-06,WEEKDAY,21,TRAIN,NE15,8714,37665
2026-06,WEEKENDS/HOLIDAY,15,TRAIN,SW6,779,1117
2026-06,WEEKENDS/HOLIDAY,19,TRAIN,NS10,11494,19829
2026-06,WEEKDAY,20,TRAIN,CE1/DT16,79588,32026
2026-06,WEEKENDS/HOLIDAY,17,TRAIN,EW8/CC9,40879,30833
2026-06,WEEKENDS/HOLIDAY,23,TRAIN,NS3,1180,4408
2026-06,WEEKDAY,10,TRAIN,NS28,2174,2880
2026-06,WEEKDAY,17,TRAIN,BP13,1249,1681
2026-06,WEEKDAY,20,TRAIN,EW20,9817,14825
2026-06,WEEKENDS/HOLIDAY,17,TRAIN,NS11,18313,20417
2026-06,WEEKDAY,21,TRAIN,NS5,12910,39287
2026-06,WEEKDAY,9,TRAIN,DT2,4162,6200
2026-06,WEEKDAY,17,TRAIN,TE14/NS22,121347,85173
2026-06,WEEKDAY,22,TRAIN,NS10,10183,43337
2026-06,WEEKENDS/HOLIDAY,8,TRAIN,PW6,835,196
2026-06,WEEKENDS/HOLIDAY,17,TRAIN,TE5,3090,3590
2026-06,WEEKDAY,14,TRAIN,TE28,3026,3662
2026-06,WEEKENDS/HOLIDAY,6,TRAIN,EW16/NE3/TE17,2458,7939
2026-06,WEEKDAY,8,TRAIN,CC28,11276,9395
2026-06,WEEKENDS/HOLIDAY,10,TRAIN,PE4,1047,552
2026-06,WEEKENDS/HOLIDAY,21,TRAIN,EW19,3275,7764
2026-06,WEEKENDS/HOLIDAY,9,TRAIN,DT33,9213,2497
2026-06,WEEKDAY,20,TRAIN,PE2,1990,9659
2026-06,WEEKDAY,11,TRAIN,SW7,1578,1043
2026-06,WEEKENDS/HOLIDAY,15,TRAIN,NE15,9693,10210
2026-06,WEEKENDS/HOLIDAY,17,TRAIN,NS2,13250,16081
2026-06,WEEKDAY,8,TRAIN,TE6,48423,8656
2026-06,WEEKENDS/HOLIDAY,8,TRAIN,EW9,10107,8866
2026-06,WEEKDAY,14,TRAIN,BP11,2355,2319
2026-06,WEEKENDS/HOLIDAY,13,TRAIN,DT6,2887,2259
2026-06,WEEKDAY,8,TRAIN,CC24,10533,114026
2026-06,WEEKDAY,5,TRAIN,EW20,2353,882
2026-06,WEEKDAY,9,TRAIN,PE1,7827,1963
2026-06,WEEKDAY,16,TRAIN,SW1,4545,1251
2026-06,WEEKDAY,9,TRAIN,CE1/DT16,8340,42156
2026-06,WEEKDAY,15,TRAIN,CE1/DT16,35086,32317
2026-06,WEEKDAY,23,TRAIN,PW3,62,388
2026-06,WEEKENDS/HOLIDAY,11,TRAIN,BP4,944,416
2026-06,WEEKDAY,12,TRAIN,CC7,5812,3934
2026-06,WEEKENDS/HOLIDAY,5,TRAIN,PE5,481,11
2026-06,WEEKENDS/HOLIDAY,11,TRAIN,NE14,16278,7821
2026-06,WEEKENDS/HOLIDAY,19,TRAIN,DT29,2227,3950
2026-06,WEEKDAY,7,TRAIN,CC23,3032,31777
2026-06,WEEKDAY,23,TRAIN,SE4,187,1959
2026-06,WEEKDAY,8,TRAIN,NS25/EW13,11201,105502
2026-06,WEEKDAY,17,TRAIN,SE2,5083,8968
2026-06,WEEKENDS/HOLIDAY,15,TRAIN,NS10,14220,13252
2026-06,WEEKENDS/HOLIDAY,16,TRAIN,TE16,3863,3413
2026-06,WEEKDAY,7,TRAIN,BP4,5994,3436
2026-06,WEEKDAY,21,TRAIN,EW21/CC22,28689,14390
2026-06,WEEKDAY,11,TRAIN,PE7,4268,2019
2026-06,WEEKENDS/HOLIDAY,14,TRAIN,CC12,2920,3272
2026-06,WEEKENDS/HOLIDAY,13,TRAIN,TE14/NS22,37190,53091
2026-06,WEEKENDS/HOLIDAY,11,TRAIN,CC7,2805,1726
2026-06,WEEKDAY,7,TRAIN,SW1,4217,2026
2026-06,WEEKENDS/HOLIDAY,5,TRAIN,DT8,45,6
2026-06,WEEKENDS/HOLIDAY,18,TRAIN,DT28,5902,5880
2026-06,WEEKENDS/HOLIDAY,20,TRAIN,TE6,2420,7202
2026-06,WEEKENDS/HOLIDAY,21,TRAIN,CC28,726,2159
2026-06,WEEKDAY,5,TRAIN,NS10,23453,3133
2026-06,WEEKENDS/HOLIDAY,20,TRAIN,SE4,884,1782
2026-06,WEEKENDS/HOLIDAY,11,TRAIN,DT24,2232,1276
2026-06,WEEKDAY,21,TRAIN,EW15,52574,9007
2026-06,WEEKENDS/HOLIDAY,0,TRAIN,SW4,27,233
2026-06,WEEKDAY,12,TRAIN,PE1,3755,2759
2026-06,WEEKDAY,17,TRAIN,NE10,28236,23042
2026-06,WEEKDAY,14,TRAIN,NE18,11523,12630
2026-06,WEEKDAY,5,TRAIN,BP7,911,290
2026-06,WEEKENDS/HOLIDAY,5,TRAIN,EW25,1599,52
2026-06,WEEKENDS/HOLIDAY,5,TRAIN,CC25,343,34
2026-06,WEEKENDS/HOLIDAY,9,TRAIN,TE19,791,2122
2026-06,WEEKENDS/HOLIDAY,13,TRAIN,EW5,15895,13667
2026-06,WEEKDAY,21,TRAIN,NS7,21467,42471
2026-06,WEEKENDS/HOLIDAY,12,TRAIN,TE6,6283,3477
2026-06,WEEKENDS/HOLIDAY,10,TRAIN,PE7,2473,999
2026-06,WEEKENDS/HOLIDAY,14,TRAIN,DT18,3410,2443
2026-06,WEEKDAY,16,TRAIN,CC24,43038,8745
2026-06,WEEKENDS/HOLIDAY,23,TRAIN,SE2,105,1368
2026-06,WEEKENDS/HOLIDAY,21,TRAIN,PE2,549,3286
2026-06,WEEKENDS/HOLIDAY,13,TRAIN,EW32,2236,1123
2026-06,WEEKDAY,12,TRAIN,EW10,8657,6898
2026-06,WEEKDAY,10,TRAIN,EW9,18110,13300
2026-06,WEEKENDS/HOLIDAY,17,TRAIN,TE19,2413,1625
2026-06,WEEKENDS/HOLIDAY,15,TRAIN,DT6,2326,2142
2026-06,WEEKENDS/HOLIDAY,20,TRAIN,NS18,3418,8273
2026-06,WEEKENDS/HOLIDAY,19,TRAIN,BP13,294,494
2026-06,WEEKDAY,23,TRAIN,DT21,3541,2373
2026-06,WEEKDAY,5,TRAIN,CC16,1189,169
2026-06,WEEKDAY,9,TRAIN,NS7,45072,30517
2026-06,WEEKENDS/HOLIDAY,16,TRAIN,EW29,7866,4699
2026-06,WEEKENDS/HOLIDAY,10,TRAIN,EW25,6787,4737
2026-06,WEEKDAY,22,TRAIN,NS8,7701,15507
2026-06,WEEKDAY,15,TRAIN,CC25,4684,3762
2026-06,WEEKENDS/HOLIDAY,20,TRAIN,PW1,1177,316
2026-06,WEEKDAY,10,TRAIN,NS13,47614,30654
2026-06,WEEKENDS/HOLIDAY,9,TRAIN,NS11,22138,9157
2026-06,WEEKDAY,13,TRAIN,EW4,12586,9696
2026-06,WEEKENDS/HOLIDAY,5,TRAIN,NS20,127,277
2026-06,WEEKENDS/HOLIDAY,8,TRAIN,EW17,8965,6910
2026-06,WEEKDAY,23,TRAIN,DT23,1101,1191
2026-06,WEEKENDS/HOLIDAY,7,TRAIN,TE28,471,202
2026-06,WEEKDAY,12,TRAIN,EW32,2897,1714
2026-06,WEEKENDS/HOLIDAY,18,TRAIN,EW31,3214,2260
2026-06,WEEKDAY,17,TRAIN,EW26,51426,59301
2026-06,WEEKENDS/HOLIDAY,18,TRAIN,SW7,540,1009
2026-06,WEEKENDS/HOLIDAY,13,TRAIN,DT21,3785,4428
2026-06,WEEKENDS/HOLIDAY,14,TRAIN,CC10/DT26,7241,6945
2026-06,WEEKENDS/HOLIDAY,7,TRAIN,SW3,735,189
2026-06,WEEKENDS/HOLIDAY,22,TRAIN,PW4,831,1304
2026-06,WEEKDAY,16,TRAIN,CC28,3071,4008
2026-06,WEEKENDS/HOLIDAY,5,TRAIN,TE5,96,4
2026-06,WEEKENDS/HOLIDAY,7,TRAIN,NE12/CC13,14160,7588
2026-06,WEEKDAY,8,TRAIN,NE1/CC29,31556,116142
2026-06,WEEKDAY,8,TRAIN,NE18,21385,34781
2026-06,WEEKDAY,13,TRAIN,NE14,25891,20711
2026-06,WEEKENDS/HOLIDAY,16,TRAIN,CG1/DT35,9838,8513
2026-06,WEEKDAY,9,TRAIN,EW9,28638,22818
2026-06,WEEKDAY,13,TRAIN,SW1,2729,2227
2026-06,WEEKENDS/HOLIDAY,9,TRAIN,EW8/CC9,11922,33745
2026-06,WEEKDAY,9,TRAIN,EW2/DT32,75674,43145
2026-06,WEEKENDS/HOLIDAY,13,TRAIN,EW6,5558,4877
2026-06,WEEKDAY,8,TRAIN,EW15,19503,208596
2026-06,WEEKDAY,19,TRAIN,NE9,36413,39991
2026-06,WEEKDAY,12,TRAIN,CC26,5625,3856
2026-06,WEEKENDS/HOLIDAY,9,TRAIN,DT23,898,1557
2026-06,WEEKDAY,5,TRAIN,NE17/PTC,9138,1994
2026-06,WEEKENDS/HOLIDAY,19,TRAIN,CC3,7423,3509
2026-06,WEEKENDS/HOLIDAY,20,TRAIN,BP11,603,1666
2026-06,WEEKENDS/HOLIDAY,16,TRAIN,SW7,464,809
2026-06,WEEKDAY,13,TRAIN,EW16/NE3/TE17,30308,52890
2026-06,WEEKENDS/HOLIDAY,14,TRAIN,NE15,10029,10543
2026-06,WEEKDAY,16,TRAIN,EW15,42953,18513
2026-06,WEEKDAY,6,TRAIN,PW2,7,152
2026-06,WEEKENDS/HOLIDAY,8,TRAIN,EW32,2198,2868
2026-06,WEEKDAY,5,TRAIN,EW12/DT14,6157,1022
2026-06,WEEKENDS/HOLIDAY,5,TRAIN,DT25,144,21
2026-06,WEEKDAY,6,TRAIN,NS17/CC15,36618,14862
2026-06,WEEKDAY,9,TRAIN,NE5,5314,46246
2026-06,WEEKDAY,18,TRAIN,NS11,56504,130031
2026-06,WEEKENDS/HOLIDAY,17,TRAIN,NE10,7735,7301
2026-06,WEEKENDS/HOLIDAY,8,TRAIN,EW28,15195,7990
2026-06,WEEKDAY,21,TRAIN,DT28,4790,14947
2026-06,WEEKDAY,16,TRAIN,DT21,9812,7546
2026-06,WEEKENDS/HOLIDAY,11,TRAIN,CC25,2687,1414
2026-06,WEEKDAY,15,TRAIN,NE9,18465,16328
2026-06,WEEKDAY,13,TRAIN,CC2,3695,5573
2026-06,WEEKDAY,21,TRAIN,SW5,4637,7816
2026-06,WEEKENDS/HOLIDAY,18,TRAIN,EW19,7212,7984
2026-06,WEEKENDS/HOLIDAY,12,TRAIN,NE9,12438,8454
2026-06,WEEKENDS/HOLIDAY,14,TRAIN,BP8,797,730
2026-06,WEEKDAY,21,TRAIN,TE18,16197,4448
2026-06,WEEKENDS/HOLIDAY,16,TRAIN,NS7,13854,10714
2026-06,WEEKDAY,20,TRAIN,EW17,19236,32733
2026-06,WEEKENDS/HOLIDAY,19,TRAIN,NS8,7046,7720
2026-06,WEEKENDS/HOLIDAY,14,TRAIN,EW18,6698,7493
2026-06,WEEKDAY,18,TRAIN,EW8/CC9,133050,120857
2026-06,WEEKDAY,7,TRAIN,NE7/DT12,26364,33774
2026-06,WEEKENDS/HOLIDAY,8,TRAIN,NE8,8051,9045
2026-06,WEEKDAY,7,TRAIN,TE4,9186,16170
2026-06,WEEKDAY,14,TRAIN,DT13,9937,9524
2026-06,WEEKENDS/HOLIDAY,0,TRAIN,PW3,5,50
2026-06,WEEKDAY,7,TRAIN,TE7,12603,9795
2026-06,WEEKENDS/HOLIDAY,14,TRAIN,EW24/NS1,35213,35400
2026-06,WEEKENDS/HOLIDAY,11,TRAIN,CC2,1649,1730
2026-06,WEEKENDS/HOLIDAY,15,TRAIN,EW30,1393,522
2026-06,WEEKENDS/HOLIDAY,9,TRAIN,CC23,828,2715
2026-06,WEEKENDS/HOLIDAY,9,TRAIN,NE11,5721,4799
2026-06,WEEKENDS/HOLIDAY,14,TRAIN,TE6,4617,4372
2026-06,WEEKDAY,18,TRAIN,TE1,22981,8321
2026-06,WEEKDAY,13,TRAIN,BP5,1871,1900
2026-06,WEEKENDS/HOLIDAY,22,TRAIN,EW22,764,2297
2026-06,WEEKDAY,17,TRAIN,PW6,1833,2440
2026-06,WEEKENDS/HOLIDAY,20,TRAIN,EW29,7682,7662
2026-06,WEEKDAY,14,TRAIN,NE8,25276,25165
2026-06,WEEKDAY,15,TRAIN,EW12/DT14,60457,53146
2026-06,WEEKDAY,14,TRAIN,EW24/NS1,54353,55953
2026-06,WEEKENDS/HOLIDAY,17,TRAIN,PE7,1848,1782
2026-06,WEEKENDS/HOLIDAY,18,TRAIN,NE7/DT12,22814,24087
2026-06,WEEKDAY,21,TRAIN,TE26,12070,7133
2026-06,WEEKENDS/HOLIDAY,7,TRAIN,CC19/DT9,1036,2844
2026-06,WEEKENDS/HOLIDAY,19,TRAIN,EW7,4972,8698
2026-06,WEEKENDS/HOLIDAY,5,TRAIN,NS5,3351,330
2026-06,WEEKDAY,19,TRAIN,SW3,1106,1370
2026-06,WEEKENDS/HOLIDAY,21,TRAIN,TE3,3110,5201
2026-06,WEEKDAY,11,TRAIN,EW20,11584,8070
2026-06,WEEKDAY,9,TRAIN,TE6,23251,5623
2026-06,WEEKDAY,15,TRAIN,EW32,2963,1593
2026-06,WEEKENDS/HOLIDAY,10,TRAIN,EW19,8165,5085
2026-06,WEEKDAY,0,TRAIN,EW20,104,501
2026-06,WEEKDAY,8,TRAIN,BP7,2662,759
2026-06,WEEKENDS/HOLIDAY,6,TRAIN,TE15,211,429
2026-06,WEEKDAY,9,TRAIN,DT31,16975,6972
2026-06,WEEKDAY,8,TRAIN,EW22,16555,33881
2026-06,WEEKDAY,5,TRAIN,DT21,83,0
2026-06,WEEKDAY,12,TRAIN,TE13,6696,4280
2026-06,WEEKENDS/HOLIDAY,11,TRAIN,EW6,6196,3715
2026-06,WEEKDAY,20,TRAIN,EW15,65127,12069
2026-06,WEEKDAY,9,TRAIN,BP3,6209,1586
2026-06,WEEKENDS/HOLIDAY,13,TRAIN,SW5,3601,2914
2026-06,WEEKENDS/HOLIDAY,13,TRAIN,EW30,1109,576
2026-06,WEEKENDS/HOLIDAY,15,TRAIN,TE14/NS22,48487,47886
2026-06,WEEKENDS/HOLIDAY,20,TRAIN,BP8,617,708
2026-06,WEEKDAY,19,TRAIN,SE3,1639,8577
2026-06,WEEKDAY,14,TRAIN,TE5,4038,4673
2026-06,WEEKDAY,21,TRAIN,PW5,725,5475
2026-06,WEEKENDS/HOLIDAY,18,TRAIN,EW10,7387,9053
2026-06,WEEKENDS/HOLIDAY,13,TRAIN,EW26,14593,9663
2026-06,WEEKENDS/HOLIDAY,6,TRAIN,EW28,12694,2315
2026-06,WEEKDAY,13,TRAIN,CC20,5288,4271
2026-06,WEEKDAY,0,TRAIN,CC20,16,171
2026-06,WEEKENDS/HOLIDAY,11,TRAIN,BP6/DT1,19289,13123
2026-06,WEEKDAY,14,TRAIN,DT4,1751,1905
2026-06,WEEKENDS/HOLIDAY,0,TRAIN,EW30,1,203
2026-06,WEEKENDS/HOLIDAY,18,TRAIN,NE9,10927,11099
2026-06,WEEKENDS/HOLIDAY,12,TRAIN,DT4,1362,754
2026-06,WEEKDAY,23,TRAIN,CC14,692,2139
2026-06,WEEKDAY,16,TRAIN,CC14,10273,6863
2026-06,WEEKENDS/HOLIDAY,11,TRAIN,NE5,3556,6860
2026-06,WEEKDAY,19,TRAIN,SE1,3338,9524
2026-06,WEEKENDS/HOLIDAY,13,TRAIN,DT22,5005,6481
2026-06,WEEKENDS/HOLIDAY,19,TRAIN,CC28,1368,2214
2026-06,WEEKENDS/HOLIDAY,14,TRAIN,PW7,1407,1655
2026-06,WEEKDAY,18,TRAIN,EW29,72995,16843
2026-06,WEEKENDS/HOLIDAY,10,TRAIN,DT3,4648,1683
2026-06,WEEKENDS/HOLIDAY,7,TRAIN,BP7,447,160
2026-06,WEEKDAY,14,TRAIN,TE23,2182,2853
2026-06,WEEKENDS/HOLIDAY,17,TRAIN,EW29,14148,6515
2026-06,WEEKDAY,5,TRAIN,PE7,1531,84
2026-06,WEEKENDS/HOLIDAY,20,TRAIN,EW24/NS1,46968,21388
2026-06,WEEKENDS/HOLIDAY,21,TRAIN,DT7,691,1427
2026-06,WEEKENDS/HOLIDAY,20,TRAIN,CC28,910,2179
2026-06,WEEKENDS/HOLIDAY,22,TRAIN,DT21,2909,2734
2026-06,WEEKDAY,7,TRAIN,NE18,23224,11269
2026-06,WEEKDAY,18,TRAIN,PE7,4483,11370
2026-06,WEEKDAY,16,TRAIN,SW8,1005,1490
2026-06,WEEKENDS/HOLIDAY,21,TRAIN,NS15,2708,5613
2026-06,WEEKENDS/HOLIDAY,21,TRAIN,NE4/DT19,27990,11243
2026-06,WEEKENDS/HOLIDAY,0,TRAIN,NS2,255,1710
2026-06,WEEKENDS/HOLIDAY,6,TRAIN,CC7,1160,703
2026-06,WEEKDAY,20,TRAIN,TE11,2725,4628
2026-06,WEEKENDS/HOLIDAY,12,TRAIN,CC7,2792,2033
2026-06,WEEKDAY,23,TRAIN,SW2,310,839
2026-06,WEEKDAY,6,TRAIN,BP7,2985,413
2026-06,WEEKDAY,23,TRAIN,PW4,561,1750
2026-06,WEEKDAY,15,TRAIN,EW20,10342,9131
2026-06,WEEKDAY,12,TRAIN,BP12,2988,1527
2026-06,WEEKDAY,22,TRAIN,EW2/DT32,25447,44151
2026-06,WEEKDAY,5,TRAIN,PW1,74,140
2026-06,WEEKDAY,18,TRAIN,EW28,55179,71522
2026-06,WEEKDAY,0,TRAIN,NS17/CC15,596,1754
2026-06,WEEKDAY,6,TRAIN,EW22,5249,5289
2026-06,WEEKDAY,20,TRAIN,NE13,17578,31070
2026-06,WEEKDAY,22,TRAIN,DT5,5775,13529
2026-06,WEEKDAY,15,TRAIN,DT28,6866,5845
2026-06,WEEKENDS/HOLIDAY,13,TRAIN,NE7/DT12,17627,19740
2026-06,WEEKENDS/HOLIDAY,17,TRAIN,EW5,15497,19297
2026-06,WEEKENDS/HOLIDAY,23,TRAIN,NE17/PTC,2642,7936
2026-06,WEEKDAY,16,TRAIN,EW4,14341,12997
2026-06,WEEKENDS/HOLIDAY,15,TRAIN,EW15,11289,8277
2026-06,WEEKDAY,6,TRAIN,TE23,1295,851
2026-06,WEEKDAY,9,TRAIN,DT33,38622,6512
2026-06,WEEKENDS/HOLIDAY,5,TRAIN,CC6,96,1
2026-06,WEEKDAY,16,TRAIN,TE18,12897,8805
2026-06,WEEKENDS/HOLIDAY,11,TRAIN,NS24/NE6/CC1,10639,19360
2026-06,WEEKDAY,15,TRAIN,EW16/NE3/TE17,38876,23718
2026-06,WEEKDAY,16,TRAIN,EW5,27307,33619
2026-06,WEEKENDS/HOLIDAY,19,TRAIN,NE16/STC,17597,26301
2026-06,WEEKENDS/HOLIDAY,13,TRAIN,CE1/DT16,16274,25869
2026-06,WEEKDAY,10,TRAIN,CC3,2294,12159
2026-06,WEEKDAY,15,TRAIN,EW11,15116,16318
2026-06,WEEKDAY,21,TRAIN,TE19,11469,1883
2026-06,WEEKENDS/HOLIDAY,21,TRAIN,BP2,304,1453
2026-06,WEEKDAY,14,TRAIN,EW15,29310,26247
2026-06,WEEKDAY,20,TRAIN,TE13,4647,2980
2026-06,WEEKENDS/HOLIDAY,8,TRAIN,PW7,1435,661
2026-06,WEEKENDS/HOLIDAY,22,TRAIN,TE11,722,1521
2026-06,WEEKDAY,23,TRAIN,DT22,4850,5175
2026-06,WEEKDAY,17,TRAIN,BP10,3387,5343
2026-06,WEEKDAY,10,TRAIN,CC11,6087,21092
2026-06,WEEKENDS/HOLIDAY,20,TRAIN,TE24,849,1939
2026-06,WEEKENDS/HOLIDAY,17,TRAIN,EW4,8749,7699
2026-06,WEEKENDS/HOLIDAY,19,TRAIN,NE18,7325,6488
2026-06,WEEKDAY,14,TRAIN,TE16,5541,5474
2026-06,WEEKDAY,10,TRAIN,EW17,23048,19560
2026-06,WEEKDAY,18,TRAIN,CG2,37422,24323
2026-06,WEEKDAY,8,TRAIN,NS7,50158,44990
2026-06,WEEKDAY,13,TRAIN,EW30,1508,1592
2026-06,WEEKENDS/HOLIDAY,11,TRAIN,TE7,3448,1991
2026-06,WEEKDAY,6,TRAIN,NE8,19910,9665
2026-06,WEEKENDS/HOLIDAY,15,TRAIN,EW24/NS1,38274,33384
2026-06,WEEKDAY,5,TRAIN,NS19,6350,2799
2026-06,WEEKDAY,7,TRAIN,NS11,141398,49958
2026-06,WEEKENDS/HOLIDAY,8,TRAIN,EW24/NS1,13465,20370
2026-06,WEEKENDS/HOLIDAY,6,TRAIN,EW21/CC22,2170,3060
2026-06,WEEKENDS/HOLIDAY,7,TRAIN,PW3,458,169
2026-06,WEEKENDS/HOLIDAY,11,TRAIN,DT13,4523,6564
2026-06,WEEKDAY,8,TRAIN,NS9/TE2,127464,75215
2026-06,WEEKENDS/HOLIDAY,22,TRAIN,CC5,1726,1138
2026-06,WEEKENDS/HOLIDAY,11,TRAIN,TE1,1844,795
2026-06,WEEKENDS/HOLIDAY,16,TRAIN,NS2,11991,14191
2026-06,WEEKDAY,5,TRAIN,EW15,824,636
2026-06,WEEKENDS/HOLIDAY,5,TRAIN,DT13,152,24
2026-06,WEEKENDS/HOLIDAY,17,TRAIN,SW7,671,909
2026-06,WEEKDAY,12,TRAIN,CC3,5027,8622
2026-06,WEEKENDS/HOLIDAY,9,TRAIN,EW7,7787,4979
2026-06,WEEKENDS/HOLIDAY,23,TRAIN,EW9,3028,5390
2026-06,WEEKDAY,5,TRAIN,TE29,281,1
2026-06,WEEKDAY,13,TRAIN,SE3,2872,2370
2026-06,WEEKDAY,13,TRAIN,NS5,21987,18852
2026-06,WEEKDAY,10,TRAIN,BP9,2594,1770
2026-06,WEEKENDS/HOLIDAY,7,TRAIN,DT17,502,2064
2026-06,WEEKDAY,11,TRAIN,NE4/DT19,37387,75896
2026-06,WEEKENDS/HOLIDAY,6,TRAIN,SW1,158,333
2026-06,WEEKENDS/HOLIDAY,5,TRAIN,BP3,599,35
2026-06,WEEKDAY,21,TRAIN,BP2,745,3682
2026-06,WEEKENDS/HOLIDAY,17,TRAIN,NE4/DT19,33889,31961
2026-06,WEEKDAY,0,TRAIN,NS5,485,4827
2026-06,WEEKDAY,10,TRAIN,EW16/NE3/TE17,29143,41557
2026-06,WEEKENDS/HOLIDAY,22,TRAIN,BP11,240,1354
2026-06,WEEKDAY,5,TRAIN,EW2/DT32,13941,2354
2026-06,WEEKENDS/HOLIDAY,13,TRAIN,NE16/STC,23492,20985
2026-06,WEEKDAY,5,TRAIN,EW32,2046,1607
2026-06,WEEKENDS/HOLIDAY,15,TRAIN,NE4/DT19,33808,28420
2026-06,WEEKDAY,5,TRAIN,CC14,817,277
2026-06,WEEKDAY,18,TRAIN,TE15,20635,26028
2026-06,WEEKDAY,14,TRAIN,NS12,13032,13850
2026-06,WEEKDAY,18,TRAIN,DT33,23174,63430
2026-06,WEEKENDS/HOLIDAY,9,TRAIN,TE25,1700,856
2026-06,WEEKENDS/HOLIDAY,14,TRAIN,EW19,6358,7163
2026-06,WEEKENDS/HOLIDAY,19,TRAIN,SW4,880,1914
2026-06,WEEKENDS/HOLIDAY,22,TRAIN,DT7,628,1045
2026-06,WEEKDAY,6,TRAIN,NE10,11005,7779
2026-06,WEEKDAY,18,TRAIN,PW5,2500,6354
2026-06,WEEKDAY,8,TRAIN,BP8,2773,3578
2026-06,WEEKDAY,16,TRAIN,TE7,7179,5810
2026-06,WEEKDAY,9,TRAIN,CC10/DT26,24270,32704
2026-06,WEEKDAY,12,TRAIN,CC11,15310,13581
2026-06,WEEKENDS/HOLIDAY,5,TRAIN,BP12,552,27
2026-06,WEEKDAY,0,TRAIN,DT31,55,896
2026-06,WEEKENDS/HOLIDAY,16,TRAIN,DT24,1821,1784
2026-06,WEEKENDS/HOLIDAY,23,TRAIN,TE29,158,739
2026-06,WEEKDAY,11,TRAIN,EW8/CC9,29653,45898
2026-06,WEEKENDS/HOLIDAY,6,TRAIN,DT28,3758,1631
2026-06,WEEKENDS/HOLIDAY,23,TRAIN,BP8,111,223
2026-06,WEEKDAY,19,TRAIN,NS10,36559,94381
2026-06,WEEKENDS/HOLIDAY,19,TRAIN,BP7,323,508
2026-06,WEEKDAY,22,TRAIN,NE12/CC13,29980,52948
2026-06,WEEKENDS/HOLIDAY,0,TRAIN,DT33,17,1431
2026-06,WEEKDAY,18,TRAIN,CC5,16756,7809
2026-06,WEEKDAY,5,TRAIN,TE4,665,354
2026-06,WEEKENDS/HOLIDAY,9,TRAIN,DT2,1346,790
2026-06,WEEKDAY,20,TRAIN,PW5,1199,6179
2026-06,WEEKDAY,8,TRAIN,SE3,8835,1248
2026-06,WEEKENDS/HOLIDAY,11,TRAIN,NE16/STC,23562,16113
2026-06,WEEKENDS/HOLIDAY,22,TRAIN,BP12,183,871
2026-06,WEEKENDS/HOLIDAY,18,TRAIN,NE14,13097,16759
2026-06,WEEKENDS/HOLIDAY,12,TRAIN,DT5,10595,6687
2026-06,WEEKDAY,16,TRAIN,DT18,17367,6904
2026-06,WEEKDAY,11,TRAIN,NS21/DT11,48402,43175
2026-06,WEEKDAY,6,TRAIN,BP5,2955,847
2026-06,WEEKENDS/HOLIDAY,15,TRAIN,EW2/DT32,26053,26742
2026-06,WEEKDAY,16,TRAIN,DT23,5647,3139
2026-06,WEEKENDS/HOLIDAY,12,TRAIN,NE8,14325,19012
2026-06,WEEKENDS/HOLIDAY,16,TRAIN,NE15,10291,12014
2026-06,WEEKENDS/HOLIDAY,7,TRAIN,TE22,160,1805
2026-06,WEEKENDS/HOLIDAY,19,TRAIN,NS2,10317,15912
2026-06,WEEKDAY,16,TRAIN,NE8,27754,29468
2026-06,WEEKENDS/HOLIDAY,22,TRAIN,DT20,2633,1323
2026-06,WEEKDAY,21,TRAIN,TE24,1181,3377
2026-06,WEEKDAY,12,TRAIN,DT13,10506,16494
2026-06,WEEKENDS/HOLIDAY,9,TRAIN,SW7,800,348
2026-06,WEEKENDS/HOLIDAY,6,TRAIN,BP12,1014,118
2026-06,WEEKDAY,22,TRAIN,DT6,2441,4047
2026-06,WEEKENDS/HOLIDAY,5,TRAIN,SE5,206,47
2026-06,WEEKDAY,18,TRAIN,PE5,5911,15155
2026-06,WEEKDAY,0,TRAIN,DT20,165,194
2026-06,WEEKDAY,9,TRAIN,SE1,8502,2870
2026-06,WEEKDAY,14,TRAIN,NS19,32529,34869
2026-06,WEEKENDS/HOLIDAY,16,TRAIN,NE14,12513,13202
2026-06,WEEKDAY,19,TRAIN,EW15,102618,30098
2026-06,WEEKENDS/HOLIDAY,23,TRAIN,EW28,1136,8097
2026-06,WEEKENDS/HOLIDAY,21,TRAIN,NE18,5200,3789
2026-06,WEEKDAY,20,TRAIN,DT25,2925,6349
2026-06,WEEKENDS/HOLIDAY,10,TRAIN,EW33,2385,1306
2026-06,WEEKENDS/HOLIDAY,19,TRAIN,TE26,8372,6207
2026-06,WEEKDAY,9,TRAIN,CC16,10346,12548
2026-06,WEEKENDS/HOLIDAY,0,TRAIN,PW2,3,1
2026-06,WEEKENDS/HOLIDAY,11,TRAIN,CC27,724,1001
2026-06,WEEKDAY,12,TRAIN,BP5,2103,1572
2026-06,WEEKENDS/HOLIDAY,5,TRAIN,NS25/EW13,180,126
2026-06,WEEKENDS/HOLIDAY,9,TRAIN,CC12,3670,1509
2026-06,WEEKENDS/HOLIDAY,5,TRAIN,NS19,1076,334
2026-06,WEEKDAY,18,TRAIN,EW16/NE3/TE17,135173,41529
2026-06,WEEKENDS/HOLIDAY,7,TRAIN,BP10,1309,489
2026-06,WEEKENDS/HOLIDAY,0,TRAIN,CC16,13,132
2026-06,WEEKDAY,19,TRAIN,DT28,16380,22973
2026-06,WEEKENDS/HOLIDAY,21,TRAIN,DT21,3835,3407
2026-06,WEEKDAY,16,TRAIN,EW3,17469,18688
2026-06,WEEKDAY,23,TRAIN,EW11,5163,6682
2026-06,WEEKENDS/HOLIDAY,20,TRAIN,TE14/NS22,45536,15659
2026-06,WEEKENDS/HOLIDAY,14,TRAIN,CG1/DT35,7761,8928
2026-06,WEEKENDS/HOLIDAY,14,TRAIN,NS3,8185,8057
2026-06,WEEKDAY,16,TRAIN,EW9,19654,17737
2026-06,WEEKDAY,12,TRAIN,TE3,12612,10811
2026-06,WEEKDAY,21,TRAIN,BP8,1346,1525
2026-06,WEEKDAY,5,TRAIN,DT8,133,141
2026-06,WEEKENDS/HOLIDAY,23,TRAIN,NS27/CE2/TE20,464,408
2026-06,WEEKENDS/HOLIDAY,17,TRAIN,NS4/BP1,18502,22123
2026-06,WEEKENDS/HOLIDAY,19,TRAIN,CE1/DT16,31760,30407
2026-06,WEEKENDS/HOLIDAY,19,TRAIN,EW18,6071,7736
2026-06,WEEKDAY,14,TRAIN,BP6/DT1,25857,27209
2026-06,WEEKENDS/HOLIDAY,23,TRAIN,DT22,3733,2382
2026-06,WEEKDAY,16,TRAIN,CC3,9395,5577
2026-06,WEEKDAY,19,TRAIN,EW11,26596,30685
2026-06,WEEKENDS/HOLIDAY,13,TRAIN,EW14/NS26,10634,11059
2026-06,WEEKENDS/HOLIDAY,19,TRAIN,TE15,5370,4777
2026-06,WEEKENDS/HOLIDAY,17,TRAIN,NE16/STC,22424,26197
2026-06,WEEKENDS/HOLIDAY,22,TRAIN,CC14,750,1856
2026-06,WEEKDAY,7,TRAIN,NS21/DT11,65952,72277
2026-06,WEEKDAY,21,TRAIN,PW2,156,34
2026-06,WEEKDAY,10,TRAIN,DT2,3243,1646
2026-06,WEEKENDS/HOLIDAY,16,TRAIN,NS16,17855,20959
2026-06,WEEKENDS/HOLIDAY,20,TRAIN,NE10,4259,7127
2026-06,WEEKENDS/HOLIDAY,14,TRAIN,NS10,15502,12995
2026-06,WEEKENDS/HOLIDAY,6,TRAIN,SE4,851,264
2026-06,WEEKDAY,19,TRAIN,SW1,2403,1163
2026-06,WEEKDAY,5,TRAIN,TE26,464,35
2026-06,WEEKENDS/HOLIDAY,9,TRAIN,SW8,529,300
2026-06,WEEKENDS/HOLIDAY,15,TRAIN,DT13,5856,5511
2026-06,WEEKDAY,11,TRAIN,TE29,3842,1598
2026-06,WEEKDAY,7,TRAIN,EW18,30231,32598
2026-06,WEEKDAY,23,TRAIN,PE5,320,3278
2026-06,WEEKENDS/HOLIDAY,20,TRAIN,NE1/CC29,47091,12332
2026-06,WEEKENDS/HOLIDAY,21,TRAIN,CC17/TE9,1238,2662
2026-06,WEEKENDS/HOLIDAY,19,TRAIN,TE24,1314,2099
2026-06,WEEKENDS/HOLIDAY,8,TRAIN,TE16,2006,1403
2026-06,WEEKENDS/HOLIDAY,10,TRAIN,NE12/CC13,26448,20977
2026-06,WEEKDAY,10,TRAIN,BP3,4083,1377
2026-06,WEEKDAY,12,TRAIN,SW3,2084,1205
2026-06,WEEKENDS/HOLIDAY,8,TRAIN,NE9,9402,7271
2026-06,WEEKENDS/HOLIDAY,0,TRAIN,EW27,95,2852
2026-06,WEEKDAY,20,TRAIN,CC24,26030,5071
2026-06,WEEKDAY,14,TRAIN,EW30,2279,1263
2026-06,WEEKENDS/HOLIDAY,16,TRAIN,BP2,1157,1061
2026-06,WEEKDAY,12,TRAIN,TE8,9574,10398
2026-06,WEEKENDS/HOLIDAY,6,TRAIN,NS15,3599,3878
2026-06,WEEKENDS/HOLIDAY,11,TRAIN,NS2,13127,8949
2026-06,WEEKENDS/HOLIDAY,22,TRAIN,DT18,3341,1313
2026-06,WEEKDAY,16,TRAIN,PE2,4928,6104
2026-06,WEEKDAY,23,TRAIN,TE22,1000,118
2026-06,WEEKENDS/HOLIDAY,16,TRAIN,DT21,4580,3623
2026-06,WEEKDAY,23,TRAIN,NE17/PTC,5276,17344
2026-06,WEEKENDS/HOLIDAY,23,TRAIN,PW3,40,187
2026-06,WEEKENDS/HOLIDAY,0,TRAIN,DT34,6,384
2026-06,WEEKENDS/HOLIDAY,5,TRAIN,PW4,388,22
2026-06,WEEKDAY,22,TRAIN,TE24,823,2278
2026-06,WEEKENDS/HOLIDAY,22,TRAIN,EW24/NS1,23584,10899
2026-06,WEEKENDS/HOLIDAY,23,TRAIN,PE2,212,1433
2026-06,WEEKENDS/HOLIDAY,9,TRAIN,PE2,3377,910
2026-06,WEEKDAY,18,TRAIN,CC10/DT26,66215,40515
2026-06,WEEKDAY,11,TRAIN,NE9,25440,15142
2026-06,WEEKDAY,22,TRAIN,CC26,2760,1686
2026-06,WEEKENDS/HOLIDAY,23,TRAIN,DT5,774,3108
2026-06,WEEKDAY,9,TRAIN,EW3,26737,11664
2026-06,WEEKDAY,8,TRAIN,TE11,13041,6364
2026-06,WEEKDAY,10,TRAIN,PW7,2987,1610
2026-06,WEEKDAY,11,TRAIN,PW6,1703,877
2026-06,WEEKDAY,6,TRAIN,TE1,11431,6431
2026-06,WEEKDAY,15,TRAIN,NS20,50540,31564
2026-06,WEEKENDS/HOLIDAY,6,TRAIN,DT33,4341,1442
2026-06,WEEKDAY,21,TRAIN,DT31,5043,12256
2026-06,WEEKDAY,17,TRAIN,DT10,5882,5190
2026-06,WEEKENDS/HOLIDAY,11,TRAIN,CC20,2972,2028
2026-06,WEEKENDS/HOLIDAY,0,TRAIN,CC2,4,24
2026-06,WEEKDAY,12,TRAIN,DT33,14227,7381
2026-06,WEEKDAY,17,TRAIN,CG2,36033,18401
2026-06,WEEKDAY,8,TRAIN,CC17/TE9,24798,21632
2026-06,WEEKENDS/HOLIDAY,18,TRAIN,DT22,7452,11393
2026-06,WEEKDAY,19,TRAIN,EW1,25927,82372
2026-06,WEEKDAY,12,TRAIN,DT5,15428,12679
2026-06,WEEKDAY,0,TRAIN,TE15,71,193
2026-06,WEEKDAY,9,TRAIN,NS4/BP1,40817,25444
2026-06,WEEKENDS/HOLIDAY,13,TRAIN,EW3,8571,7374
2026-06,WEEKDAY,5,TRAIN,EW7,3689,829
2026-06,WEEKDAY,18,TRAIN,BP7,1085,3256
2026-06,WEEKENDS/HOLIDAY,9,TRAIN,DT22,3401,5259
2026-06,WEEKDAY,13,TRAIN,NE18,13443,16217
2026-06,WEEKDAY,13,TRAIN,NE10,14112,14396
2026-06,WEEKENDS/HOLIDAY,11,TRAIN,DT7,1796,1246
2026-06,WEEKDAY,18,TRAIN,DT6,15495,14295
2026-06,WEEKDAY,16,TRAIN,NS10,31372,35744
2026-06,WEEKDAY,22,TRAIN,NE13,8440,23424
2026-06,WEEKENDS/HOLIDAY,7,TRAIN,EW7,5239,3389
2026-06,WEEKDAY,20,TRAIN,EW7,7423,25041
2026-06,WEEKENDS/HOLIDAY,20,TRAIN,EW18,4552,7306
2026-06,WEEKDAY,15,TRAIN,EW1,20707,24969
2026-06,WEEKDAY,10,TRAIN,BP13,1267,640
2026-06,WEEKDAY,19,TRAIN,EW24/NS1,137570,100232
2026-06,WEEKENDS/HOLIDAY,6,TRAIN,NS2,7399,3253
2026-06,WEEKENDS/HOLIDAY,7,TRAIN,EW18,3915,5247
2026-06,WEEKDAY,22,TRAIN,SE1,916,5291
2026-06,WEEKDAY,7,TRAIN,EW1,91569,30267
2026-06,WEEKDAY,21,TRAIN,EW27,31871,57011
2026-06,WEEKENDS/HOLIDAY,17,TRAIN,DT2,1180,1337
2026-06,WEEKDAY,23,TRAIN,DT7,488,1127
2026-06,WEEKENDS/HOLIDAY,6,TRAIN,NS12,5004,1744
2026-06,WEEKENDS/HOLIDAY,21,TRAIN,TE16,2260,4016
2026-06,WEEKENDS/HOLIDAY,15,TRAIN,DT20,2644,2546
2026-06,WEEKENDS/HOLIDAY,13,TRAIN,NE8,16539,20030
2026-06,WEEKENDS/HOLIDAY,9,TRAIN,BP3,2322,728
2026-06,WEEKENDS/HOLIDAY,6,TRAIN,DT25,1372,472
2026-06,WEEKDAY,19,TRAIN,CE1/DT16,55788,53051
2026-06,WEEKENDS/HOLIDAY,11,TRAIN,TE5,3141,1800
2026-06,WEEKENDS/HOLIDAY,14,TRAIN,EW14/NS26,10668,10595
2026-06,WEEKENDS/HOLIDAY,11,TRAIN,CC5,1375,2259
2026-06,WEEKDAY,20,TRAIN,DT17,29759,5060
2026-06,WEEKDAY,14,TRAIN,SW1,2576,1776
2026-06,WEEKDAY,8,TRAIN,DT2,8664,17263
2026-06,WEEKDAY,10,TRAIN,EW25,11781,5020
2026-06,WEEKDAY,5,TRAIN,NE5,367,21
2026-06,WEEKDAY,10,TRAIN,EW28,22778,11874
2026-06,WEEKENDS/HOLIDAY,13,TRAIN,NS8,8200,6057
2026-06,WEEKENDS/HOLIDAY,17,TRAIN,EW24/NS1,43850,41987
2026-06,WEEKENDS/HOLIDAY,9,TRAIN,EW11,6341,7161
2026-06,WEEKDAY,6,TRAIN,DT34,3298,2503
2026-06,WEEKENDS/HOLIDAY,0,TRAIN,NS12,249,1552
2026-06,WEEKENDS/HOLIDAY,0,TRAIN,CE1/DT16,882,317
2026-06,WEEKDAY,20,TRAIN,NS25/EW13,81057,20911
2026-06,WEEKDAY,18,TRAIN,TE23,4172,8975
2026-06,WEEKENDS/HOLIDAY,14,TRAIN,EW27,19410,20730
2026-06,WEEKDAY,17,TRAIN,TE1,25140,5688
2026-06,WEEKDAY,10,TRAIN,NE16/STC,44054,24474
2026-06,WEEKDAY,16,TRAIN,TE27,4920,6775
2026-06,WEEKENDS/HOLIDAY,8,TRAIN,CC23,697,2543
2026-06,WEEKDAY,15,TRAIN,SE5,2102,2354
2026-06,WEEKENDS/HOLIDAY,21,TRAIN,BP13,183,472
2026-06,WEEKDAY,9,TRAIN,BP5,2718,1703
2026-06,WEEKENDS/HOLIDAY,10,TRAIN,CC6,4084,4704
2026-06,WEEKDAY,16,TRAIN,EW32,8631,2394
2026-06,WEEKDAY,19,TRAIN,NS13,45620,141341
2026-06,WEEKDAY,11,TRAIN,EW11,17226,14447
2026-06,WEEKDAY,10,TRAIN,NE1/CC29,16068,75494
2026-06,WEEKDAY,17,TRAIN,NS19,63176,58978
2026-06,WEEKDAY,8,TRAIN,CC21,14873,12972
2026-06,WEEKDAY,22,TRAIN,CC7,3574,5956
2026-06,WEEKENDS/HOLIDAY,21,TRAIN,TE22,6165,774
2026-06,WEEKENDS/HOLIDAY,8,TRAIN,EW16/NE3/TE17,7438,9968
2026-06,WEEKENDS/HOLIDAY,7,TRAIN,SE3,1141,260
2026-06,WEEKDAY,10,TRAIN,TE23,3526,1303
2026-06,WEEKDAY,19,TRAIN,EW32,13699,7207
2026-06,WEEKENDS/HOLIDAY,8,TRAIN,EW12/DT14,6977,14378
2026-06,WEEKDAY,22,TRAIN,DT3,1429,6987
2026-06,WEEKDAY,14,TRAIN,NS15,16641,12508
2026-06,WEEKENDS/HOLIDAY,6,TRAIN,PE4,342,94
2026-06,WEEKDAY,21,TRAIN,NS27/CE2/TE20,4935,2488
2026-06,WEEKENDS/HOLIDAY,23,TRAIN,TE26,1180,1096
2026-06,WEEKDAY,16,TRAIN,EW26,24279,29274
2026-06,WEEKENDS/HOLIDAY,14,TRAIN,NE14,12598,11483
2026-06,WEEKDAY,19,TRAIN,DT10,4045,5577
2026-06,WEEKDAY,11,TRAIN,NS16,35452,28363
2026-06,WEEKENDS/HOLIDAY,18,TRAIN,EW28,14664,14836
2026-06,WEEKDAY,13,TRAIN,EW11,15552,18350
2026-06,WEEKENDS/HOLIDAY,17,TRAIN,NE15,11350,12733
2026-06,WEEKDAY,11,TRAIN,DT10,4048,1581
2026-06,WEEKENDS/HOLIDAY,6,TRAIN,NE11,1383,1128
2026-06,WEEKENDS/HOLIDAY,11,TRAIN,PW4,2429,1909
2026-06,WEEKDAY,11,TRAIN,CC16,6066,3389
2026-06,WEEKDAY,6,TRAIN,TE22,124,760
2026-06,WEEKENDS/HOLIDAY,12,TRAIN,BP13,592,462
2026-06,WEEKENDS/HOLIDAY,13,TRAIN,EW17,12004,11806
2026-06,WEEKDAY,8,TRAIN,BP10,7201,2440
2026-06,WEEKENDS/HOLIDAY,9,TRAIN,BP11,2060,689
2026-06,WEEKDAY,0,TRAIN,EW4,74,2413
2026-06,WEEKENDS/HOLIDAY,22,TRAIN,BP3,379,1436
2026-06,WEEKENDS/HOLIDAY,0,TRAIN,DT21,106,177
2026-06,WEEKENDS/HOLIDAY,20,TRAIN,PE6,2042,3103
2026-06,WEEKDAY,14,TRAIN,EW33,2558,2372
2026-06,WEEKDAY,17,TRAIN,DT28,29856,13393
2026-06,WEEKENDS/HOLIDAY,13,TRAIN,TE5,2825,2523
2026-06,WEEKDAY,0,TRAIN,CC14,30,384
2026-06,WEEKDAY,12,TRAIN,PW7,3068,2641
2026-06,WEEKDAY,17,TRAIN,PE1,3710,5765
2026-06,WEEKDAY,5,TRAIN,DT5,1680,247
2026-06,WEEKENDS/HOLIDAY,9,TRAIN,EW27,18225,11603
2026-06,WEEKDAY,5,TRAIN,EW33,12621,820
2026-06,WEEKENDS/HOLIDAY,15,TRAIN,TE13,2019,1792
2026-06,WEEKDAY,9,TRAIN,EW23,56688,48252
2026-06,WEEKDAY,20,TRAIN,TE26,13561,9424
2026-06,WEEKENDS/HOLIDAY,16,TRAIN,BP10,1128,1362
2026-06,WEEKDAY,7,TRAIN,CC6,1704,6041
2026-06,WEEKDAY,9,TRAIN,DT21,8268,16130
2026-06,WEEKENDS/HOLIDAY,20,TRAIN,CC27,889,432
2026-06,WEEKDAY,11,TRAIN,EW32,2307,2168
2026-06,WEEKDAY,0,TRAIN,NS8,582,2706
2026-06,WEEKDAY,7,TRAIN,DT4,6111,1870
2026-06,WEEKDAY,12,TRAIN,NS27/CE2/TE20,6124,4476
2026-06,WEEKDAY,18,TRAIN,TE28,4843,12464
2026-06,WEEKDAY,8,TRAIN,SW3,4581,1158
2026-06,WEEKDAY,13,TRAIN,EW6,9719,10076
2026-06,WEEKDAY,6,TRAIN,EW8/CC9,27316,15001
2026-06,WEEKDAY,22,TRAIN,DT13,6386,7143
2026-06,WEEKENDS/HOLIDAY,9,TRAIN,SW1,910,335
2026-06,WEEKDAY,9,TRAIN,CC24,10118,78574
2026-06,WEEKENDS/HOLIDAY,5,TRAIN,PW5,557,13
2026-06,WEEKDAY,10,TRAIN,NS9/TE2,47172,41768
2026-06,WEEKENDS/HOLIDAY,17,TRAIN,NS8,8712,8353
2026-06,WEEKENDS/HOLIDAY,19,TRAIN,DT28,4236,6425
2026-06,WEEKDAY,9,TRAIN,CC14,11170,8011
2026-06,WEEKDAY,20,TRAIN,DT24,3556,7366
2026-06,WEEKDAY,5,TRAIN,EW22,517,702
2026-06,WEEKENDS/HOLIDAY,21,TRAIN,PE1,463,2334
2026-06,WEEKENDS/HOLIDAY,16,TRAIN,CC2,2365,1952
2026-06,WEEKDAY,12,TRAIN,CC8,6770,5150
2026-06,WEEKENDS/HOLIDAY,15,TRAIN,NE10,6207,6610
2026-06,WEEKENDS/HOLIDAY,11,TRAIN,TE12,2373,2417
2026-06,WEEKENDS/HOLIDAY,8,TRAIN,SE4,1939,1234
2026-06,WEEKDAY,5,TRAIN,EW16/NE3/TE17,1835,289
2026-06,WEEKENDS/HOLIDAY,18,TRAIN,NE15,9737,13669
2026-06,WEEKDAY,17,TRAIN,PW4,5155,7226
2026-06,WEEKDAY,19,TRAIN,BP4,1543,4321
2026-06,WEEKDAY,16,TRAIN,NE5,14513,12006
2026-06,WEEKENDS/HOLIDAY,13,TRAIN,DT5,10183,6912
2026-06,WEEKDAY,11,TRAIN,DT29,6407,2627
2026-06,WEEKDAY,10,TRAIN,PE6,8420,6144
2026-06,WEEKENDS/HOLIDAY,8,TRAIN,PE3,2800,1828
2026-06,WEEKDAY,16,TRAIN,PW2,182,156
2026-06,WEEKDAY,17,TRAIN,DT29,11071,13107
2026-06,WEEKDAY,0,TRAIN,DT25,43,242
2026-06,WEEKDAY,21,TRAIN,EW6,5231,16684
2026-06,WEEKENDS/HOLIDAY,14,TRAIN,EW11,8148,9735
2026-06,WEEKDAY,19,TRAIN,EW8/CC9,81015,80974
2026-06,WEEKENDS/HOLIDAY,15,TRAIN,CC21,5356,4388
2026-06,WEEKDAY,10,TRAIN,CG2,13325,20753
2026-06,WEEKENDS/HOLIDAY,22,TRAIN,NS18,1831,8225
2026-06,WEEKENDS/HOLIDAY,18,TRAIN,NS7,18820,14946
2026-06,WEEKENDS/HOLIDAY,13,TRAIN,NS13,24090,23305
2026-06,WEEKENDS/HOLIDAY,11,TRAIN,SW1,1022,603
2026-06,WEEKDAY,15,TRAIN,BP8,1688,1513
2026-06,WEEKENDS/HOLIDAY,20,TRAIN,EW3,4695,9549
2026-06,WEEKDAY,18,TRAIN,DT28,39508,26655
2026-06,WEEKENDS/HOLIDAY,15,TRAIN,NS8,6771,6115
2026-06,WEEKDAY,10,TRAIN,CC26,2912,4138
2026-06,WEEKENDS/HOLIDAY,18,TRAIN,EW12/DT14,40556,33420
2026-06,WEEKDAY,17,TRAIN,SE1,4842,6011
2026-06,WEEKENDS/HOLIDAY,21,TRAIN,EW14/NS26,13779,4438
2026-06,WEEKENDS/HOLIDAY,18,TRAIN,TE6,4869,6448
2026-06,WEEKENDS/HOLIDAY,6,TRAIN,CC19/DT9,529,1123
2026-06,WEEKDAY,19,TRAIN,NS8,20123,39566
2026-06,WEEKENDS/HOLIDAY,6,TRAIN,NS16,12057,5805
2026-06,WEEKDAY,16,TRAIN,NS20,64736,28242
2026-06,WEEKDAY,9,TRAIN,PE2,10806,2446
2026-06,WEEKDAY,22,TRAIN,EW18,7437,13686
2026-06,WEEKENDS/HOLIDAY,16,TRAIN,NS21/DT11,26823,27733
2026-06,WEEKDAY,23,TRAIN,NS27/CE2/TE20,1392,640
2026-06,WEEKENDS/HOLIDAY,17,TRAIN,DT18,2421,3117
2026-06,WEEKENDS/HOLIDAY,19,TRAIN,EW14/NS26,11330,11031
2026-06,WEEKDAY,23,TRAIN,EW24/NS1,13724,10734
2026-06,WEEKDAY,22,TRAIN,TE29,690,3168
2026-06,WEEKENDS/HOLIDAY,11,TRAIN,BP12,1391,661
2026-06,WEEKENDS/HOLIDAY,18,TRAIN,BP6/DT1,16335,23330
2026-06,WEEKDAY,6,TRAIN,EW28,64498,14397
2026-06,WEEKDAY,13,TRAIN,NS13,44099,41269
2026-06,WEEKDAY,11,TRAIN,NS13,41054,33527
2026-06,WEEKENDS/HOLIDAY,7,TRAIN,SW7,425,258
2026-06,WEEKENDS/HOLIDAY,0,TRAIN,NE9,63,371
2026-06,WEEKDAY,0,TRAIN,TE3,81,1482
2026-06,WEEKENDS/HOLIDAY,16,TRAIN,TE11,1972,1896
2026-06,WEEKDAY,19,TRAIN,CC6,11305,12208
2026-06,WEEKDAY,11,TRAIN,SW2,4323,2547
2026-06,WEEKDAY,20,TRAIN,NS4/BP1,28443,56361
2026-06,WEEKENDS/HOLIDAY,9,TRAIN,TE22,2159,2572
2026-06,WEEKDAY,6,TRAIN,DT24,6701,3207
2026-06,WEEKDAY,21,TRAIN,EW23,36439,44536
2026-06,WEEKENDS/HOLIDAY,13,TRAIN,TE6,5460,4042
2026-06,WEEKENDS/HOLIDAY,15,TRAIN,SW8,303,565
2026-06,WEEKENDS/HOLIDAY,7,TRAIN,TE15,545,1096
2026-06,WEEKENDS/HOLIDAY,14,TRAIN,TE12,1907,1820
2026-06,WEEKDAY,7,TRAIN,CC10/DT26,32575,25903
2026-06,WEEKENDS/HOLIDAY,22,TRAIN,EW6,1163,4975
2026-06,WEEKENDS/HOLIDAY,22,TRAIN,NE7/DT12,11576,5034
2026-06,WEEKENDS/HOLIDAY,0,TRAIN,DT22,279,266
2026-06,WEEKDAY,22,TRAIN,TE14/NS22,61622,11997
2026-06,WEEKENDS/HOLIDAY,12,TRAIN,EW32,2816,1005
2026-06,WEEKENDS/HOLIDAY,22,TRAIN,EW4,2225,6836
2026-06,WEEKDAY,20,TRAIN,EW11,16388,20498
2026-06,WEEKDAY,20,TRAIN,CC11,24132,10804
2026-06,WEEKDAY,10,TRAIN,CC7,4571,3064
2026-06,WEEKENDS/HOLIDAY,9,TRAIN,DT29,4288,1282
2026-06,WEEKDAY,23,TRAIN,BP4,103,629
2026-06,WEEKENDS/HOLIDAY,18,TRAIN,NE12/CC13,30237,37530
2026-06,WEEKENDS/HOLIDAY,0,TRAIN,TE19,39,49
2026-06,WEEKENDS/HOLIDAY,17,TRAIN,TE25,1591,1871
2026-06,WEEKDAY,22,TRAIN,CC12,1985,6741
2026-06,WEEKDAY,21,TRAIN,TE29,1350,4486
2026-06,WEEKENDS/HOLIDAY,15,TRAIN,TE18,7579,5224
2026-06,WEEKENDS/HOLIDAY,16,TRAIN,BP12,1112,961
2026-06,WEEKENDS/HOLIDAY,18,TRAIN,SE3,1277,1723
2026-06,WEEKENDS/HOLIDAY,13,TRAIN,SW7,674,806
2026-06,WEEKDAY,6,TRAIN,NE12/CC13,45172,19681
2026-06,WEEKDAY,6,TRAIN,NS20,5208,34266
2026-06,WEEKENDS/HOLIDAY,23,TRAIN,NS28,144,139
2026-06,WEEKENDS/HOLIDAY,20,TRAIN,TE15,4826,3538
2026-06,WEEKENDS/HOLIDAY,19,TRAIN,SW1,720,446
2026-06,WEEKENDS/HOLIDAY,18,TRAIN,EW32,4327,3492
2026-06,WEEKENDS/HOLIDAY,12,TRAIN,EW18,8979,6606
2026-06,WEEKDAY,19,TRAIN,CC21,13777,19691
2026-06,WEEKDAY,15,TRAIN,NS2,20802,26068
2026-06,WEEKENDS/HOLIDAY,6,TRAIN,TE7,471,241
2026-06,WEEKDAY,13,TRAIN,CC6,7619,8862
2026-06,WEEKENDS/HOLIDAY,14,TRAIN,EW29,4616,3928
2026-06,WEEKENDS/HOLIDAY,5,TRAIN,EW17,519,61
2026-06,WEEKDAY,19,TRAIN,CC14,8733,13921
2026-06,WEEKDAY,17,TRAIN,PW1,4502,3722
2026-06,WEEKENDS/HOLIDAY,16,TRAIN,NS25/EW13,43841,37197
2026-06,WEEKENDS/HOLIDAY,20,TRAIN,EW20,3093,5506
2026-06,WEEKDAY,13,TRAIN,TE12,4709,6940
2026-06,WEEKDAY,19,TRAIN,BP3,2826,11417
2026-06,WEEKDAY,14,TRAIN,TE7,4773,4666
2026-06,WEEKENDS/HOLIDAY,20,TRAIN,DT30,1597,4821
2026-06,WEEKDAY,20,TRAIN,SW1,1901,810
2026-06,WEEKDAY,18,TRAIN,EW26,55452,98132
2026-06,WEEKENDS/HOLIDAY,10,TRAIN,NS19,18067,12473
2026-06,WEEKDAY,19,TRAIN,PE1,2851,9579
2026-06,WEEKDAY,6,TRAIN,PE5,9626,1213
2026-06,WEEKDAY,14,TRAIN,NE4/DT19,59718,50729
2026-06,WEEKENDS/HOLIDAY,6,TRAIN,TE28,210,25
2026-06,WEEKDAY,7,TRAIN,NE14,82683,27484
2026-06,WEEKDAY,23,TRAIN,CC7,1348,2892
2026-06,WEEKDAY,20,TRAIN,BP12,1019,3389
2026-06,WEEKDAY,14,TRAIN,NS24/NE6/CC1,34036,33490
2026-06,WEEKDAY,21,TRAIN,EW14/NS26,61098,9502
2026-06,WEEKDAY,20,TRAIN,DT21,11465,7127
2026-06,WEEKENDS/HOLIDAY,5,TRAIN,NE12/CC13,1478,160
2026-06,WEEKENDS/HOLIDAY,9,TRAIN,DT31,4205,1955
2026-06,WEEKDAY,9,TRAIN,DT17,3863,132354
2026-06,WEEKENDS/HOLIDAY,6,TRAIN,DT24,1611,614
2026-06,WEEKENDS/HOLIDAY,12,TRAIN,PW4,2412,2089
2026-06,WEEKDAY,0,TRAIN,PE2,71,916
2026-06,WEEKDAY,10,TRAIN,EW4,15245,6166
2026-06,WEEKDAY,19,TRAIN,BP11,2120,9325
2026-06,WEEKDAY,8,TRAIN,TE28,13787,3630
2026-06,WEEKENDS/HOLIDAY,9,TRAIN,NE18,4331,5065
2026-06,WEEKENDS/HOLIDAY,12,TRAIN,SE1,2180,1568
2026-06,WEEKDAY,6,TRAIN,TE19,436,8137
2026-06,WEEKDAY,9,TRAIN,CC23,3533,92662
2026-06,WEEKENDS/HOLIDAY,22,TRAIN,TE6,1403,7328
2026-06,WEEKDAY,13,TRAIN,EW18,15317,14947
2026-06,WEEKENDS/HOLIDAY,12,TRAIN,DT30,4329,2563
2026-06,WEEKDAY,23,TRAIN,EW14/NS26,20441,2553
2026-06,WEEKENDS/HOLIDAY,6,TRAIN,DT5,2336,1469
2026-06,WEEKDAY,14,TRAIN,TE22,1953,4599
2026-06,WEEKDAY,21,TRAIN,DT20,7372,5164
2026-06,WEEKENDS/HOLIDAY,9,TRAIN,EW9,9683,12531
2026-06,WEEKDAY,0,TRAIN,TE18,209,113
2026-06,WEEKENDS/HOLIDAY,17,TRAIN,DT25,1871,2227
2026-06,WEEKENDS/HOLIDAY,22,TRAIN,TE16,2108,3563
2026-06,WEEKENDS/HOLIDAY,5,TRAIN,EW30,250,193
2026-06,WEEKENDS/HOLIDAY,12,TRAIN,NS19,19571,14856
2026-06,WEEKENDS/HOLIDAY,8,TRAIN,CG1/DT35,1232,8567
2026-06,WEEKDAY,12,TRAIN,NS12,18013,11040
2026-06,WEEKENDS/HOLIDAY,5,TRAIN,CC24,128,69
2026-06,WEEKENDS/HOLIDAY,11,TRAIN,EW29,3755,3163
2026-06,WEEKDAY,10,TRAIN,NS8,21654,9775
2026-06,WEEKENDS/HOLIDAY,12,TRAIN,PW3,388,322
2026-06,WEEKENDS/HOLIDAY,22,TRAIN,EW17,4576,9659
2026-06,WEEKDAY,16,TRAIN,CC12,7228,7050
2026-06,WEEKENDS/HOLIDAY,16,TRAIN,PE5,2255,2404
2026-06,WEEKDAY,14,TRAIN,CC23,8524,10120
2026-06,WEEKENDS/HOLIDAY,13,TRAIN,EW33,2175,1695
2026-06,WEEKDAY,5,TRAIN,TE7,695,339
2026-06,WEEKENDS/HOLIDAY,17,TRAIN,BP10,1341,1552
2026-06,WEEKENDS/HOLIDAY,12,TRAIN,SW7,766,703
2026-06,WEEKDAY,18,TRAIN,BP10,3184,9610
2026-06,WEEKDAY,12,TRAIN,DT30,7613,4041
2026-06,WEEKENDS/HOLIDAY,9,TRAIN,CG2,6305,9279
2026-06,WEEKENDS/HOLIDAY,9,TRAIN,BP4,890,339
2026-06,WEEKENDS/HOLIDAY,17,TRAIN,PW6,722,660
2026-06,WEEKENDS/HOLIDAY,9,TRAIN,NS17/CC15,19362,5920
2026-06,WEEKDAY,11,TRAIN,BP5,2097,1383
2026-06,WEEKDAY,22,TRAIN,CC24,8324,2252
2026-06,WEEKDAY,22,TRAIN,NS23,51842,9284
2026-06,WEEKDAY,8,TRAIN,DT5,46027,18568
2026-06,WEEKDAY,14,TRAIN,NS8,13755,11072
2026-06,WEEKDAY,13,TRAIN,DT3,5458,4556
2026-06,WEEKENDS/HOLIDAY,19,TRAIN,TE13,1778,1588
2026-06,WEEKENDS/HOLIDAY,6,TRAIN,BP9,565,444
2026-06,WEEKENDS/HOLIDAY,12,TRAIN,NS10,19449,11228
2026-06,WEEKDAY,14,TRAIN,CC8,6457,5483
2026-06,WEEKDAY,0,TRAIN,DT23,71,210
2026-06,WEEKENDS/HOLIDAY,11,TRAIN,NS27/CE2/TE20,1382,1849
2026-06,WEEKDAY,18,TRAIN,NE5,57204,24696
2026-06,WEEKDAY,22,TRAIN,EW32,2058,2632
2026-06,WEEKENDS/HOLIDAY,7,TRAIN,CC24,1516,4896
2026-06,WEEKENDS/HOLIDAY,14,TRAIN,BP6/DT1,16558,15177
2026-06,WEEKENDS/HOLIDAY,18,TRAIN,SE2,2173,2821
2026-06,WEEKDAY,0,TRAIN,EW33,0,219
2026-06,WEEKENDS/HOLIDAY,8,TRAIN,CC27,269,1364
2026-06,WEEKENDS/HOLIDAY,8,TRAIN,BP2,1556,503
2026-06,WEEKDAY,14,TRAIN,CC6,6309,7907
2026-06,WEEKDAY,6,TRAIN,NE7/DT12,15397,13800
2026-06,WEEKENDS/HOLIDAY,23,TRAIN,BP10,100,486
2026-06,WEEKDAY,15,TRAIN,NS8,13235,12417
2026-06,WEEKENDS/HOLIDAY,23,TRAIN,SW8,47,362
2026-06,WEEKENDS/HOLIDAY,16,TRAIN,CC25,2713,1797
2026-06,WEEKENDS/HOLIDAY,20,TRAIN,NS10,9071,20064
2026-06,WEEKDAY,0,TRAIN,CC16,56,312
2026-06,WEEKENDS/HOLIDAY,22,TRAIN,PW7,401,1381
2026-06,WEEKENDS/HOLIDAY,13,TRAIN,EW7,7003,6405
2026-06,WEEKDAY,10,TRAIN,NS21/DT11,47674,47375
2026-06,WEEKDAY,10,TRAIN,TE19,3034,23554
2026-06,WEEKDAY,16,TRAIN,EW20,14905,11275
2026-06,WEEKDAY,8,TRAIN,CC12,31222,7397
2026-06,WEEKDAY,15,TRAIN,TE4,4947,3210
2026-06,WEEKENDS/HOLIDAY,7,TRAIN,TE29,402,342
2026-06,WEEKDAY,21,TRAIN,EW30,3185,1171
2026-06,WEEKENDS/HOLIDAY,22,TRAIN,CC10/DT26,3012,7093
2026-06,WEEKENDS/HOLIDAY,13,TRAIN,DT29,3062,2322
2026-06,WEEKDAY,13,TRAIN,TE22,1737,3996
2026-06,WEEKDAY,20,TRAIN,PW6,528,2240
2026-06,WEEKENDS/HOLIDAY,9,TRAIN,NS4/BP1,15241,11566
2026-06,WEEKDAY,19,TRAIN,TE15,13315,17220
2026-06,WEEKENDS/HOLIDAY,9,TRAIN,PW4,1938,1459
2026-06,WEEKENDS/HOLIDAY,5,TRAIN,CC2,33,14
2026-06,WEEKDAY,22,TRAIN,EW27,17962,43681
2026-06,WEEKDAY,20,TRAIN,CC19/DT9,4558,4438
2026-06,WEEKENDS/HOLIDAY,5,TRAIN,NS13,5850,982
2026-06,WEEKENDS/HOLIDAY,14,TRAIN,EW1,12856,12313
2026-06,WEEKDAY,10,TRAIN,TE1,3913,6117
2026-06,WEEKDAY,22,TRAIN,PE1,664,4788
2026-06,WEEKENDS/HOLIDAY,17,TRAIN,NE7/DT12,20062,23308
2026-06,WEEKENDS/HOLIDAY,19,TRAIN,TE28,1557,2526
2026-06,WEEKENDS/HOLIDAY,23,TRAIN,DT21,1383,1130
2026-06,WEEKDAY,10,TRAIN,TE5,5551,3319
2026-06,WEEKDAY,14,TRAIN,TE4,4238,3406
2026-06,WEEKENDS/HOLIDAY,7,TRAIN,EW9,13296,4859
2026-06,WEEKDAY,6,TRAIN,EW11,16437,7664
2026-06,WEEKENDS/HOLIDAY,10,TRAIN,DT27,3901,2529
2026-06,WEEKDAY,13,TRAIN,BP8,1631,1590
2026-06,WEEKENDS/HOLIDAY,19,TRAIN,NE7/DT12,22845,20888
2026-06,WEEKDAY,19,TRAIN,DT18,45199,10600
2026-06,WEEKENDS/HOLIDAY,17,TRAIN,TE7,3099,2535
2026-06,WEEKENDS/HOLIDAY,14,TRAIN,NS9/TE2,26495,27369
2026-06,WEEKENDS/HOLIDAY,6,TRAIN,CC16,942,685
2026-06,WEEKENDS/HOLIDAY,7,TRAIN,PE4,568,274
2026-06,WEEKDAY,6,TRAIN,PE3,6891,1296
2026-06,WEEKDAY,22,TRAIN,TE5,2647,6942
2026-06,WEEKDAY,21,TRAIN,PW3,242,1757
2026-06,WEEKDAY,16,TRAIN,SE1,3166,4181
2026-06,WEEKENDS/HOLIDAY,6,TRAIN,NE10,2355,1396
2026-06,WEEKDAY,8,TRAIN,CC25,12695,24479
2026-06,WEEKDAY,19,TRAIN,PW1,2776,2359
2026-06,WEEKENDS/HOLIDAY,15,TRAIN,TE16,3716,3280
2026-06,WEEKENDS/HOLIDAY,21,TRAIN,SE3,357,2038
2026-06,WEEKDAY,12,TRAIN,SE1,4347,3059
2026-06,WEEKENDS/HOLIDAY,15,TRAIN,NS20,16496,12056
2026-06,WEEKDAY,16,TRAIN,NS16,35840,47253
2026-06,WEEKENDS/HOLIDAY,23,TRAIN,DT20,1400,772
2026-06,WEEKENDS/HOLIDAY,18,TRAIN,EW16/NE3/TE17,11749,9640
2026-06,WEEKDAY,22,TRAIN,EW31,1340,1526
2026-06,WEEKENDS/HOLIDAY,14,TRAIN,NS8,7387,5845
2026-06,WEEKENDS/HOLIDAY,8,TRAIN,TE8,2546,3173
2026-06,WEEKDAY,8,TRAIN,NE14,98920,20924
2026-06,WEEKENDS/HOLIDAY,22,TRAIN,DT34,703,1867
2026-06,WEEKDAY,18,TRAIN,NE16/STC,63303,156276
2026-06,WEEKENDS/HOLIDAY,7,TRAIN,NS8,9863,5310
2026-06,WEEKENDS/HOLIDAY,22,TRAIN,DT2,354,609
2026-06,WEEKENDS/HOLIDAY,5,TRAIN,NS3,1983,161
2026-06,WEEKENDS/HOLIDAY,20,TRAIN,NS21/DT11,21627,23746
2026-06,WEEKENDS/HOLIDAY,22,TRAIN,SE5,261,1182
2026-06,WEEKDAY,0,TRAIN,NE9,178,746
2026-06,WEEKENDS/HOLIDAY,10,TRAIN,DT29,4006,1234
2026-06,WEEKENDS/HOLIDAY,15,TRAIN,PE1,1594,1641
2026-06,WEEKDAY,8,TRAIN,NE11,38909,24020
2026-06,WEEKDAY,9,TRAIN,SE4,7414,3826
2026-06,WEEKDAY,17,TRAIN,DT13,19395,12570
2026-06,WEEKDAY,14,TRAIN,EW29,8563,5392
2026-06,WEEKENDS/HOLIDAY,21,TRAIN,BP3,573,1970
2026-06,WEEKENDS/HOLIDAY,19,TRAIN,DT2,1122,989
2026-06,WEEKDAY,8,TRAIN,DT20,11873,18455
2026-06,WEEKENDS/HOLIDAY,16,TRAIN,EW20,5399,4931
2026-06,WEEKENDS/HOLIDAY,16,TRAIN,CC10/DT26,7872,7196
2026-06,WEEKENDS/HOLIDAY,7,TRAIN,CC21,1092,2014
2026-06,WEEKENDS/HOLIDAY,13,TRAIN,NE17/PTC,25135,22905
2026-06,WEEKENDS/HOLIDAY,13,TRAIN,SW6,1005,1016
2026-06,WEEKDAY,10,TRAIN,CC14,6349,3599
2026-06,WEEKENDS/HOLIDAY,7,TRAIN,NE15,7280,2132
2026-06,WEEKENDS/HOLIDAY,0,TRAIN,NE12/CC13,297,1618
2026-06,WEEKDAY,15,TRAIN,NS10,24313,27488
2026-06,WEEKENDS/HOLIDAY,15,TRAIN,CC19/DT9,4023,4357
2026-06,WEEKENDS/HOLIDAY,6,TRAIN,PW4,768,184
2026-06,WEEKDAY,7,TRAIN,EW12/DT14,21324,45524
2026-06,WEEKDAY,15,TRAIN,DT31,6129,6485
2026-06,WEEKENDS/HOLIDAY,22,TRAIN,EW8/CC9,13215,9028
2026-06,WEEKDAY,23,TRAIN,SW5,736,3430
2026-06,WEEKENDS/HOLIDAY,14,TRAIN,PE2,2326,2304
2026-06,WEEKDAY,7,TRAIN,BP7,3877,943
2026-06,WEEKDAY,17,TRAIN,CC2,11622,4090
2026-06,WEEKENDS/HOLIDAY,16,TRAIN,TE1,2737,1426
2026-06,WEEKDAY,12,TRAIN,CC27,7427,5244
2026-06,WEEKENDS/HOLIDAY,14,TRAIN,SW1,989,470
2026-06,WEEKDAY,6,TRAIN,CC28,4842,1672
2026-06,WEEKENDS/HOLIDAY,21,TRAIN,NE7/DT12,19482,8489
2026-06,WEEKENDS/HOLIDAY,7,TRAIN,CC25,1799,2557
2026-06,WEEKDAY,13,TRAIN,EW17,26202,22399
2026-06,WEEKENDS/HOLIDAY,17,TRAIN,SE2,2622,2691
2026-06,WEEKDAY,6,TRAIN,NS18,15480,5719
2026-06,WEEKENDS/HOLIDAY,15,TRAIN,TE6,4306,4714
2026-06,WEEKENDS/HOLIDAY,0,TRAIN,CC19/DT9,26,131
2026-06,WEEKDAY,14,TRAIN,BP8,1730,1479
2026-06,WEEKENDS/HOLIDAY,15,TRAIN,BP12,1041,832
2026-06,WEEKENDS/HOLIDAY,0,TRAIN,EW17,22,529
2026-06,WEEKDAY,17,TRAIN,TE27,6149,9397
2026-06,WEEKENDS/HOLIDAY,5,TRAIN,TE15,12,0
2026-06,WEEKDAY,20,TRAIN,DT28,7390,15111
2026-06,WEEKENDS/HOLIDAY,11,TRAIN,EW20,6683,4338
2026-06,WEEKDAY,15,TRAIN,NS13,38895,46566
2026-06,WEEKDAY,15,TRAIN,EW27,32057,38800
2026-06,WEEKDAY,7,TRAIN,SW2,9808,2007
2026-06,WEEKENDS/HOLIDAY,0,TRAIN,NE14,59,1256
2026-06,WEEKDAY,20,TRAIN,CC17/TE9,4129,8210
2026-06,WEEKDAY,22,TRAIN,PW7,967,3031
2026-06,WEEKDAY,13,TRAIN,DT24,4455,3548
2026-06,WEEKENDS/HOLIDAY,17,TRAIN,BP3,1797,1839
2026-06,WEEKENDS/HOLIDAY,5,TRAIN,DT33,1104,28
2026-06,WEEKDAY,12,TRAIN,BP4,2456,2278
2026-06,WEEKDAY,0,TRAIN,CC6,60,33
2026-06,WEEKDAY,10,TRAIN,NS10,38375,17415
2026-06,WEEKENDS/HOLIDAY,6,TRAIN,CC23,161,1070
2026-06,WEEKENDS/HOLIDAY,15,TRAIN,DT4,874,998
2026-06,WEEKENDS/HOLIDAY,23,TRAIN,PE3,184,1141
2026-06,WEEKENDS/HOLIDAY,19,TRAIN,SE4,1196,2064
2026-06,WEEKENDS/HOLIDAY,7,TRAIN,NS7,19175,14857
2026-06,WEEKDAY,21,TRAIN,PE3,2488,7792
2026-06,WEEKDAY,8,TRAIN,TE14/NS22,26104,125735
2026-06,WEEKDAY,13,TRAIN,NS8,14910,11443
2026-06,WEEKDAY,23,TRAIN,NE5,10609,2232
2026-06,WEEKDAY,20,TRAIN,PE7,1305,7098
2026-06,WEEKENDS/HOLIDAY,21,TRAIN,BP4,241,920
2026-06,WEEKENDS/HOLIDAY,8,TRAIN,NS14,18556,8457
2026-06,WEEKENDS/HOLIDAY,6,TRAIN,CC6,656,2644
2026-06,WEEKDAY,17,TRAIN,NS13,61299,108003
2026-06,WEEKDAY,9,TRAIN,BP2,4778,1217
2026-06,WEEKENDS/HOLIDAY,8,TRAIN,TE25,1055,424
2026-06,WEEKENDS/HOLIDAY,5,TRAIN,NE5,174,11
2026-06,WEEKENDS/HOLIDAY,5,TRAIN,DT18,10,0
2026-06,WEEKDAY,11,TRAIN,NE8,19218,26134
2026-06,WEEKENDS/HOLIDAY,12,TRAIN,TE26,7160,7602
2026-06,WEEKENDS/HOLIDAY,10,TRAIN,NS28,687,3008
2026-06,WEEKENDS/HOLIDAY,0,TRAIN,PE3,22,352
2026-06,WEEKENDS/HOLIDAY,11,TRAIN,TE25,1773,1137
2026-06,WEEKENDS/HOLIDAY,14,TRAIN,NS15,4940,4132
2026-06,WEEKENDS/HOLIDAY,17,TRAIN,TE27,2733,2984
2026-06,WEEKDAY,10,TRAIN,TE27,6715,2579
2026-06,WEEKDAY,13,TRAIN,EW28,18626,13148
2026-06,WEEKDAY,19,TRAIN,TE26,16525,19896
2026-06,WEEKENDS/HOLIDAY,18,TRAIN,CC27,1152,856
2026-06,WEEKDAY,11,TRAIN,PE3,6812,4566
2026-06,WEEKDAY,15,TRAIN,CC19/DT9,5293,5764
2026-06,WEEKENDS/HOLIDAY,13,TRAIN,CC23,2136,2032
2026-06,WEEKENDS/HOLIDAY,20,TRAIN,SE1,704,2496
2026-06,WEEKENDS/HOLIDAY,0,TRAIN,TE6,63,805
2026-06,WEEKDAY,14,TRAIN,DT33,10375,9687
2026-06,WEEKENDS/HOLIDAY,11,TRAIN,BP11,1947,932
2026-06,WEEKENDS/HOLIDAY,19,TRAIN,PE4,897,1167
2026-06,WEEKENDS/HOLIDAY,0,TRAIN,DT6,27,131
2026-06,WEEKENDS/HOLIDAY,8,TRAIN,DT24,2414,1361
2026-06,WEEKDAY,11,TRAIN,NS4/BP1,30972,24961
2026-06,WEEKDAY,17,TRAIN,DT2,17371,3558
2026-06,WEEKENDS/HOLIDAY,21,TRAIN,CC24,4287,1365
2026-06,WEEKDAY,21,TRAIN,DT30,2708,14158
2026-06,WEEKDAY,13,TRAIN,CC14,5584,6743
2026-06,WEEKDAY,18,TRAIN,DT22,15022,27013
2026-06,WEEKDAY,19,TRAIN,CC24,45777,10119
2026-06,WEEKENDS/HOLIDAY,18,TRAIN,SW2,2195,1677
2026-06,WEEKENDS/HOLIDAY,18,TRAIN,NS24/NE6/CC1,24794,18048
2026-06,WEEKENDS/HOLIDAY,16,TRAIN,BP13,472,426
2026-06,WEEKENDS/HOLIDAY,7,TRAIN,NS11,17073,8912
2026-06,WEEKDAY,12,TRAIN,DT4,2416,1509
2026-06,WEEKENDS/HOLIDAY,9,TRAIN,EW10,6158,4321
2026-06,WEEKENDS/HOLIDAY,9,TRAIN,EW16/NE3/TE17,7404,9922
2026-06,WEEKDAY,18,TRAIN,EW12/DT14,159152,118707
2026-06,WEEKENDS/HOLIDAY,8,TRAIN,NE17/PTC,15702,9051
2026-06,WEEKENDS/HOLIDAY,23,TRAIN,CG2,4524,3648
2026-06,WEEKDAY,18,TRAIN,SE4,3962,9456
2026-06,WEEKDAY,9,TRAIN,TE19,2423,90886
2026-06,WEEKDAY,10,TRAIN,EW7,14933,8980
2026-06,WEEKDAY,6,TRAIN,NS21/DT11,24159,27769
2026-06,WEEKENDS/HOLIDAY,11,TRAIN,NE12/CC13,26484,24871
2026-06,WEEKENDS/HOLIDAY,20,TRAIN,CG1/DT35,9039,3424
2026-06,WEEKDAY,7,TRAIN,NS24/NE6/CC1,10172,23884
2026-06,WEEKDAY,15,TRAIN,DT8,4573,3731
2026-06,WEEKDAY,5,TRAIN,CC25,1107,252
2026-06,WEEKENDS/HOLIDAY,10,TRAIN,EW6,6108,3519
2026-06,WEEKENDS/HOLIDAY,14,TRAIN,TE19,2133,2024
2026-06,WEEKENDS/HOLIDAY,14,TRAIN,NS19,16915,16575
2026-06,WEEKDAY,8,TRAIN,EW21/CC22,31687,114277
2026-06,WEEKENDS/HOLIDAY,5,TRAIN,DT5,321,41
2026-06,WEEKDAY,0,TRAIN,SW3,10,253
2026-06,WEEKENDS/HOLIDAY,8,TRAIN,NE16/STC,17863,7740
2026-06,WEEKDAY,23,TRAIN,TE12,690,457
2026-06,WEEKENDS/HOLIDAY,18,TRAIN,CG2,12443,12089
2026-06,WEEKENDS/HOLIDAY,10,TRAIN,TE8,4942,5214
2026-06,WEEKENDS/HOLIDAY,16,TRAIN,EW12/DT14,41491,36623
2026-06,WEEKDAY,17,TRAIN,PE7,4359,6410
2026-06,WEEKENDS/HOLIDAY,20,TRAIN,EW25,5250,7015
2026-06,WEEKDAY,12,TRAIN,DT17,36871,18484
2026-06,WEEKDAY,15,TRAIN,TE26,11784,11998
2026-06,WEEKDAY,9,TRAIN,SE3,7046,1273
2026-06,WEEKDAY,20,TRAIN,NS23,59944,25520
2026-06,WEEKENDS/HOLIDAY,10,TRAIN,EW7,7810,4690
2026-06,WEEKENDS/HOLIDAY,11,TRAIN,CG2,8240,13388
2026-06,WEEKDAY,19,TRAIN,PE6,6270,15895
2026-06,WEEKDAY,13,TRAIN,SW5,7888,5793
2026-06,WEEKDAY,14,TRAIN,BP4,2213,1811
2026-06,WEEKDAY,16,TRAIN,CC8,7071,6210
2026-06,WEEKENDS/HOLIDAY,10,TRAIN,EW4,8287,3542
2026-06,WEEKENDS/HOLIDAY,21,TRAIN,CE1/DT16,49818,11895
2026-06,WEEKDAY,11,TRAIN,TE13,5676,4288
2026-06,WEEKDAY,14,TRAIN,PW3,528,521
2026-06,WEEKDAY,22,TRAIN,EW12/DT14,55807,19309
2026-06,WEEKDAY,11,TRAIN,SW4,2774,1635
2026-06,WEEKDAY,5,TRAIN,TE24,171,2
2026-06,WEEKENDS/HOLIDAY,8,TRAIN,PW1,160,1266
2026-06,WEEKENDS/HOLIDAY,14,TRAIN,CC7,2117,2705
2026-06,WEEKDAY,8,TRAIN,BP3,14093,2147
2026-06,WEEKDAY,23,TRAIN,DT10,498,1381
2026-06,WEEKDAY,5,TRAIN,DT27,844,296
2026-06,WEEKENDS/HOLIDAY,20,TRAIN,EW23,15370,21422
2026-06,WEEKENDS/HOLIDAY,19,TRAIN,EW27,20772,31846
2026-06,WEEKENDS/HOLIDAY,12,TRAIN,EW24/NS1,25436,41299
2026-06,WEEKENDS/HOLIDAY,5,TRAIN,PE7,355,6
2026-06,WEEKENDS/HOLIDAY,22,TRAIN,CC12,784,2564
2026-06,WEEKENDS/HOLIDAY,20,TRAIN,EW15,9070,4250
2026-06,WEEKENDS/HOLIDAY,16,TRAIN,DT8,1450,1650
2026-06,WEEKENDS/HOLIDAY,6,TRAIN,DT30,2014,639
2026-06,WEEKENDS/HOLIDAY,0,TRAIN,EW32,0,445
2026-06,WEEKDAY,23,TRAIN,EW10,2130,6261
2026-06,WEEKENDS/HOLIDAY,16,TRAIN,BP9,889,906
2026-06,WEEKDAY,5,TRAIN,PE6,2079,263
2026-06,WEEKDAY,20,TRAIN,NS9/TE2,46707,87171
2026-06,WEEKENDS/HOLIDAY,0,TRAIN,NE18,0,358
2026-06,WEEKDAY,7,TRAIN,BP12,11255,2560
2026-06,WEEKENDS/HOLIDAY,16,TRAIN,TE12,2337,1749
2026-06,WEEKDAY,0,TRAIN,TE22,34,50
2026-06,WEEKDAY,10,TRAIN,BP2,2899,1007
2026-06,WEEKENDS/HOLIDAY,12,TRAIN,EW11,8056,8961
2026-06,WEEKDAY,21,TRAIN,EW8/CC9,57148,29644
2026-06,WEEKENDS/HOLIDAY,12,TRAIN,EW17,11496,10966
2026-06,WEEKDAY,12,TRAIN,DT25,3448,2531
2026-06,WEEKENDS/HOLIDAY,15,TRAIN,EW33,2312,1284
2026-06,WEEKENDS/HOLIDAY,9,TRAIN,CC6,2579,4661
2026-06,WEEKENDS/HOLIDAY,8,TRAIN,SW7,672,320
2026-06,WEEKENDS/HOLIDAY,12,TRAIN,TE15,4710,5369
2026-06,WEEKENDS/HOLIDAY,20,TRAIN,CC12,1567,3863
2026-06,WEEKENDS/HOLIDAY,11,TRAIN,NS14,16556,8704
2026-06,WEEKENDS/HOLIDAY,13,TRAIN,NS12,9197,7734
2026-06,WEEKENDS/HOLIDAY,20,TRAIN,TE13,1743,1494
2026-06,WEEKDAY,12,TRAIN,PE7,4684,2904
2026-06,WEEKENDS/HOLIDAY,11,TRAIN,PW7,1808,1147
2026-06,WEEKDAY,11,TRAIN,EW29,6653,6143
2026-06,WEEKDAY,18,TRAIN,CC21,14515,29964
2026-06,WEEKDAY,22,TRAIN,EW3,5448,18184
2026-06,WEEKDAY,5,TRAIN,TE6,4942,347
2026-06,WEEKENDS/HOLIDAY,9,TRAIN,TE23,1649,926
2026-06,WEEKDAY,19,TRAIN,NS20,68329,36369
2026-06,WEEKDAY,7,TRAIN,SW3,5995,979
2026-06,WEEKENDS/HOLIDAY,0,TRAIN,SW3,5,112
2026-06,WEEKDAY,6,TRAIN,EW26,63865,25366
2026-06,WEEKENDS/HOLIDAY,15,TRAIN,CG2,17006,13585
2026-06,WEEKDAY,18,TRAIN,SE1,5283,9718
2026-06,WEEKDAY,0,TRAIN,SW6,10,420
2026-06,WEEKDAY,13,TRAIN,DT31,6617,6639
2026-06,WEEKENDS/HOLIDAY,0,TRAIN,TE24,20,70
2026-06,WEEKDAY,22,TRAIN,NS19,12430,34665
2026-06,WEEKENDS/HOLIDAY,7,TRAIN,NS19,9835,6094
2026-06,WEEKENDS/HOLIDAY,22,TRAIN,PE5,403,2642
2026-06,WEEKENDS/HOLIDAY,22,TRAIN,CC3,5728,613
2026-06,WEEKDAY,11,TRAIN,EW23,35935,32487
2026-06,WEEKDAY,20,TRAIN,CC2,4263,2475
2026-06,WEEKENDS/HOLIDAY,12,TRAIN,SW1,1159,625
2026-06,WEEKDAY,10,TRAIN,SW2,3855,2514
2026-06,WEEKDAY,21,TRAIN,NE11,12220,14758
2026-06,WEEKENDS/HOLIDAY,13,TRAIN,NS4/BP1,17174,17305
2026-06,WEEKENDS/HOLIDAY,23,TRAIN,SE5,77,676
2026-06,WEEKENDS/HOLIDAY,0,TRAIN,EW5,92,1313
2026-06,WEEKENDS/HOLIDAY,8,TRAIN,DT20,996,2434
2026-06,WEEKDAY,16,TRAIN,TE4,7282,4053
2026-06,WEEKENDS/HOLIDAY,13,TRAIN,DT7,1503,1459
2026-06,WEEKENDS/HOLIDAY,18,TRAIN,CC17/TE9,2749,2755
2026-06,WEEKENDS/HOLIDAY,16,TRAIN,NS18,5791,6009
2026-06,WEEKENDS/HOLIDAY,9,TRAIN,EW31,1266,921
2026-06,WEEKENDS/HOLIDAY,23,TRAIN,NE12/CC13,4326,10899
2026-06,WEEKDAY,21,TRAIN,EW25,5602,17327
2026-06,WEEKENDS/HOLIDAY,23,TRAIN,CC6,9158,230
2026-06,WEEKENDS/HOLIDAY,8,TRAIN,DT23,1003,1574
2026-06,WEEKDAY,12,TRAIN,EW8/CC9,41286,52421
2026-06,WEEKENDS/HOLIDAY,23,TRAIN,NE8,6141,3927
2026-06,WEEKENDS/HOLIDAY,12,TRAIN,SW5,3437,2774
2026-06,WEEKENDS/HOLIDAY,22,TRAIN,CC26,718,770
2026-06,WEEKDAY,10,TRAIN,SE1,4450,2134
2026-06,WEEKDAY,19,TRAIN,BP12,1765,6093
2026-06,WEEKDAY,8,TRAIN,DT30,44915,6309
2026-06,WEEKDAY,22,TRAIN,PE7,451,4192
2026-06,WEEKENDS/HOLIDAY,18,TRAIN,CE1/DT16,31631,31322
2026-06,WEEKENDS/HOLIDAY,6,TRAIN,SW6,486,142
2026-06,WEEKDAY,9,TRAIN,NE13,41999,21330
2026-06,WEEKENDS/HOLIDAY,8,TRAIN,CC8,2424,1932
2026-06,WEEKENDS/HOLIDAY,17,TRAIN,DT8,1654,1910
2026-06,WEEKENDS/HOLIDAY,0,TRAIN,NS9/TE2,1375,4084
2026-06,WEEKDAY,17,TRAIN,NE15,23268,45152
2026-06,WEEKENDS/HOLIDAY,18,TRAIN,CC28,1902,1960
2026-06,WEEKENDS/HOLIDAY,11,TRAIN,SE5,1590,792
2026-06,WEEKDAY,16,TRAIN,DT22,7756,10577
2026-06,WEEKDAY,14,TRAIN,DT21,6533,7473
2026-06,WEEKDAY,20,TRAIN,NS14,18759,50108
2026-06,WEEKENDS/HOLIDAY,12,TRAIN,DT22,4619,6710
2026-06,WEEKENDS/HOLIDAY,6,TRAIN,PE3,888,316
2026-06,WEEKENDS/HOLIDAY,5,TRAIN,BP13,276,16
2026-06,WEEKENDS/HOLIDAY,8,TRAIN,BP7,426,263
2026-06,WEEKDAY,15,TRAIN,PW7,2516,2698
2026-06,WEEKENDS/HOLIDAY,0,TRAIN,EW23,199,1086
2026-06,WEEKENDS/HOLIDAY,0,TRAIN,TE12,3,35
2026-06,WEEKENDS/HOLIDAY,12,TRAIN,PE2,3074,2127
2026-06,WEEKDAY,14,TRAIN,CC3,6773,6230
2026-06,WEEKENDS/HOLIDAY,10,TRAIN,EW30,846,369
2026-06,WEEKDAY,19,TRAIN,EW26,26668,78882
2026-06,WEEKDAY,16,TRAIN,PW5,1994,2813
2026-06,WEEKENDS/HOLIDAY,14,TRAIN,CC21,5455,4521
2026-06,WEEKENDS/HOLIDAY,23,TRAIN,EW32,103,1582
2026-06,WEEKENDS/HOLIDAY,18,TRAIN,EW20,5468,6054
2026-06,WEEKDAY,13,TRAIN,SW7,1337,1714
2026-06,WEEKENDS/HOLIDAY,11,TRAIN,PE5,3572,1572
2026-06,WEEKENDS/HOLIDAY,20,TRAIN,DT6,1217,2177
2026-06,WEEKENDS/HOLIDAY,20,TRAIN,TE28,1172,2401
2026-06,WEEKENDS/HOLIDAY,18,TRAIN,NS23,26445,22037
2026-06,WEEKENDS/HOLIDAY,22,TRAIN,DT8,544,822
2026-06,WEEKDAY,6,TRAIN,DT29,12604,2362
2026-06,WEEKDAY,5,TRAIN,CC23,322,856
2026-06,WEEKENDS/HOLIDAY,20,TRAIN,CC23,3066,810
2026-06,WEEKDAY,17,TRAIN,NS12,29568,36196
2026-06,WEEKENDS/HOLIDAY,21,TRAIN,EW2/DT32,20031,21424
2026-06,WEEKDAY,16,TRAIN,NS12,16681,19451
2026-06,WEEKENDS/HOLIDAY,21,TRAIN,SE1,549,2539
2026-06,WEEKENDS/HOLIDAY,9,TRAIN,EW18,7522,6723
2026-06,WEEKENDS/HOLIDAY,13,TRAIN,CC12,3484,3032
2026-06,WEEKDAY,16,TRAIN,TE14/NS22,86788,67672
2026-06,WEEKENDS/HOLIDAY,15,TRAIN,SW2,2206,1795
2026-06,WEEKDAY,8,TRAIN,PW5,5383,1628
2026-06,WEEKENDS/HOLIDAY,5,TRAIN,EW9,1240,89
2026-06,WEEKENDS/HOLIDAY,13,TRAIN,EW22,2880,2559
2026-06,WEEKDAY,21,TRAIN,NE10,9504,18026
2026-06,WEEKDAY,11,TRAIN,CG1/DT35,7528,13182
2026-06,WEEKDAY,15,TRAIN,NE8,25937,25973
2026-06,WEEKDAY,5,TRAIN,PE5,2408,112
2026-06,WEEKDAY,12,TRAIN,TE22,1833,3463
2026-06,WEEKENDS/HOLIDAY,20,TRAIN,NS23,24651,10371
2026-06,WEEKDAY,8,TRAIN,TE3,37154,19140
2026-06,WEEKENDS/HOLIDAY,18,TRAIN,TE4,3732,3641
2026-06,WEEKENDS/HOLIDAY,21,TRAIN,NE16/STC,11253,21966
2026-06,WEEKDAY,12,TRAIN,SW2,4806,2968
2026-06,WEEKENDS/HOLIDAY,21,TRAIN,TE6,1879,7551
2026-06,WEEKDAY,11,TRAIN,DT24,4527,2962
2026-06,WEEKENDS/HOLIDAY,6,TRAIN,NE5,831,1208
2026-06,WEEKDAY,17,TRAIN,CC21,12576,18236
2026-06,WEEKENDS/HOLIDAY,7,TRAIN,PW5,2615,685
2026-06,WEEKDAY,15,TRAIN,EW8/CC9,43070,38540
2026-06,WEEKENDS/HOLIDAY,17,TRAIN,SW3,847,635
2026-06,WEEKENDS/HOLIDAY,13,TRAIN,DT31,3684,3106
2026-06,WEEKDAY,5,TRAIN,NE1/CC29,1413,134
2026-06,WEEKDAY,16,TRAIN,DT5,14527,16295
2026-06,WEEKDAY,6,TRAIN,NS28,264,1655
2026-06,WEEKDAY,11,TRAIN,SW5,6672,4790
2026-06,WEEKDAY,12,TRAIN,TE1,6680,7459
2026-06,WEEKDAY,13,TRAIN,NS24/NE6/CC1,42237,42082
2026-06,WEEKENDS/HOLIDAY,13,TRAIN,BP9,1153,1073
2026-06,WEEKDAY,18,TRAIN,SW4,3478,5700
2026-06,WEEKDAY,9,TRAIN,EW11,20459,33927
2026-06,WEEKENDS/HOLIDAY,17,TRAIN,CE1/DT16,28699,29386
2026-06,WEEKDAY,10,TRAIN,NS4/BP1,30864,23177
2026-06,WEEKDAY,7,TRAIN,EW10,29471,9154
2026-06,WEEKDAY,18,TRAIN,EW18,54529,45375
2026-06,WEEKDAY,20,TRAIN,EW6,5503,18635
2026-06,WEEKENDS/HOLIDAY,10,TRAIN,EW20,6021,4410
2026-06,WEEKENDS/HOLIDAY,15,TRAIN,DT2,899,908
2026-06,WEEKENDS/HOLIDAY,21,TRAIN,NS21/DT11,19751,22292
2026-06,WEEKDAY,15,TRAIN,PE5,4343,5098
2026-06,WEEKENDS/HOLIDAY,17,TRAIN,CC25,3050,2014
2026-06,WEEKDAY,7,TRAIN,DT3,17431,6643
2026-06,WEEKDAY,9,TRAIN,CC17/TE9,13838,9610
2026-06,WEEKENDS/HOLIDAY,12,TRAIN,NS23,11428,25307
2026-06,WEEKENDS/HOLIDAY,16,TRAIN,EW18,7469,7472
2026-06,WEEKDAY,13,TRAIN,DT21,8875,8045
2026-06,WEEKDAY,15,TRAIN,NE5,11213,10852
2026-06,WEEKDAY,5,TRAIN,NE4/DT19,1418,55
2026-06,WEEKDAY,5,TRAIN,PE3,1540,278
2026-06,WEEKDAY,5,TRAIN,PE4,722,88
2026-06,WEEKDAY,23,TRAIN,EW7,1543,7233
2026-06,WEEKDAY,18,TRAIN,TE14/NS22,154077,122996
2026-06,WEEKENDS/HOLIDAY,23,TRAIN,CC17/TE9,347,1173
2026-06,WEEKENDS/HOLIDAY,9,TRAIN,EW5,16899,9425
2026-06,WEEKENDS/HOLIDAY,14,TRAIN,EW6,4446,4947
2026-06,WEEKENDS/HOLIDAY,16,TRAIN,CC21,5083,4513
2026-06,WEEKENDS/HOLIDAY,8,TRAIN,PE2,2791,572
2026-06,WEEKENDS/HOLIDAY,10,TRAIN,EW14/NS26,5405,12626
2026-06,WEEKDAY,21,TRAIN,DT3,2142,8735
2026-06,WEEKDAY,9,TRAIN,CC28,7514,7985
2026-06,WEEKENDS/HOLIDAY,17,TRAIN,SW2,2362,1621
2026-06,WEEKDAY,17,TRAIN,CC6,10756,9390
2026-06,WEEKENDS/HOLIDAY,6,TRAIN,TE12,108,585
2026-06,WEEKENDS/HOLIDAY,10,TRAIN,CC23,1238,2207
2026-06,WEEKENDS/HOLIDAY,6,TRAIN,DT31,2140,741
2026-06,WEEKDAY,6,TRAIN,EW18,13577,12108
2026-06,WEEKENDS/HOLIDAY,16,TRAIN,EW1,13176,14407
2026-06,WEEKDAY,16,TRAIN,CC25,7879,4745
2026-06,WEEKDAY,6,TRAIN,TE4,4754,4075
2026-06,WEEKENDS/HOLIDAY,22,TRAIN,NE17/PTC,8433,14420
2026-06,WEEKDAY,15,TRAIN,PW3,441,654
2026-06,WEEKDAY,23,TRAIN,BP13,30,329
2026-06,WEEKENDS/HOLIDAY,7,TRAIN,SE1,1480,580
2026-06,WEEKENDS/HOLIDAY,12,TRAIN,EW2/DT32,26950,23633
2026-06,WEEKENDS/HOLIDAY,23,TRAIN,NE7/DT12,3513,2546
2026-06,WEEKDAY,11,TRAIN,EW22,8377,6810
2026-06,WEEKDAY,6,TRAIN,DT20,1214,4388
2026-06,WEEKENDS/HOLIDAY,21,TRAIN,DT6,897,2078
2026-06,WEEKENDS/HOLIDAY,16,TRAIN,SW6,866,1123
2026-06,WEEKDAY,8,TRAIN,NS20,34671,159207
2026-06,WEEKDAY,14,TRAIN,SE1,3613,3589
2026-06,WEEKENDS/HOLIDAY,12,TRAIN,NS16,20290,16362
2026-06,WEEKENDS/HOLIDAY,12,TRAIN,EW20,6384,4329
2026-06,WEEKENDS/HOLIDAY,12,TRAIN,EW12/DT14,24166,42055
2026-06,WEEKENDS/HOLIDAY,6,TRAIN,TE4,384,347
2026-06,WEEKENDS/HOLIDAY,8,TRAIN,EW11,5540,5698
2026-06,WEEKDAY,20,TRAIN,SE2,2028,9120
2026-06,WEEKDAY,9,TRAIN,DT5,24094,13218
2026-06,WEEKDAY,0,TRAIN,CC3,22,16
2026-06,WEEKENDS/HOLIDAY,16,TRAIN,NE12/CC13,29721,31753
2026-06,WEEKDAY,22,TRAIN,CC14,2820,4930
2026-06,WEEKDAY,13,TRAIN,EW10,7925,7923
2026-06,WEEKENDS/HOLIDAY,16,TRAIN,EW24/NS1,40155,34335
2026-06,WEEKDAY,6,TRAIN,CC6,1478,3004
2026-06,WEEKENDS/HOLIDAY,5,TRAIN,EW26,3197,174
2026-06,WEEKENDS/HOLIDAY,14,TRAIN,EW21/CC22,10854,10425
2026-06,WEEKDAY,22,TRAIN,EW30,1340,734
2026-06,WEEKENDS/HOLIDAY,7,TRAIN,TE3,1679,1219
2026-06,WEEKDAY,17,TRAIN,SW5,7241,9836
2026-06,WEEKENDS/HOLIDAY,6,TRAIN,DT8,239,358
2026-06,WEEKDAY,15,TRAIN,NS18,10559,11622
2026-06,WEEKENDS/HOLIDAY,9,TRAIN,EW28,14086,5233
2026-06,WEEKDAY,17,TRAIN,CC14,15193,9617
2026-06,WEEKENDS/HOLIDAY,0,TRAIN,DT8,6,81
2026-06,WEEKENDS/HOLIDAY,6,TRAIN,EW18,2600,2576
2026-06,WEEKDAY,18,TRAIN,DT23,25501,9638
2026-06,WEEKDAY,12,TRAIN,EW21/CC22,26919,25427
2026-06,WEEKDAY,20,TRAIN,SW4,1473,4445
2026-06,WEEKDAY,10,TRAIN,EW21/CC22,13852,27302
2026-06,WEEKDAY,20,TRAIN,PW1,2272,721
2026-06,WEEKENDS/HOLIDAY,0,TRAIN,TE22,18,46
2026-06,WEEKDAY,14,TRAIN,BP7,709,899
2026-06,WEEKENDS/HOLIDAY,19,TRAIN,NS17/CC15,9112,9280
2026-06,WEEKENDS/HOLIDAY,14,TRAIN,PE7,1682,1830
2026-06,WEEKDAY,12,TRAIN,NS10,33155,21004
2026-06,WEEKENDS/HOLIDAY,19,TRAIN,PW7,1243,1954
2026-06,WEEKENDS/HOLIDAY,21,TRAIN,BP8,558,613
2026-06,WEEKENDS/HOLIDAY,10,TRAIN,DT23,906,1842
2026-06,WEEKDAY,19,TRAIN,EW7,13121,34892
2026-06,WEEKENDS/HOLIDAY,18,TRAIN,EW26,13996,18078
2026-06,WEEKDAY,16,TRAIN,EW25,9024,12301
2026-06,WEEKDAY,13,TRAIN,BP2,2306,1721
2026-06,WEEKDAY,23,TRAIN,EW12/DT14,20904,9723
2026-06,WEEKDAY,23,TRAIN,NE14,1982,17837
2026-06,WEEKENDS/HOLIDAY,9,TRAIN,EW2/DT32,23555,15947
2026-06,WEEKDAY,8,TRAIN,PW7,6466,2577
2026-06,WEEKENDS/HOLIDAY,17,TRAIN,TE29,2162,2102
2026-06,WEEKENDS/HOLIDAY,17,TRAIN,EW7,6943,8203
2026-06,WEEKDAY,11,TRAIN,CC4/DT15,12019,26208
2026-06,WEEKDAY,7,TRAIN,TE3,37990,20806
2026-06,WEEKDAY,11,TRAIN,NS14,30540,15247
2026-06,WEEKENDS/HOLIDAY,12,TRAIN,DT7,1638,1268
2026-06,WEEKENDS/HOLIDAY,22,TRAIN,NS11,5965,21140
2026-06,WEEKDAY,13,TRAIN,NS25/EW13,64796,52040
2026-06,WEEKDAY,19,TRAIN,TE6,8347,29616
2026-06,WEEKDAY,14,TRAIN,CG1/DT35,9172,11307
2026-06,WEEKDAY,5,TRAIN,CC11,1311,978
2026-06,WEEKDAY,5,TRAIN,TE28,239,4
2026-06,WEEKENDS/HOLIDAY,8,TRAIN,SE1,2261,846
2026-06,WEEKENDS/HOLIDAY,20,TRAIN,BP5,649,824
2026-06,WEEKDAY,11,TRAIN,TE25,3273,1943
2026-06,WEEKENDS/HOLIDAY,6,TRAIN,NS11,12235,4153
2026-06,WEEKDAY,13,TRAIN,EW26,22723,16417
2026-06,WEEKENDS/HOLIDAY,22,TRAIN,TE7,558,2075
2026-06,WEEKENDS/HOLIDAY,21,TRAIN,TE13,1295,1528
2026-06,WEEKENDS/HOLIDAY,11,TRAIN,EW5,15568,11136
2026-06,WEEKDAY,20,TRAIN,SW6,886,4872
2026-06,WEEKENDS/HOLIDAY,10,TRAIN,EW1,16137,7231
2026-06,WEEKENDS/HOLIDAY,10,TRAIN,NS23,4903,19575
2026-06,WEEKDAY,5,TRAIN,TE13,99,116
2026-06,WEEKENDS/HOLIDAY,13,TRAIN,TE8,7222,5440
2026-06,WEEKDAY,0,TRAIN,NE10,81,392
2026-06,WEEKDAY,7,TRAIN,TE15,9681,10884
2026-06,WEEKENDS/HOLIDAY,21,TRAIN,NS4/BP1,10461,18894
2026-06,WEEKENDS/HOLIDAY,5,TRAIN,DT29,419,20
2026-06,WEEKDAY,15,TRAIN,EW14/NS26,49345,28517
2026-06,WEEKENDS/HOLIDAY,20,TRAIN,CC4/DT15,15560,4411
2026-06,WEEKDAY,9,TRAIN,PW4,5968,3268
2026-06,WEEKENDS/HOLIDAY,9,TRAIN,PW3,487,202
2026-06,WEEKENDS/HOLIDAY,7,TRAIN,NS21/DT11,12701,15809
2026-06,WEEKDAY,18,TRAIN,CG1/DT35,85703,12591
2026-06,WEEKDAY,6,TRAIN,EW33,18296,7914
2026-06,WEEKDAY,23,TRAIN,CC6,2003,421
2026-06,WEEKDAY,8,TRAIN,CC5,3492,16176
2026-06,WEEKENDS/HOLIDAY,12,TRAIN,CC11,5785,5445
2026-06,WEEKDAY,8,TRAIN,NS18,42775,24415
2026-06,WEEKDAY,13,TRAIN,EW2/DT32,51803,49169
2026-06,WEEKENDS/HOLIDAY,11,TRAIN,CC11,3730,5214
2026-06,WEEKDAY,11,TRAIN,TE23,3130,1579
2026-06,WEEKDAY,18,TRAIN,DT13,23124,19166
2026-06,WEEKENDS/HOLIDAY,16,TRAIN,NS11,16699,18441
2026-06,WEEKENDS/HOLIDAY,11,TRAIN,BP8,811,710
2026-06,WEEKENDS/HOLIDAY,22,TRAIN,CC11,2893,2898
2026-06,WEEKENDS/HOLIDAY,9,TRAIN,DT13,2984,5186
2026-06,WEEKENDS/HOLIDAY,18,TRAIN,BP2,1008,1300
2026-06,WEEKENDS/HOLIDAY,10,TRAIN,EW3,8898,4442
2026-06,WEEKENDS/HOLIDAY,7,TRAIN,NE4/DT19,4576,7240
2026-06,WEEKDAY,20,TRAIN,DT30,3416,16075
2026-06,WEEKDAY,9,TRAIN,DT18,4362,90058
2026-06,WEEKDAY,7,TRAIN,PE6,15773,5594
2026-06,WEEKDAY,8,TRAIN,PW1,961,2836
2026-06,WEEKDAY,13,TRAIN,TE28,4255,4158
2026-06,WEEKENDS/HOLIDAY,6,TRAIN,DT13,1936,915
2026-06,WEEKENDS/HOLIDAY,20,TRAIN,NE18,6772,4937
2026-06,WEEKDAY,8,TRAIN,SW2,8549,2259
2026-06,WEEKENDS/HOLIDAY,21,TRAIN,PE5,577,3244
2026-06,WEEKDAY,7,TRAIN,EW30,3703,32717
2026-06,WEEKENDS/HOLIDAY,23,TRAIN,TE7,227,1080
2026-06,WEEKENDS/HOLIDAY,20,TRAIN,EW14/NS26,13552,6876
2026-06,WEEKENDS/HOLIDAY,8,TRAIN,EW14/NS26,2257,9578
2026-06,WEEKDAY,0,TRAIN,TE11,51,258
2026-06,WEEKDAY,7,TRAIN,TE14/NS22,14376,58078
2026-06,WEEKENDS/HOLIDAY,6,TRAIN,EW4,3761,1926
2026-06,WEEKENDS/HOLIDAY,12,TRAIN,PE5,3242,2073
2026-06,WEEKDAY,15,TRAIN,PE6,7611,7699
2026-06,WEEKENDS/HOLIDAY,13,TRAIN,TE27,2634,2525
2026-06,WEEKDAY,15,TRAIN,CG2,31294,18929
2026-06,WEEKENDS/HOLIDAY,12,TRAIN,CC26,1460,1020
2026-06,WEEKDAY,22,TRAIN,EW19,5235,14833
2026-06,WEEKDAY,6,TRAIN,BP3,9074,1257
2026-06,WEEKDAY,5,TRAIN,EW26,19201,2229
2026-06,WEEKENDS/HOLIDAY,14,TRAIN,SW4,1181,1451
2026-06,WEEKENDS/HOLIDAY,9,TRAIN,TE3,4938,2500
2026-06,WEEKDAY,23,TRAIN,TE11,806,2062
2026-06,WEEKDAY,9,TRAIN,DT6,8734,7230
2026-06,WEEKENDS/HOLIDAY,7,TRAIN,EW24/NS1,12718,17589
2026-06,WEEKDAY,22,TRAIN,DT17,10087,2107
2026-06,WEEKDAY,8,TRAIN,EW10,32144,14317
2026-06,WEEKENDS/HOLIDAY,12,TRAIN,SW8,435,536
2026-06,WEEKDAY,12,TRAIN,DT21,7260,10169
2026-06,WEEKDAY,7,TRAIN,NE5,2010,19446
2026-06,WEEKDAY,22,TRAIN,NE8,25423,20978
2026-06,WEEKDAY,22,TRAIN,BP9,408,1472
2026-06,WEEKDAY,11,TRAIN,EW12/DT14,35992,70929
2026-06,WEEKDAY,7,TRAIN,TE24,4507,3247
2026-06,WEEKENDS/HOLIDAY,0,TRAIN,BP13,0,1
2026-06,WEEKDAY,22,TRAIN,TE16,5099,7553
2026-06,WEEKDAY,16,TRAIN,NS15,29721,13195
2026-06,WEEKENDS/HOLIDAY,10,TRAIN,TE24,2084,986
2026-06,WEEKENDS/HOLIDAY,12,TRAIN,NE16/STC,23869,19852
2026-06,WEEKDAY,18,TRAIN,TE16,22461,16532
2026-06,WEEKENDS/HOLIDAY,21,TRAIN,EW3,3898,9078
2026-06,WEEKENDS/HOLIDAY,11,TRAIN,EW31,1224,522
2026-06,WEEKENDS/HOLIDAY,21,TRAIN,DT5,3444,6895
2026-06,WEEKDAY,16,TRAIN,BP5,2148,1973
2026-06,WEEKDAY,5,TRAIN,NE11,838,449
2026-06,WEEKDAY,7,TRAIN,NS28,1673,3521
2026-06,WEEKENDS/HOLIDAY,16,TRAIN,CC14,2801,2611
2026-06,WEEKENDS/HOLIDAY,0,TRAIN,CC17/TE9,29,321
2026-06,WEEKENDS/HOLIDAY,22,TRAIN,NS20,5684,2882
2026-06,WEEKENDS/HOLIDAY,17,TRAIN,DT4,1148,1275
2026-06,WEEKENDS/HOLIDAY,22,TRAIN,TE28,634,1516
2026-06,WEEKENDS/HOLIDAY,17,TRAIN,DT22,5974,9620
2026-06,WEEKDAY,11,TRAIN,BP9,2569,1839
2026-06,WEEKENDS/HOLIDAY,22,TRAIN,PE7,205,1794
2026-06,WEEKENDS/HOLIDAY,11,TRAIN,NS3,11326,6643
2026-06,WEEKENDS/HOLIDAY,12,TRAIN,CC5,1802,2723
2026-06,WEEKENDS/HOLIDAY,18,TRAIN,DT6,2683,2665
2026-06,WEEKENDS/HOLIDAY,6,TRAIN,SW2,516,394
2026-06,WEEKENDS/HOLIDAY,19,TRAIN,EW25,7584,8010
2026-06,WEEKDAY,23,TRAIN,NS8,3886,8872
2026-06,WEEKDAY,14,TRAIN,TE19,8137,7782
2026-06,WEEKDAY,8,TRAIN,PW3,1395,829
2026-06,WEEKENDS/HOLIDAY,14,TRAIN,DT5,8432,6461
2026-06,WEEKDAY,13,TRAIN,SE5,2582,2274
2026-06,WEEKENDS/HOLIDAY,11,TRAIN,CC12,3962,1931
2026-06,WEEKENDS/HOLIDAY,16,TRAIN,PE4,913,884
2026-06,WEEKENDS/HOLIDAY,23,TRAIN,NE16/STC,2047,9502
2026-06,WEEKENDS/HOLIDAY,19,TRAIN,TE22,5945,5208
2026-06,WEEKENDS/HOLIDAY,18,TRAIN,EW27,24543,34300
2026-06,WEEKENDS/HOLIDAY,16,TRAIN,DT20,3160,2453
2026-06,WEEKDAY,8,TRAIN,DT34,16579,12895
2026-06,WEEKENDS/HOLIDAY,14,TRAIN,BP9,886,937
2026-06,WEEKENDS/HOLIDAY,22,TRAIN,EW28,3598,13739
2026-06,WEEKDAY,13,TRAIN,CC23,11882,17676
2026-06,WEEKENDS/HOLIDAY,23,TRAIN,DT18,1948,739
2026-06,WEEKDAY,5,TRAIN,CC17/TE9,2148,218
2026-06,WEEKENDS/HOLIDAY,23,TRAIN,NS12,1108,5124
2026-06,WEEKENDS/HOLIDAY,23,TRAIN,PE4,213,380
2026-06,WEEKDAY,21,TRAIN,BP4,1012,2239
2026-06,WEEKENDS/HOLIDAY,0,TRAIN,EW2/DT32,327,2164
2026-06,WEEKDAY,14,TRAIN,EW10,6708,8055
2026-06,WEEKDAY,15,TRAIN,CC5,3859,3737
2026-06,WEEKENDS/HOLIDAY,23,TRAIN,NS4/BP1,2887,7942
2026-06,WEEKDAY,11,TRAIN,EW16/NE3/TE17,41817,32255
2026-06,WEEKENDS/HOLIDAY,9,TRAIN,EW20,6002,4856
2026-06,WEEKENDS/HOLIDAY,7,TRAIN,TE27,896,351
2026-06,WEEKDAY,5,TRAIN,EW8/CC9,3092,1509
2026-06,WEEKDAY,19,TRAIN,NE5,33951,16393
2026-06,WEEKENDS/HOLIDAY,15,TRAIN,SW3,669,592
2026-06,WEEKDAY,12,TRAIN,PW4,4387,3698
2026-06,WEEKDAY,15,TRAIN,DT30,4968,6564
2026-06,WEEKENDS/HOLIDAY,12,TRAIN,TE4,2874,2433
2026-06,WEEKENDS/HOLIDAY,23,TRAIN,NE15,861,5821
2026-06,WEEKDAY,13,TRAIN,NS4/BP1,31591,32797
2026-06,WEEKENDS/HOLIDAY,20,TRAIN,NE4/DT19,32965,16124
2026-06,WEEKENDS/HOLIDAY,10,TRAIN,NS16,20785,13643
2026-06,WEEKENDS/HOLIDAY,13,TRAIN,CC3,4356,6090
2026-06,WEEKENDS/HOLIDAY,9,TRAIN,DT10,1914,1066
2026-06,WEEKENDS/HOLIDAY,20,TRAIN,DT33,3009,9279
2026-06,WEEKENDS/HOLIDAY,11,TRAIN,TE13,2222,2025
2026-06,WEEKENDS/HOLIDAY,14,TRAIN,EW15,11738,9477
2026-06,WEEKDAY,21,TRAIN,BP10,933,3950
2026-06,WEEKDAY,0,TRAIN,PW1,25,47
2026-06,WEEKENDS/HOLIDAY,9,TRAIN,EW25,6795,4023
2026-06,WEEKENDS/HOLIDAY,16,TRAIN,SW2,2227,1676
2026-06,WEEKDAY,16,TRAIN,CC10/DT26,18032,14301
2026-06,WEEKDAY,14,TRAIN,DT10,3634,2570
2026-06,WEEKDAY,15,TRAIN,CC14,7972,5872
2026-06,WEEKENDS/HOLIDAY,20,TRAIN,TE8,4817,3539
2026-06,WEEKENDS/HOLIDAY,19,TRAIN,TE8,5706,4957
2026-06,WEEKENDS/HOLIDAY,12,TRAIN,EW7,7796,5854
2026-06,WEEKENDS/HOLIDAY,6,TRAIN,PW1,25,236
2026-06,WEEKDAY,11,TRAIN,EW31,2012,991
2026-06,WEEKDAY,18,TRAIN,DT30,9866,36374
2026-06,WEEKENDS/HOLIDAY,9,TRAIN,TE5,3277,1800
2026-06,WEEKDAY,12,TRAIN,EW24/NS1,46958,65769
2026-06,WEEKENDS/HOLIDAY,23,TRAIN,CG1/DT35,960,813
2026-06,WEEKDAY,19,TRAIN,TE11,4739,7507
2026-06,WEEKENDS/HOLIDAY,13,TRAIN,SW4,1428,1386
2026-06,WEEKDAY,21,TRAIN,DT17,17241,3805
2026-06,WEEKDAY,16,TRAIN,BP11,2657,3327
2026-06,WEEKDAY,0,TRAIN,EW8/CC9,680,1332
2026-06,WEEKENDS/HOLIDAY,7,TRAIN,BP5,594,407
2026-06,WEEKENDS/HOLIDAY,8,TRAIN,SW1,747,268
2026-06,WEEKENDS/HOLIDAY,14,TRAIN,CC5,2134,2670
2026-06,WEEKDAY,13,TRAIN,CC17/TE9,5635,6264
2026-06,WEEKDAY,7,TRAIN,SE4,10089,2028
2026-06,WEEKDAY,19,TRAIN,TE24,3238,7113
2026-06,WEEKDAY,8,TRAIN,CC27,1468,66943
2026-06,WEEKDAY,15,TRAIN,NS12,13129,15424
2026-06,WEEKENDS/HOLIDAY,18,TRAIN,BP9,870,1104
2026-06,WEEKENDS/HOLIDAY,15,TRAIN,EW26,11813,11641
2026-06,WEEKENDS/HOLIDAY,10,TRAIN,PE5,3671,1236
2026-06,WEEKDAY,6,TRAIN,TE7,4730,2466
2026-06,WEEKDAY,16,TRAIN,BP2,2006,2536
2026-06,WEEKDAY,23,TRAIN,BP9,89,588
2026-06,WEEKENDS/HOLIDAY,13,TRAIN,CC4/DT15,7362,15112
2026-06,WEEKDAY,8,TRAIN,NS10,116205,48768
2026-06,WEEKDAY,22,TRAIN,NS17/CC15,11474,24604
2026-06,WEEKDAY,19,TRAIN,DT3,4404,16718
2026-06,WEEKENDS/HOLIDAY,11,TRAIN,TE28,2133,1541
2026-06,WEEKDAY,13,TRAIN,EW14/NS26,44429,85854
2026-06,WEEKDAY,7,TRAIN,NS13,153228,45517
2026-06,WEEKENDS/HOLIDAY,12,TRAIN,DT25,2103,1119
2026-06,WEEKENDS/HOLIDAY,8,TRAIN,CC16,2267,3170
2026-06,WEEKENDS/HOLIDAY,17,TRAIN,DT20,3301,2792
2026-06,WEEKDAY,12,TRAIN,CE1/DT16,21394,39401
2026-06,WEEKENDS/HOLIDAY,19,TRAIN,NS20,16698,10940
2026-06,WEEKDAY,18,TRAIN,SE5,3291,5914
2026-06,WEEKENDS/HOLIDAY,19,TRAIN,SE5,868,1540
2026-06,WEEKDAY,13,TRAIN,DT7,2885,3714
2026-06,WEEKDAY,7,TRAIN,CC20,10435,7352
2026-06,WEEKENDS/HOLIDAY,12,TRAIN,SE2,2930,2196
2026-06,WEEKENDS/HOLIDAY,18,TRAIN,EW22,2483,2653
2026-06,WEEKENDS/HOLIDAY,19,TRAIN,CC16,2239,2619
2026-06,WEEKENDS/HOLIDAY,15,TRAIN,DT10,1523,1165
2026-06,WEEKENDS/HOLIDAY,14,TRAIN,TE28,1510,1878
2026-06,WEEKDAY,12,TRAIN,TE19,11263,9858
2026-06,WEEKENDS/HOLIDAY,6,TRAIN,BP7,370,77
2026-06,WEEKENDS/HOLIDAY,20,TRAIN,EW28,7329,16698
2026-06,WEEKENDS/HOLIDAY,16,TRAIN,CC7,2391,2766
2026-06,WEEKDAY,16,TRAIN,PE6,8585,7997
2026-06,WEEKENDS/HOLIDAY,7,TRAIN,BP2,1387,302
2026-06,WEEKENDS/HOLIDAY,9,TRAIN,NS18,9121,3272
2026-06,WEEKDAY,23,TRAIN,SE5,236,1473
2026-06,WEEKENDS/HOLIDAY,17,TRAIN,NE18,7692,8147
2026-06,WEEKENDS/HOLIDAY,12,TRAIN,DT3,4131,1993
2026-06,WEEKDAY,8,TRAIN,DT8,9082,8541
2026-06,WEEKDAY,7,TRAIN,BP9,5273,2423
2026-06,WEEKENDS/HOLIDAY,22,TRAIN,BP13,81,418
2026-06,WEEKDAY,21,TRAIN,EW16/NE3/TE17,37558,14346
2026-06,WEEKENDS/HOLIDAY,7,TRAIN,EW6,3805,2253
2026-06,WEEKDAY,18,TRAIN,TE29,4500,11469
2026-06,WEEKDAY,17,TRAIN,EW28,59467,43581
2026-06,WEEKDAY,6,TRAIN,TE3,14460,7677
2026-06,WEEKENDS/HOLIDAY,23,TRAIN,NS17/CC15,1908,5334
2026-06,WEEKENDS/HOLIDAY,7,TRAIN,NE14,10454,4853
2026-06,WEEKDAY,21,TRAIN,CC26,3253,2940
2026-06,WEEKDAY,11,TRAIN,TE22,1469,3843
2026-06,WEEKENDS/HOLIDAY,0,TRAIN,DT18,95,120
2026-06,WEEKDAY,6,TRAIN,BP9,3598,1542
2026-06,WEEKENDS/HOLIDAY,21,TRAIN,PW7,551,1688
2026-06,WEEKENDS/HOLIDAY,20,TRAIN,NS3,4826,10249
2026-06,WEEKDAY,14,TRAIN,TE15,9525,9054
2026-06,WEEKENDS/HOLIDAY,6,TRAIN,NS13,14419,3841
2026-06,WEEKDAY,19,TRAIN,NE1/CC29,105552,52041
2026-06,WEEKENDS/HOLIDAY,19,TRAIN,NS9/TE2,24482,32871
2026-06,WEEKDAY,17,TRAIN,PW2,235,240
2026-06,WEEKDAY,12,TRAIN,DT8,5109,3017
2026-06,WEEKDAY,12,TRAIN,TE23,2701,2425
2026-06,WEEKDAY,5,TRAIN,EW19,3685,375
2026-06,WEEKENDS/HOLIDAY,19,TRAIN,CC23,2241,1252
2026-06,WEEKENDS/HOLIDAY,8,TRAIN,CC25,1875,2005
2026-06,WEEKENDS/HOLIDAY,18,TRAIN,NS28,4188,1147
2026-06,WEEKDAY,6,TRAIN,CC25,4003,8666
2026-06,WEEKENDS/HOLIDAY,14,TRAIN,DT29,2962,2322
2026-06,WEEKENDS/HOLIDAY,20,TRAIN,DT17,2912,2361
2026-06,WEEKDAY,14,TRAIN,NE13,19290,19349
2026-06,WEEKENDS/HOLIDAY,23,TRAIN,EW19,845,3188
2026-06,WEEKDAY,16,TRAIN,PE4,1541,1751
2026-06,WEEKDAY,0,TRAIN,NE7/DT12,193,527
2026-06,WEEKENDS/HOLIDAY,15,TRAIN,NE5,6384,6418
2026-06,WEEKDAY,18,TRAIN,CC3,25452,12135
2026-06,WEEKDAY,5,TRAIN,BP10,3363,254
2026-06,WEEKDAY,22,TRAIN,TE1,3224,2413
2026-06,WEEKENDS/HOLIDAY,12,TRAIN,EW8/CC9,27935,31925
2026-06,WEEKDAY,15,TRAIN,CC26,3936,2567
2026-06,WEEKDAY,16,TRAIN,TE29,2882,4379
2026-06,WEEKDAY,16,TRAIN,PW6,1664,1603
2026-06,WEEKDAY,18,TRAIN,CC27,61805,4554
2026-06,WEEKDAY,11,TRAIN,SW3,1939,876
2026-06,WEEKDAY,12,TRAIN,DT31,7137,6129
2026-06,WEEKENDS/HOLIDAY,12,TRAIN,NS9/TE2,26187,26064
2026-06,WEEKDAY,10,TRAIN,CC19/DT9,5891,6224
2026-06,WEEKENDS/HOLIDAY,13,TRAIN,EW12/DT14,30170,42858
2026-06,WEEKDAY,18,TRAIN,NS10,69806,114340
2026-06,WEEKDAY,8,TRAIN,NS24/NE6/CC1,27827,59834
2026-06,WEEKDAY,20,TRAIN,CC10/DT26,13374,20761
2026-06,WEEKENDS/HOLIDAY,11,TRAIN,NS10,19843,9546
2026-06,WEEKDAY,13,TRAIN,DT27,7219,7130
2026-06,WEEKENDS/HOLIDAY,6,TRAIN,TE24,158,82
2026-06,WEEKENDS/HOLIDAY,22,TRAIN,CC21,4098,2027
2026-06,WEEKDAY,21,TRAIN,SW2,2716,1433
2026-06,WEEKDAY,6,TRAIN,PE4,2204,362
2026-06,WEEKDAY,19,TRAIN,TE23,3203,7297
2026-06,WEEKENDS/HOLIDAY,20,TRAIN,SW7,321,1196
2026-06,WEEKDAY,10,TRAIN,SW8,969,721
2026-06,WEEKENDS/HOLIDAY,7,TRAIN,CC8,1753,1453
2026-06,WEEKDAY,8,TRAIN,SW6,2291,2237
2026-06,WEEKDAY,9,TRAIN,EW19,35609,12270
2026-06,WEEKDAY,17,TRAIN,PW7,4045,5109
2026-06,WEEKENDS/HOLIDAY,9,TRAIN,NS27/CE2/TE20,762,1165
2026-06,WEEKENDS/HOLIDAY,0,TRAIN,TE27,13,337
2026-06,WEEKDAY,6,TRAIN,SW3,3656,362
2026-06,WEEKENDS/HOLIDAY,21,TRAIN,TE14/NS22,50664,9149
2026-06,WEEKENDS/HOLIDAY,12,TRAIN,TE13,2203,1957
2026-06,WEEKENDS/HOLIDAY,23,TRAIN,EW33,148,834
2026-06,WEEKDAY,6,TRAIN,EW31,6334,12581
2026-06,WEEKDAY,16,TRAIN,BP4,3949,1951
2026-06,WEEKDAY,17,TRAIN,NS3,21152,40343
2026-06,WEEKENDS/HOLIDAY,20,TRAIN,EW16/NE3/TE17,10159,8254
2026-06,WEEKENDS/HOLIDAY,0,TRAIN,EW29,18,299
2026-06,WEEKENDS/HOLIDAY,22,TRAIN,CC28,441,1780
2026-06,WEEKENDS/HOLIDAY,7,TRAIN,BP12,1181,397
2026-06,WEEKENDS/HOLIDAY,8,TRAIN,EW6,5234,3381
2026-06,WEEKENDS/HOLIDAY,5,TRAIN,EW22,93,49
2026-06,WEEKENDS/HOLIDAY,18,TRAIN,BP13,420,588
2026-06,WEEKENDS/HOLIDAY,13,TRAIN,NE14,13912,11217
2026-06,WEEKENDS/HOLIDAY,11,TRAIN,EW8/CC9,23990,33356
2026-06,WEEKDAY,21,TRAIN,TE4,4191,4949
2026-06,WEEKDAY,14,TRAIN,NE17/PTC,42295,41553
2026-06,WEEKENDS/HOLIDAY,16,TRAIN,DT30,3581,3836
2026-06,WEEKDAY,12,TRAIN,EW3,17606,13541
2026-06,WEEKENDS/HOLIDAY,10,TRAIN,EW31,1202,334
2026-06,WEEKDAY,5,TRAIN,EW23,6453,4431
2026-06,WEEKENDS/HOLIDAY,9,TRAIN,DT20,1526,2769
2026-06,WEEKENDS/HOLIDAY,22,TRAIN,EW12/DT14,22884,8610
2026-06,WEEKDAY,7,TRAIN,EW14/NS26,5810,91935
2026-06,WEEKDAY,0,TRAIN,NE8,237,491
2026-06,WEEKENDS/HOLIDAY,13,TRAIN,EW25,5760,6060
2026-06,WEEKDAY,5,TRAIN,TE22,51,2
2026-06,WEEKENDS/HOLIDAY,22,TRAIN,SW1,348,193
2026-06,WEEKDAY,20,TRAIN,PE4,1005,2711
2026-06,WEEKENDS/HOLIDAY,10,TRAIN,NS2,13131,8546
2026-06,WEEKDAY,18,TRAIN,EW22,19553,22459
2026-06,WEEKDAY,19,TRAIN,EW16/NE3/TE17,56299,29914
2026-06,WEEKDAY,19,TRAIN,TE25,2846,7471
2026-06,WEEKENDS/HOLIDAY,15,TRAIN,NE18,6843,6025
2026-06,WEEKDAY,14,TRAIN,EW9,15014,14669
2026-06,WEEKDAY,15,TRAIN,NE17/PTC,38417,41993
2026-06,WEEKDAY,5,TRAIN,SW5,4016,232
2026-06,WEEKDAY,16,TRAIN,NE12/CC13,51157,66356
2026-06,WEEKDAY,16,TRAIN,DT25,4612,3955
2026-06,WEEKENDS/HOLIDAY,8,TRAIN,CC4/DT15,638,5406
2026-06,WEEKENDS/HOLIDAY,7,TRAIN,DT10,1290,2107
2026-06,WEEKENDS/HOLIDAY,17,TRAIN,CC11,9520,5730
2026-06,WEEKENDS/HOLIDAY,11,TRAIN,DT28,4742,2103
2026-06,WEEKDAY,23,TRAIN,CG2,9106,8630
2026-06,WEEKDAY,12,TRAIN,PW2,244,223
2026-06,WEEKENDS/HOLIDAY,5,TRAIN,BP6/DT1,2412,1668
2026-06,WEEKDAY,10,TRAIN,NS23,10876,42352
2026-06,WEEKENDS/HOLIDAY,13,TRAIN,NS7,12339,10189
2026-06,WEEKDAY,23,TRAIN,TE19,2397,364
2026-06,WEEKDAY,17,TRAIN,CC20,8293,9836
2026-06,WEEKENDS/HOLIDAY,6,TRAIN,TE26,356,228
2026-06,WEEKDAY,6,TRAIN,CC23,814,13167
2026-06,WEEKDAY,10,TRAIN,TE12,5458,7170
2026-06,WEEKDAY,12,TRAIN,NS23,25824,54825
2026-06,WEEKENDS/HOLIDAY,20,TRAIN,CC25,1555,2285
2026-06,WEEKDAY,23,TRAIN,EW17,3158,11666
2026-06,WEEKENDS/HOLIDAY,23,TRAIN,BP3,86,547
2026-06,WEEKENDS/HOLIDAY,14,TRAIN,BP5,928,770
2026-06,WEEKDAY,21,TRAIN,BP9,747,1984
2026-06,WEEKDAY,12,TRAIN,EW12/DT14,48367,82689
2026-06,WEEKDAY,12,TRAIN,EW27,35153,35008
2026-06,WEEKENDS/HOLIDAY,19,TRAIN,NS24/NE6/CC1,22863,13729
2026-06,WEEKENDS/HOLIDAY,12,TRAIN,CG2,9311,14771
2026-06,WEEKDAY,5,TRAIN,DT33,6366,99
2026-06,WEEKDAY,8,TRAIN,EW28,87430,44606
2026-06,WEEKENDS/HOLIDAY,21,TRAIN,TE25,591,1270
2026-06,WEEKDAY,0,TRAIN,CC10/DT26,138,1127
2026-06,WEEKENDS/HOLIDAY,16,TRAIN,TE13,1903,1663
2026-06,WEEKDAY,22,TRAIN,EW29,5009,4243
2026-06,WEEKENDS/HOLIDAY,8,TRAIN,BP12,1536,509
2026-06,WEEKDAY,16,TRAIN,TE26,13562,14686
2026-06,WEEKENDS/HOLIDAY,17,TRAIN,NS27/CE2/TE20,2394,3041
2026-06,WEEKDAY,13,TRAIN,NS7,16831,14657
2026-06,WEEKDAY,13,TRAIN,DT30,6914,5239
2026-06,WEEKENDS/HOLIDAY,6,TRAIN,EW2/DT32,8212,4906
2026-06,WEEKENDS/HOLIDAY,16,TRAIN,NE4/DT19,33824,27280
2026-06,WEEKDAY,11,TRAIN,NS8,17621,9350
2026-06,WEEKDAY,22,TRAIN,CC20,1444,3359
2026-06,WEEKENDS/HOLIDAY,13,TRAIN,CC20,2822,2302
2026-06,WEEKDAY,14,TRAIN,NE1/CC29,44906,50423
2026-06,WEEKDAY,20,TRAIN,CC20,3148,5884
2026-06,WEEKENDS/HOLIDAY,12,TRAIN,CC16,3705,1973
2026-06,WEEKDAY,9,TRAIN,TE28,7550,2567
2026-06,WEEKDAY,17,TRAIN,EW30,27984,1659
2026-06,WEEKDAY,22,TRAIN,EW14/NS26,41357,5796
2026-06,WEEKENDS/HOLIDAY,21,TRAIN,CC4/DT15,18489,2557
2026-06,WEEKDAY,12,TRAIN,NS5,24818,16139
2026-06,WEEKENDS/HOLIDAY,0,TRAIN,NS25/EW13,281,88
2026-06,WEEKDAY,14,TRAIN,DT28,6454,6013
2026-06,WEEKDAY,16,TRAIN,CC20,5342,6321
2026-06,WEEKDAY,5,TRAIN,NE10,1542,535
2026-06,WEEKENDS/HOLIDAY,0,TRAIN,SW2,11,141
2026-06,WEEKENDS/HOLIDAY,0,TRAIN,DT17,50,64
2026-06,WEEKDAY,20,TRAIN,NS10,25941,57989
2026-06,WEEKDAY,15,TRAIN,NE11,15593,13769
2026-06,WEEKENDS/HOLIDAY,22,TRAIN,EW27,8969,20596
2026-06,WEEKDAY,9,TRAIN,CC11,7272,73658
2026-06,WEEKDAY,9,TRAIN,NE18,12820,32295
2026-06,WEEKENDS/HOLIDAY,18,TRAIN,CC7,3036,3493
2026-06,WEEKDAY,0,TRAIN,SW4,18,471
2026-06,WEEKDAY,13,TRAIN,CC5,5365,5222
2026-06,WEEKENDS/HOLIDAY,8,TRAIN,NE10,5472,4515
2026-06,WEEKENDS/HOLIDAY,18,TRAIN,SW4,1134,1841
2026-06,WEEKDAY,6,TRAIN,DT6,2168,3372
2026-06,WEEKENDS/HOLIDAY,8,TRAIN,NS28,471,1941
2026-06,WEEKDAY,11,TRAIN,SE3,3240,1427
2026-06,WEEKENDS/HOLIDAY,18,TRAIN,NE18,6891,7692
2026-06,WEEKDAY,17,TRAIN,SE5,3077,3982
2026-06,WEEKENDS/HOLIDAY,12,TRAIN,DT13,5185,6459
2026-06,WEEKDAY,14,TRAIN,CC28,2985,2625
2026-06,WEEKDAY,11,TRAIN,CC24,20788,22418
2026-06,WEEKDAY,8,TRAIN,NS17/CC15,121764,25312
2026-06,WEEKENDS/HOLIDAY,21,TRAIN,CC27,875,302
2026-06,WEEKENDS/HOLIDAY,5,TRAIN,SE1,310,117
2026-06,WEEKENDS/HOLIDAY,19,TRAIN,CC27,1162,674
2026-06,WEEKDAY,23,TRAIN,NE16/STC,4280,22781
2026-06,WEEKDAY,23,TRAIN,CC16,861,2120
2026-06,WEEKENDS/HOLIDAY,14,TRAIN,NS20,16983,11730
2026-06,WEEKDAY,22,TRAIN,SE4,701,3695
2026-06,WEEKENDS/HOLIDAY,10,TRAIN,BP3,2200,753
2026-06,WEEKENDS/HOLIDAY,12,TRAIN,DT6,3030,1841
2026-06,WEEKDAY,5,TRAIN,TE18,139,46
2026-06,WEEKDAY,19,TRAIN,EW19,17352,36876
2026-06,WEEKENDS/HOLIDAY,14,TRAIN,CC28,1671,1627
2026-06,WEEKDAY,7,TRAIN,TE26,8375,5590
2026-06,WEEKDAY,20,TRAIN,CC5,5185,3829
2026-06,WEEKDAY,12,TRAIN,BP8,1543,1624
2026-06,WEEKENDS/HOLIDAY,11,TRAIN,EW28,14304,5496
2026-06,WEEKDAY,22,TRAIN,TE6,2986,17242
2026-06,WEEKENDS/HOLIDAY,9,TRAIN,BP6/DT1,19543,10964
2026-06,WEEKENDS/HOLIDAY,7,TRAIN,CC10/DT26,5175,3174
2026-06,WEEKENDS/HOLIDAY,17,TRAIN,DT31,3863,4441
2026-06,WEEKENDS/HOLIDAY,14,TRAIN,CC3,5297,6091
2026-06,WEEKENDS/HOLIDAY,22,TRAIN,CG2,13487,4783
2026-06,WEEKENDS/HOLIDAY,17,TRAIN,BP2,1194,1048
2026-06,WEEKENDS/HOLIDAY,9,TRAIN,CC24,1392,3871
2026-06,WEEKENDS/HOLIDAY,19,TRAIN,PW3,285,682
2026-06,WEEKENDS/HOLIDAY,18,TRAIN,EW33,4095,3196
2026-06,WEEKENDS/HOLIDAY,19,TRAIN,CC25,3452,2568
2026-06,WEEKDAY,17,TRAIN,DT20,12549,8962
2026-06,WEEKENDS/HOLIDAY,8,TRAIN,EW1,13677,6211
2026-06,WEEKENDS/HOLIDAY,13,TRAIN,NS5,12077,11500
2026-06,WEEKDAY,23,TRAIN,EW5,3699,16048
2026-06,WEEKENDS/HOLIDAY,23,TRAIN,EW12/DT14,9821,4909
2026-06,WEEKDAY,10,TRAIN,CC10/DT26,15101,12674
2026-06,WEEKDAY,12,TRAIN,DT34,5654,3925
2026-06,WEEKDAY,11,TRAIN,EW19,15187,8268
2026-06,WEEKENDS/HOLIDAY,22,TRAIN,SE4,342,1533
2026-06,WEEKENDS/HOLIDAY,19,TRAIN,CC26,3336,2076
2026-06,WEEKENDS/HOLIDAY,0,TRAIN,CC8,9,146
2026-06,WEEKENDS/HOLIDAY,8,TRAIN,DT18,550,2497
2026-06,WEEKDAY,14,TRAIN,EW5,25303,24727
2026-06,WEEKENDS/HOLIDAY,5,TRAIN,PW2,0,5
2026-06,WEEKDAY,9,TRAIN,DT7,5340,5131
2026-06,WEEKENDS/HOLIDAY,17,TRAIN,EW11,11016,9762
2026-06,WEEKENDS/HOLIDAY,14,TRAIN,NS5,11145,11988
2026-06,WEEKENDS/HOLIDAY,8,TRAIN,EW20,4868,4723
2026-06,WEEKDAY,6,TRAIN,EW16/NE3/TE17,9692,40236
2026-06,WEEKDAY,5,TRAIN,DT4,251,2
2026-06,WEEKDAY,17,TRAIN,DT18,54157,10543
2026-06,WEEKENDS/HOLIDAY,12,TRAIN,PE3,4139,2575
2026-06,WEEKDAY,6,TRAIN,NS2,44778,15483
2026-06,WEEKENDS/HOLIDAY,11,TRAIN,PW5,1801,877
2026-06,WEEKDAY,21,TRAIN,CC20,2382,4853
2026-06,WEEKDAY,9,TRAIN,TE23,6174,1927
2026-06,WEEKENDS/HOLIDAY,20,TRAIN,EW9,9955,15096
2026-06,WEEKDAY,16,TRAIN,DT24,4801,4372
2026-06,WEEKENDS/HOLIDAY,0,TRAIN,CC12,8,262
2026-06,WEEKDAY,13,TRAIN,BP11,2841,2406
2026-06,WEEKENDS/HOLIDAY,8,TRAIN,SE3,1533,488
2026-06,WEEKENDS/HOLIDAY,8,TRAIN,DT13,2719,4259
2026-06,WEEKDAY,20,TRAIN,DT6,3700,5897
2026-06,WEEKDAY,18,TRAIN,DT25,12200,12001
2026-06,WEEKDAY,10,TRAIN,CC8,6146,4372
2026-06,WEEKDAY,21,TRAIN,NE4/DT19,66985,22559
2026-06,WEEKENDS/HOLIDAY,7,TRAIN,NS16,16028,10376
2026-06,WEEKDAY,17,TRAIN,CC25,21849,7140
2026-06,WEEKENDS/HOLIDAY,20,TRAIN,SW5,2110,3039
2026-06,WEEKENDS/HOLIDAY,10,TRAIN,BP12,1529,577
2026-06,WEEKENDS/HOLIDAY,10,TRAIN,NE4/DT19,13382,32378
2026-06,WEEKDAY,19,TRAIN,EW9,22318,63996
2026-06,WEEKENDS/HOLIDAY,21,TRAIN,EW9,8756,12275
2026-06,WEEKENDS/HOLIDAY,0,TRAIN,SE1,39,279
2026-06,WEEKDAY,10,TRAIN,BP6/DT1,35363,20660
2026-06,WEEKDAY,19,TRAIN,EW21/CC22,59713,32890
2026-06,WEEKENDS/HOLIDAY,16,TRAIN,EW14/NS26,11743,10126
2026-06,WEEKDAY,22,TRAIN,DT7,1471,2743
2026-06,WEEKENDS/HOLIDAY,0,TRAIN,TE8,114,255
2026-06,WEEKENDS/HOLIDAY,13,TRAIN,CC24,3904,3517
2026-06,WEEKDAY,20,TRAIN,BP10,1236,4672
2026-06,WEEKENDS/HOLIDAY,9,TRAIN,TE4,2069,2260
2026-06,WEEKENDS/HOLIDAY,18,TRAIN,NE17/PTC,24725,27691
2026-06,WEEKDAY,11,TRAIN,NS18,15164,7969
2026-06,WEEKENDS/HOLIDAY,15,TRAIN,DT7,1371,1532
2026-06,WEEKDAY,23,TRAIN,TE27,397,2853
2026-06,WEEKDAY,18,TRAIN,EW25,15806,45423
2026-06,WEEKENDS/HOLIDAY,13,TRAIN,PE3,3425,2733
2026-06,WEEKENDS/HOLIDAY,16,TRAIN,NE1/CC29,36400,31635
2026-06,WEEKENDS/HOLIDAY,20,TRAIN,SW6,402,1552
2026-06,WEEKENDS/HOLIDAY,12,TRAIN,EW19,8852,5835
2026-06,WEEKDAY,8,TRAIN,CC23,4634,80526
2026-06,WEEKENDS/HOLIDAY,22,TRAIN,EW26,3774,15099
2026-06,WEEKDAY,23,TRAIN,TE4,1319,1700
2026-06,WEEKDAY,18,TRAIN,BP6/DT1,59114,137028
2026-06,WEEKENDS/HOLIDAY,21,TRAIN,NE9,4929,10349
2026-06,WEEKDAY,16,TRAIN,SW2,3954,3375
2026-06,WEEKDAY,20,TRAIN,CC14,3929,7635
2026-06,WEEKDAY,15,TRAIN,TE25,2195,3188
2026-06,WEEKDAY,11,TRAIN,CC11,10639,12922
2026-06,WEEKDAY,11,TRAIN,EW7,14001,9348
2026-06,WEEKDAY,0,TRAIN,TE4,135,347
2026-06,WEEKENDS/HOLIDAY,21,TRAIN,TE24,536,1574
2026-06,WEEKENDS/HOLIDAY,10,TRAIN,EW32,2502,717
2026-06,WEEKENDS/HOLIDAY,21,TRAIN,SW8,137,869
2026-06,WEEKENDS/HOLIDAY,23,TRAIN,EW7,843,3316
2026-06,WEEKDAY,7,TRAIN,EW23,91050,95795
2026-06,WEEKDAY,22,TRAIN,NS21/DT11,36979,42559
2026-06,WEEKDAY,7,TRAIN,PE3,14983,2826
2026-06,WEEKDAY,9,TRAIN,NE8,24819,30818
2026-06,WEEKDAY,23,TRAIN,SW4,199,1764
2026-06,WEEKENDS/HOLIDAY,23,TRAIN,EW29,427,1293
2026-06,WEEKDAY,11,TRAIN,CC5,3262,3881
2026-06,WEEKENDS/HOLIDAY,16,TRAIN,DT28,4549,3867
2026-06,WEEKENDS/HOLIDAY,16,TRAIN,CC24,5108,2665
2026-06,WEEKENDS/HOLIDAY,6,TRAIN,EW33,2824,1293
2026-06,WEEKENDS/HOLIDAY,17,TRAIN,DT5,8492,8635
2026-06,WEEKDAY,15,TRAIN,EW15,30202,18960
2026-06,WEEKENDS/HOLIDAY,14,TRAIN,DT33,6409,5548
2026-06,WEEKDAY,22,TRAIN,CC25,2462,3660
2026-06,WEEKDAY,10,TRAIN,EW20,11521,11501
2026-06,WEEKENDS/HOLIDAY,6,TRAIN,TE18,211,413
2026-06,WEEKDAY,16,TRAIN,CC21,10067,11782
2026-06,WEEKDAY,7,TRAIN,TE25,4830,1792
2026-06,WEEKENDS/HOLIDAY,7,TRAIN,DT2,595,882
2026-06,WEEKENDS/HOLIDAY,22,TRAIN,EW18,2930,5604
2026-06,WEEKENDS/HOLIDAY,6,TRAIN,NS8,7671,2767
2026-06,WEEKENDS/HOLIDAY,16,TRAIN,CE1/DT16,25038,27142
2026-06,WEEKDAY,16,TRAIN,SE5,2301,2622
2026-06,WEEKENDS/HOLIDAY,19,TRAIN,EW1,10443,16770
2026-06,WEEKDAY,5,TRAIN,EW17,4535,351
2026-06,WEEKDAY,15,TRAIN,CC12,5933,5485
2026-06,WEEKDAY,13,TRAIN,EW29,8892,7130
2026-06,WEEKDAY,0,TRAIN,TE13,30,50
2026-06,WEEKDAY,8,TRAIN,PE4,4233,1424
2026-06,WEEKENDS/HOLIDAY,22,TRAIN,PE3,542,2453
2026-06,WEEKENDS/HOLIDAY,13,TRAIN,PW7,1650,1701
2026-06,WEEKDAY,15,TRAIN,NE12/CC13,47151,55627
2026-06,WEEKENDS/HOLIDAY,7,TRAIN,EW11,5294,3669
2026-06,WEEKENDS/HOLIDAY,10,TRAIN,PW2,117,150
2026-06,WEEKDAY,19,TRAIN,BP8,2391,3283
2026-06,WEEKDAY,17,TRAIN,EW9,32977,32568
2026-06,WEEKENDS/HOLIDAY,11,TRAIN,EW1,16057,8271
2026-06,WEEKDAY,20,TRAIN,SE3,775,5992
2026-06,WEEKENDS/HOLIDAY,21,TRAIN,DT28,1735,7251
2026-06,WEEKENDS/HOLIDAY,16,TRAIN,NS27/CE2/TE20,2313,2739
2026-06,WEEKENDS/HOLIDAY,9,TRAIN,TE18,1988,5474
2026-06,WEEKENDS/HOLIDAY,11,TRAIN,DT3,4504,1880
2026-06,WEEKDAY,0,TRAIN,DT29,63,757
2026-06,WEEKDAY,10,TRAIN,CC25,5469,4049
2026-06,WEEKENDS/HOLIDAY,11,TRAIN,BP2,1474,754
2026-06,WEEKENDS/HOLIDAY,12,TRAIN,PE4,1004,716
2026-06,WEEKENDS/HOLIDAY,10,TRAIN,TE22,2290,3535
2026-06,WEEKENDS/HOLIDAY,0,TRAIN,DT13,81,218
2026-06,WEEKDAY,17,TRAIN,SW6,2537,4414
2026-06,WEEKENDS/HOLIDAY,15,TRAIN,BP5,800,794
2026-06,WEEKENDS/HOLIDAY,13,TRAIN,DT8,1638,1409
2026-06,WEEKENDS/HOLIDAY,21,TRAIN,EW22,953,2885
2026-06,WEEKDAY,12,TRAIN,TE16,7361,5542
2026-06,WEEKDAY,6,TRAIN,NS19,27534,18275
2026-06,WEEKDAY,21,TRAIN,NS14,18517,45337
2026-06,WEEKENDS/HOLIDAY,0,TRAIN,DT4,3,170
2026-06,WEEKENDS/HOLIDAY,12,TRAIN,NE1/CC29,15435,35619
2026-06,WEEKDAY,0,TRAIN,DT3,40,646
2026-06,WEEKENDS/HOLIDAY,7,TRAIN,NE7/DT12,6928,6898
2026-06,WEEKENDS/HOLIDAY,11,TRAIN,NE9,12781,7428
2026-06,WEEKDAY,20,TRAIN,TE15,11494,9155
2026-06,WEEKDAY,15,TRAIN,NS23,39442,40244
2026-06,WEEKENDS/HOLIDAY,12,TRAIN,NS2,13935,11166
2026-06,WEEKDAY,17,TRAIN,SW7,1605,2924
2026-06,WEEKDAY,9,TRAIN,DT20,8417,11629
2026-06,WEEKENDS/HOLIDAY,5,TRAIN,NS28,26,1
2026-06,WEEKENDS/HOLIDAY,20,TRAIN,DT23,1173,1355
2026-06,WEEKENDS/HOLIDAY,11,TRAIN,DT27,3755,2495
2026-06,WEEKDAY,6,TRAIN,CC11,9493,24134
2026-06,WEEKENDS/HOLIDAY,18,TRAIN,PW3,426,533
2026-06,WEEKDAY,7,TRAIN,DT27,16013,22454
2026-06,WEEKDAY,9,TRAIN,PE4,2983,780
2026-06,WEEKENDS/HOLIDAY,7,TRAIN,TE24,402,231
2026-06,WEEKENDS/HOLIDAY,20,TRAIN,NE14,7153,16290
2026-06,WEEKENDS/HOLIDAY,11,TRAIN,DT17,1931,2167
2026-06,WEEKDAY,23,TRAIN,CG1/DT35,2695,1246
2026-06,WEEKDAY,13,TRAIN,PW5,2221,2069
2026-06,WEEKDAY,22,TRAIN,PW3,130,871
2026-06,WEEKENDS/HOLIDAY,17,TRAIN,NS25/EW13,54661,35375
2026-06,WEEKDAY,23,TRAIN,DT5,2285,7313
2026-06,WEEKDAY,10,TRAIN,TE18,5741,16609
2026-06,WEEKENDS/HOLIDAY,8,TRAIN,PW2,45,119
2026-06,WEEKDAY,5,TRAIN,EW25,9872,453
2026-06,WEEKENDS/HOLIDAY,10,TRAIN,TE19,1137,2009
2026-06,WEEKENDS/HOLIDAY,9,TRAIN,DT21,2448,3662
2026-06,WEEKENDS/HOLIDAY,23,TRAIN,CC14,315,937
2026-06,WEEKENDS/HOLIDAY,0,TRAIN,TE5,41,280
2026-06,WEEKDAY,19,TRAIN,TE7,6806,11208
2026-06,WEEKENDS/HOLIDAY,9,TRAIN,SW5,3550,1948
2026-06,WEEKDAY,12,TRAIN,NS21/DT11,57097,48148
2026-06,WEEKENDS/HOLIDAY,15,TRAIN,CE1/DT16,23442,27433
2026-06,WEEKENDS/HOLIDAY,20,TRAIN,NS7,17735,15778
2026-06,WEEKDAY,5,TRAIN,TE23,149,26
2026-06,WEEKENDS/HOLIDAY,20,TRAIN,EW19,4009,7929
2026-06,WEEKDAY,23,TRAIN,NS10,3783,22247
2026-06,WEEKENDS/HOLIDAY,18,TRAIN,EW15,11140,9744
2026-06,WEEKENDS/HOLIDAY,8,TRAIN,DT33,8151,2699
2026-06,WEEKENDS/HOLIDAY,8,TRAIN,TE24,1219,455
2026-06,WEEKENDS/HOLIDAY,19,TRAIN,NS16,15758,23617
2026-06,WEEKDAY,0,TRAIN,EW23,427,1896
2026-06,WEEKDAY,9,TRAIN,BP11,5026,1618
2026-06,WEEKDAY,12,TRAIN,BP2,2358,1471
2026-06,WEEKDAY,5,TRAIN,PW2,3,15
2026-06,WEEKENDS/HOLIDAY,6,TRAIN,NS10,13873,3873
2026-06,WEEKDAY,12,TRAIN,PE5,6402,3875
2026-06,WEEKDAY,7,TRAIN,CC3,517,6723
2026-06,WEEKENDS/HOLIDAY,10,TRAIN,DT22,3440,6313
2026-06,WEEKENDS/HOLIDAY,15,TRAIN,BP11,1165,1304
2026-06,WEEKDAY,10,TRAIN,CC21,6508,10464
2026-06,WEEKENDS/HOLIDAY,5,TRAIN,CC17/TE9,330,67
2026-06,WEEKDAY,6,TRAIN,BP11,9233,625
2026-06,WEEKDAY,14,TRAIN,CC11,13119,11670
2026-06,WEEKDAY,7,TRAIN,EW29,13961,123720
2026-06,WEEKENDS/HOLIDAY,17,TRAIN,PE3,3018,3283
2026-06,WEEKDAY,6,TRAIN,CC14,4014,3748
2026-06,WEEKENDS/HOLIDAY,16,TRAIN,NS13,20693,27432
2026-06,WEEKDAY,17,TRAIN,EW7,19763,25203
2026-06,WEEKDAY,5,TRAIN,BP8,1771,663
2026-06,WEEKDAY,18,TRAIN,BP3,4295,13415
2026-06,WEEKDAY,20,TRAIN,NS12,12367,31537
2026-06,WEEKENDS/HOLIDAY,16,TRAIN,NE10,6688,6898
2026-06,WEEKENDS/HOLIDAY,21,TRAIN,DT18,3264,1840
2026-06,WEEKENDS/HOLIDAY,17,TRAIN,EW2/DT32,28877,34544
2026-06,WEEKENDS/HOLIDAY,14,TRAIN,CC20,2031,2121
2026-06,WEEKENDS/HOLIDAY,5,TRAIN,TE14/NS22,188,264
2026-06,WEEKENDS/HOLIDAY,19,TRAIN,SW7,409,1035
2026-06,WEEKDAY,15,TRAIN,EW26,19405,20495
2026-06,WEEKDAY,12,TRAIN,CC6,7645,7739
2026-06,WEEKENDS/HOLIDAY,15,TRAIN,EW29,5278,3847
2026-06,WEEKENDS/HOLIDAY,6,TRAIN,DT2,270,251
2026-06,WEEKDAY,16,TRAIN,DT4,1974,2665
2026-06,WEEKENDS/HOLIDAY,11,TRAIN,EW22,2735,1722
2026-06,WEEKDAY,0,TRAIN,NS2,531,3102
2026-06,WEEKDAY,8,TRAIN,NS5,86975,22842
2026-06,WEEKDAY,14,TRAIN,NS3,14074,16008
2026-06,WEEKENDS/HOLIDAY,7,TRAIN,EW1,9180,6850
2026-06,WEEKENDS/HOLIDAY,19,TRAIN,CC21,5155,5063
2026-06,WEEKDAY,15,TRAIN,EW18,13070,13841
2026-06,WEEKENDS/HOLIDAY,14,TRAIN,NE16/STC,21418,21128
2026-06,WEEKENDS/HOLIDAY,23,TRAIN,CC25,344,681
2026-06,WEEKENDS/HOLIDAY,15,TRAIN,BP13,444,442
2026-06,WEEKENDS/HOLIDAY,0,TRAIN,EW4,43,1207
2026-06,WEEKENDS/HOLIDAY,13,TRAIN,NS15,6062,4225
2026-06,WEEKDAY,13,TRAIN,TE11,3621,3123
2026-06,WEEKDAY,22,TRAIN,NE10,5670,13350
2026-06,WEEKENDS/HOLIDAY,22,TRAIN,CC20,556,1358
2026-06,WEEKDAY,6,TRAIN,NE4/DT19,8532,16879
2026-06,WEEKDAY,8,TRAIN,EW3,48253,19260
2026-06,WEEKENDS/HOLIDAY,14,TRAIN,CG2,13459,13758
2026-06,WEEKENDS/HOLIDAY,7,TRAIN,DT21,991,1834
2026-06,WEEKDAY,23,TRAIN,CC4/DT15,8042,950
2026-06,WEEKENDS/HOLIDAY,21,TRAIN,DT2,467,788
2026-06,WEEKDAY,19,TRAIN,EW12/DT14,98601,69945
2026-06,WEEKDAY,0,TRAIN,EW3,121,1958
2026-06,WEEKDAY,20,TRAIN,EW24/NS1,115964,48971
2026-06,WEEKDAY,9,TRAIN,DT10,7977,2685
2026-06,WEEKENDS/HOLIDAY,7,TRAIN,TE16,867,681
2026-06,WEEKDAY,9,TRAIN,SW4,5229,1882
2026-06,WEEKENDS/HOLIDAY,22,TRAIN,NS16,7690,21221
2026-06,WEEKDAY,17,TRAIN,CC23,70405,6686
2026-06,WEEKDAY,8,TRAIN,CC4/DT15,3829,77465
2026-06,WEEKENDS/HOLIDAY,16,TRAIN,EW2/DT32,27526,29418
2026-06,WEEKDAY,6,TRAIN,NE15,28526,4167
2026-06,WEEKENDS/HOLIDAY,7,TRAIN,BP8,504,590
2026-06,WEEKDAY,13,TRAIN,NS15,17403,15492
2026-06,WEEKDAY,11,TRAIN,EW28,21217,10633
2026-06,WEEKENDS/HOLIDAY,15,TRAIN,EW27,19631,22324
2026-06,WEEKDAY,16,TRAIN,BP13,1070,1118
2026-06,WEEKDAY,22,TRAIN,EW4,4769,16869
2026-06,WEEKENDS/HOLIDAY,11,TRAIN,TE24,1878,1096
2026-06,WEEKENDS/HOLIDAY,8,TRAIN,PE7,2178,469
2026-06,WEEKENDS/HOLIDAY,5,TRAIN,DT7,38,10
2026-06,WEEKDAY,21,TRAIN,CC12,2575,10033
2026-06,WEEKDAY,8,TRAIN,CC10/DT26,41442,59240
2026-06,WEEKENDS/HOLIDAY,9,TRAIN,NS28,686,2267
2026-06,WEEKDAY,15,TRAIN,SW8,905,1318
2026-06,WEEKENDS/HOLIDAY,15,TRAIN,EW1,12917,12993
2026-06,WEEKDAY,15,TRAIN,PW2,151,187
2026-06,WEEKDAY,0,TRAIN,EW14/NS26,590,177
2026-06,WEEKDAY,0,TRAIN,CC26,15,146
2026-06,WEEKDAY,0,TRAIN,EW26,87,3810
2026-06,WEEKENDS/HOLIDAY,8,TRAIN,TE5,2376,1175
2026-06,WEEKENDS/HOLIDAY,15,TRAIN,NS18,5414,5751
2026-06,WEEKDAY,15,TRAIN,DT5,12338,13424
2026-06,WEEKDAY,20,TRAIN,CC27,10178,1001
2026-06,WEEKDAY,23,TRAIN,EW21/CC22,7425,4424
2026-06,WEEKENDS/HOLIDAY,22,TRAIN,NE4/DT19,16887,7702
2026-06,WEEKENDS/HOLIDAY,17,TRAIN,SW8,394,712
2026-06,WEEKDAY,23,TRAIN,NE7/DT12,5308,5018
2026-06,WEEKENDS/HOLIDAY,5,TRAIN,NS9/TE2,3645,2382
2026-06,WEEKENDS/HOLIDAY,6,TRAIN,NS17/CC15,6592,2842
2026-06,WEEKENDS/HOLIDAY,8,TRAIN,NS7,16626,16627
2026-06,WEEKENDS/HOLIDAY,21,TRAIN,TE18,5786,2488
2026-06,WEEKDAY,9,TRAIN,EW16/NE3/TE17,30518,77367
2026-06,WEEKENDS/HOLIDAY,7,TRAIN,DT27,2837,2739
2026-06,WEEKDAY,12,TRAIN,EW16/NE3/TE17,50133,38053
2026-06,WEEKENDS/HOLIDAY,14,TRAIN,NE18,6462,6350
2026-06,WEEKENDS/HOLIDAY,11,TRAIN,DT29,3629,1446
2026-06,WEEKDAY,17,TRAIN,NS25/EW13,88080,59474
2026-06,WEEKDAY,5,TRAIN,EW5,10723,1042
2026-06,WEEKENDS/HOLIDAY,11,TRAIN,CC21,3990,5729
2026-06,WEEKDAY,18,TRAIN,EW14/NS26,382720,49405
2026-06,WEEKENDS/HOLIDAY,5,TRAIN,DT17,17,1
2026-06,WEEKDAY,7,TRAIN,EW32,6592,38035
2026-06,WEEKDAY,15,TRAIN,NE16/STC,36620,44446
2026-06,WEEKENDS/HOLIDAY,9,TRAIN,SW6,1483,525
2026-06,WEEKDAY,7,TRAIN,PW5,9284,2627
2026-06,WEEKDAY,23,TRAIN,CC23,1481,504
2026-06,WEEKDAY,6,TRAIN,CC2,327,1758
2026-06,WEEKDAY,17,TRAIN,EW4,32982,18897
2026-06,WEEKENDS/HOLIDAY,22,TRAIN,TE25,435,807
2026-06,WEEKENDS/HOLIDAY,21,TRAIN,EW24/NS1,44139,13631
2026-06,WEEKENDS/HOLIDAY,19,TRAIN,EW33,3563,3799
2026-06,WEEKENDS/HOLIDAY,15,TRAIN,CC28,1557,1644
2026-06,WEEKENDS/HOLIDAY,15,TRAIN,DT25,1373,1572
2026-06,WEEKENDS/HOLIDAY,10,TRAIN,EW29,2964,2590
2026-06,WEEKDAY,8,TRAIN,NS15,34250,82087
2026-06,WEEKDAY,11,TRAIN,CC2,3533,3795
2026-06,WEEKENDS/HOLIDAY,20,TRAIN,TE27,1444,3119
2026-06,WEEKENDS/HOLIDAY,0,TRAIN,SE5,17,169
2026-06,WEEKENDS/HOLIDAY,8,TRAIN,TE19,380,987
2026-06,WEEKDAY,10,TRAIN,EW23,36530,34387
2026-06,WEEKENDS/HOLIDAY,9,TRAIN,EW33,2661,1515
2026-06,WEEKENDS/HOLIDAY,11,TRAIN,BP13,734,407
2026-06,WEEKDAY,11,TRAIN,SE4,4875,2811
2026-06,WEEKDAY,14,TRAIN,NS20,40784,40374
2026-06,WEEKENDS/HOLIDAY,13,TRAIN,SE3,1357,1244
2026-06,WEEKDAY,16,TRAIN,DT8,6214,4122
2026-06,WEEKENDS/HOLIDAY,10,TRAIN,SW8,518,364
2026-06,WEEKDAY,21,TRAIN,NS11,19753,57138
2026-06,WEEKDAY,22,TRAIN,CC23,4784,1144
2026-06,WEEKDAY,10,TRAIN,DT31,8487,4129
2026-06,WEEKENDS/HOLIDAY,8,TRAIN,NS5,14519,6138
2026-06,WEEKENDS/HOLIDAY,22,TRAIN,TE24,412,930
2026-06,WEEKENDS/HOLIDAY,13,TRAIN,NE1/CC29,19969,35591
2026-06,WEEKENDS/HOLIDAY,12,TRAIN,EW1,15765,10125
2026-06,WEEKDAY,12,TRAIN,BP3,3550,2236
2026-06,WEEKENDS/HOLIDAY,19,TRAIN,CC7,2424,3755
2026-06,WEEKDAY,23,TRAIN,EW22,634,2415
2026-06,WEEKDAY,22,TRAIN,PW4,1781,3112
2026-06,WEEKENDS/HOLIDAY,14,TRAIN,BP12,960,967
2026-06,WEEKDAY,17,TRAIN,NE17/PTC,52615,76438
2026-06,WEEKENDS/HOLIDAY,19,TRAIN,DT31,2718,4597
2026-06,WEEKDAY,7,TRAIN,DT23,5460,8693
2026-06,WEEKDAY,16,TRAIN,NS8,16404,16471
2026-06,WEEKDAY,17,TRAIN,EW14/NS26,198239,35602
2026-06,WEEKDAY,13,TRAIN,NS21/DT11,47731,58831
2026-06,WEEKENDS/HOLIDAY,13,TRAIN,DT3,3568,2303
2026-06,WEEKENDS/HOLIDAY,12,TRAIN,CC25,3044,1515
2026-06,WEEKENDS/HOLIDAY,8,TRAIN,TE3,4632,1919
2026-06,WEEKDAY,21,TRAIN,TE27,1798,7152
2026-06,WEEKENDS/HOLIDAY,17,TRAIN,NE5,7030,8123
2026-06,WEEKDAY,5,TRAIN,DT23,146,0
2026-06,WEEKDAY,0,TRAIN,CC25,53,159
2026-06,WEEKDAY,16,TRAIN,NS25/EW13,55193,40368
2026-06,WEEKENDS/HOLIDAY,18,TRAIN,DT7,1903,2369
2026-06,WEEKENDS/HOLIDAY,12,TRAIN,NS14,15617,9850
2026-06,WEEKDAY,0,TRAIN,EW22,51,289
2026-06,WEEKENDS/HOLIDAY,8,TRAIN,DT21,1757,3227
2026-06,WEEKENDS/HOLIDAY,18,TRAIN,DT27,5216,4489
2026-06,WEEKENDS/HOLIDAY,14,TRAIN,SW3,739,641
2026-06,WEEKDAY,15,TRAIN,EW22,13161,8788
2026-06,WEEKDAY,16,TRAIN,DT2,8399,2673
2026-06,WEEKENDS/HOLIDAY,19,TRAIN,EW15,10531,6909
2026-06,WEEKDAY,16,TRAIN,NS2,25356,34081
2026-06,WEEKENDS/HOLIDAY,11,TRAIN,DT6,3308,1737
2026-06,WEEKDAY,16,TRAIN,EW19,15789,16113
2026-06,WEEKENDS/HOLIDAY,8,TRAIN,BP3,2223,666
2026-06,WEEKENDS/HOLIDAY,7,TRAIN,EW22,1640,2100
2026-06,WEEKENDS/HOLIDAY,21,TRAIN,SW3,262,688
2026-06,WEEKENDS/HOLIDAY,20,TRAIN,DT24,1165,2563
2026-06,WEEKDAY,13,TRAIN,EW21/CC22,24074,27444
2026-06,WEEKENDS/HOLIDAY,6,TRAIN,NS28,137,422
2026-06,WEEKDAY,11,TRAIN,NE11,12741,10973
2026-06,WEEKDAY,11,TRAIN,TE19,9387,11313
2026-06,WEEKENDS/HOLIDAY,13,TRAIN,CC19/DT9,4457,4344
2026-06,WEEKDAY,7,TRAIN,BP8,4362,4409
2026-06,WEEKDAY,16,TRAIN,DT28,9419,7511
2026-06,WEEKDAY,17,TRAIN,SW4,3064,4105
2026-06,WEEKDAY,15,TRAIN,NS17/CC15,21978,17468
2026-06,WEEKENDS/HOLIDAY,14,TRAIN,BP3,1522,1616
2026-06,WEEKENDS/HOLIDAY,10,TRAIN,CC11,2605,6594
2026-06,WEEKENDS/HOLIDAY,10,TRAIN,TE25,1889,1120
2026-06,WEEKENDS/HOLIDAY,21,TRAIN,EW21/CC22,7849,5913
2026-06,WEEKENDS/HOLIDAY,11,TRAIN,BP10,1644,1099
2026-06,WEEKENDS/HOLIDAY,0,TRAIN,SW7,9,138
2026-06,WEEKENDS/HOLIDAY,9,TRAIN,TE15,2957,4779
2026-06,WEEKENDS/HOLIDAY,9,TRAIN,NS13,25183,14596
2026-06,WEEKDAY,19,TRAIN,NS7,27663,49800
2026-06,WEEKDAY,13,TRAIN,PW6,1473,1308
2026-06,WEEKDAY,17,TRAIN,NE14,30541,54200
2026-06,WEEKENDS/HOLIDAY,5,TRAIN,DT24,200,0
2026-06,WEEKENDS/HOLIDAY,9,TRAIN,DT8,2070,1219
2026-06,WEEKDAY,18,TRAIN,EW6,17676,35694
2026-06,WEEKDAY,11,TRAIN,NS11,33137,17683
2026-06,WEEKDAY,19,TRAIN,TE13,5812,4478
2026-06,WEEKENDS/HOLIDAY,13,TRAIN,PW6,792,666
2026-06,WEEKDAY,18,TRAIN,DT17,144761,11900
2026-06,WEEKDAY,6,TRAIN,NS25/EW13,2349,16011
2026-06,WEEKENDS/HOLIDAY,21,TRAIN,NS19,7802,17941
2026-06,WEEKENDS/HOLIDAY,11,TRAIN,NE13,14638,9960
2026-06,WEEKENDS/HOLIDAY,20,TRAIN,BP7,208,453
2026-06,WEEKDAY,21,TRAIN,TE16,5785,8769
2026-06,WEEKDAY,23,TRAIN,SW1,190,170
2026-06,WEEKENDS/HOLIDAY,9,TRAIN,EW21/CC22,6177,7721
2026-06,WEEKDAY,22,TRAIN,SW5,2921,5925
2026-06,WEEKENDS/HOLIDAY,12,TRAIN,PE7,2335,1553
2026-06,WEEKDAY,8,TRAIN,NS12,77121,21920
2026-06,WEEKDAY,18,TRAIN,CC12,11782,23651
2026-06,WEEKENDS/HOLIDAY,5,TRAIN,NS8,2714,423
2026-06,WEEKENDS/HOLIDAY,14,TRAIN,CC4/DT15,9427,14482
2026-06,WEEKDAY,17,TRAIN,EW25,14318,27283
2026-06,WEEKENDS/HOLIDAY,12,TRAIN,EW15,9204,12334
2026-06,WEEKDAY,23,TRAIN,NS3,3505,9134
2026-06,WEEKENDS/HOLIDAY,15,TRAIN,NS15,5688,4603
2026-06,WEEKDAY,20,TRAIN,DT7,2407,4192
2026-06,WEEKENDS/HOLIDAY,7,TRAIN,NE5,709,3339
2026-06,WEEKENDS/HOLIDAY,8,TRAIN,DT5,5760,6554
2026-06,WEEKDAY,8,TRAIN,TE22,500,2932
2026-06,WEEKENDS/HOLIDAY,10,TRAIN,TE7,3196,1763
2026-06,WEEKENDS/HOLIDAY,18,TRAIN,CC23,2208,1485
2026-06,WEEKDAY,23,TRAIN,SE1,294,2564
2026-06,WEEKDAY,9,TRAIN,TE15,12264,15608
2026-06,WEEKENDS/HOLIDAY,5,TRAIN,CC5,53,3
2026-06,WEEKENDS/HOLIDAY,22,TRAIN,PE1,371,2084
2026-06,WEEKDAY,8,TRAIN,EW4,47233,22741
2026-06,WEEKDAY,0,TRAIN,CE1/DT16,1634,509
2026-06,WEEKENDS/HOLIDAY,22,TRAIN,EW5,5484,14747
2026-06,WEEKDAY,13,TRAIN,NE13,21447,19339
2026-06,WEEKENDS/HOLIDAY,5,TRAIN,CC28,191,10
2026-06,WEEKENDS/HOLIDAY,8,TRAIN,NE15,11213,3625
2026-06,WEEKENDS/HOLIDAY,16,TRAIN,TE28,1519,2249
2026-06,WEEKDAY,10,TRAIN,NE7/DT12,17613,29132
2026-06,WEEKENDS/HOLIDAY,20,TRAIN,SE3,490,1930
2026-06,WEEKDAY,12,TRAIN,NE8,23619,33941
2026-06,WEEKENDS/HOLIDAY,0,TRAIN,NS5,248,2526
2026-06,WEEKENDS/HOLIDAY,17,TRAIN,EW30,3749,966
2026-06,WEEKDAY,21,TRAIN,BP7,351,1333
2026-06,WEEKENDS/HOLIDAY,5,TRAIN,DT30,354,5
2026-06,WEEKENDS/HOLIDAY,18,TRAIN,NS12,8686,10844
2026-06,WEEKENDS/HOLIDAY,7,TRAIN,TE26,719,896
2026-06,WEEKENDS/HOLIDAY,15,TRAIN,PW5,1204,1354
2026-06,WEEKENDS/HOLIDAY,20,TRAIN,DT7,859,1751
2026-06,WEEKDAY,12,TRAIN,CC24,23987,23889
2026-06,WEEKENDS/HOLIDAY,23,TRAIN,BP9,32,268
2026-06,WEEKENDS/HOLIDAY,9,TRAIN,TE28,2024,995
2026-06,WEEKENDS/HOLIDAY,12,TRAIN,NS12,10825,6161
2026-06,WEEKENDS/HOLIDAY,18,TRAIN,SW8,385,666
2026-06,WEEKENDS/HOLIDAY,7,TRAIN,PW6,425,78
2026-06,WEEKENDS/HOLIDAY,8,TRAIN,TE7,2083,1465
2026-06,WEEKENDS/HOLIDAY,7,TRAIN,PE5,2099,403
2026-06,WEEKDAY,12,TRAIN,NS7,19071,15706
2026-06,WEEKENDS/HOLIDAY,16,TRAIN,EW6,4479,5557
2026-06,WEEKDAY,20,TRAIN,TE14/NS22,103444,32929
2026-06,WEEKDAY,13,TRAIN,BP3,3243,2830
2026-06,WEEKENDS/HOLIDAY,14,TRAIN,DT10,1605,1150
2026-06,WEEKDAY,18,TRAIN,TE19,99103,7170
2026-06,WEEKDAY,13,TRAIN,NE1/CC29,52497,54284
2026-06,WEEKENDS/HOLIDAY,6,TRAIN,DT23,744,397
2026-06,WEEKENDS/HOLIDAY,0,TRAIN,NE5,90,50
2026-06,WEEKENDS/HOLIDAY,23,TRAIN,PW5,99,1272
2026-06,WEEKENDS/HOLIDAY,17,TRAIN,TE3,5589,4449
2026-06,WEEKDAY,13,TRAIN,BP12,2399,1663
2026-06,WEEKENDS/HOLIDAY,5,TRAIN,DT21,49,0
2026-06,WEEKENDS/HOLIDAY,7,TRAIN,DT22,4639,3368
2026-06,WEEKENDS/HOLIDAY,19,TRAIN,DT13,6517,4565
2026-06,WEEKENDS/HOLIDAY,17,TRAIN,SE4,1749,1810
2026-06,WEEKENDS/HOLIDAY,19,TRAIN,EW17,9176,11893
2026-06,WEEKENDS/HOLIDAY,17,TRAIN,CC14,3204,2850
2026-06,WEEKDAY,23,TRAIN,CC10/DT26,2909,7741
2026-06,WEEKENDS/HOLIDAY,23,TRAIN,EW16/NE3/TE17,2628,2769
2026-06,WEEKDAY,14,TRAIN,EW22,7864,8091
2026-06,WEEKENDS/HOLIDAY,13,TRAIN,BP3,1830,1524
2026-06,WEEKENDS/HOLIDAY,8,TRAIN,PW3,425,208
2026-06,WEEKDAY,17,TRAIN,SW8,1542,1920
2026-06,WEEKENDS/HOLIDAY,18,TRAIN,BP11,1238,1607
2026-06,WEEKENDS/HOLIDAY,19,TRAIN,BP10,822,1664
2026-06,WEEKDAY,0,TRAIN,CC7,33,455
2026-06,WEEKDAY,0,TRAIN,EW29,5,329
2026-06,WEEKDAY,7,TRAIN,CC11,13910,61803
2026-06,WEEKENDS/HOLIDAY,15,TRAIN,CC3,6573,5456
2026-06,WEEKENDS/HOLIDAY,5,TRAIN,EW14/NS26,316,154
2026-06,WEEKENDS/HOLIDAY,5,TRAIN,NS18,744,117
2026-06,WEEKENDS/HOLIDAY,12,TRAIN,BP11,1868,1019
2026-06,WEEKDAY,19,TRAIN,NS4/BP1,39440,92374
2026-06,WEEKDAY,19,TRAIN,NE14,26719,74017
2026-06,WEEKDAY,10,TRAIN,BP4,2576,2132
2026-06,WEEKENDS/HOLIDAY,22,TRAIN,TE13,1225,1027
2026-06,WEEKDAY,20,TRAIN,DT22,12821,15436
2026-06,WEEKDAY,18,TRAIN,TE7,17983,14981
2026-06,WEEKDAY,11,TRAIN,NS15,16972,13914
2026-06,WEEKDAY,19,TRAIN,BP10,1935,8051
2026-06,WEEKENDS/HOLIDAY,6,TRAIN,TE27,518,90
2026-06,WEEKENDS/HOLIDAY,14,TRAIN,NE5,5974,6414
2026-06,WEEKENDS/HOLIDAY,11,TRAIN,NE18,5785,6087
2026-06,WEEKDAY,21,TRAIN,NS28,659,488
2026-06,WEEKENDS/HOLIDAY,5,TRAIN,NS24/NE6/CC1,154,47
2026-06,WEEKDAY,22,TRAIN,EW23,20385,35269
2026-06,WEEKENDS/HOLIDAY,7,TRAIN,EW8/CC9,8809,8497
2026-06,WEEKDAY,16,TRAIN,BP8,1944,1690
2026-06,WEEKDAY,21,TRAIN,DT27,5564,9368
2026-06,WEEKENDS/HOLIDAY,21,TRAIN,NE13,5748,10210
2026-06,WEEKDAY,5,TRAIN,DT24,1586,4
2026-06,WEEKDAY,20,TRAIN,TE25,1712,4138
2026-06,WEEKENDS/HOLIDAY,8,TRAIN,BP6/DT1,17465,10179
2026-06,WEEKENDS/HOLIDAY,21,TRAIN,DT10,714,1152
2026-06,WEEKDAY,12,TRAIN,SE5,2843,1919
2026-06,WEEKENDS/HOLIDAY,20,TRAIN,DT34,1223,2475
2026-06,WEEKDAY,11,TRAIN,PW4,4202,3009
2026-06,WEEKDAY,21,TRAIN,NS9/TE2,43210,76322
2026-06,WEEKDAY,14,TRAIN,TE13,4117,5574
2026-06,WEEKENDS/HOLIDAY,14,TRAIN,TE1,1727,984
2026-06,WEEKDAY,20,TRAIN,TE7,3493,7956
2026-06,WEEKDAY,11,TRAIN,PE6,9004,6568
2026-06,WEEKENDS/HOLIDAY,10,TRAIN,CC27,558,1219
2026-06,WEEKDAY,11,TRAIN,EW10,8890,5523
2026-06,WEEKDAY,21,TRAIN,EW7,6087,21746
2026-06,WEEKDAY,14,TRAIN,NS13,39144,41260
2026-06,WEEKDAY,9,TRAIN,CG1/DT35,2826,61744
2026-06,WEEKENDS/HOLIDAY,19,TRAIN,EW23,19818,23770
2026-06,WEEKDAY,19,TRAIN,NE8,37596,64660
2026-06,WEEKENDS/HOLIDAY,16,TRAIN,TE25,1475,1598
2026-06,WEEKENDS/HOLIDAY,11,TRAIN,EW21/CC22,9310,10882
2026-06,WEEKENDS/HOLIDAY,6,TRAIN,NS7,16060,8085
2026-06,WEEKDAY,15,TRAIN,EW28,15911,14575
2026-06,WEEKDAY,19,TRAIN,NE18,19649,23561
2026-06,WEEKDAY,20,TRAIN,PW7,2205,5113
2026-06,WEEKENDS/HOLIDAY,6,TRAIN,CC26,362,2970
2026-06,WEEKDAY,8,TRAIN,EW11,25225,46010
2026-06,WEEKENDS/HOLIDAY,18,TRAIN,PW1,1414,1193
2026-06,WEEKDAY,0,TRAIN,NS11,789,7221
2026-06,WEEKENDS/HOLIDAY,13,TRAIN,EW4,7179,4843
2026-06,WEEKDAY,9,TRAIN,NE17/PTC,63619,25747
2026-06,WEEKENDS/HOLIDAY,11,TRAIN,EW18,8668,6033
2026-06,WEEKENDS/HOLIDAY,19,TRAIN,NS14,10152,16058
2026-06,WEEKDAY,17,TRAIN,CC5,12757,4827
2026-06,WEEKENDS/HOLIDAY,10,TRAIN,DT7,1888,1242
2026-06,WEEKENDS/HOLIDAY,0,TRAIN,DT27,34,415
2026-06,WEEKDAY,23,TRAIN,BP6/DT1,3893,19896
2026-06,WEEKDAY,16,TRAIN,PW7,3033,3470
2026-06,WEEKENDS/HOLIDAY,20,TRAIN,SW1,577,441
2026-06,WEEKDAY,16,TRAIN,NE16/STC,40794,51799
2026-06,WEEKDAY,8,TRAIN,TE7,17111,17621
2026-06,WEEKDAY,10,TRAIN,SW7,1279,728
2026-06,WEEKDAY,12,TRAIN,NS25/EW13,38022,73682
2026-06,WEEKENDS/HOLIDAY,14,TRAIN,DT20,2338,2574
2026-06,WEEKDAY,13,TRAIN,DT4,2005,1761
2026-06,WEEKENDS/HOLIDAY,22,TRAIN,SW8,125,686
2026-06,WEEKDAY,9,TRAIN,CC12,16578,4270
2026-06,WEEKENDS/HOLIDAY,17,TRAIN,CC23,2652,1367
2026-06,WEEKENDS/HOLIDAY,14,TRAIN,NS23,19386,25675
2026-06,WEEKDAY,0,TRAIN,DT33,33,2855
2026-06,WEEKENDS/HOLIDAY,6,TRAIN,NS5,10036,2137
2026-06,WEEKDAY,12,TRAIN,BP13,1225,883
2026-06,WEEKDAY,0,TRAIN,EW31,1,173
2026-06,WEEKDAY,22,TRAIN,NS9/TE2,26043,61713
2026-06,WEEKDAY,18,TRAIN,DT24,13116,15290
2026-06,WEEKENDS/HOLIDAY,10,TRAIN,EW27,19232,14096
2026-06,WEEKDAY,12,TRAIN,TE18,11954,16172
2026-06,WEEKDAY,20,TRAIN,NE9,18998,28312
2026-06,WEEKDAY,21,TRAIN,EW18,10850,17921
2026-06,WEEKDAY,13,TRAIN,DT2,2609,3684
2026-06,WEEKENDS/HOLIDAY,5,TRAIN,PE1,225,49
2026-06,WEEKENDS/HOLIDAY,8,TRAIN,CC2,524,1797
2026-06,WEEKENDS/HOLIDAY,7,TRAIN,DT28,5737,3522
2026-06,WEEKDAY,16,TRAIN,EW33,7054,4310
2026-06,WEEKENDS/HOLIDAY,11,TRAIN,EW10,5684,5479
2026-06,WEEKDAY,18,TRAIN,NS28,2728,1485
2026-06,WEEKDAY,18,TRAIN,EW4,40376,35608
2026-06,WEEKDAY,10,TRAIN,TE11,4238,2221
2026-06,WEEKENDS/HOLIDAY,17,TRAIN,EW26,15969,17306
2026-06,WEEKENDS/HOLIDAY,18,TRAIN,EW3,8235,10469
2026-06,WEEKENDS/HOLIDAY,14,TRAIN,NS4/BP1,15944,17169
2026-06,WEEKENDS/HOLIDAY,20,TRAIN,TE23,1306,1945
2026-06,WEEKDAY,7,TRAIN,EW20,24466,25024
2026-06,WEEKDAY,18,TRAIN,BP8,3676,4476
2026-06,WEEKENDS/HOLIDAY,12,TRAIN,TE11,2186,1487
2026-06,WEEKENDS/HOLIDAY,9,TRAIN,NS12,11161,4600
2026-06,WEEKENDS/HOLIDAY,23,TRAIN,SW4,106,815
2026-06,WEEKENDS/HOLIDAY,20,TRAIN,NS19,10184,17793
2026-06,WEEKDAY,13,TRAIN,NS14,24684,19484
2026-06,WEEKENDS/HOLIDAY,10,TRAIN,BP9,1526,1177
2026-06,WEEKDAY,7,TRAIN,EW16/NE3/TE17,23790,118351
2026-06,WEEKENDS/HOLIDAY,6,TRAIN,SW8,121,150
2026-06,WEEKDAY,10,TRAIN,EW2/DT32,46791,35029
2026-06,WEEKENDS/HOLIDAY,5,TRAIN,CC4/DT15,57,22
2026-06,WEEKENDS/HOLIDAY,17,TRAIN,EW1,15084,17078
2026-06,WEEKDAY,6,TRAIN,EW21/CC22,10949,18582
2026-06,WEEKENDS/HOLIDAY,17,TRAIN,EW16/NE3/TE17,13389,9300
2026-06,WEEKDAY,13,TRAIN,TE4,4800,3618
2026-06,WEEKDAY,12,TRAIN,EW26,25546,13692
2026-06,WEEKENDS/HOLIDAY,8,TRAIN,NS10,20933,11106
2026-06,WEEKENDS/HOLIDAY,8,TRAIN,EW29,4453,8408
2026-06,WEEKDAY,16,TRAIN,EW6,8836,12227
2026-06,WEEKDAY,10,TRAIN,NS17/CC15,38324,10916
2026-06,WEEKENDS/HOLIDAY,23,TRAIN,TE27,267,1288
2026-06,WEEKDAY,7,TRAIN,BP6/DT1,124878,55211
2026-06,WEEKENDS/HOLIDAY,8,TRAIN,CC19/DT9,1827,3888
2026-06,WEEKENDS/HOLIDAY,8,TRAIN,NE1/CC29,9561,18828
2026-06,WEEKDAY,16,TRAIN,CC16,6577,5679
2026-06,WEEKDAY,22,TRAIN,SW6,452,3046
2026-06,WEEKENDS/HOLIDAY,12,TRAIN,EW26,16079,8336
2026-06,WEEKDAY,19,TRAIN,PW5,2234,7832
2026-06,WEEKDAY,9,TRAIN,CC20,8634,5077
2026-06,WEEKENDS/HOLIDAY,18,TRAIN,TE23,1855,2432
2026-06,WEEKDAY,9,TRAIN,TE24,6358,2226
2026-06,WEEKDAY,10,TRAIN,DT4,3080,833
2026-06,WEEKDAY,21,TRAIN,NE13,16203,26974
2026-06,WEEKENDS/HOLIDAY,19,TRAIN,PW4,2241,2540
2026-06,WEEKDAY,12,TRAIN,EW19,14558,11507
2026-06,WEEKENDS/HOLIDAY,22,TRAIN,CE1/DT16,38560,8151
2026-06,WEEKDAY,14,TRAIN,EW23,35680,35322
2026-06,WEEKENDS/HOLIDAY,9,TRAIN,NE13,12338,10580
2026-06,WEEKDAY,13,TRAIN,EW7,12920,12381
2026-06,WEEKDAY,11,TRAIN,CC19/DT9,6225,5406
2026-06,WEEKENDS/HOLIDAY,21,TRAIN,NS18,2385,8714
2026-06,WEEKENDS/HOLIDAY,23,TRAIN,DT28,603,3390
2026-06,WEEKDAY,19,TRAIN,NS3,17016,47303
2026-06,WEEKENDS/HOLIDAY,7,TRAIN,TE19,161,453
2026-06,WEEKENDS/HOLIDAY,0,TRAIN,DT30,10,533
2026-06,WEEKENDS/HOLIDAY,12,TRAIN,EW4,7936,4267
2026-06,WEEKENDS/HOLIDAY,23,TRAIN,TE18,2245,702
2026-06,WEEKDAY,23,TRAIN,EW8/CC9,11408,9208
2026-06,WEEKENDS/HOLIDAY,18,TRAIN,DT10,1913,1372
2026-06,WEEKENDS/HOLIDAY,0,TRAIN,SE2,13,403
2026-06,WEEKDAY,6,TRAIN,DT31,11029,3343
2026-06,WEEKDAY,21,TRAIN,SW8,394,2169
2026-06,WEEKDAY,18,TRAIN,PW1,4010,3583
2026-06,WEEKENDS/HOLIDAY,10,TRAIN,NS11,20926,9609
2026-06,WEEKDAY,11,TRAIN,TE26,10345,13027
2026-06,WEEKDAY,8,TRAIN,NE5,4350,50437
2026-06,WEEKENDS/HOLIDAY,9,TRAIN,BP5,967,703
2026-06,WEEKENDS/HOLIDAY,16,TRAIN,NE17/PTC,22630,24051
2026-06,WEEKENDS/HOLIDAY,18,TRAIN,CC3,7606,5044
2026-06,WEEKDAY,0,TRAIN,DT8,15,175
2026-06,WEEKDAY,12,TRAIN,DT24,4757,3652
2026-06,WEEKENDS/HOLIDAY,10,TRAIN,SW4,1758,753
2026-06,WEEKDAY,0,TRAIN,TE29,7,340
2026-06,WEEKDAY,17,TRAIN,NE11,22806,25633
2026-06,WEEKENDS/HOLIDAY,7,TRAIN,TE1,1550,1684
2026-06,WEEKENDS/HOLIDAY,5,TRAIN,NS10,5565,738
2026-06,WEEKENDS/HOLIDAY,20,TRAIN,CC26,1600,1470
2026-06,WEEKENDS/HOLIDAY,17,TRAIN,BP4,754,796
2026-06,WEEKDAY,22,TRAIN,DT31,3057,10399
2026-06,WEEKENDS/HOLIDAY,9,TRAIN,NS24/NE6/CC1,5077,14894
2026-06,WEEKENDS/HOLIDAY,7,TRAIN,DT13,2596,2095
2026-06,WEEKDAY,13,TRAIN,CG2,23443,23584
2026-06,WEEKENDS/HOLIDAY,21,TRAIN,PW2,76,13
2026-06,WEEKENDS/HOLIDAY,8,TRAIN,CC28,1617,1003
2026-06,WEEKENDS/HOLIDAY,10,TRAIN,EW5,16182,10294
2026-06,WEEKDAY,20,TRAIN,TE4,5136,6218
2026-06,WEEKENDS/HOLIDAY,15,TRAIN,NS5,10414,12264
2026-06,WEEKDAY,20,TRAIN,CC7,3754,8645
2026-06,WEEKENDS/HOLIDAY,9,TRAIN,CC2,984,2335
2026-06,WEEKENDS/HOLIDAY,21,TRAIN,EW10,3860,7355
2026-06,WEEKENDS/HOLIDAY,23,TRAIN,EW3,687,3727
2026-06,WEEKDAY,21,TRAIN,TE15,12314,6144
2026-06,WEEKENDS/HOLIDAY,11,TRAIN,NE10,8143,5167
2026-06,WEEKDAY,12,TRAIN,PE4,1895,1454
2026-06,WEEKDAY,23,TRAIN,PE4,348,905
2026-06,WEEKDAY,17,TRAIN,EW19,31484,27338
2026-06,WEEKDAY,22,TRAIN,EW10,4427,14909
2026-06,WEEKDAY,7,TRAIN,PE4,5345,1354
2026-06,WEEKDAY,9,TRAIN,EW28,34623,20267
2026-06,WEEKDAY,17,TRAIN,DT30,8650,17653
2026-06,WEEKDAY,23,TRAIN,PE2,471,3400
2026-06,WEEKDAY,14,TRAIN,SW4,2077,2735
2026-06,WEEKENDS/HOLIDAY,21,TRAIN,DT34,906,2485
2026-06,WEEKDAY,11,TRAIN,NE10,15903,10275
2026-06,WEEKENDS/HOLIDAY,10,TRAIN,PE1,2345,871
2026-06,WEEKDAY,6,TRAIN,EW3,14787,6568
2026-06,WEEKENDS/HOLIDAY,12,TRAIN,DT24,2088,1477
2026-06,WEEKENDS/HOLIDAY,13,TRAIN,BP7,378,408
2026-06,WEEKDAY,12,TRAIN,NS16,36610,32393
2026-06,WEEKENDS/HOLIDAY,11,TRAIN,PE7,2444,1085
2026-06,WEEKENDS/HOLIDAY,10,TRAIN,CC7,2493,1848
2026-06,WEEKENDS/HOLIDAY,23,TRAIN,NE18,685,1329
2026-06,WEEKENDS/HOLIDAY,0,TRAIN,DT24,18,209
2026-06,WEEKDAY,9,TRAIN,PW7,5430,2378
2026-06,WEEKDAY,23,TRAIN,NS28,203,252
2026-06,WEEKDAY,23,TRAIN,TE8,2328,2941
2026-06,WEEKENDS/HOLIDAY,20,TRAIN,DT20,3151,2505
2026-06,WEEKDAY,9,TRAIN,BP12,3896,1319
2026-06,WEEKDAY,15,TRAIN,BP2,1741,2116
2026-06,WEEKENDS/HOLIDAY,8,TRAIN,EW33,3244,3103
2026-06,WEEKENDS/HOLIDAY,21,TRAIN,DT22,9393,4607
2026-06,WEEKDAY,15,TRAIN,SW5,5611,6136
2026-06,WEEKENDS/HOLIDAY,22,TRAIN,SE3,178,1670
2026-06,WEEKDAY,10,TRAIN,SW3,2104,794
2026-06,WEEKDAY,11,TRAIN,NE18,12091,12197
2026-06,WEEKDAY,10,TRAIN,NS27/CE2/TE20,1727,7370
2026-06,WEEKDAY,13,TRAIN,NS3,17548,14125
2026-06,WEEKENDS/HOLIDAY,17,TRAIN,EW31,4999,1331
2026-06,WEEKDAY,20,TRAIN,BP13,403,1616
2026-06,WEEKENDS/HOLIDAY,14,TRAIN,DT23,1311,1593
2026-06,WEEKENDS/HOLIDAY,19,TRAIN,EW11,8830,8604
2026-06,WEEKDAY,7,TRAIN,CG1/DT35,2648,32264
2026-06,WEEKDAY,11,TRAIN,DT30,8285,2910
2026-06,WEEKDAY,15,TRAIN,PE2,4011,5193
2026-06,WEEKENDS/HOLIDAY,0,TRAIN,NE8,125,250
2026-06,WEEKENDS/HOLIDAY,23,TRAIN,SW5,397,1493
2026-06,WEEKDAY,14,TRAIN,EW18,13097,13652
2026-06,WEEKENDS/HOLIDAY,21,TRAIN,NS23,26272,7193
2026-06,WEEKDAY,18,TRAIN,SW8,1128,2749
2026-06,WEEKDAY,18,TRAIN,BP4,2827,4863
2026-06,WEEKENDS/HOLIDAY,9,TRAIN,DT30,5228,1705
2026-06,WEEKENDS/HOLIDAY,12,TRAIN,BP2,1515,827
2026-06,WEEKDAY,5,TRAIN,CC27,94,113
2026-06,WEEKDAY,10,TRAIN,PE5,6606,2232
2026-06,WEEKENDS/HOLIDAY,9,TRAIN,EW12/DT14,9540,23560
2026-06,WEEKDAY,8,TRAIN,DT25,12923,11626
2026-06,WEEKDAY,8,TRAIN,DT3,28413,5325
2026-06,WEEKDAY,21,TRAIN,CC27,5972,698
2026-06,WEEKENDS/HOLIDAY,5,TRAIN,EW29,376,1095
2026-06,WEEKDAY,19,TRAIN,DT24,6366,10456
2026-06,WEEKDAY,5,TRAIN,SW4,1353,74
2026-06,WEEKENDS/HOLIDAY,12,TRAIN,NS21/DT11,27469,26110
2026-06,WEEKENDS/HOLIDAY,17,TRAIN,EW15,12085,9475
2026-06,WEEKDAY,20,TRAIN,NS7,21766,44047
2026-06,WEEKDAY,20,TRAIN,NE8,36438,40227
2026-06,WEEKENDS/HOLIDAY,0,TRAIN,CC6,42,20
2026-06,WEEKDAY,11,TRAIN,TE11,4036,2199
2026-06,WEEKENDS/HOLIDAY,15,TRAIN,PE5,2308,2234
2026-06,WEEKDAY,5,TRAIN,EW18,2439,660
2026-06,WEEKDAY,8,TRAIN,TE13,3825,13772
2026-06,WEEKENDS/HOLIDAY,18,TRAIN,EW18,8236,7964
2026-06,WEEKENDS/HOLIDAY,23,TRAIN,BP4,60,286
2026-06,WEEKDAY,15,TRAIN,BP13,939,938
2026-06,WEEKENDS/HOLIDAY,15,TRAIN,DT28,4013,3630
2026-06,WEEKENDS/HOLIDAY,6,TRAIN,CC24,292,3545
2026-06,WEEKENDS/HOLIDAY,21,TRAIN,NS7,16723,16111
2026-06,WEEKENDS/HOLIDAY,22,TRAIN,CC27,600,306
2026-06,WEEKENDS/HOLIDAY,18,TRAIN,TE16,4053,4014
2026-06,WEEKDAY,0,TRAIN,NE14,90,2376
2026-06,WEEKDAY,23,TRAIN,DT31,1177,5522
2026-06,WEEKENDS/HOLIDAY,9,TRAIN,BP12,1490,562
2026-06,WEEKENDS/HOLIDAY,20,TRAIN,CC24,4785,1918
2026-06,WEEKENDS/HOLIDAY,15,TRAIN,NS7,12286,9684
2026-06,WEEKENDS/HOLIDAY,21,TRAIN,NE12/CC13,21651,24825
2026-06,WEEKENDS/HOLIDAY,10,TRAIN,NS18,8008,3463
2026-06,WEEKDAY,7,TRAIN,NS16,95232,62095
2026-06,WEEKDAY,11,TRAIN,CC14,6845,3198
2026-06,WEEKENDS/HOLIDAY,18,TRAIN,PE4,994,1144
2026-06,WEEKDAY,8,TRAIN,DT17,5327,146129
2026-06,WEEKDAY,22,TRAIN,TE12,2464,1200
2026-06,WEEKDAY,17,TRAIN,BP8,2945,2639
2026-06,WEEKDAY,6,TRAIN,SW1,1381,1329
2026-06,WEEKDAY,10,TRAIN,PW3,761,352
2026-06,WEEKENDS/HOLIDAY,10,TRAIN,NE16/STC,22408,13037
2026-06,WEEKDAY,14,TRAIN,EW12/DT14,58234,58920
2026-06,WEEKDAY,17,TRAIN,NE8,40930,44071
2026-06,WEEKENDS/HOLIDAY,23,TRAIN,BP11,50,531
2026-06,WEEKDAY,19,TRAIN,PW6,953,3334
2026-06,WEEKENDS/HOLIDAY,17,TRAIN,NS12,9451,10011
2026-06,WEEKDAY,16,TRAIN,DT30,5811,9317
2026-06,WEEKDAY,8,TRAIN,EW16/NE3/TE17,38791,135949
2026-06,WEEKDAY,23,TRAIN,SE2,254,3328
2026-06,WEEKDAY,10,TRAIN,EW26,31002,10491
2026-06,WEEKDAY,22,TRAIN,EW7,4155,16872
2026-06,WEEKENDS/HOLIDAY,17,TRAIN,NS9/TE2,28501,33796
2026-06,WEEKDAY,18,TRAIN,PW3,1133,1751
2026-06,WEEKENDS/HOLIDAY,19,TRAIN,EW31,2265,2365
2026-06,WEEKDAY,23,TRAIN,EW9,4915,10816
2026-06,WEEKENDS/HOLIDAY,8,TRAIN,CC12,2964,1198
2026-06,WEEKDAY,17,TRAIN,EW27,83946,104875
2026-06,WEEKDAY,6,TRAIN,PW1,148,906
2026-06,WEEKENDS/HOLIDAY,6,TRAIN,BP11,1115,118
2026-06,WEEKDAY,14,TRAIN,CC17/TE9,4430,5774
2026-06,WEEKDAY,16,TRAIN,CC6,8197,7498
2026-06,WEEKDAY,14,TRAIN,TE26,12597,12606
2026-06,WEEKDAY,0,TRAIN,TE19,111,57
2026-06,WEEKDAY,17,TRAIN,PW3,1018,1248
2026-06,WEEKDAY,22,TRAIN,DT21,9301,5504
2026-06,WEEKENDS/HOLIDAY,12,TRAIN,TE5,3277,2306
2026-06,WEEKENDS/HOLIDAY,17,TRAIN,TE14/NS22,59199,41102
2026-06,WEEKDAY,16,TRAIN,TE25,3080,3711
2026-06,WEEKENDS/HOLIDAY,7,TRAIN,CC14,1501,1886
2026-06,WEEKENDS/HOLIDAY,9,TRAIN,NS16,22963,13603
2026-06,WEEKENDS/HOLIDAY,8,TRAIN,NS24/NE6/CC1,3274,9388
2026-06,WEEKDAY,18,TRAIN,EW17,47161,77208
2026-06,WEEKENDS/HOLIDAY,10,TRAIN,NS15,6634,3519
2026-06,WEEKENDS/HOLIDAY,9,TRAIN,NE12/CC13,26320,16520
2026-06,WEEKENDS/HOLIDAY,19,TRAIN,CG1/DT35,10479,5726
2026-06,WEEKDAY,15,TRAIN,EW7,9644,12910
2026-06,WEEKENDS/HOLIDAY,15,TRAIN,BP6/DT1,15551,15593
2026-06,WEEKENDS/HOLIDAY,23,TRAIN,DT24,301,1778
2026-06,WEEKDAY,0,TRAIN,DT24,18,451
2026-06,WEEKDAY,7,TRAIN,BP3,18302,2146
2026-06,WEEKENDS/HOLIDAY,16,TRAIN,PE7,1705,1884
2026-06,WEEKENDS/HOLIDAY,15,TRAIN,TE15,5506,5174
2026-06,WEEKDAY,23,TRAIN,TE7,524,2531
2026-06,WEEKENDS/HOLIDAY,23,TRAIN,NE14,970,7629
2026-06,WEEKENDS/HOLIDAY,14,TRAIN,EW31,1283,596
2026-06,WEEKENDS/HOLIDAY,17,TRAIN,NE17/PTC,24164,27042
2026-06,WEEKDAY,17,TRAIN,NS2,42331,63314
2026-06,WEEKDAY,12,TRAIN,TE24,3319,2668
2026-06,WEEKENDS/HOLIDAY,23,TRAIN,NS2,1857,6837
2026-06,WEEKENDS/HOLIDAY,11,TRAIN,NS5,14977,7697
2026-06,WEEKENDS/HOLIDAY,22,TRAIN,SE2,415,2705
2026-06,WEEKDAY,23,TRAIN,DT24,748,3692
2026-06,WEEKENDS/HOLIDAY,9,TRAIN,SW4,1546,649
2026-06,WEEKDAY,16,TRAIN,DT3,6664,6317
2026-06,WEEKENDS/HOLIDAY,22,TRAIN,TE15,3652,1518
2026-06,WEEKENDS/HOLIDAY,0,TRAIN,TE16,40,194
2026-06,WEEKENDS/HOLIDAY,17,TRAIN,PE4,1056,1007
2026-06,WEEKDAY,16,TRAIN,NE13,20384,24684
2026-06,WEEKENDS/HOLIDAY,13,TRAIN,NE5,5107,6347
2026-06,WEEKDAY,5,TRAIN,DT28,1811,342
2026-06,WEEKENDS/HOLIDAY,21,TRAIN,BP10,408,1410
2026-06,WEEKENDS/HOLIDAY,19,TRAIN,NS23,25038,15827
2026-06,WEEKENDS/HOLIDAY,15,TRAIN,NS11,15734,16199
2026-06,WEEKENDS/HOLIDAY,17,TRAIN,CC24,5776,2715
2026-06,WEEKDAY,18,TRAIN,DT8,7726,8254
2026-06,WEEKENDS/HOLIDAY,10,TRAIN,TE23,1923,964
2026-06,WEEKENDS/HOLIDAY,10,TRAIN,TE14/NS22,17063,53150
2026-06,WEEKDAY,15,TRAIN,EW21/CC22,26548,16476
2026-06,WEEKDAY,13,TRAIN,PW7,2704,3083
2026-06,WEEKDAY,20,TRAIN,PW4,3333,5973
2026-06,WEEKENDS/HOLIDAY,20,TRAIN,TE7,1031,2879
2026-06,WEEKDAY,22,TRAIN,EW33,1319,3051
2026-06,WEEKDAY,21,TRAIN,PW7,1414,4213
2026-06,WEEKENDS/HOLIDAY,18,TRAIN,DT23,1698,1585
2026-06,WEEKENDS/HOLIDAY,8,TRAIN,DT10,1747,1350
2026-06,WEEKENDS/HOLIDAY,7,TRAIN,NS13,18874,8810
2026-06,WEEKENDS/HOLIDAY,11,TRAIN,PE2,3321,1553
2026-06,WEEKDAY,21,TRAIN,EW26,12058,45003
2026-06,WEEKENDS/HOLIDAY,9,TRAIN,TE27,3635,1625
2026-06,WEEKDAY,5,TRAIN,NE12/CC13,9017,1118
2026-06,WEEKDAY,8,TRAIN,SE2,15351,2323
2026-06,WEEKENDS/HOLIDAY,0,TRAIN,DT25,22,128
2026-06,WEEKENDS/HOLIDAY,8,TRAIN,NE13,9532,8628
2026-06,WEEKENDS/HOLIDAY,9,TRAIN,NE1/CC29,8829,30916
2026-06,WEEKDAY,20,TRAIN,EW1,17028,46577
2026-06,WEEKENDS/HOLIDAY,17,TRAIN,TE6,5075,5771
2026-06,WEEKENDS/HOLIDAY,7,TRAIN,NS20,3428,10751
2026-06,WEEKDAY,20,TRAIN,EW26,18239,53726
2026-06,WEEKDAY,14,TRAIN,EW4,11574,9754
2026-06,WEEKDAY,18,TRAIN,NS14,46704,107375
2026-06,WEEKENDS/HOLIDAY,10,TRAIN,TE15,3517,5369
2026-06,WEEKDAY,10,TRAIN,EW29,4139,6463
2026-06,WEEKENDS/HOLIDAY,10,TRAIN,CC17/TE9,3008,2227
2026-06,WEEKDAY,22,TRAIN,DT20,6383,3341
2026-06,WEEKENDS/HOLIDAY,0,TRAIN,EW6,45,398
2026-06,WEEKENDS/HOLIDAY,19,TRAIN,EW20,4249,5893
2026-06,WEEKDAY,15,TRAIN,NS7,17511,17201
2026-06,WEEKDAY,19,TRAIN,CC17/TE9,7912,13521
2026-06,WEEKDAY,16,TRAIN,CE1/DT16,35896,34076
2026-06,WEEKENDS/HOLIDAY,13,TRAIN,SE4,2042,1711
2026-06,WEEKDAY,21,TRAIN,PE1,1072,5969
2026-06,WEEKENDS/HOLIDAY,12,TRAIN,BP3,1950,1179
2026-06,WEEKDAY,22,TRAIN,NS12,5658,21759
2026-06,WEEKENDS/HOLIDAY,21,TRAIN,TE29,659,1905
2026-06,WEEKDAY,23,TRAIN,NS7,7618,19888
2026-06,WEEKENDS/HOLIDAY,10,TRAIN,SE2,3481,1556
2026-06,WEEKENDS/HOLIDAY,0,TRAIN,DT29,17,373
2026-06,WEEKENDS/HOLIDAY,7,TRAIN,CC11,3698,5675
2026-06,WEEKDAY,22,TRAIN,TE8,6078,6591
2026-06,WEEKDAY,8,TRAIN,EW18,45090,55945
2026-06,WEEKDAY,5,TRAIN,NS17/CC15,5678,1470
2026-06,WEEKDAY,7,TRAIN,DT21,4215,8783
2026-06,WEEKDAY,19,TRAIN,BP9,1789,4415
2026-06,WEEKENDS/HOLIDAY,19,TRAIN,EW16/NE3/TE17,11601,9772
2026-06,WEEKDAY,16,TRAIN,NS17/CC15,25444,21668
2026-06,WEEKDAY,20,TRAIN,SE4,1902,5579
2026-06,WEEKDAY,20,TRAIN,NS3,11193,30548
2026-06,WEEKENDS/HOLIDAY,17,TRAIN,EW33,4213,2868
2026-06,WEEKENDS/HOLIDAY,10,TRAIN,PW4,2324,1533
2026-06,WEEKENDS/HOLIDAY,16,TRAIN,CC5,3203,2479
2026-06,WEEKDAY,9,TRAIN,DT34,8168,6072
2026-06,WEEKDAY,10,TRAIN,PW5,2300,1159
2026-06,WEEKDAY,13,TRAIN,EW23,40161,37723
2026-06,WEEKENDS/HOLIDAY,9,TRAIN,NS21/DT11,22432,22750
2026-06,WEEKDAY,22,TRAIN,SW3,207,1350
2026-06,WEEKDAY,20,TRAIN,NS27/CE2/TE20,8468,3534
2026-06,WEEKENDS/HOLIDAY,18,TRAIN,PW6,526,690
2026-06,WEEKDAY,8,TRAIN,EW26,112785,35924
2026-06,WEEKENDS/HOLIDAY,10,TRAIN,NE8,9124,16649
2026-06,WEEKENDS/HOLIDAY,9,TRAIN,CC7,2427,1755
2026-06,WEEKENDS/HOLIDAY,16,TRAIN,CC4/DT15,13571,12738
2026-06,WEEKENDS/HOLIDAY,14,TRAIN,SW6,919,1151
2026-06,WEEKDAY,7,TRAIN,DT25,10603,6771
2026-06,WEEKDAY,0,TRAIN,TE28,11,379
2026-06,WEEKDAY,7,TRAIN,TE6,39851,9471
2026-06,WEEKDAY,0,TRAIN,CC28,2,126
2026-06,WEEKDAY,0,TRAIN,SE2,22,745
2026-06,WEEKENDS/HOLIDAY,12,TRAIN,TE12,2755,2315
2026-06,WEEKDAY,8,TRAIN,NS8,53245,19333
2026-06,WEEKENDS/HOLIDAY,23,TRAIN,CC24,491,327
2026-06,WEEKENDS/HOLIDAY,6,TRAIN,BP6/DT1,9423,3893
2026-06,WEEKENDS/HOLIDAY,11,TRAIN,PE4,1132,633
2026-06,WEEKENDS/HOLIDAY,5,TRAIN,EW27,3563,497
2026-06,WEEKENDS/HOLIDAY,8,TRAIN,EW22,2167,2590
2026-06,WEEKDAY,12,TRAIN,DT3,6375,3636
2026-06,WEEKENDS/HOLIDAY,13,TRAIN,NS17/CC15,13834,8124
2026-06,WEEKDAY,11,TRAIN,CC8,6156,4078
2026-06,WEEKDAY,8,TRAIN,EW20,32567,41709
2026-06,WEEKENDS/HOLIDAY,17,TRAIN,PW7,1710,1533
2026-06,WEEKENDS/HOLIDAY,8,TRAIN,NS2,12038,8266
2026-06,WEEKDAY,13,TRAIN,DT18,18344,16692
2026-06,WEEKDAY,11,TRAIN,DT33,14205,5148
2026-06,WEEKENDS/HOLIDAY,16,TRAIN,NS14,13604,12278
2026-06,WEEKDAY,18,TRAIN,NE17/PTC,58924,128960
2026-06,WEEKENDS/HOLIDAY,12,TRAIN,DT17,2170,2377
2026-06,WEEKDAY,8,TRAIN,CE1/DT16,11342,43005
2026-06,WEEKDAY,21,TRAIN,PE4,946,2284
2026-06,WEEKDAY,9,TRAIN,BP4,2494,3120
2026-06,WEEKENDS/HOLIDAY,11,TRAIN,CC19/DT9,4368,4908
2026-06,WEEKENDS/HOLIDAY,11,TRAIN,NS16,19101,14335
2026-06,WEEKDAY,17,TRAIN,NS9/TE2,76059,124315
2026-06,WEEKENDS/HOLIDAY,11,TRAIN,NS11,19680,10890
2026-06,WEEKENDS/HOLIDAY,20,TRAIN,NS17/CC15,6456,9480
2026-06,WEEKDAY,10,TRAIN,CC16,5366,4755
2026-06,WEEKENDS/HOLIDAY,15,TRAIN,NS24/NE6/CC1,22618,21070
2026-06,WEEKENDS/HOLIDAY,21,TRAIN,SE5,351,1463
2026-06,WEEKDAY,15,TRAIN,DT29,4108,5200
2026-06,WEEKENDS/HOLIDAY,12,TRAIN,NS25/EW13,24117,40795
2026-06,WEEKDAY,5,TRAIN,NE18,3049,322
2026-06,WEEKENDS/HOLIDAY,10,TRAIN,DT30,5230,1624
2026-06,WEEKENDS/HOLIDAY,14,TRAIN,NS2,12090,12235
2026-06,WEEKDAY,14,TRAIN,DT23,2621,3148
2026-06,WEEKDAY,5,TRAIN,CC3,85,16
2026-06,WEEKDAY,20,TRAIN,TE8,11845,10031
2026-06,WEEKDAY,22,TRAIN,TE22,4053,449
2026-06,WEEKENDS/HOLIDAY,8,TRAIN,BP13,634,189
2026-06,WEEKDAY,12,TRAIN,DT22,8045,9464
2026-06,WEEKDAY,16,TRAIN,NS9/TE2,48942,69806
2026-06,WEEKDAY,16,TRAIN,PE1,3225,3988
2026-06,WEEKDAY,23,TRAIN,BP2,100,929
2026-06,WEEKDAY,11,TRAIN,DT2,4645,1269
2026-06,WEEKENDS/HOLIDAY,17,TRAIN,NS23,27075,23854
2026-06,WEEKENDS/HOLIDAY,15,TRAIN,PW4,2322,2461
2026-06,WEEKDAY,8,TRAIN,TE26,16946,12685
2026-06,WEEKDAY,7,TRAIN,CC19/DT9,7253,8689
2026-06,WEEKENDS/HOLIDAY,8,TRAIN,EW21/CC22,4687,9680
2026-06,WEEKDAY,10,TRAIN,NE11,12562,9841
2026-06,WEEKENDS/HOLIDAY,17,TRAIN,NS7,13043,12703
2026-06,WEEKDAY,11,TRAIN,EW33,2995,2045
2026-06,WEEKDAY,12,TRAIN,NE17/PTC,42098,42916
2026-06,WEEKENDS/HOLIDAY,15,TRAIN,BP4,615,654
2026-06,WEEKDAY,15,TRAIN,EW33,3080,2185
2026-06,WEEKENDS/HOLIDAY,8,TRAIN,NS8,10216,5864
2026-06,WEEKDAY,9,TRAIN,EW4,25149,9695
2026-06,WEEKDAY,0,TRAIN,PE1,53,746
2026-06,WEEKDAY,13,TRAIN,TE25,2542,2931
2026-06,WEEKENDS/HOLIDAY,5,TRAIN,PE4,131,12
2026-06,WEEKENDS/HOLIDAY,22,TRAIN,DT31,1065,4227
2026-06,WEEKENDS/HOLIDAY,13,TRAIN,PE1,1818,1657
2026-06,WEEKENDS/HOLIDAY,23,TRAIN,PE5,137,1356
2026-06,WEEKDAY,17,TRAIN,TE6,11547,21735
2026-06,WEEKDAY,9,TRAIN,EW22,8149,14611
2026-06,WEEKENDS/HOLIDAY,15,TRAIN,EW4,5952,6106
2026-06,WEEKDAY,9,TRAIN,PW2,173,336
2026-06,WEEKENDS/HOLIDAY,13,TRAIN,PE2,2677,2430
2026-06,WEEKDAY,15,TRAIN,EW3,14915,15508
2026-06,WEEKDAY,9,TRAIN,NE12/CC13,88233,36628
2026-06,WEEKENDS/HOLIDAY,22,TRAIN,EW29,2184,3560
2026-06,WEEKENDS/HOLIDAY,17,TRAIN,TE8,5804,5860
2026-06,WEEKDAY,20,TRAIN,CC21,14137,8760
2026-06,WEEKENDS/HOLIDAY,12,TRAIN,NE10,8707,5779
2026-06,WEEKDAY,19,TRAIN,NS15,31698,25368
2026-06,WEEKENDS/HOLIDAY,21,TRAIN,NE14,5324,17575
2026-06,WEEKDAY,5,TRAIN,DT3,659,78
2026-06,WEEKDAY,11,TRAIN,NS25/EW13,22537,64149
2026-06,WEEKDAY,0,TRAIN,DT2,1,355
2026-06,WEEKDAY,14,TRAIN,NE12/CC13,51016,49694
2026-06,WEEKDAY,20,TRAIN,TE22,8943,4229
2026-06,WEEKDAY,6,TRAIN,TE8,4103,3499
2026-06,WEEKDAY,11,TRAIN,NS28,1653,2882
2026-06,WEEKENDS/HOLIDAY,13,TRAIN,SW1,1062,597
2026-06,WEEKENDS/HOLIDAY,23,TRAIN,SW6,71,659
2026-06,WEEKDAY,20,TRAIN,DT23,4363,3456
2026-06,WEEKENDS/HOLIDAY,17,TRAIN,NS13,22519,31846
2026-06,WEEKENDS/HOLIDAY,14,TRAIN,CC11,6928,5073
2026-06,WEEKDAY,20,TRAIN,NE5,25416,10349
2026-06,WEEKDAY,11,TRAIN,NE7/DT12,26352,30013
2026-06,WEEKDAY,21,TRAIN,TE1,9807,3701
2026-06,WEEKENDS/HOLIDAY,10,TRAIN,CC24,1636,3420
2026-06,WEEKDAY,0,TRAIN,TE23,18,182
2026-06,WEEKDAY,9,TRAIN,BP13,1880,671
2026-06,WEEKENDS/HOLIDAY,12,TRAIN,NS15,6612,3681
2026-06,WEEKDAY,13,TRAIN,PE4,1508,1635
2026-06,WEEKDAY,16,TRAIN,NS21/DT11,55374,57127
2026-06,WEEKENDS/HOLIDAY,21,TRAIN,NS24/NE6/CC1,21111,6688
2026-06,WEEKDAY,0,TRAIN,TE12,17,47
2026-06,WEEKENDS/HOLIDAY,14,TRAIN,NS21/DT11,25591,26480
2026-06,WEEKDAY,17,TRAIN,DT5,21340,28313
2026-06,WEEKENDS/HOLIDAY,0,TRAIN,EW26,75,2144
2026-06,WEEKDAY,5,TRAIN,PE2,2289,155
2026-06,WEEKENDS/HOLIDAY,15,TRAIN,EW28,10124,8838
2026-06,WEEKENDS/HOLIDAY,19,TRAIN,DT6,1848,2480
2026-06,WEEKENDS/HOLIDAY,20,TRAIN,NE8,26181,18180
2026-06,WEEKDAY,9,TRAIN,DT24,9702,6814
2026-06,WEEKENDS/HOLIDAY,13,TRAIN,EW21/CC22,12212,10256
2026-06,WEEKENDS/HOLIDAY,19,TRAIN,EW4,5980,8106
2026-06,WEEKENDS/HOLIDAY,20,TRAIN,NS27/CE2/TE20,1738,2244
2026-06,WEEKENDS/HOLIDAY,7,TRAIN,CC7,1933,1300
2026-06,WEEKDAY,18,TRAIN,CC7,9531,16149
2026-06,WEEKDAY,6,TRAIN,DT25,5214,2683
2026-06,WEEKDAY,8,TRAIN,EW8/CC9,52186,102763
2026-06,WEEKDAY,11,TRAIN,CC28,3890,2043
2026-06,WEEKENDS/HOLIDAY,9,TRAIN,BP8,753,793
2026-06,WEEKDAY,22,TRAIN,NS13,22637,60617
2026-06,WEEKDAY,20,TRAIN,NS21/DT11,52017,57932
2026-06,WEEKDAY,19,TRAIN,EW22,9427,11975
2026-06,WEEKDAY,9,TRAIN,PW1,1277,4103
2026-06,WEEKDAY,20,TRAIN,CC12,3992,11996
2026-06,WEEKENDS/HOLIDAY,21,TRAIN,EW4,2726,7935
2026-06,WEEKENDS/HOLIDAY,16,TRAIN,TE4,2955,2133
2026-06,WEEKENDS/HOLIDAY,12,TRAIN,CC10/DT26,8136,5955
2026-06,WEEKDAY,16,TRAIN,NS13,40994,62117
2026-06,WEEKDAY,19,TRAIN,CC10/DT26,25226,30013
2026-06,WEEKDAY,14,TRAIN,NS25/EW13,47637,44881
2026-06,WEEKENDS/HOLIDAY,11,TRAIN,EW15,7002,12683
2026-06,WEEKDAY,19,TRAIN,NE10,19438,29972
2026-06,WEEKDAY,17,TRAIN,TE8,16646,16293
2026-06,WEEKENDS/HOLIDAY,22,TRAIN,PE2,374,2933
2026-06,WEEKENDS/HOLIDAY,16,TRAIN,TE22,3022,6879
2026-06,WEEKENDS/HOLIDAY,22,TRAIN,TE14/NS22,27218,5283
2026-06,WEEKDAY,11,TRAIN,DT13,8091,13114
2026-06,WEEKDAY,10,TRAIN,EW8/CC9,23608,49113
2026-06,WEEKENDS/HOLIDAY,11,TRAIN,NS20,15945,19694
2026-06,WEEKDAY,6,TRAIN,BP4,3993,583
2026-06,WEEKDAY,23,TRAIN,PW5,150,1829
2026-06,WEEKENDS/HOLIDAY,23,TRAIN,NS19,2079,7814
2026-06,WEEKENDS/HOLIDAY,7,TRAIN,DT25,2095,957
2026-06,WEEKDAY,11,TRAIN,PW2,210,172
2026-06,WEEKDAY,7,TRAIN,NS5,113307,31388
2026-06,WEEKENDS/HOLIDAY,8,TRAIN,CC10/DT26,6496,5255
2026-06,WEEKENDS/HOLIDAY,23,TRAIN,EW21/CC22,3451,2099
2026-06,WEEKDAY,22,TRAIN,EW24/NS1,49460,22405
2026-06,WEEKENDS/HOLIDAY,19,TRAIN,DT8,1229,1805
2026-06,WEEKENDS/HOLIDAY,9,TRAIN,SW2,2215,1522
2026-06,WEEKENDS/HOLIDAY,16,TRAIN,NS5,11340,13156
2026-06,WEEKDAY,6,TRAIN,NE16/STC,46103,19507
2026-06,WEEKENDS/HOLIDAY,7,TRAIN,BP6/DT1,13687,8004
2026-06,WEEKDAY,13,TRAIN,NS27/CE2/TE20,3616,7860
2026-06,WEEKENDS/HOLIDAY,21,TRAIN,NS11,8207,22823
2026-06,WEEKENDS/HOLIDAY,6,TRAIN,DT6,458,597
2026-06,WEEKENDS/HOLIDAY,16,TRAIN,DT33,6607,6044
2026-06,WEEKENDS/HOLIDAY,9,TRAIN,EW29,2750,2976
2026-06,WEEKDAY,22,TRAIN,NS24/NE6/CC1,36850,9209
2026-06,WEEKENDS/HOLIDAY,20,TRAIN,NS11,10373,22893
2026-06,WEEKENDS/HOLIDAY,22,TRAIN,DT13,2719,3127
2026-06,WEEKENDS/HOLIDAY,20,TRAIN,BP6/DT1,10343,19503
2026-06,WEEKENDS/HOLIDAY,6,TRAIN,CC17/TE9,1763,1386
2026-06,WEEKDAY,12,TRAIN,NS19,41403,33661
2026-06,WEEKDAY,16,TRAIN,NE11,16930,15687
2026-06,WEEKDAY,19,TRAIN,EW31,12360,5254
2026-06,WEEKDAY,23,TRAIN,TE26,1967,2335
2026-06,WEEKENDS/HOLIDAY,8,TRAIN,NS16,19395,13160
2026-06,WEEKDAY,8,TRAIN,DT13,10183,19928
2026-06,WEEKENDS/HOLIDAY,22,TRAIN,BP4,129,750
2026-06,WEEKENDS/HOLIDAY,13,TRAIN,CC11,7329,5861
2026-06,WEEKENDS/HOLIDAY,6,TRAIN,CC10/DT26,3907,1319
2026-06,WEEKDAY,22,TRAIN,EW11,12831,14329
2026-06,WEEKDAY,13,TRAIN,NE15,20413,17610
2026-06,WEEKENDS/HOLIDAY,7,TRAIN,NS24/NE6/CC1,2013,5208
2026-06,WEEKDAY,0,TRAIN,EW28,28,3578
2026-06,WEEKENDS/HOLIDAY,0,TRAIN,TE15,49,127
2026-06,WEEKDAY,15,TRAIN,NS5,18652,22542
2026-06,WEEKDAY,22,TRAIN,CC4/DT15,23517,2853
2026-06,WEEKDAY,22,TRAIN,CC6,9862,1094
2026-06,WEEKDAY,20,TRAIN,SW8,426,2241
2026-06,WEEKDAY,10,TRAIN,PW4,3717,2603
2026-06,WEEKDAY,21,TRAIN,NE14,13270,45121
2026-06,WEEKDAY,0,TRAIN,SE3,33,576
2026-06,WEEKENDS/HOLIDAY,13,TRAIN,CC6,5171,6788
2026-06,WEEKDAY,22,TRAIN,NS20,15755,7303
2026-06,WEEKDAY,0,TRAIN,EW18,59,432
2026-06,WEEKDAY,10,TRAIN,BP12,2949,1107
2026-06,WEEKDAY,12,TRAIN,NS9/TE2,49693,51584
2026-06,WEEKENDS/HOLIDAY,16,TRAIN,TE7,3239,2266
2026-06,WEEKDAY,19,TRAIN,DT31,7288,24527
2026-06,WEEKDAY,20,TRAIN,CC26,7279,3854
2026-06,WEEKENDS/HOLIDAY,10,TRAIN,TE1,1901,844
2026-06,WEEKDAY,7,TRAIN,EW15,9825,71094
2026-06,WEEKDAY,23,TRAIN,TE15,1665,1536
2026-06,WEEKDAY,7,TRAIN,NE13,43809,19698
2026-06,WEEKDAY,22,TRAIN,BP11,634,3329
2026-06,WEEKENDS/HOLIDAY,7,TRAIN,NS23,1656,5997
2026-06,WEEKDAY,17,TRAIN,EW22,28915,14206
2026-06,WEEKENDS/HOLIDAY,9,TRAIN,CC20,2752,1946
2026-06,WEEKENDS/HOLIDAY,16,TRAIN,TE6,4542,5007
2026-06,WEEKENDS/HOLIDAY,19,TRAIN,SW8,361,672
2026-06,WEEKENDS/HOLIDAY,20,TRAIN,DT8,742,1435
2026-06,WEEKENDS/HOLIDAY,16,TRAIN,NS4/BP1,16417,18537
2026-06,WEEKDAY,6,TRAIN,EW24/NS1,30391,72475
2026-06,WEEKENDS/HOLIDAY,0,TRAIN,CC25,9,103
2026-06,WEEKDAY,9,TRAIN,DT13,7744,15291
2026-06,WEEKENDS/HOLIDAY,11,TRAIN,EW25,6823,5125
2026-06,WEEKDAY,17,TRAIN,BP3,3931,6527
2026-06,WEEKENDS/HOLIDAY,0,TRAIN,EW3,46,943
2026-06,WEEKDAY,7,TRAIN,PE2,16643,3042
2026-06,WEEKDAY,13,TRAIN,TE13,4168,5703
2026-06,WEEKENDS/HOLIDAY,19,TRAIN,NS15,5443,5954
2026-06,WEEKENDS/HOLIDAY,0,TRAIN,TE13,12,66
2026-06,WEEKDAY,15,TRAIN,DT10,3624,2497
2026-06,WEEKENDS/HOLIDAY,6,TRAIN,BP5,419,238
2026-06,WEEKDAY,9,TRAIN,NS8,31829,12765
2026-06,WEEKENDS/HOLIDAY,15,TRAIN,TE11,1498,1722
2026-06,WEEKDAY,19,TRAIN,SW8,793,2896
2026-06,WEEKENDS/HOLIDAY,0,TRAIN,EW9,160,714
2026-06,WEEKDAY,0,TRAIN,EW17,58,861
2026-06,WEEKENDS/HOLIDAY,19,TRAIN,CC8,3060,3594
2026-06,WEEKENDS/HOLIDAY,21,TRAIN,EW6,1954,6020
2026-06,WEEKENDS/HOLIDAY,14,TRAIN,EW32,2101,1236
2026-06,WEEKDAY,15,TRAIN,DT7,4771,4178
2026-06,WEEKDAY,22,TRAIN,NS16,18166,50351
2026-06,WEEKENDS/HOLIDAY,9,TRAIN,NE14,18525,6567
2026-06,WEEKENDS/HOLIDAY,15,TRAIN,BP2,1058,940
2026-06,WEEKENDS/HOLIDAY,20,TRAIN,EW6,2606,6007
2026-06,WEEKDAY,14,TRAIN,TE1,5309,4149
2026-06,WEEKDAY,23,TRAIN,PE7,160,2257
2026-06,WEEKENDS/HOLIDAY,7,TRAIN,NS3,7874,4895
2026-06,WEEKENDS/HOLIDAY,13,TRAIN,NE18,6440,6559
2026-06,WEEKENDS/HOLIDAY,0,TRAIN,PW1,11,15
2026-06,WEEKDAY,11,TRAIN,CC17/TE9,5978,3268
2026-06,WEEKENDS/HOLIDAY,22,TRAIN,EW31,477,1501
2026-06,WEEKENDS/HOLIDAY,6,TRAIN,BP13,373,97
2026-06,WEEKDAY,8,TRAIN,BP12,8213,2317
2026-06,WEEKENDS/HOLIDAY,7,TRAIN,CC23,672,2260
2026-06,WEEKENDS/HOLIDAY,15,TRAIN,EW19,6080,6992
2026-06,WEEKDAY,21,TRAIN,NS25/EW13,87863,11812
2026-06,WEEKENDS/HOLIDAY,11,TRAIN,EW2/DT32,25126,21391
2026-06,WEEKENDS/HOLIDAY,6,TRAIN,DT7,285,512
2026-06,WEEKDAY,8,TRAIN,NS13,139359,47579
2026-06,WEEKDAY,18,TRAIN,NS5,37129,97341
2026-06,WEEKDAY,14,TRAIN,DT6,6438,5175
2026-06,WEEKENDS/HOLIDAY,11,TRAIN,TE14/NS22,24319,56595
2026-06,WEEKDAY,17,TRAIN,EW16/NE3/TE17,131290,26547
2026-06,WEEKDAY,11,TRAIN,TE15,7369,10354
2026-06,WEEKDAY,7,TRAIN,SW5,13602,2789
2026-06,WEEKENDS/HOLIDAY,19,TRAIN,CC11,7985,5820
2026-06,WEEKENDS/HOLIDAY,23,TRAIN,PE7,68,1074
2026-06,WEEKENDS/HOLIDAY,9,TRAIN,BP2,1524,635
2026-06,WEEKENDS/HOLIDAY,17,TRAIN,SW4,1446,1618
2026-06,WEEKENDS/HOLIDAY,6,TRAIN,PW7,531,645
2026-06,WEEKDAY,9,TRAIN,NE10,26235,19623
2026-06,WEEKDAY,9,TRAIN,TE1,4925,17416
2026-06,WEEKDAY,6,TRAIN,NS16,50151,28141
2026-06,WEEKDAY,5,TRAIN,DT10,74,80
2026-06,WEEKENDS/HOLIDAY,19,TRAIN,TE14/NS22,50115,24590
2026-06,WEEKENDS/HOLIDAY,13,TRAIN,BP4,691,701
2026-06,WEEKDAY,12,TRAIN,CC16,6129,5050
2026-06,WEEKDAY,14,TRAIN,PE2,4594,4832
2026-06,WEEKENDS/HOLIDAY,17,TRAIN,CC28,2014,1795
2026-06,WEEKENDS/HOLIDAY,10,TRAIN,TE26,5035,8304
2026-06,WEEKENDS/HOLIDAY,19,TRAIN,BP4,578,882
2026-06,WEEKDAY,20,TRAIN,NE7/DT12,33070,27745
2026-06,WEEKDAY,13,TRAIN,NS10,29877,24048
2026-06,WEEKENDS/HOLIDAY,20,TRAIN,EW12/DT14,34793,17752
2026-06,WEEKDAY,8,TRAIN,DT28,32159,39444
2026-06,WEEKENDS/HOLIDAY,17,TRAIN,BP12,1142,975
2026-06,WEEKENDS/HOLIDAY,10,TRAIN,TE27,3466,1808
2026-06,WEEKENDS/HOLIDAY,19,TRAIN,DT5,6930,8049
2026-06,WEEKDAY,6,TRAIN,DT22,11968,3873
2026-06,WEEKENDS/HOLIDAY,6,TRAIN,EW5,6852,3206
2026-06,WEEKENDS/HOLIDAY,15,TRAIN,DT31,3093,3272
2026-06,WEEKDAY,0,TRAIN,NS20,170,319
2026-06,WEEKENDS/HOLIDAY,18,TRAIN,CC21,5227,6045
2026-06,WEEKENDS/HOLIDAY,7,TRAIN,NS14,14910,6181
2026-06,WEEKDAY,5,TRAIN,CC6,299,21
2026-06,WEEKENDS/HOLIDAY,16,TRAIN,DT31,3529,3712
2026-06,WEEKDAY,16,TRAIN,EW7,12787,15174
2026-06,WEEKENDS/HOLIDAY,16,TRAIN,DT13,6399,5507
2026-06,WEEKDAY,11,TRAIN,DT6,7029,4853
2026-06,WEEKENDS/HOLIDAY,19,TRAIN,TE11,1477,1813
2026-06,WEEKDAY,6,TRAIN,EW1,36333,10909
2026-06,WEEKENDS/HOLIDAY,20,TRAIN,NS25/EW13,37977,9851
2026-06,WEEKDAY,21,TRAIN,NE9,12687,26384
2026-06,WEEKDAY,5,TRAIN,BP13,1367,156
2026-06,WEEKENDS/HOLIDAY,5,TRAIN,TE1,126,8
2026-06,WEEKENDS/HOLIDAY,18,TRAIN,NS19,17112,19183
2026-06,WEEKENDS/HOLIDAY,7,TRAIN,NE11,2609,2635
2026-06,WEEKDAY,10,TRAIN,DT13,6447,12735
2026-06,WEEKDAY,20,TRAIN,TE19,19792,2557
2026-06,WEEKENDS/HOLIDAY,18,TRAIN,PE5,2154,3127
2026-06,WEEKDAY,9,TRAIN,EW25,22655,5762
2026-06,WEEKENDS/HOLIDAY,16,TRAIN,BP6/DT1,15637,17780
2026-06,WEEKENDS/HOLIDAY,23,TRAIN,NS11,2283,12838
2026-06,WEEKDAY,17,TRAIN,PE3,7498,10174
2026-06,WEEKENDS/HOLIDAY,14,TRAIN,NS11,16551,16429
2026-06,WEEKENDS/HOLIDAY,10,TRAIN,TE18,3108,7174
2026-06,WEEKDAY,22,TRAIN,DT30,1756,12404
2026-06,WEEKENDS/HOLIDAY,19,TRAIN,EW30,2376,1555
2026-06,WEEKDAY,23,TRAIN,NE4/DT19,17019,7130
2026-06,WEEKENDS/HOLIDAY,18,TRAIN,EW21/CC22,9944,10044
2026-06,WEEKDAY,15,TRAIN,DT21,7260,6967
2026-06,WEEKENDS/HOLIDAY,21,TRAIN,CG2,13340,6796
2026-06,WEEKENDS/HOLIDAY,17,TRAIN,CC17/TE9,3241,2785
2026-06,WEEKENDS/HOLIDAY,17,TRAIN,CC21,5256,5626
2026-06,WEEKENDS/HOLIDAY,6,TRAIN,CC25,1071,2109
2026-06,WEEKDAY,21,TRAIN,BP6/DT1,23015,46782
2026-06,WEEKDAY,19,TRAIN,EW30,12963,2745
2026-06,WEEKDAY,12,TRAIN,TE27,6609,4388
2026-06,WEEKENDS/HOLIDAY,17,TRAIN,CC27,1258,843
2026-06,WEEKENDS/HOLIDAY,14,TRAIN,DT4,1098,1081
2026-06,WEEKENDS/HOLIDAY,22,TRAIN,TE5,1215,2527
2026-06,WEEKENDS/HOLIDAY,0,TRAIN,NE16/STC,241,1749
2026-06,WEEKDAY,23,TRAIN,SW8,138,784
2026-06,WEEKENDS/HOLIDAY,8,TRAIN,TE29,1458,368
2026-06,WEEKENDS/HOLIDAY,16,TRAIN,TE18,6874,4992
2026-06,WEEKENDS/HOLIDAY,21,TRAIN,PE3,858,3123
2026-06,WEEKENDS/HOLIDAY,6,TRAIN,BP10,1053,256
2026-06,WEEKDAY,17,TRAIN,PE5,6161,9135
2026-06,WEEKDAY,19,TRAIN,NS5,20366,77508
2026-06,WEEKENDS/HOLIDAY,8,TRAIN,TE12,782,1718
2026-06,WEEKENDS/HOLIDAY,22,TRAIN,PW2,48,5
2026-06,WEEKDAY,6,TRAIN,EW14/NS26,2331,37330
2026-06,WEEKENDS/HOLIDAY,14,TRAIN,EW17,10900,11205
2026-06,WEEKENDS/HOLIDAY,5,TRAIN,EW18,305,87
2026-06,WEEKDAY,11,TRAIN,NE12/CC13,46134,44953
2026-06,WEEKDAY,10,TRAIN,DT8,3698,3039
2026-06,WEEKENDS/HOLIDAY,15,TRAIN,TE24,1353,1556
2026-06,WEEKDAY,17,TRAIN,DT22,10468,16179
2026-06,WEEKDAY,7,TRAIN,DT6,9116,13047
2026-06,WEEKDAY,7,TRAIN,NS10,153553,53591
2026-06,WEEKDAY,7,TRAIN,NS27/CE2/TE20,1357,7805
2026-06,WEEKENDS/HOLIDAY,18,TRAIN,DT13,7234,5714
2026-06,WEEKENDS/HOLIDAY,6,TRAIN,CC8,1003,514
2026-06,WEEKDAY,21,TRAIN,NS23,68392,16217
2026-06,WEEKDAY,15,TRAIN,EW25,8298,8890
2026-06,WEEKDAY,22,TRAIN,NE14,7789,36623
2026-06,WEEKENDS/HOLIDAY,6,TRAIN,TE22,39,728
2026-06,WEEKDAY,21,TRAIN,NS3,9807,24273
2026-06,WEEKENDS/HOLIDAY,13,TRAIN,SE1,1988,1873
2026-06,WEEKDAY,0,TRAIN,SW7,27,332
2026-06,WEEKENDS/HOLIDAY,11,TRAIN,EW14/NS26,8004,11976
2026-06,WEEKENDS/HOLIDAY,6,TRAIN,EW12/DT14,4137,4502
2026-06,WEEKDAY,7,TRAIN,CC2,816,4696
2026-06,WEEKENDS/HOLIDAY,20,TRAIN,NE17/PTC,18780,21677
2026-06,WEEKENDS/HOLIDAY,11,TRAIN,EW30,894,454
2026-06,WEEKDAY,10,TRAIN,DT33,19209,4541
2026-06,WEEKENDS/HOLIDAY,7,TRAIN,CC28,1142,798
2026-06,WEEKDAY,20,TRAIN,NS20,46934,17118
2026-06,WEEKDAY,10,TRAIN,CC4/DT15,6151,29555
2026-06,WEEKENDS/HOLIDAY,14,TRAIN,DT3,3128,2472
2026-06,WEEKDAY,7,TRAIN,PE7,11523,1906
2026-06,WEEKENDS/HOLIDAY,19,TRAIN,EW5,12926,17258
2026-06,WEEKENDS/HOLIDAY,11,TRAIN,PE1,2178,1224
2026-06,WEEKENDS/HOLIDAY,15,TRAIN,SE3,1083,1245
2026-06,WEEKENDS/HOLIDAY,15,TRAIN,CC27,1062,747
2026-06,WEEKDAY,8,TRAIN,EW31,3397,23573
2026-06,WEEKENDS/HOLIDAY,22,TRAIN,EW16/NE3/TE17,6070,5394
2026-06,WEEKENDS/HOLIDAY,14,TRAIN,NE17/PTC,23693,22384
2026-06,WEEKENDS/HOLIDAY,15,TRAIN,TE8,5993,4493
2026-06,WEEKENDS/HOLIDAY,21,TRAIN,PW4,1361,1644
2026-06,WEEKENDS/HOLIDAY,19,TRAIN,NS28,2701,664
2026-06,WEEKDAY,8,TRAIN,NE16/STC,136499,28769
2026-06,WEEKDAY,12,TRAIN,TE15,8960,12938
2026-06,WEEKENDS/HOLIDAY,6,TRAIN,BP8,435,341
2026-06,WEEKENDS/HOLIDAY,23,TRAIN,SW7,42,501
2026-06,WEEKDAY,11,TRAIN,DT34,5059,2966
2026-06,WEEKENDS/HOLIDAY,17,TRAIN,NS3,9284,10414
2026-06,WEEKDAY,7,TRAIN,SE1,12341,4973
2026-06,WEEKDAY,8,TRAIN,NS21/DT11,119013,127668
2026-06,WEEKDAY,20,TRAIN,CG1/DT35,25407,4813
2026-06,WEEKDAY,15,TRAIN,NS9/TE2,42243,54569
2026-06,WEEKDAY,18,TRAIN,EW10,18745,35330
2026-06,WEEKDAY,12,TRAIN,TE25,3021,2644
2026-06,WEEKDAY,23,TRAIN,NS9/TE2,11146,32178
2026-06,WEEKDAY,21,TRAIN,CE1/DT16,79839,21517
2026-06,WEEKDAY,16,TRAIN,CC19/DT9,6907,6345
2026-06,WEEKDAY,6,TRAIN,CC7,5455,2213
2026-06,WEEKDAY,23,TRAIN,NS4/BP1,6165,16338
2026-06,WEEKDAY,23,TRAIN,DT3,435,3059
2026-06,WEEKENDS/HOLIDAY,16,TRAIN,NE5,6360,7166
2026-06,WEEKENDS/HOLIDAY,22,TRAIN,NE9,3396,8401
2026-06,WEEKDAY,6,TRAIN,DT4,1724,261
2026-06,WEEKENDS/HOLIDAY,5,TRAIN,DT3,155,3
2026-06,WEEKDAY,0,TRAIN,DT21,258,349
2026-06,WEEKENDS/HOLIDAY,6,TRAIN,EW6,2088,701
2026-06,WEEKENDS/HOLIDAY,21,TRAIN,TE15,5200,2596
2026-06,WEEKENDS/HOLIDAY,0,TRAIN,EW33,0,254
2026-06,WEEKENDS/HOLIDAY,22,TRAIN,TE8,2724,2619
2026-06,WEEKDAY,17,TRAIN,CC24,97518,10819
2026-06,WEEKDAY,20,TRAIN,EW16/NE3/TE17,38847,18865
2026-06,WEEKDAY,16,TRAIN,CC11,27925,9521
2026-06,WEEKENDS/HOLIDAY,15,TRAIN,BP3,1503,1666
2026-06,WEEKDAY,6,TRAIN,NE17/PTC,38375,11931
2026-06,WEEKDAY,9,TRAIN,SW3,3505,1015
2026-06,WEEKDAY,23,TRAIN,NE11,2187,4232
2026-06,WEEKDAY,9,TRAIN,NS3,29410,12663
2026-06,WEEKDAY,20,TRAIN,SW7,574,3455
2026-06,WEEKDAY,14,TRAIN,DT31,5532,6263
2026-06,WEEKDAY,18,TRAIN,NS3,22815,63850
2026-06,WEEKENDS/HOLIDAY,11,TRAIN,SW7,740,504
2026-06,WEEKDAY,5,TRAIN,CE1/DT16,1218,0
2026-06,WEEKENDS/HOLIDAY,19,TRAIN,TE3,3578,5564
2026-06,WEEKENDS/HOLIDAY,20,TRAIN,TE18,6186,3419
2026-06,WEEKENDS/HOLIDAY,5,TRAIN,TE12,4,0
2026-06,WEEKDAY,8,TRAIN,BP11,9692,1716
2026-06,WEEKDAY,17,TRAIN,CC12,10139,12626
2026-06,WEEKDAY,17,TRAIN,NS10,64696,61504
2026-06,WEEKENDS/HOLIDAY,19,TRAIN,DT34,2123,2440
2026-06,WEEKDAY,5,TRAIN,NE15,5976,239
2026-06,WEEKDAY,16,TRAIN,EW17,23308,27120
2026-06,WEEKENDS/HOLIDAY,13,TRAIN,CC21,5472,5447
2026-06,WEEKENDS/HOLIDAY,11,TRAIN,DT4,1484,661
2026-06,WEEKENDS/HOLIDAY,5,TRAIN,NS15,904,352
2026-06,WEEKENDS/HOLIDAY,16,TRAIN,EW28,11760,10273
2026-06,WEEKENDS/HOLIDAY,15,TRAIN,EW9,11140,10684
2026-06,WEEKDAY,21,TRAIN,PE6,4334,6661
2026-06,WEEKENDS/HOLIDAY,6,TRAIN,TE8,443,590
2026-06,WEEKDAY,11,TRAIN,PW1,1367,2906
2026-06,WEEKENDS/HOLIDAY,22,TRAIN,NS13,10718,25031
2026-06,WEEKDAY,15,TRAIN,EW23,37633,37216
2026-06,WEEKENDS/HOLIDAY,9,TRAIN,CC26,1172,1565
2026-06,WEEKENDS/HOLIDAY,0,TRAIN,TE11,27,144
2026-06,WEEKDAY,5,TRAIN,SE4,1586,144
2026-06,WEEKENDS/HOLIDAY,6,TRAIN,DT10,674,896
2026-06,WEEKDAY,18,TRAIN,NE1/CC29,150950,89834
2026-06,WEEKENDS/HOLIDAY,22,TRAIN,TE12,1001,454
2026-06,WEEKENDS/HOLIDAY,0,TRAIN,DT2,4,130
2026-06,WEEKDAY,21,TRAIN,EW24/NS1,100253,31349
2026-06,WEEKDAY,21,TRAIN,SW4,991,3976
2026-06,WEEKENDS/HOLIDAY,8,TRAIN,DT17,754,2559
2026-06,WEEKENDS/HOLIDAY,8,TRAIN,EW19,6713,4055
2026-06,WEEKENDS/HOLIDAY,19,TRAIN,PE2,1629,3277
2026-06,WEEKENDS/HOLIDAY,14,TRAIN,DT8,1361,1484
2026-06,WEEKENDS/HOLIDAY,12,TRAIN,EW6,5683,4240
2026-06,WEEKENDS/HOLIDAY,11,TRAIN,NS28,884,2773
2026-06,WEEKDAY,15,TRAIN,TE14/NS22,74294,68627
2026-06,WEEKDAY,10,TRAIN,SW6,2525,1155
2026-06,WEEKENDS/HOLIDAY,10,TRAIN,PE6,4173,2866
2026-06,WEEKDAY,12,TRAIN,SW7,1603,1425
2026-06,WEEKDAY,17,TRAIN,CC8,9173,10689
2026-06,WEEKENDS/HOLIDAY,6,TRAIN,NS27/CE2/TE20,436,579
2026-06,WEEKDAY,10,TRAIN,EW3,18071,10101
2026-06,WEEKENDS/HOLIDAY,12,TRAIN,PE6,4484,3166
2026-06,WEEKDAY,13,TRAIN,EW20,10625,10419
2026-06,WEEKENDS/HOLIDAY,19,TRAIN,DT23,1535,1392
2026-06,WEEKDAY,10,TRAIN,SE4,4935,2742
2026-06,WEEKDAY,15,TRAIN,NS4/BP1,29782,36788
2026-06,WEEKENDS/HOLIDAY,17,TRAIN,DT30,4470,4336
2026-06,WEEKENDS/HOLIDAY,14,TRAIN,TE8,6213,4970
2026-06,WEEKDAY,9,TRAIN,TE4,5368,6077
2026-06,WEEKDAY,20,TRAIN,NE16/STC,32745,73837
2026-06,WEEKENDS/HOLIDAY,12,TRAIN,TE18,5968,8479
2026-06,WEEKDAY,0,TRAIN,TE26,89,489
2026-06,WEEKDAY,21,TRAIN,DT4,527,3135
2026-06,WEEKDAY,18,TRAIN,CC14,17871,17089
2026-06,WEEKDAY,0,TRAIN,NS15,327,1144
2026-06,WEEKDAY,10,TRAIN,DT30,10568,2519
2026-06,WEEKDAY,11,TRAIN,DT31,7210,4216
2026-06,WEEKENDS/HOLIDAY,0,TRAIN,NE15,53,894
2026-06,WEEKDAY,19,TRAIN,SW5,5597,15158
2026-06,WEEKENDS/HOLIDAY,20,TRAIN,TE26,7444,3905
2026-06,WEEKENDS/HOLIDAY,9,TRAIN,NE8,7848,13701
2026-06,WEEKENDS/HOLIDAY,8,TRAIN,DT6,2202,2371
2026-06,WEEKENDS/HOLIDAY,0,TRAIN,CC4/DT15,111,73
2026-06,WEEKENDS/HOLIDAY,5,TRAIN,NS2,2343,426
2026-06,WEEKDAY,22,TRAIN,DT22,9706,9739
2026-06,WEEKENDS/HOLIDAY,5,TRAIN,CG1/DT35,161,31
2026-06,WEEKDAY,0,TRAIN,CC12,36,461
2026-06,WEEKDAY,5,TRAIN,CC20,562,285
2026-06,WEEKDAY,14,TRAIN,EW6,7844,9034
2026-06,WEEKDAY,13,TRAIN,NE4/DT19,80054,59758
2026-06,WEEKDAY,15,TRAIN,CC27,5327,2419
2026-06,WEEKDAY,0,TRAIN,SW8,4,128
2026-06,WEEKDAY,20,TRAIN,PE3,3036,9867
2026-06,WEEKENDS/HOLIDAY,19,TRAIN,NS4/BP1,14840,22127
2026-06,WEEKENDS/HOLIDAY,9,TRAIN,SE2,3529,1452
2026-06,WEEKDAY,19,TRAIN,DT27,15724,16112
2026-06,WEEKDAY,0,TRAIN,EW15,222,229
2026-06,WEEKDAY,10,TRAIN,EW18,16719,13057
2026-06,WEEKDAY,7,TRAIN,NE10,26818,26502
2026-06,WEEKDAY,16,TRAIN,CC17/TE9,8527,6615
2026-06,WEEKDAY,11,TRAIN,DT22,7667,8494
2026-06,WEEKDAY,8,TRAIN,TE1,9822,35677
2026-06,WEEKDAY,5,TRAIN,SE5,1079,298
2026-06,WEEKENDS/HOLIDAY,14,TRAIN,EW22,2451,2501
2026-06,WEEKDAY,21,TRAIN,BP11,993,4268
2026-06,WEEKDAY,13,TRAIN,NS2,23065,22461
2026-06,WEEKENDS/HOLIDAY,12,TRAIN,EW28,13820,6673
2026-06,WEEKENDS/HOLIDAY,18,TRAIN,EW1,13107,18544
2026-06,WEEKDAY,19,TRAIN,SE4,2865,9337
2026-06,WEEKDAY,7,TRAIN,EW33,20395,17567
2026-06,WEEKENDS/HOLIDAY,15,TRAIN,SW4,1116,1279
2026-06,WEEKDAY,13,TRAIN,NE16/STC,44484,41598
2026-06,WEEKENDS/HOLIDAY,19,TRAIN,EW6,3929,6481
2026-06,WEEKENDS/HOLIDAY,9,TRAIN,DT25,1747,1145
2026-06,WEEKENDS/HOLIDAY,9,TRAIN,NS3,11062,6455
2026-06,WEEKENDS/HOLIDAY,17,TRAIN,TE12,2363,1693
2026-06,WEEKDAY,22,TRAIN,EW17,10232,24494
2026-06,WEEKENDS/HOLIDAY,10,TRAIN,EW10,5956,5188
2026-06,WEEKDAY,0,TRAIN,PE3,42,668
2026-06,WEEKENDS/HOLIDAY,13,TRAIN,TE3,5090,3672
2026-06,WEEKDAY,6,TRAIN,SW5,8208,1360
2026-06,WEEKENDS/HOLIDAY,23,TRAIN,TE13,733,458
2026-06,WEEKENDS/HOLIDAY,21,TRAIN,CC2,1012,954
2026-06,WEEKENDS/HOLIDAY,19,TRAIN,TE27,2205,3150
2026-06,WEEKDAY,20,TRAIN,EW8/CC9,63598,40446
2026-06,WEEKENDS/HOLIDAY,8,TRAIN,EW3,7716,3618
2026-06,WEEKDAY,15,TRAIN,EW6,7674,9940
2026-06,WEEKDAY,16,TRAIN,CG2,30767,17558
2026-06,WEEKDAY,22,TRAIN,TE3,3034,11776
2026-06,WEEKENDS/HOLIDAY,21,TRAIN,BP9,272,737
2026-06,WEEKDAY,18,TRAIN,NS20,136817,53198
2026-06,WEEKDAY,22,TRAIN,TE7,1310,5408
2026-06,WEEKDAY,19,TRAIN,DT5,19045,35601
2026-06,WEEKENDS/HOLIDAY,13,TRAIN,CG2,12237,14062
2026-06,WEEKENDS/HOLIDAY,23,TRAIN,TE11,392,934
2026-06,WEEKENDS/HOLIDAY,18,TRAIN,SE5,1270,1523
2026-06,WEEKDAY,9,TRAIN,NS15,19617,33495
2026-06,WEEKDAY,16,TRAIN,EW22,16970,7410
2026-06,WEEKDAY,17,TRAIN,BP12,3136,3483
2026-06,WEEKENDS/HOLIDAY,0,TRAIN,CC28,1,42
2026-06,WEEKENDS/HOLIDAY,21,TRAIN,TE28,1018,2141
2026-06,WEEKDAY,5,TRAIN,DT25,748,373
2026-06,WEEKDAY,18,TRAIN,NS27/CE2/TE20,40751,5314
2026-06,WEEKDAY,15,TRAIN,TE22,2186,5069
2026-06,WEEKDAY,12,TRAIN,EW18,16736,13919
2026-06,WEEKDAY,12,TRAIN,CC25,4849,3341
2026-06,WEEKDAY,12,TRAIN,CC19/DT9,6567,6016
2026-06,WEEKDAY,13,TRAIN,CC10/DT26,13898,15927
2026-06,WEEKENDS/HOLIDAY,10,TRAIN,CC10/DT26,7738,5321
2026-06,WEEKDAY,12,TRAIN,EW11,16572,16514
2026-06,WEEKDAY,12,TRAIN,EW25,9579,6018
2026-06,WEEKENDS/HOLIDAY,11,TRAIN,TE3,4914,3130
2026-06,WEEKDAY,10,TRAIN,NS24/NE6/CC1,14820,32967
2026-06,WEEKDAY,14,TRAIN,CC2,3193,4120
2026-06,WEEKENDS/HOLIDAY,5,TRAIN,EW2/DT32,2592,387
2026-06,WEEKENDS/HOLIDAY,23,TRAIN,NS16,2941,12233
2026-06,WEEKENDS/HOLIDAY,6,TRAIN,PW2,2,26
2026-06,WEEKENDS/HOLIDAY,8,TRAIN,TE15,1712,2079
2026-06,WEEKENDS/HOLIDAY,9,TRAIN,TE26,3742,7275
2026-06,WEEKENDS/HOLIDAY,9,TRAIN,EW15,3302,11647
2026-06,WEEKDAY,23,TRAIN,NE9,3659,9814
2026-06,WEEKENDS/HOLIDAY,6,TRAIN,NE15,4115,1017
2026-06,WEEKDAY,22,TRAIN,CC27,2711,585
2026-06,WEEKENDS/HOLIDAY,8,TRAIN,TE4,1602,1675
2026-06,WEEKDAY,13,TRAIN,CC16,4871,6022
2026-06,WEEKDAY,15,TRAIN,TE15,8587,10005
2026-06,WEEKDAY,19,TRAIN,SW2,3484,2801
2026-06,WEEKDAY,15,TRAIN,NS21/DT11,45824,48068
2026-06,WEEKENDS/HOLIDAY,18,TRAIN,CG1/DT35,13734,7319
2026-06,WEEKENDS/HOLIDAY,7,TRAIN,EW12/DT14,5854,8436
2026-06,WEEKENDS/HOLIDAY,12,TRAIN,NE11,7876,6557
2026-06,WEEKENDS/HOLIDAY,6,TRAIN,NE9,5217,3535
2026-06,WEEKDAY,17,TRAIN,TE11,6600,7210
2026-06,WEEKDAY,9,TRAIN,EW10,18504,9941
2026-06,WEEKDAY,17,TRAIN,DT25,8140,6580
2026-06,WEEKENDS/HOLIDAY,15,TRAIN,EW31,1565,527
2026-06,WEEKENDS/HOLIDAY,5,TRAIN,TE23,2,1
2026-06,WEEKDAY,6,TRAIN,EW15,3906,29006
2026-06,WEEKDAY,15,TRAIN,NS16,31903,39541
2026-06,WEEKDAY,23,TRAIN,TE25,264,865
2026-06,WEEKENDS/HOLIDAY,10,TRAIN,NS12,11746,4709
2026-06,WEEKDAY,5,TRAIN,BP5,959,335
2026-06,WEEKDAY,17,TRAIN,TE24,4489,5646
2026-06,WEEKENDS/HOLIDAY,22,TRAIN,CC6,8230,610
2026-06,WEEKDAY,18,TRAIN,TE12,12669,6220
2026-06,WEEKENDS/HOLIDAY,15,TRAIN,DT30,3345,3511
2026-06,WEEKENDS/HOLIDAY,12,TRAIN,CC6,4993,5717
2026-06,WEEKENDS/HOLIDAY,5,TRAIN,BP5,226,92
2026-06,WEEKENDS/HOLIDAY,14,TRAIN,EW30,1183,598
2026-06,WEEKDAY,8,TRAIN,PE6,14575,6332
2026-06,WEEKENDS/HOLIDAY,6,TRAIN,EW7,3620,1580
2026-06,WEEKDAY,5,TRAIN,NS16,16968,2905
2026-06,WEEKDAY,17,TRAIN,EW11,36130,23755
2026-06,WEEKDAY,5,TRAIN,EW29,1801,9644
2026-06,WEEKDAY,5,TRAIN,NS15,4485,2981
2026-06,WEEKENDS/HOLIDAY,7,TRAIN,DT31,3083,1571
2026-06,WEEKENDS/HOLIDAY,18,TRAIN,CC10/DT26,8841,8035
2026-06,WEEKENDS/HOLIDAY,11,TRAIN,SE1,2101,1486
2026-06,WEEKENDS/HOLIDAY,19,TRAIN,TE18,6481,4986
2026-06,WEEKDAY,21,TRAIN,NS10,16682,51423
2026-06,WEEKDAY,8,TRAIN,CC8,21574,7366
2026-06,WEEKENDS/HOLIDAY,20,TRAIN,NS4/BP1,12195,21782
2026-06,WEEKDAY,9,TRAIN,DT23,3921,18355
2026-06,WEEKENDS/HOLIDAY,9,TRAIN,DT28,4966,2199
2026-06,WEEKDAY,22,TRAIN,EW15,31854,6119
2026-06,WEEKENDS/HOLIDAY,13,TRAIN,CC8,3317,3025
2026-06,WEEKDAY,0,TRAIN,EW7,167,961
2026-06,WEEKENDS/HOLIDAY,12,TRAIN,EW30,1304,605
2026-06,WEEKENDS/HOLIDAY,8,TRAIN,EW27,17417,12191
2026-06,WEEKENDS/HOLIDAY,15,TRAIN,BP9,857,970
2026-06,WEEKENDS/HOLIDAY,6,TRAIN,EW32,2517,2497
2026-06,WEEKDAY,23,TRAIN,SW6,152,1550
2026-06,WEEKDAY,9,TRAIN,CC19/DT9,8194,9453
2026-06,WEEKENDS/HOLIDAY,10,TRAIN,DT20,1975,3229
2026-06,WEEKDAY,18,TRAIN,DT31,13844,36960
2026-06,WEEKDAY,14,TRAIN,CC7,3746,4638
2026-06,WEEKENDS/HOLIDAY,19,TRAIN,EW28,10247,15594
2026-06,WEEKENDS/HOLIDAY,8,TRAIN,PE5,3106,775
2026-06,WEEKENDS/HOLIDAY,16,TRAIN,SW3,741,600
2026-06,WEEKDAY,22,TRAIN,BP7,189,792
2026-06,WEEKDAY,9,TRAIN,EW33,4399,4957
2026-06,WEEKENDS/HOLIDAY,15,TRAIN,DT33,6009,6038
2026-06,WEEKENDS/HOLIDAY,10,TRAIN,EW21/CC22,10463,8697
2026-06,WEEKDAY,7,TRAIN,EW7,31309,17715
2026-06,WEEKDAY,6,TRAIN,EW30,2197,10210
2026-06,WEEKENDS/HOLIDAY,6,TRAIN,CC11,2610,3849
2026-06,WEEKDAY,22,TRAIN,PE3,1275,5655
2026-06,WEEKDAY,12,TRAIN,SE3,2957,1923
2026-06,WEEKENDS/HOLIDAY,0,TRAIN,CC20,12,87
2026-06,WEEKDAY,0,TRAIN,EW32,3,385
2026-06,WEEKENDS/HOLIDAY,23,TRAIN,EW23,3075,7768
2026-06,WEEKDAY,6,TRAIN,EW23,45907,42203
2026-06,WEEKENDS/HOLIDAY,21,TRAIN,BP5,462,709
2026-06,WEEKENDS/HOLIDAY,12,TRAIN,DT34,2659,1392
2026-06,WEEKENDS/HOLIDAY,0,TRAIN,PE6,44,263
2026-06,WEEKENDS/HOLIDAY,13,TRAIN,NS18,6351,5431
2026-06,WEEKENDS/HOLIDAY,12,TRAIN,PW5,1532,973
2026-06,WEEKENDS/HOLIDAY,14,TRAIN,NE12/CC13,29423,29002
2026-06,WEEKDAY,20,TRAIN,EW14/NS26,92186,13999
2026-06,WEEKDAY,5,TRAIN,CC10/DT26,3940,579
2026-06,WEEKDAY,0,TRAIN,DT34,6,750
2026-06,WEEKENDS/HOLIDAY,10,TRAIN,DT4,1563,456
2026-06,WEEKENDS/HOLIDAY,5,TRAIN,NS11,4857,639
2026-06,WEEKENDS/HOLIDAY,11,TRAIN,BP3,2172,1048
2026-06,WEEKENDS/HOLIDAY,11,TRAIN,DT10,2213,970
2026-06,WEEKENDS/HOLIDAY,22,TRAIN,NE12/CC13,13389,21651
2026-06,WEEKENDS/HOLIDAY,15,TRAIN,DT21,3880,3945
2026-06,WEEKDAY,23,TRAIN,EW29,983,1541
2026-06,WEEKENDS/HOLIDAY,8,TRAIN,TE6,5568,1813
2026-06,WEEKDAY,21,TRAIN,EW9,15498,32699
2026-06,WEEKDAY,17,TRAIN,TE4,17772,7136
2026-06,WEEKENDS/HOLIDAY,13,TRAIN,TE19,2032,2016
2026-06,WEEKDAY,14,TRAIN,PW7,2552,2807
2026-06,WEEKENDS/HOLIDAY,12,TRAIN,EW29,5697,3495
2026-06,WEEKDAY,18,TRAIN,BP2,2951,7574
2026-06,WEEKENDS/HOLIDAY,0,TRAIN,EW8/CC9,326,725
2026-06,WEEKDAY,15,TRAIN,NE1/CC29,51699,44690
2026-06,WEEKENDS/HOLIDAY,20,TRAIN,EW2/DT32,21496,24927
2026-06,WEEKDAY,16,TRAIN,EW24/NS1,86823,62800
2026-06,WEEKDAY,20,TRAIN,NS13,39186,81279
2026-06,WEEKENDS/HOLIDAY,7,TRAIN,NE13,6143,5179
2026-06,WEEKDAY,21,TRAIN,PW4,3009,4413
2026-06,WEEKENDS/HOLIDAY,15,TRAIN,EW17,10335,11005
2026-06,WEEKDAY,14,TRAIN,NE14,21972,21555
2026-06,WEEKENDS/HOLIDAY,14,TRAIN,PW3,333,346
2026-06,WEEKDAY,5,TRAIN,DT6,263,218
2026-06,WEEKENDS/HOLIDAY,15,TRAIN,CC7,2206,2720
2026-06,WEEKENDS/HOLIDAY,15,TRAIN,PW7,1380,1565
2026-06,WEEKENDS/HOLIDAY,0,TRAIN,NS20,74,139
2026-06,WEEKDAY,12,TRAIN,EW4,13883,8129
2026-06,WEEKENDS/HOLIDAY,19,TRAIN,CC6,10365,7899
2026-06,WEEKENDS/HOLIDAY,18,TRAIN,CC8,3751,3675
2026-06,WEEKDAY,7,TRAIN,DT8,5545,10443
2026-06,WEEKDAY,21,TRAIN,BP5,1147,1889
2026-06,WEEKENDS/HOLIDAY,12,TRAIN,DT27,4350,3203
2026-06,WEEKDAY,23,TRAIN,SW3,101,694
2026-06,WEEKDAY,7,TRAIN,BP11,15356,1344
2026-06,WEEKENDS/HOLIDAY,15,TRAIN,CC6,5662,6227
2026-06,WEEKDAY,21,TRAIN,CC3,14455,1997
2026-06,WEEKENDS/HOLIDAY,22,TRAIN,CC25,842,1508
2026-06,WEEKDAY,23,TRAIN,EW30,224,659
2026-06,WEEKDAY,8,TRAIN,DT29,32736,10597
2026-06,WEEKENDS/HOLIDAY,8,TRAIN,NS25/EW13,2968,21671
2026-06,WEEKENDS/HOLIDAY,23,TRAIN,DT33,702,5187
2026-06,WEEKDAY,6,TRAIN,EW17,24191,9000
2026-06,WEEKENDS/HOLIDAY,9,TRAIN,CC14,3060,1720
2026-06,WEEKENDS/HOLIDAY,0,TRAIN,NE11,68,91
2026-06,WEEKDAY,12,TRAIN,TE12,8009,4837
2026-06,WEEKDAY,14,TRAIN,EW2/DT32,45598,47745
2026-06,WEEKENDS/HOLIDAY,20,TRAIN,CC20,1350,2189
2026-06,WEEKDAY,12,TRAIN,NS13,43184,38827
2026-06,WEEKDAY,7,TRAIN,NE9,43653,32664
2026-06,WEEKDAY,22,TRAIN,CC8,2857,5717
2026-06,WEEKENDS/HOLIDAY,5,TRAIN,PE2,445,29
2026-06,WEEKENDS/HOLIDAY,21,TRAIN,NE8,25607,12421
2026-06,WEEKENDS/HOLIDAY,23,TRAIN,SE1,172,1178
2026-06,WEEKDAY,22,TRAIN,NE11,6798,10845
2026-06,WEEKDAY,16,TRAIN,NE18,17770,11351
2026-06,WEEKDAY,17,TRAIN,EW32,34829,4116
2026-06,WEEKENDS/HOLIDAY,20,TRAIN,DT10,869,1204
2026-06,WEEKDAY,10,TRAIN,NE5,5792,20349
2026-06,WEEKDAY,7,TRAIN,EW21/CC22,22244,53614
2026-06,WEEKDAY,18,TRAIN,PW2,352,309
2026-06,WEEKDAY,15,TRAIN,PW4,3595,4134
2026-06,WEEKDAY,7,TRAIN,EW19,36125,20110
2026-06,WEEKDAY,14,TRAIN,PE3,5710,5963
2026-06,WEEKENDS/HOLIDAY,0,TRAIN,NS3,164,1166
2026-06,WEEKENDS/HOLIDAY,10,TRAIN,NS5,14699,6688
2026-06,WEEKDAY,5,TRAIN,NE13,4171,628
2026-06,WEEKENDS/HOLIDAY,13,TRAIN,DT28,4630,3207
2026-06,WEEKENDS/HOLIDAY,0,TRAIN,PE1,24,349
2026-06,WEEKENDS/HOLIDAY,10,TRAIN,CC21,3357,5977
2026-06,WEEKDAY,20,TRAIN,EW9,16136,38605
2026-06,WEEKDAY,15,TRAIN,EW31,3183,711
2026-06,WEEKDAY,19,TRAIN,TE14/NS22,111641,67957
2026-06,WEEKENDS/HOLIDAY,12,TRAIN,EW10,5742,6109
2026-06,WEEKDAY,6,TRAIN,PE7,6047,828
2026-06,WEEKDAY,21,TRAIN,NS18,6520,23006
2026-06,WEEKENDS/HOLIDAY,0,TRAIN,NS15,123,624
2026-06,WEEKENDS/HOLIDAY,13,TRAIN,TE28,1740,1969
2026-06,WEEKDAY,17,TRAIN,DT31,12338,17133
2026-06,WEEKENDS/HOLIDAY,22,TRAIN,TE4,1610,1556
2026-06,WEEKENDS/HOLIDAY,17,TRAIN,BP9,941,1101
2026-06,WEEKENDS/HOLIDAY,17,TRAIN,CC10/DT26,9816,7949
2026-06,WEEKENDS/HOLIDAY,14,TRAIN,DT6,2369,2225
2026-06,WEEKDAY,17,TRAIN,TE16,14899,9944
2026-06,WEEKENDS/HOLIDAY,9,TRAIN,NE15,13966,4552
2026-06,WEEKENDS/HOLIDAY,9,TRAIN,SE3,1913,498
2026-06,WEEKDAY,21,TRAIN,NS8,12156,20573
2026-06,WEEKENDS/HOLIDAY,18,TRAIN,TE3,4646,4991
2026-06,WEEKDAY,18,TRAIN,NS19,87998,93369
2026-06,WEEKENDS/HOLIDAY,21,TRAIN,BP12,443,1113
2026-06,WEEKDAY,19,TRAIN,NS11,34563,106107
2026-06,WEEKDAY,11,TRAIN,EW21/CC22,20824,19176
2026-06,WEEKDAY,16,TRAIN,NS14,24695,31118
2026-06,WEEKDAY,16,TRAIN,TE1,16290,3350
2026-06,WEEKDAY,13,TRAIN,PW1,2087,3150
2026-06,WEEKENDS/HOLIDAY,5,TRAIN,SW4,261,11
2026-06,WEEKENDS/HOLIDAY,23,TRAIN,TE8,969,1240
2026-06,WEEKENDS/HOLIDAY,16,TRAIN,NE11,7474,7127
2026-06,WEEKENDS/HOLIDAY,14,TRAIN,TE27,2274,2475
2026-06,WEEKENDS/HOLIDAY,19,TRAIN,CG2,12766,9750
2026-06,WEEKENDS/HOLIDAY,18,TRAIN,NS8,9120,8515
2026-06,WEEKDAY,11,TRAIN,EW9,15661,12198
2026-06,WEEKDAY,9,TRAIN,CC3,1827,22296
2026-06,WEEKDAY,14,TRAIN,SE3,2280,2463
2026-06,WEEKDAY,6,TRAIN,NE13,19860,7457
2026-06,WEEKENDS/HOLIDAY,0,TRAIN,CC21,31,133
2026-06,WEEKDAY,9,TRAIN,EW5,48552,24993
2026-06,WEEKDAY,18,TRAIN,NS23,80943,91260
2026-06,WEEKENDS/HOLIDAY,16,TRAIN,EW33,2620,2088
2026-06,WEEKDAY,12,TRAIN,CC21,9478,14944
2026-06,WEEKENDS/HOLIDAY,17,TRAIN,BP5,985,882
2026-06,WEEKDAY,11,TRAIN,EW25,10008,5197
2026-06,WEEKDAY,7,TRAIN,CC16,12809,15035
2026-06,WEEKENDS/HOLIDAY,14,TRAIN,PW4,2316,2200
2026-06,WEEKENDS/HOLIDAY,22,TRAIN,NS10,4095,17861
2026-06,WEEKDAY,23,TRAIN,EW32,233,1201
2026-06,WEEKDAY,0,TRAIN,TE27,15,586
2026-06,WEEKDAY,12,TRAIN,BP11,3240,1999
2026-06,WEEKDAY,9,TRAIN,CC27,1337,47188
2026-06,WEEKDAY,22,TRAIN,DT25,1602,4825
2026-06,WEEKENDS/HOLIDAY,13,TRAIN,BP2,1244,1000
2026-06,WEEKENDS/HOLIDAY,21,TRAIN,DT24,928,2686
2026-06,WEEKDAY,9,TRAIN,TE5,10219,5349
2026-06,WEEKENDS/HOLIDAY,6,TRAIN,SE2,1516,140
2026-06,WEEKDAY,16,TRAIN,DT6,9926,5690
2026-06,WEEKENDS/HOLIDAY,9,TRAIN,CE1/DT16,3942,15574
2026-06,WEEKENDS/HOLIDAY,10,TRAIN,CC28,2054,1060
2026-06,WEEKDAY,15,TRAIN,NE7/DT12,24167,22109
2026-06,WEEKENDS/HOLIDAY,15,TRAIN,NS27/CE2/TE20,2177,2636
2026-06,WEEKENDS/HOLIDAY,15,TRAIN,DT27,3455,3115
2026-06,WEEKDAY,14,TRAIN,DT30,5559,5672
2026-06,WEEKDAY,14,TRAIN,EW32,2709,1691
2026-06,WEEKENDS/HOLIDAY,18,TRAIN,TE12,2467,1360
2026-06,WEEKENDS/HOLIDAY,18,TRAIN,DT18,2415,3827
2026-06,WEEKENDS/HOLIDAY,9,TRAIN,BP10,1756,932
2026-06,WEEKDAY,9,TRAIN,EW15,14103,174855
2026-06,WEEKDAY,19,TRAIN,PE5,3656,15327
2026-06,WEEKDAY,20,TRAIN,TE24,1610,4573
2026-06,WEEKDAY,18,TRAIN,NE4/DT19,121648,89056
2026-06,WEEKDAY,8,TRAIN,NS16,108911,61260
2026-06,WEEKENDS/HOLIDAY,16,TRAIN,CC16,2905,2616
2026-06,WEEKENDS/HOLIDAY,9,TRAIN,SE5,1503,534
2026-06,WEEKENDS/HOLIDAY,20,TRAIN,PW2,156,42
2026-06,WEEKENDS/HOLIDAY,14,TRAIN,NS28,4122,2337
2026-06,WEEKENDS/HOLIDAY,6,TRAIN,NS14,10392,3094
2026-06,WEEKDAY,16,TRAIN,NS3,14726,22352
2026-06,WEEKDAY,23,TRAIN,DT8,318,924
2026-06,WEEKENDS/HOLIDAY,10,TRAIN,DT33,9005,2324
2026-06,WEEKDAY,19,TRAIN,DT34,7592,11476
2026-06,WEEKDAY,16,TRAIN,BP3,3000,3778
2026-06,WEEKENDS/HOLIDAY,15,TRAIN,NE12/CC13,28572,29704
2026-06,WEEKDAY,11,TRAIN,NS19,36792,27989
2026-06,WEEKENDS/HOLIDAY,12,TRAIN,DT31,3965,2735
2026-06,WEEKENDS/HOLIDAY,7,TRAIN,EW4,5051,5653
2026-06,WEEKDAY,14,TRAIN,CC27,4232,4721
2026-06,WEEKDAY,9,TRAIN,NS13,68822,34066
2026-06,WEEKDAY,22,TRAIN,NE7/DT12,16426,11381
2026-06,WEEKDAY,9,TRAIN,EW27,45508,35510
2026-06,WEEKDAY,16,TRAIN,SE2,4055,6218
2026-06,WEEKENDS/HOLIDAY,21,TRAIN,PW3,144,620
2026-06,WEEKENDS/HOLIDAY,11,TRAIN,TE11,2169,1326
2026-06,WEEKENDS/HOLIDAY,8,TRAIN,NS13,23215,12427
2026-06,WEEKDAY,23,TRAIN,CC26,762,675
2026-06,WEEKDAY,12,TRAIN,NE9,26012,18555
2026-06,WEEKDAY,18,TRAIN,DT7,10288,11173
2026-06,WEEKDAY,11,TRAIN,CC20,4716,3178
2026-06,WEEKDAY,20,TRAIN,SW3,772,1284
2026-06,WEEKDAY,13,TRAIN,NE17/PTC,47150,43449
2026-06,WEEKDAY,10,TRAIN,PW1,754,2848
2026-06,WEEKENDS/HOLIDAY,5,TRAIN,CC26,71,26
2026-06,WEEKDAY,16,TRAIN,EW23,50645,45622
2026-06,WEEKENDS/HOLIDAY,20,TRAIN,CC3,7385,1654
2026-06,WEEKDAY,13,TRAIN,TE24,2722,2997
2026-06,WEEKDAY,23,TRAIN,DT34,1192,2186
2026-06,WEEKDAY,23,TRAIN,PW1,230,89
2026-06,WEEKDAY,20,TRAIN,NE10,12145,20046
2026-06,WEEKENDS/HOLIDAY,14,TRAIN,EW28,10416,8310
2026-06,WEEKDAY,20,TRAIN,NS5,15644,48554
2026-06,WEEKENDS/HOLIDAY,15,TRAIN,EW7,5469,7044
2026-06,WEEKDAY,6,TRAIN,NS14,56482,14037
2026-06,WEEKDAY,20,TRAIN,TE6,5081,20660
2026-06,WEEKDAY,0,TRAIN,NS16,815,5721
2026-06,WEEKENDS/HOLIDAY,10,TRAIN,NE1/CC29,9143,37676
2026-06,WEEKDAY,10,TRAIN,TE28,4470,2060
2026-06,WEEKDAY,20,TRAIN,DT4,640,3908
2026-06,WEEKDAY,17,TRAIN,EW15,120762,30853
2026-06,WEEKDAY,13,TRAIN,DT8,4259,3869
2026-06,WEEKENDS/HOLIDAY,6,TRAIN,EW17,4583,2065
2026-06,WEEKDAY,7,TRAIN,NS12,81466,21763
2026-06,WEEKENDS/HOLIDAY,10,TRAIN,PW1,612,1889
2026-06,WEEKENDS/HOLIDAY,15,TRAIN,PW3,281,337
2026-06,WEEKENDS/HOLIDAY,13,TRAIN,NS20,20843,13892
2026-06,WEEKDAY,8,TRAIN,DT7,9410,13583
2026-06,WEEKDAY,13,TRAIN,TE15,12622,10432
2026-06,WEEKDAY,13,TRAIN,TE23,2435,2566
2026-06,WEEKDAY,22,TRAIN,NE16/STC,13303,44937
2026-06,WEEKENDS/HOLIDAY,5,TRAIN,TE7,42,3
2026-06,WEEKDAY,19,TRAIN,BP13,716,2599
2026-06,WEEKDAY,17,TRAIN,DT34,16072,5853
2026-06,WEEKENDS/HOLIDAY,16,TRAIN,SE5,1135,1224
2026-06,WEEKENDS/HOLIDAY,8,TRAIN,DT4,1214,328
2026-06,WEEKENDS/HOLIDAY,11,TRAIN,BP9,1508,1065
2026-06,WEEKDAY,7,TRAIN,PE1,10501,1993
2026-06,WEEKDAY,19,TRAIN,EW20,18342,21745
2026-06,WEEKDAY,13,TRAIN,NS20,47540,51241
2026-06,WEEKDAY,9,TRAIN,CC7,7078,5280
2026-06,WEEKENDS/HOLIDAY,21,TRAIN,EW8/CC9,22739,11556
2026-06,WEEKENDS/HOLIDAY,14,TRAIN,BP4,636,714
2026-06,WEEKENDS/HOLIDAY,7,TRAIN,DT29,3370,1311
2026-06,WEEKDAY,10,TRAIN,NE12/CC13,51247,37175
2026-06,WEEKENDS/HOLIDAY,18,TRAIN,PE7,1617,2145
2026-06,WEEKENDS/HOLIDAY,17,TRAIN,PE5,2615,2662
2026-06,WEEKENDS/HOLIDAY,13,TRAIN,TE25,1436,1368
2026-06,WEEKENDS/HOLIDAY,20,TRAIN,BP4,328,961
2026-06,WEEKENDS/HOLIDAY,21,TRAIN,DT23,1232,1114
2026-06,WEEKENDS/HOLIDAY,11,TRAIN,EW4,8340,3545
2026-06,WEEKENDS/HOLIDAY,6,TRAIN,TE14/NS22,1493,7668
2026-06,WEEKDAY,5,TRAIN,DT18,30,1
2026-06,WEEKENDS/HOLIDAY,11,TRAIN,BP5,1087,872
2026-06,WEEKENDS/HOLIDAY,9,TRAIN,PW5,1766,631
2026-06,WEEKENDS/HOLIDAY,0,TRAIN,TE18,100,101
2026-06,WEEKDAY,14,TRAIN,EW7,11256,12249
2026-06,WEEKDAY,18,TRAIN,NE9,63844,51967
2026-06,WEEKDAY,16,TRAIN,CC23,25414,4542
2026-06,WEEKDAY,18,TRAIN,NS8,31110,55413
2026-06,WEEKENDS/HOLIDAY,22,TRAIN,NS2,4795,11357
2026-06,WEEKDAY,8,TRAIN,NE10,43448,34921
2026-06,WEEKDAY,0,TRAIN,NS21/DT11,1470,1617
2026-06,WEEKENDS/HOLIDAY,18,TRAIN,NE13,11703,12832
2026-06,WEEKENDS/HOLIDAY,7,TRAIN,BP13,532,167
2026-06,WEEKDAY,15,TRAIN,BP5,1781,1650
2026-06,WEEKDAY,13,TRAIN,PE1,3622,3203
2026-06,WEEKENDS/HOLIDAY,17,TRAIN,EW12/DT14,42040,35786
2026-06,WEEKENDS/HOLIDAY,5,TRAIN,NS17/CC15,608,216
2026-06,WEEKENDS/HOLIDAY,7,TRAIN,CC5,656,736
2026-06,WEEKDAY,6,TRAIN,NS12,32961,8841
2026-06,WEEKENDS/HOLIDAY,22,TRAIN,TE23,881,1081
2026-06,WEEKDAY,16,TRAIN,NE9,23467,20244
2026-06,WEEKDAY,12,TRAIN,DT27,8455,7016
2026-06,WEEKENDS/HOLIDAY,6,TRAIN,DT20,310,1122
2026-06,WEEKENDS/HOLIDAY,5,TRAIN,TE16,16,0
2026-06,WEEKDAY,9,TRAIN,BP8,1639,2054
2026-06,WEEKDAY,20,TRAIN,EW10,7183,20739
2026-06,WEEKDAY,9,TRAIN,TE13,4028,10232
2026-06,WEEKDAY,9,TRAIN,TE26,12213,13841
2026-06,WEEKENDS/HOLIDAY,18,TRAIN,DT30,4169,4532
2026-06,WEEKDAY,22,TRAIN,EW1,8820,32749
2026-06,WEEKENDS/HOLIDAY,9,TRAIN,CC17/TE9,3044,2331
2026-06,WEEKDAY,7,TRAIN,SE3,11209,1196
2026-06,WEEKENDS/HOLIDAY,16,TRAIN,PW6,724,630
2026-06,WEEKENDS/HOLIDAY,21,TRAIN,PE7,392,2162
2026-06,WEEKDAY,23,TRAIN,SE3,121,2440
2026-06,WEEKDAY,23,TRAIN,CC27,574,204
2026-06,WEEKDAY,8,TRAIN,SW7,888,1147
2026-06,WEEKENDS/HOLIDAY,12,TRAIN,EW3,8505,6395
2026-06,WEEKENDS/HOLIDAY,18,TRAIN,EW5,14741,19780
2026-06,WEEKENDS/HOLIDAY,13,TRAIN,EW19,7540,6847
2026-06,WEEKENDS/HOLIDAY,6,TRAIN,DT18,304,958
2026-06,WEEKDAY,13,TRAIN,NS16,36902,35024
2026-06,WEEKENDS/HOLIDAY,7,TRAIN,TE11,431,443
2026-06,WEEKENDS/HOLIDAY,12,TRAIN,CC27,861,914
2026-06,WEEKDAY,13,TRAIN,DT29,5595,4270
2026-06,WEEKENDS/HOLIDAY,23,TRAIN,PW1,94,37
2026-06,WEEKDAY,17,TRAIN,SW1,6073,1478
2026-06,WEEKDAY,10,TRAIN,NE8,16849,25121
2026-06,WEEKENDS/HOLIDAY,8,TRAIN,TE13,641,1155
2026-06,WEEKDAY,15,TRAIN,NE4/DT19,57688,47705
2026-06,WEEKDAY,10,TRAIN,TE14/NS22,26678,93941
2026-06,WEEKDAY,5,TRAIN,BP9,1694,868
2026-06,WEEKDAY,21,TRAIN,TE5,4635,7966
2026-06,WEEKENDS/HOLIDAY,5,TRAIN,CC7,238,32
2026-06,WEEKDAY,7,TRAIN,TE16,10605,8182
2026-06,WEEKDAY,20,TRAIN,SE5,1061,4261
2026-06,WEEKENDS/HOLIDAY,15,TRAIN,NE1/CC29,30734,31405
2026-06,WEEKENDS/HOLIDAY,5,TRAIN,TE11,13,1
2026-06,WEEKENDS/HOLIDAY,0,TRAIN,CC26,3,61
2026-06,WEEKDAY,18,TRAIN,TE8,23072,29152
2026-06,WEEKDAY,10,TRAIN,EW33,3485,2280
2026-06,WEEKDAY,11,TRAIN,TE3,11835,7313
2026-06,WEEKDAY,20,TRAIN,PE5,1961,10149
2026-06,WEEKENDS/HOLIDAY,22,TRAIN,NS9/TE2,13338,25811
2026-06,WEEKDAY,18,TRAIN,EW19,37265,49833
2026-06,WEEKDAY,10,TRAIN,EW30,1335,1611
2026-06,WEEKDAY,19,TRAIN,TE1,13808,8416
2026-06,WEEKDAY,23,TRAIN,PE6,543,2393
2026-06,WEEKDAY,17,TRAIN,EW20,30753,18814
2026-06,WEEKENDS/HOLIDAY,9,TRAIN,NS9/TE2,23815,19580
2026-06,WEEKENDS/HOLIDAY,20,TRAIN,NE12/CC13,22683,28021
2026-06,WEEKENDS/HOLIDAY,10,TRAIN,TE16,3878,3106
2026-06,WEEKDAY,8,TRAIN,DT31,38761,15923
2026-06,WEEKENDS/HOLIDAY,10,TRAIN,CC26,1183,1130
2026-06,WEEKDAY,12,TRAIN,EW17,23514,24762
2026-06,WEEKDAY,15,TRAIN,BP6/DT1,24762,30899
2026-06,WEEKENDS/HOLIDAY,5,TRAIN,NS4/BP1,2982,1186
2026-06,WEEKDAY,10,TRAIN,NS11,37751,15996
2026-06,WEEKDAY,5,TRAIN,CG2,9704,1112
2026-06,WEEKENDS/HOLIDAY,6,TRAIN,PW6,216,44
2026-06,WEEKDAY,19,TRAIN,CC16,8756,12993
2026-06,WEEKDAY,0,TRAIN,EW10,81,494
2026-06,WEEKDAY,9,TRAIN,TE29,7970,1721
2026-06,WEEKDAY,22,TRAIN,CG2,27387,10608
2026-06,WEEKENDS/HOLIDAY,5,TRAIN,DT22,171,0
2026-06,WEEKDAY,19,TRAIN,CC25,12312,9103
2026-06,WEEKENDS/HOLIDAY,17,TRAIN,DT23,1822,1576
2026-06,WEEKENDS/HOLIDAY,16,TRAIN,CC28,1810,1652
2026-06,WEEKENDS/HOLIDAY,19,TRAIN,SW6,533,1524
2026-06,WEEKDAY,11,TRAIN,CC3,3655,8667
2026-06,WEEKENDS/HOLIDAY,20,TRAIN,PW5,710,2752
2026-06,WEEKENDS/HOLIDAY,16,TRAIN,EW9,13002,11937
2026-06,WEEKDAY,21,TRAIN,EW20,7289,13083
2026-06,WEEKDAY,21,TRAIN,TE3,8938,13872
2026-06,WEEKENDS/HOLIDAY,15,TRAIN,TE23,1392,1588
2026-06,WEEKENDS/HOLIDAY,0,TRAIN,DT10,13,80
2026-06,WEEKDAY,15,TRAIN,DT24,3848,3686
2026-06,WEEKDAY,16,TRAIN,NE15,16515,26015
2026-06,WEEKENDS/HOLIDAY,21,TRAIN,NS27/CE2/TE20,1391,1481
2026-06,WEEKDAY,10,TRAIN,NS12,20436,8027
2026-06,WEEKENDS/HOLIDAY,8,TRAIN,DT8,1616,1221
2026-06,WEEKENDS/HOLIDAY,18,TRAIN,TE1,3029,2561
2026-06,WEEKENDS/HOLIDAY,10,TRAIN,PE2,3455,1167
2026-06,WEEKDAY,23,TRAIN,EW4,1493,9002
2026-06,WEEKDAY,23,TRAIN,NS24/NE6/CC1,11583,3825
2026-06,WEEKENDS/HOLIDAY,11,TRAIN,NE17/PTC,22137,19839
2026-06,WEEKENDS/HOLIDAY,13,TRAIN,TE24,1356,1463
2026-06,WEEKDAY,20,TRAIN,EW19,9596,24512
2026-06,WEEKENDS/HOLIDAY,6,TRAIN,NE18,2240,1090
2026-06,WEEKENDS/HOLIDAY,12,TRAIN,EW21/CC22,9423,8713
2026-06,WEEKDAY,11,TRAIN,NE5,7842,13657
2026-06,WEEKDAY,13,TRAIN,NE9,22297,20214
2026-06,WEEKDAY,6,TRAIN,EW10,23105,4283
2026-06,WEEKDAY,16,TRAIN,TE22,2771,6360
2026-06,WEEKENDS/HOLIDAY,18,TRAIN,TE5,3237,4232
2026-06,WEEKENDS/HOLIDAY,18,TRAIN,DT5,8375,9295
2026-06,WEEKENDS/HOLIDAY,17,TRAIN,DT21,5003,4011
2026-06,WEEKDAY,0,TRAIN,DT22,373,686
2026-06,WEEKDAY,6,TRAIN,DT17,556,14237
2026-06,WEEKENDS/HOLIDAY,0,TRAIN,PW6,3,74
2026-06,WEEKENDS/HOLIDAY,6,TRAIN,NS9/TE2,13150,9451
2026-06,WEEKENDS/HOLIDAY,12,TRAIN,EW14/NS26,10029,11186
2026-06,WEEKENDS/HOLIDAY,9,TRAIN,DT5,7694,7427
2026-06,WEEKENDS/HOLIDAY,5,TRAIN,EW6,205,29
2026-06,WEEKDAY,10,TRAIN,DT28,9752,5390
2026-06,WEEKENDS/HOLIDAY,12,TRAIN,CC3,3617,6725
2026-06,WEEKDAY,8,TRAIN,PE7,9816,2429
2026-06,WEEKDAY,15,TRAIN,PW5,1624,2014
2026-06,WEEKENDS/HOLIDAY,23,TRAIN,NE10,1024,2523
2026-06,WEEKDAY,12,TRAIN,CG1/DT35,11608,12592
2026-06,WEEKENDS/HOLIDAY,16,TRAIN,DT4,1002,1066
2026-06,WEEKENDS/HOLIDAY,20,TRAIN,SE5,474,1578
2026-06,WEEKENDS/HOLIDAY,13,TRAIN,NS19,18343,16421
2026-06,WEEKENDS/HOLIDAY,14,TRAIN,NS24/NE6/CC1,20098,21847
2026-06,WEEKENDS/HOLIDAY,7,TRAIN,NS10,18137,9385
2026-06,WEEKENDS/HOLIDAY,22,TRAIN,EW2/DT32,11562,18525
2026-06,WEEKENDS/HOLIDAY,13,TRAIN,DT33,7057,5031
2026-06,WEEKENDS/HOLIDAY,0,TRAIN,DT31,27,511
2026-06,WEEKDAY,22,TRAIN,NS11,12519,48428
2026-06,WEEKDAY,8,TRAIN,NE13,57698,23681
2026-06,WEEKDAY,19,TRAIN,PE7,2777,10434
2026-06,WEEKDAY,15,TRAIN,BP9,1555,2048
2026-06,WEEKENDS/HOLIDAY,17,TRAIN,TE11,1919,1946
2026-06,WEEKDAY,15,TRAIN,TE29,2176,3190
2026-06,WEEKENDS/HOLIDAY,6,TRAIN,TE5,461,165
2026-06,WEEKDAY,23,TRAIN,PE1,282,2574
2026-06,WEEKDAY,9,TRAIN,NS24/NE6/CC1,15519,51893
2026-06,WEEKENDS/HOLIDAY,12,TRAIN,TE29,1966,1455
2026-06,WEEKENDS/HOLIDAY,16,TRAIN,NS8,7467,6684
2026-06,WEEKENDS/HOLIDAY,19,TRAIN,DT20,3379,2570
2026-06,WEEKENDS/HOLIDAY,17,TRAIN,DT34,2906,1762
2026-06,WEEKDAY,9,TRAIN,PE7,7649,2111
2026-06,WEEKDAY,7,TRAIN,CC26,7229,23255
2026-06,WEEKENDS/HOLIDAY,6,TRAIN,NS20,1154,8951
2026-06,WEEKDAY,19,TRAIN,PW4,3688,9744
2026-06,WEEKDAY,9,TRAIN,SW8,1030,1071
2026-06,WEEKENDS/HOLIDAY,8,TRAIN,NS19,13483,10026
2026-06,WEEKDAY,5,TRAIN,DT22,1589,3
2026-06,WEEKENDS/HOLIDAY,7,TRAIN,DT23,1276,826
2026-06,WEEKENDS/HOLIDAY,14,TRAIN,PW1,1274,1776
2026-06,WEEKENDS/HOLIDAY,21,TRAIN,CC23,1413,859
2026-06,WEEKDAY,15,TRAIN,EW2/DT32,44151,50731
2026-06,WEEKDAY,17,TRAIN,NS24/NE6/CC1,62835,43358
2026-06,WEEKENDS/HOLIDAY,16,TRAIN,CC6,6255,7559
2026-06,WEEKDAY,21,TRAIN,SW1,2308,725
2026-06,WEEKENDS/HOLIDAY,5,TRAIN,NE9,437,0
2026-06,WEEKENDS/HOLIDAY,11,TRAIN,EW9,10052,9052
2026-06,WEEKDAY,14,TRAIN,DT18,11521,10113
2026-06,WEEKDAY,16,TRAIN,PW3,883,929
2026-06,WEEKDAY,21,TRAIN,CC8,3894,7597
2026-06,WEEKENDS/HOLIDAY,12,TRAIN,CC23,2431,2157
2026-06,WEEKENDS/HOLIDAY,5,TRAIN,CC12,146,17
2026-06,WEEKDAY,14,TRAIN,CC5,3739,3874
2026-06,WEEKDAY,13,TRAIN,EW9,16486,15173
2026-06,WEEKENDS/HOLIDAY,20,TRAIN,PW4,1751,2238
2026-06,WEEKENDS/HOLIDAY,21,TRAIN,TE12,1074,761
2026-06,WEEKDAY,15,TRAIN,EW5,23489,28747
2026-06,WEEKENDS/HOLIDAY,17,TRAIN,EW22,2879,2681
2026-06,WEEKENDS/HOLIDAY,11,TRAIN,CC24,2648,4089
2026-06,WEEKDAY,15,TRAIN,EW29,11710,5104
2026-06,WEEKDAY,13,TRAIN,PW4,4232,4288
2026-06,WEEKDAY,21,TRAIN,TE11,2270,4442
2026-06,WEEKDAY,19,TRAIN,CC23,42038,5749
2026-06,WEEKDAY,23,TRAIN,NS17/CC15,4466,11672
2026-06,WEEKENDS/HOLIDAY,18,TRAIN,EW4,7350,8497
2026-06,WEEKENDS/HOLIDAY,6,TRAIN,DT29,2355,531
2026-06,WEEKENDS/HOLIDAY,12,TRAIN,SE4,2435,1550
2026-06,WEEKDAY,8,TRAIN,DT22,17599,13037
2026-06,WEEKDAY,23,TRAIN,BP7,47,328
2026-06,WEEKENDS/HOLIDAY,0,TRAIN,CC11,66,181
2026-06,WEEKDAY,7,TRAIN,EW25,60473,19295
2026-06,WEEKDAY,17,TRAIN,EW3,26890,28078
2026-06,WEEKENDS/HOLIDAY,18,TRAIN,DT33,7185,8212
2026-06,WEEKENDS/HOLIDAY,6,TRAIN,NS19,6670,3475
2026-06,WEEKENDS/HOLIDAY,6,TRAIN,TE3,1004,1049
2026-06,WEEKENDS/HOLIDAY,20,TRAIN,NS16,12589,22033
2026-06,WEEKENDS/HOLIDAY,21,TRAIN,DT29,1241,4633
2026-06,WEEKENDS/HOLIDAY,18,TRAIN,PE3,2715,3332
2026-06,WEEKENDS/HOLIDAY,13,TRAIN,NE15,11768,10260
2026-06,WEEKENDS/HOLIDAY,16,TRAIN,NS3,7975,9249
2026-06,WEEKDAY,10,TRAIN,EW14/NS26,19340,90843
2026-06,WEEKDAY,14,TRAIN,PW5,1730,2055
2026-06,WEEKDAY,19,TRAIN,CC28,4044,8209
2026-06,WEEKENDS/HOLIDAY,0,TRAIN,NE17/PTC,282,1794
2026-06,WEEKDAY,9,TRAIN,NE9,35590,34550
2026-06,WEEKDAY,21,TRAIN,TE7,3074,6474
2026-06,WEEKDAY,10,TRAIN,NS20,28918,49181
2026-06,WEEKENDS/HOLIDAY,19,TRAIN,BP12,743,1157
2026-06,WEEKENDS/HOLIDAY,21,TRAIN,EW12/DT14,35243,12430
2026-06,WEEKENDS/HOLIDAY,14,TRAIN,PE5,2374,2361
2026-06,WEEKENDS/HOLIDAY,7,TRAIN,PW4,1153,487
2026-06,WEEKENDS/HOLIDAY,12,TRAIN,NS8,8840,5393
2026-06,WEEKDAY,0,TRAIN,EW2/DT32,693,5057
2026-06,WEEKDAY,12,TRAIN,EW22,9896,10009
2026-06,WEEKENDS/HOLIDAY,23,TRAIN,PW2,13,1
2026-06,WEEKENDS/HOLIDAY,11,TRAIN,CC8,3516,2290
2026-06,WEEKENDS/HOLIDAY,11,TRAIN,CC4/DT15,3131,13428
2026-06,WEEKENDS/HOLIDAY,9,TRAIN,NE5,1878,5993
2026-06,WEEKDAY,23,TRAIN,NE8,9728,8442
2026-06,WEEKENDS/HOLIDAY,9,TRAIN,TE12,1313,2947
2026-06,WEEKENDS/HOLIDAY,20,TRAIN,NS14,8068,15853
2026-06,WEEKDAY,8,TRAIN,TE12,7452,22787
2026-06,WEEKDAY,16,TRAIN,TE28,3298,4933
2026-06,WEEKDAY,14,TRAIN,SW5,6243,5938
2026-06,WEEKENDS/HOLIDAY,23,TRAIN,DT30,375,2582
2026-06,WEEKDAY,12,TRAIN,DT18,15320,19884
2026-06,WEEKENDS/HOLIDAY,5,TRAIN,DT4,51,0
2026-06,WEEKENDS/HOLIDAY,6,TRAIN,DT21,678,843
2026-06,WEEKDAY,12,TRAIN,NE12/CC13,50569,54202
2026-06,WEEKDAY,21,TRAIN,NS13,39493,67305
2026-06,WEEKENDS/HOLIDAY,18,TRAIN,DT4,1002,1329
2026-06,WEEKDAY,6,TRAIN,BP6/DT1,50708,22064
2026-06,WEEKDAY,8,TRAIN,DT27,20161,37156
2026-06,WEEKENDS/HOLIDAY,0,TRAIN,DT23,20,99
2026-06,WEEKENDS/HOLIDAY,13,TRAIN,NE9,11653,9135
2026-06,WEEKDAY,19,TRAIN,NE15,16591,68545
2026-06,WEEKDAY,16,TRAIN,NS28,3661,2444
2026-06,WEEKDAY,16,TRAIN,EW29,28387,5857
2026-06,WEEKENDS/HOLIDAY,16,TRAIN,DT27,4105,3576
2026-06,WEEKENDS/HOLIDAY,18,TRAIN,NE5,7380,8419
2026-06,WEEKDAY,9,TRAIN,CG2,14259,27058
2026-06,WEEKENDS/HOLIDAY,22,TRAIN,CC16,939,1931
2026-06,WEEKENDS/HOLIDAY,22,TRAIN,DT17,2592,839
2026-06,WEEKDAY,12,TRAIN,EW9,17166,14311
2026-06,WEEKDAY,0,TRAIN,DT28,43,878
2026-06,WEEKDAY,5,TRAIN,TE5,790,84
2026-06,WEEKENDS/HOLIDAY,13,TRAIN,EW1,13867,11937
2026-06,WEEKDAY,6,TRAIN,PE1,4818,840
2026-06,WEEKDAY,10,TRAIN,SE5,2845,1190
2026-06,WEEKDAY,17,TRAIN,EW29,92916,11827
2026-06,WEEKENDS/HOLIDAY,7,TRAIN,PW1,61,525
2026-06,WEEKENDS/HOLIDAY,0,TRAIN,EW19,37,345
2026-06,WEEKENDS/HOLIDAY,7,TRAIN,SW2,914,491
2026-06,WEEKENDS/HOLIDAY,11,TRAIN,EW3,8885,5494
2026-06,WEEKDAY,18,TRAIN,TE24,5338,9060
2026-06,WEEKENDS/HOLIDAY,19,TRAIN,DT24,1746,2559
2026-06,WEEKDAY,21,TRAIN,EW32,4552,3390
2026-06,WEEKDAY,16,TRAIN,TE12,8049,3942
2026-06,WEEKDAY,7,TRAIN,TE1,13553,21903
2026-06,WEEKDAY,22,TRAIN,BP2,388,3088
2026-06,WEEKENDS/HOLIDAY,16,TRAIN,CC17/TE9,3016,2438
2026-06,WEEKDAY,19,TRAIN,TE29,2746,10749
2026-06,WEEKENDS/HOLIDAY,10,TRAIN,BP6/DT1,19562,11881
2026-06,WEEKDAY,13,TRAIN,DT22,8763,7768
2026-06,WEEKENDS/HOLIDAY,8,TRAIN,NS23,2396,7945
2026-06,WEEKENDS/HOLIDAY,5,TRAIN,PW3,160,14
2026-06,WEEKDAY,13,TRAIN,TE5,5160,5032
2026-06,WEEKDAY,11,TRAIN,TE5,5390,3097
2026-06,WEEKENDS/HOLIDAY,13,TRAIN,CC5,2309,3085
2026-06,WEEKDAY,14,TRAIN,NS5,19235,20085
2026-06,WEEKENDS/HOLIDAY,16,TRAIN,EW32,2710,1940
2026-06,WEEKENDS/HOLIDAY,12,TRAIN,NE18,6286,6982
2026-06,WEEKDAY,14,TRAIN,CC21,9582,8439
2026-06,WEEKDAY,20,TRAIN,DT2,2349,2745
2026-06,WEEKDAY,8,TRAIN,BP13,2858,658
2026-06,WEEKDAY,6,TRAIN,CC26,1519,15234
2026-06,WEEKENDS/HOLIDAY,6,TRAIN,EW11,4645,1942
2026-06,WEEKENDS/HOLIDAY,19,TRAIN,NE5,7967,6905
2026-06,WEEKENDS/HOLIDAY,9,TRAIN,EW26,17926,6249
2026-06,WEEKENDS/HOLIDAY,21,TRAIN,EW28,5236,16151
2026-06,WEEKDAY,11,TRAIN,CC26,4228,2735
2026-06,WEEKDAY,23,TRAIN,EW25,1315,6856
2026-06,WEEKDAY,15,TRAIN,TE19,9584,4282
2026-06,WEEKENDS/HOLIDAY,15,TRAIN,TE25,1378,1481
2026-06,WEEKENDS/HOLIDAY,5,TRAIN,EW21/CC22,383,151
2026-06,WEEKENDS/HOLIDAY,11,TRAIN,SW8,527,468
2026-06,WEEKDAY,21,TRAIN,DT5,10499,16494
2026-06,WEEKENDS/HOLIDAY,6,TRAIN,CC28,719,372
2026-06,WEEKENDS/HOLIDAY,5,TRAIN,SW3,319,4
2026-06,WEEKENDS/HOLIDAY,14,TRAIN,EW5,14441,13664
2026-06,WEEKDAY,12,TRAIN,BP7,962,859
2026-06,WEEKDAY,22,TRAIN,NS4/BP1,15793,32368
2026-06,WEEKDAY,22,TRAIN,BP13,214,990
2026-06,WEEKENDS/HOLIDAY,22,TRAIN,TE22,2740,315
2026-06,WEEKDAY,10,TRAIN,CC28,4014,3202
2026-06,WEEKENDS/HOLIDAY,14,TRAIN,TE25,1223,1441
2026-06,WEEKENDS/HOLIDAY,7,TRAIN,TE23,372,415
2026-06,WEEKENDS/HOLIDAY,10,TRAIN,SE3,1849,602
2026-06,WEEKDAY,12,TRAIN,TE29,3232,2279
2026-06,WEEKDAY,13,TRAIN,CC19/DT9,6151,5889
2026-06,WEEKDAY,21,TRAIN,CG2,27071,13188
2026-06,WEEKENDS/HOLIDAY,21,TRAIN,NS2,7580,14480
2026-06,WEEKDAY,19,TRAIN,EW5,32725,69433
2026-06,WEEKENDS/HOLIDAY,19,TRAIN,DT33,4977,8655
2026-06,WEEKDAY,18,TRAIN,DT29,12990,26655
2026-06,WEEKDAY,12,TRAIN,CC4/DT15,18943,32470
2026-06,WEEKDAY,21,TRAIN,PE5,1320,8412
2026-06,WEEKENDS/HOLIDAY,19,TRAIN,SE3,838,1806
2026-06,WEEKENDS/HOLIDAY,19,TRAIN,CC17/TE9,2150,2655
2026-06,WEEKDAY,13,TRAIN,EW12/DT14,67589,68402
2026-06,WEEKDAY,19,TRAIN,NS28,2002,814
2026-06,WEEKENDS/HOLIDAY,10,TRAIN,CC2,1164,2079
2026-06,WEEKDAY,0,TRAIN,DT10,23,196
2026-06,WEEKENDS/HOLIDAY,12,TRAIN,CC12,3821,2848
2026-06,WEEKENDS/HOLIDAY,11,TRAIN,CC23,1712,1963
2026-06,WEEKDAY,0,TRAIN,NS9/TE2,1927,8088
2026-06,WEEKDAY,6,TRAIN,DT3,5242,1378
2026-06,WEEKENDS/HOLIDAY,22,TRAIN,BP5,372,516
2026-06,WEEKDAY,9,TRAIN,NS27/CE2/TE20,1553,25782
2026-06,WEEKENDS/HOLIDAY,8,TRAIN,DT2,1223,889
2026-06,WEEKDAY,11,TRAIN,PE4,1908,897
2026-06,WEEKENDS/HOLIDAY,8,TRAIN,PW4,1644,928
2026-06,WEEKDAY,18,TRAIN,NE18,32011,28414
2026-06,WEEKENDS/HOLIDAY,17,TRAIN,CC7,3145,3318
2026-06,WEEKENDS/HOLIDAY,16,TRAIN,TE15,5399,5287
2026-06,WEEKDAY,15,TRAIN,PE1,2757,3343
2026-06,WEEKDAY,19,TRAIN,DT20,10738,9896
2026-06,WEEKDAY,8,TRAIN,PE3,13402,6684
2026-06,WEEKENDS/HOLIDAY,10,TRAIN,EW23,21401,15621
2026-06,WEEKDAY,13,TRAIN,TE1,5924,5659
2026-06,WEEKENDS/HOLIDAY,18,TRAIN,DT21,5156,3667
2026-06,WEEKDAY,7,TRAIN,NS14,115677,31734
2026-06,WEEKDAY,11,TRAIN,BP8,1516,1233
2026-06,WEEKDAY,12,TRAIN,NE7/DT12,42279,33054
2026-06,WEEKDAY,20,TRAIN,DT13,12871,9514
2026-06,WEEKDAY,5,TRAIN,TE25,120,0
2026-06,WEEKDAY,9,TRAIN,EW30,980,4823
2026-06,WEEKENDS/HOLIDAY,7,TRAIN,TE12,286,755
2026-06,WEEKDAY,5,TRAIN,SE2,3106,66
2026-06,WEEKENDS/HOLIDAY,8,TRAIN,EW23,17469,14986
2026-06,WEEKDAY,20,TRAIN,EW31,7938,3694
2026-06,WEEKDAY,7,TRAIN,TE28,8908,2501
2026-06,WEEKDAY,5,TRAIN,CC28,1115,40
2026-06,WEEKENDS/HOLIDAY,17,TRAIN,NS17/CC15,14120,10404
2026-06,WEEKDAY,6,TRAIN,CG1/DT35,1934,11606
2026-06,WEEKENDS/HOLIDAY,19,TRAIN,SW3,426,678
2026-06,WEEKENDS/HOLIDAY,16,TRAIN,SE3,1096,1289
2026-06,WEEKENDS/HOLIDAY,8,TRAIN,DT25,1705,1698
2026-06,WEEKENDS/HOLIDAY,18,TRAIN,NS18,6005,7303
2026-06,WEEKDAY,13,TRAIN,NS28,1274,2610
2026-06,WEEKENDS/HOLIDAY,11,TRAIN,TE23,2053,1149
2026-06,WEEKDAY,16,TRAIN,TE3,12281,9720
2026-06,WEEKDAY,9,TRAIN,NS28,3909,2905
2026-06,WEEKDAY,21,TRAIN,EW2/DT32,47205,53704
2026-06,WEEKENDS/HOLIDAY,16,TRAIN,NS19,16643,17772
2026-06,WEEKDAY,23,TRAIN,NS19,4542,16167
2026-06,WEEKENDS/HOLIDAY,6,TRAIN,SW3,580,47
2026-06,WEEKDAY,20,TRAIN,NE1/CC29,94670,26149
2026-06,WEEKDAY,20,TRAIN,DT10,2147,3485
2026-06,WEEKENDS/HOLIDAY,20,TRAIN,TE12,1107,1070
2026-06,WEEKDAY,9,TRAIN,PE3,10622,5042
2026-06,WEEKENDS/HOLIDAY,11,TRAIN,NS17/CC15,16750,5826
2026-06,WEEKENDS/HOLIDAY,23,TRAIN,SE3,47,1063
2026-06,WEEKDAY,13,TRAIN,SE1,3861,3456
2026-06,WEEKDAY,6,TRAIN,NS4/BP1,59579,38170
2026-06,WEEKENDS/HOLIDAY,22,TRAIN,NS17/CC15,4724,9888
2026-06,WEEKDAY,8,TRAIN,SW1,4350,2433
2026-06,WEEKENDS/HOLIDAY,14,TRAIN,SE2,2307,2476
2026-06,WEEKDAY,6,TRAIN,EW12/DT14,12812,16864
2026-06,WEEKENDS/HOLIDAY,13,TRAIN,PE6,4066,3409
2026-06,WEEKENDS/HOLIDAY,6,TRAIN,CG1/DT35,683,2153
2026-06,WEEKDAY,21,TRAIN,TE23,1833,3082
2026-06,WEEKENDS/HOLIDAY,20,TRAIN,NE9,6513,10836
2026-06,WEEKDAY,11,TRAIN,NS20,39084,45952
2026-06,WEEKDAY,18,TRAIN,CC26,28419,10511
2026-06,WEEKDAY,0,TRAIN,NE16/STC,423,3869
2026-06,WEEKENDS/HOLIDAY,6,TRAIN,SE1,900,355
2026-06,WEEKENDS/HOLIDAY,0,TRAIN,NS28,5,13
2026-06,WEEKENDS/HOLIDAY,17,TRAIN,SE3,1406,1417
2026-06,WEEKENDS/HOLIDAY,18,TRAIN,NS10,16469,19201
2026-06,WEEKENDS/HOLIDAY,19,TRAIN,DT30,2717,4745
2026-06,WEEKDAY,8,TRAIN,SE5,6659,1757
2026-06,WEEKDAY,17,TRAIN,TE3,23898,17872
2026-06,WEEKDAY,10,TRAIN,TE4,3636,3811
2026-06,WEEKDAY,20,TRAIN,BP11,1275,5213
2026-06,WEEKENDS/HOLIDAY,21,TRAIN,EW26,5713,17319
2026-06,WEEKDAY,14,TRAIN,CC20,4329,4441
2026-06,WEEKENDS/HOLIDAY,23,TRAIN,BP2,45,418
2026-06,WEEKENDS/HOLIDAY,23,TRAIN,EW20,766,2521
2026-06,WEEKDAY,20,TRAIN,NS16,34886,62771
2026-06,WEEKENDS/HOLIDAY,23,TRAIN,NE11,914,1872
2026-06,WEEKENDS/HOLIDAY,18,TRAIN,NS16,17700,25371
2026-06,WEEKENDS/HOLIDAY,11,TRAIN,SE3,1689,713
2026-06,WEEKENDS/HOLIDAY,12,TRAIN,EW9,13256,9490
2026-06,WEEKDAY,0,TRAIN,EW19,98,703
2026-06,WEEKDAY,22,TRAIN,SE2,947,6379
2026-06,WEEKENDS/HOLIDAY,8,TRAIN,SW6,1201,418
2026-06,WEEKENDS/HOLIDAY,19,TRAIN,EW21/CC22,8972,9128
2026-06,WEEKDAY,15,TRAIN,SE2,3595,4886
2026-06,WEEKDAY,6,TRAIN,TE28,3060,699
2026-06,WEEKDAY,16,TRAIN,DT29,5350,7304
2026-06,WEEKDAY,15,TRAIN,NE15,14993,20090
2026-06,WEEKENDS/HOLIDAY,19,TRAIN,PE7,1111,2249
2026-06,WEEKDAY,6,TRAIN,EW19,14613,7156
2026-06,WEEKDAY,19,TRAIN,PW3,554,2085
2026-06,WEEKDAY,15,TRAIN,CC24,26573,13642
2026-06,WEEKDAY,20,TRAIN,EW27,39387,75468
2026-06,WEEKENDS/HOLIDAY,22,TRAIN,SW6,175,1346
2026-06,WEEKDAY,14,TRAIN,EW16/NE3/TE17,30121,38641
2026-06,WEEKDAY,5,TRAIN,CC24,376,874
2026-06,WEEKENDS/HOLIDAY,8,TRAIN,NS21/DT11,18108,19058
2026-06,WEEKENDS/HOLIDAY,5,TRAIN,PW6,141,4
2026-06,WEEKDAY,15,TRAIN,DT33,9300,11381
2026-06,WEEKDAY,15,TRAIN,TE1,8691,2595
2026-06,WEEKDAY,19,TRAIN,NE11,19988,31296
2026-06,WEEKDAY,17,TRAIN,DT23,15768,5221
2026-06,WEEKDAY,20,TRAIN,DT18,24739,5192
2026-06,WEEKDAY,10,TRAIN,CC12,7459,3018
2026-06,WEEKDAY,10,TRAIN,BP10,3302,1918
2026-06,WEEKDAY,21,TRAIN,BP12,867,3152
2026-06,WEEKDAY,17,TRAIN,NS5,40924,53978
2026-06,WEEKDAY,21,TRAIN,TE25,1030,3198
2026-06,WEEKENDS/HOLIDAY,5,TRAIN,NS14,3314,568
2026-06,WEEKDAY,18,TRAIN,NE7/DT12,65696,51066
2026-06,WEEKDAY,21,TRAIN,TE28,1398,5155
2026-06,WEEKENDS/HOLIDAY,7,TRAIN,NS4/BP1,14270,8813
2026-06,WEEKENDS/HOLIDAY,7,TRAIN,EW19,4654,2819
2026-06,WEEKENDS/HOLIDAY,14,TRAIN,TE4,2711,2219
2026-06,WEEKENDS/HOLIDAY,22,TRAIN,EW9,6036,10271
2026-06,WEEKDAY,5,TRAIN,NS14,15917,2917
2026-06,WEEKDAY,11,TRAIN,CC25,5305,2681
2026-06,WEEKDAY,8,TRAIN,BP5,4109,2444
2026-06,WEEKENDS/HOLIDAY,15,TRAIN,NE8,18565,19752
2026-06,WEEKENDS/HOLIDAY,22,TRAIN,TE19,1322,548
2026-06,WEEKDAY,10,TRAIN,SW5,6608,4310
2026-06,WEEKENDS/HOLIDAY,17,TRAIN,DT24,2119,2185
2026-06,WEEKENDS/HOLIDAY,11,TRAIN,SW6,1264,718
2026-06,WEEKENDS/HOLIDAY,23,TRAIN,DT4,55,488
2026-06,WEEKDAY,7,TRAIN,NE4/DT19,15901,37292
2026-06,WEEKENDS/HOLIDAY,19,TRAIN,NS27/CE2/TE20,2040,2981
2026-06,WEEKDAY,0,TRAIN,NE18,0,553
2026-06,WEEKDAY,17,TRAIN,NS14,39118,56336
2026-06,WEEKENDS/HOLIDAY,12,TRAIN,SW6,1178,840
2026-06,WEEKENDS/HOLIDAY,20,TRAIN,NS28,1046,410
2026-06,WEEKENDS/HOLIDAY,0,TRAIN,PW7,40,208
2026-06,WEEKENDS/HOLIDAY,18,TRAIN,TE11,2141,2005
2026-06,WEEKDAY,5,TRAIN,DT7,247,105
2026-06,WEEKENDS/HOLIDAY,21,TRAIN,NS16,11092,22770
2026-06,WEEKDAY,6,TRAIN,NS7,71424,17107
2026-06,WEEKENDS/HOLIDAY,22,TRAIN,PW5,259,2225
2026-06,WEEKDAY,15,TRAIN,CC2,3694,3083
2026-06,WEEKENDS/HOLIDAY,6,TRAIN,BP2,951,151
2026-06,WEEKENDS/HOLIDAY,7,TRAIN,CC17/TE9,2566,3335
2026-06,WEEKENDS/HOLIDAY,20,TRAIN,EW33,2817,3289
2026-06,WEEKDAY,13,TRAIN,SW3,1842,1333
2026-06,WEEKENDS/HOLIDAY,10,TRAIN,NE5,2889,7445
2026-06,WEEKDAY,7,TRAIN,EW6,23474,12678
2026-06,WEEKENDS/HOLIDAY,5,TRAIN,CE1/DT16,309,0
2026-06,WEEKENDS/HOLIDAY,21,TRAIN,CC16,1294,2465
2026-06,WEEKENDS/HOLIDAY,7,TRAIN,DT6,1138,1736
2026-06,WEEKDAY,6,TRAIN,CC4/DT15,756,9538
2026-06,WEEKDAY,20,TRAIN,EW28,18036,43521
2026-06,WEEKENDS/HOLIDAY,16,TRAIN,EW31,2295,848
2026-06,WEEKENDS/HOLIDAY,6,TRAIN,TE29,237,63
2026-06,WEEKDAY,19,TRAIN,CC2,7170,4326
2026-06,WEEKDAY,6,TRAIN,TE26,2761,2097
2026-06,WEEKENDS/HOLIDAY,9,TRAIN,EW4,8695,3832
2026-06,WEEKDAY,16,TRAIN,PE3,6505,7441
2026-06,WEEKDAY,19,TRAIN,PW7,3626,7341
2026-06,WEEKENDS/HOLIDAY,13,TRAIN,NS11,18557,15524
2026-06,WEEKDAY,14,TRAIN,NE10,12120,12848
2026-06,WEEKENDS/HOLIDAY,16,TRAIN,EW27,20567,25506
2026-06,WEEKDAY,10,TRAIN,DT20,4361,6565
2026-06,WEEKDAY,15,TRAIN,CC4/DT15,19352,17337
2026-06,WEEKENDS/HOLIDAY,13,TRAIN,TE12,2471,1999
2026-06,WEEKENDS/HOLIDAY,15,TRAIN,NS17/CC15,11830,8342
2026-06,WEEKDAY,0,TRAIN,NS7,1144,3069
2026-06,WEEKENDS/HOLIDAY,13,TRAIN,TE4,2871,2241
2026-06,WEEKENDS/HOLIDAY,17,TRAIN,PW1,1358,1428
2026-06,WEEKENDS/HOLIDAY,10,TRAIN,SW3,1221,386
2026-06,WEEKDAY,17,TRAIN,PE6,9122,10849
2026-06,WEEKENDS/HOLIDAY,20,TRAIN,NS8,5533,7555
2026-06,WEEKENDS/HOLIDAY,19,TRAIN,SE1,1281,2318
2026-06,WEEKENDS/HOLIDAY,9,TRAIN,EW19,7864,4408
2026-06,WEEKENDS/HOLIDAY,15,TRAIN,EW18,6409,7387
2026-06,WEEKENDS/HOLIDAY,20,TRAIN,CC2,1224,980
2026-06,WEEKENDS/HOLIDAY,10,TRAIN,NE17/PTC,21353,15678
2026-06,WEEKDAY,14,TRAIN,SW7,1016,1787
2026-06,WEEKDAY,7,TRAIN,DT29,26026,8476
2026-06,WEEKENDS/HOLIDAY,22,TRAIN,BP6/DT1,6516,17208
2026-06,WEEKENDS/HOLIDAY,9,TRAIN,CC16,2722,3285
2026-06,WEEKDAY,8,TRAIN,NE8,38471,39641
2026-06,WEEKDAY,19,TRAIN,EW10,11649,30510
2026-06,WEEKDAY,22,TRAIN,NS28,571,387
2026-06,WEEKENDS/HOLIDAY,19,TRAIN,CC20,2216,2589
2026-06,WEEKDAY,7,TRAIN,NE12/CC13,105499,44210
2026-06,WEEKDAY,19,TRAIN,EW3,16427,42752
2026-06,WEEKENDS/HOLIDAY,15,TRAIN,CG1/DT35,9042,8412
2026-06,WEEKENDS/HOLIDAY,19,TRAIN,PW1,1096,682
2026-06,WEEKDAY,0,TRAIN,PE6,96,614
2026-06,WEEKDAY,12,TRAIN,DT28,8555,5661
2026-06,WEEKENDS/HOLIDAY,5,TRAIN,CC23,65,19
2026-06,WEEKDAY,13,TRAIN,DT5,15663,12095
2026-06,WEEKENDS/HOLIDAY,16,TRAIN,DT7,1586,1734
2026-06,WEEKENDS/HOLIDAY,20,TRAIN,TE11,963,1650
2026-06,WEEKDAY,7,TRAIN,TE5,17059,10506
2026-06,WEEKDAY,15,TRAIN,BP10,2062,2997
2026-06,WEEKENDS/HOLIDAY,8,TRAIN,EW5,14239,7533
2026-06,WEEKDAY,23,TRAIN,EW19,1726,6923
2026-06,WEEKDAY,7,TRAIN,DT5,33281,17905
2026-06,WEEKENDS/HOLIDAY,16,TRAIN,DT6,2601,2483
2026-06,WEEKDAY,23,TRAIN,EW23,7614,15392
2026-06,WEEKENDS/HOLIDAY,12,TRAIN,CG1/DT35,5168,8650
2026-06,WEEKENDS/HOLIDAY,11,TRAIN,PW2,147,172
2026-06,WEEKENDS/HOLIDAY,9,TRAIN,NS8,11363,4986
2026-06,WEEKDAY,23,TRAIN,CC5,1238,1150
2026-06,WEEKDAY,14,TRAIN,PW4,4142,4293
2026-06,WEEKENDS/HOLIDAY,6,TRAIN,CC27,105,326
2026-06,WEEKDAY,10,TRAIN,DT22,8207,9151
2026-06,WEEKDAY,19,TRAIN,TE18,20540,12948
2026-06,WEEKENDS/HOLIDAY,21,TRAIN,EW29,3478,5503
2026-06,WEEKDAY,18,TRAIN,NS25/EW13,134739,101488
2026-06,WEEKDAY,14,TRAIN,NS18,11032,11312
2026-06,WEEKDAY,15,TRAIN,DT6,7345,5542
2026-06,WEEKENDS/HOLIDAY,6,TRAIN,NE7/DT12,4472,3694
2026-06,WEEKENDS/HOLIDAY,0,TRAIN,EW12/DT14,438,725
2026-06,WEEKDAY,12,TRAIN,DT29,6333,3561
2026-06,WEEKDAY,8,TRAIN,TE24,9083,3380
2026-06,WEEKDAY,16,TRAIN,CC5,5040,3871
2026-06,WEEKENDS/HOLIDAY,13,TRAIN,CC17/TE9,2901,2495
2026-06,WEEKDAY,11,TRAIN,TE14/NS22,37089,91740
2026-06,WEEKENDS/HOLIDAY,20,TRAIN,BP13,217,484
2026-06,WEEKDAY,14,TRAIN,PE4,1435,1700
2026-06,WEEKDAY,22,TRAIN,DT34,1974,4167
2026-06,WEEKDAY,20,TRAIN,NE14,17857,49531
2026-06,WEEKENDS/HOLIDAY,9,TRAIN,EW30,807,658
2026-06,WEEKENDS/HOLIDAY,17,TRAIN,NS21/DT11,30295,31278
2026-06,WEEKENDS/HOLIDAY,0,TRAIN,PE4,42,149
2026-06,WEEKENDS/HOLIDAY,5,TRAIN,NE7/DT12,219,44
2026-06,WEEKENDS/HOLIDAY,16,TRAIN,NS17/CC15,12544,9142
2026-06,WEEKDAY,0,TRAIN,SE4,29,462
2026-06,WEEKDAY,19,TRAIN,EW23,60926,86306
2026-06,WEEKDAY,12,TRAIN,EW1,27282,18188
2026-06,WEEKENDS/HOLIDAY,5,TRAIN,TE19,1,0
2026-06,WEEKENDS/HOLIDAY,20,TRAIN,PW7,727,1879
2026-06,WEEKDAY,12,TRAIN,TE5,5443,4356
2026-06,WEEKENDS/HOLIDAY,14,TRAIN,SE1,1650,1770
2026-06,WEEKENDS/HOLIDAY,7,TRAIN,NE17/PTC,9733,4966
2026-06,WEEKDAY,23,TRAIN,NS12,2494,10643
2026-06,WEEKENDS/HOLIDAY,8,TRAIN,SW3,984,279
2026-06,WEEKDAY,14,TRAIN,BP12,2449,1857
2026-06,WEEKENDS/HOLIDAY,21,TRAIN,TE8,4320,2901
2026-06,WEEKDAY,0,TRAIN,SW2,23,254
2026-06,WEEKDAY,14,TRAIN,EW25,6981,7295
2026-06,WEEKDAY,7,TRAIN,NE15,73016,9990
2026-06,WEEKDAY,19,TRAIN,NE12/CC13,65257,131257
2026-06,WEEKENDS/HOLIDAY,16,TRAIN,SW8,412,597
2026-06,WEEKDAY,23,TRAIN,NS25/EW13,22235,2795
2026-06,WEEKENDS/HOLIDAY,10,TRAIN,CC4/DT15,1962,11506
2026-06,WEEKDAY,19,TRAIN,EW18,24492,33201
2026-06,WEEKDAY,18,TRAIN,PE2,5852,13143
2026-06,WEEKDAY,17,TRAIN,DT17,76072,8202
2026-06,WEEKDAY,19,TRAIN,DT6,7850,10140
2026-06,WEEKDAY,6,TRAIN,PW5,6491,1146
2026-06,WEEKENDS/HOLIDAY,5,TRAIN,EW32,633,126
2026-06,WEEKENDS/HOLIDAY,17,TRAIN,DT33,8055,7169
2026-06,WEEKDAY,20,TRAIN,TE12,3301,2731
2026-06,WEEKDAY,7,TRAIN,SW6,4422,3326
2026-06,WEEKENDS/HOLIDAY,6,TRAIN,CE1/DT16,5328,9225
2026-06,WEEKDAY,6,TRAIN,CC27,476,5381
2026-06,WEEKDAY,14,TRAIN,CC19/DT9,5342,5698
2026-06,WEEKDAY,20,TRAIN,NS18,8902,21912
2026-06,WEEKENDS/HOLIDAY,11,TRAIN,TE29,2079,1309
2026-06,WEEKENDS/HOLIDAY,16,TRAIN,PW3,373,383
2026-06,WEEKENDS/HOLIDAY,11,TRAIN,CC16,2950,1885
2026-06,WEEKDAY,17,TRAIN,TE18,20354,11743
2026-06,WEEKENDS/HOLIDAY,19,TRAIN,TE19,1972,1647
2026-06,WEEKDAY,9,TRAIN,CC26,4373,14457
2026-06,WEEKDAY,21,TRAIN,NS15,15540,14455
2026-06,WEEKDAY,16,TRAIN,DT31,7823,8806
2026-06,WEEKDAY,20,TRAIN,TE29,1911,5959
2026-06,WEEKDAY,19,TRAIN,DT2,4031,4594
2026-06,WEEKDAY,5,TRAIN,EW14/NS26,613,2385
2026-06,WEEKENDS/HOLIDAY,18,TRAIN,TE13,2080,2049
2026-06,WEEKENDS/HOLIDAY,6,TRAIN,PW5,2685,335
2026-06,WEEKDAY,21,TRAIN,NE18,13282,8908
2026-06,WEEKDAY,23,TRAIN,PW7,471,1777
2026-06,WEEKDAY,13,TRAIN,CC8,6195,5829
2026-06,WEEKDAY,23,TRAIN,DT27,1182,3588
2026-06,WEEKDAY,9,TRAIN,NE16/STC,79384,25389
2026-06,WEEKENDS/HOLIDAY,7,TRAIN,EW3,5005,2706
2026-06,WEEKDAY,22,TRAIN,SE5,467,2848
2026-06,WEEKENDS/HOLIDAY,23,TRAIN,DT7,223,511
2026-06,WEEKDAY,11,TRAIN,DT23,3634,3274
2026-06,WEEKENDS/HOLIDAY,9,TRAIN,CC11,2298,7829
2026-06,WEEKENDS/HOLIDAY,12,TRAIN,CC21,4505,5735
2026-06,WEEKENDS/HOLIDAY,21,TRAIN,NS25/EW13,37659,6013
2026-06,WEEKDAY,15,TRAIN,TE18,11368,8051
2026-06,WEEKENDS/HOLIDAY,16,TRAIN,PE6,3463,3213
2026-06,WEEKENDS/HOLIDAY,23,TRAIN,NS5,1432,7348
2026-06,WEEKDAY,7,TRAIN,NS3,69541,15249
2026-06,WEEKDAY,8,TRAIN,EW2/DT32,153065,60665
2026-06,WEEKDAY,16,TRAIN,EW11,17761,16125
2026-06,WEEKDAY,7,TRAIN,DT10,7390,6052
2026-06,WEEKDAY,23,TRAIN,EW18,2375,6784
2026-06,WEEKENDS/HOLIDAY,21,TRAIN,DT3,1022,2915
2026-06,WEEKENDS/HOLIDAY,11,TRAIN,TE19,1688,1919
2026-06,WEEKENDS/HOLIDAY,12,TRAIN,EW5,16508,12474
2026-06,WEEKENDS/HOLIDAY,11,TRAIN,EW17,11299,10341
2026-06,WEEKENDS/HOLIDAY,16,TRAIN,EW5,14011,16720
2026-06,WEEKENDS/HOLIDAY,12,TRAIN,NS17/CC15,15684,6840
2026-06,WEEKDAY,23,TRAIN,CC25,945,1496
2026-06,WEEKDAY,7,TRAIN,EW9,54637,21140
2026-06,WEEKENDS/HOLIDAY,22,TRAIN,CC4/DT15,11102,1360
2026-06,WEEKENDS/HOLIDAY,14,TRAIN,TE13,1764,1789
2026-06,WEEKDAY,9,TRAIN,SE2,11777,2945
2026-06,WEEKENDS/HOLIDAY,8,TRAIN,EW15,2577,10483
2026-06,WEEKENDS/HOLIDAY,23,TRAIN,CC4/DT15,3944,584
2026-06,WEEKDAY,6,TRAIN,SW8,541,775
2026-06,WEEKENDS/HOLIDAY,16,TRAIN,DT29,2975,3010
2026-06,WEEKENDS/HOLIDAY,23,TRAIN,DT13,1341,1766
2026-06,WEEKENDS/HOLIDAY,12,TRAIN,TE14/NS22,31352,54050
2026-06,WEEKDAY,16,TRAIN,SW7,1247,2058
2026-06,WEEKENDS/HOLIDAY,19,TRAIN,NE4/DT19,33599,22505
2026-06,WEEKDAY,6,TRAIN,EW29,11505,50892
2026-06,WEEKENDS/HOLIDAY,23,TRAIN,TE1,332,1092
2026-06,WEEKDAY,14,TRAIN,NS16,32632,34659
2026-06,WEEKENDS/HOLIDAY,8,TRAIN,EW31,1863,2259
2026-06,WEEKENDS/HOLIDAY,18,TRAIN,DT2,1802,1366
2026-06,WEEKENDS/HOLIDAY,22,TRAIN,NS19,5125,14728
2026-06,WEEKENDS/HOLIDAY,19,TRAIN,EW26,10876,17492
2026-06,WEEKENDS/HOLIDAY,13,TRAIN,TE1,1944,1166
2026-06,WEEKDAY,14,TRAIN,TE27,5162,4753
2026-06,WEEKENDS/HOLIDAY,10,TRAIN,TE3,5039,2629
2026-06,WEEKENDS/HOLIDAY,18,TRAIN,SW5,2776,3858
2026-06,WEEKDAY,19,TRAIN,NE17/PTC,50062,105592
2026-06,WEEKENDS/HOLIDAY,23,TRAIN,NS23,8361,1790
2026-06,WEEKDAY,8,TRAIN,SE1,11497,4392
2026-06,WEEKENDS/HOLIDAY,22,TRAIN,DT23,888,954
2026-06,WEEKENDS/HOLIDAY,17,TRAIN,CC26,2486,1662
2026-06,WEEKDAY,15,TRAIN,TE16,5304,5716
2026-06,WEEKENDS/HOLIDAY,13,TRAIN,BP8,850,735
2026-06,WEEKDAY,10,TRAIN,TE13,4643,5287
2026-06,WEEKENDS/HOLIDAY,21,TRAIN,CC25,1208,2254
2026-06,WEEKDAY,18,TRAIN,EW27,91439,160796
2026-06,WEEKENDS/HOLIDAY,18,TRAIN,NE10,7462,7746
2026-06,WEEKENDS/HOLIDAY,20,TRAIN,PW3,169,602
2026-06,WEEKDAY,9,TRAIN,EW7,25654,14095
2026-06,WEEKDAY,21,TRAIN,EW4,5957,20262
2026-06,WEEKENDS/HOLIDAY,12,TRAIN,TE25,1648,1299
2026-06,WEEKENDS/HOLIDAY,16,TRAIN,CC12,3566,3084
2026-06,WEEKDAY,18,TRAIN,NE11,28439,45545
2026-06,WEEKENDS/HOLIDAY,17,TRAIN,CC2,2716,1889
2026-06,WEEKDAY,15,TRAIN,DT18,11932,7116
2026-06,WEEKDAY,0,TRAIN,NS28,8,9
2026-06,WEEKENDS/HOLIDAY,9,TRAIN,NS2,13005,8849
2026-06,WEEKDAY,22,TRAIN,CC16,3402,4549
2026-06,WEEKENDS/HOLIDAY,10,TRAIN,CG2,6738,11257
2026-06,WEEKDAY,23,TRAIN,BP12,106,902
2026-06,WEEKDAY,15,TRAIN,NS15,21038,11407
2026-06,WEEKDAY,6,TRAIN,CC10/DT26,16890,7961
2026-06,WEEKENDS/HOLIDAY,17,TRAIN,TE13,2266,1746
2026-06,WEEKDAY,12,TRAIN,EW31,2211,1430
2026-06,WEEKDAY,15,TRAIN,PW6,1361,1289
2026-06,WEEKENDS/HOLIDAY,14,TRAIN,PW2,167,137
2026-06,WEEKDAY,11,TRAIN,NS9/TE2,43443,46995
2026-06,WEEKDAY,23,TRAIN,TE23,377,947
2026-06,WEEKDAY,22,TRAIN,NS15,9949,12272
2026-06,WEEKENDS/HOLIDAY,12,TRAIN,NE14,15799,10425
2026-06,WEEKENDS/HOLIDAY,20,TRAIN,PE5,928,3140
2026-06,WEEKDAY,13,TRAIN,NS9/TE2,49288,51745
2026-06,WEEKENDS/HOLIDAY,5,TRAIN,SW6,298,28
2026-06,WEEKENDS/HOLIDAY,8,TRAIN,PE6,2744,1914
2026-06,WEEKENDS/HOLIDAY,12,TRAIN,CC19/DT9,4554,4524
2026-06,WEEKDAY,10,TRAIN,EW27,31916,27993
2026-06,WEEKDAY,14,TRAIN,CC25,4101,3746
2026-06,WEEKDAY,15,TRAIN,TE27,4307,4911
2026-06,WEEKDAY,14,TRAIN,CC4/DT15,18129,20195
2026-06,WEEKENDS/HOLIDAY,18,TRAIN,CC20,2419,2735
2026-06,WEEKENDS/HOLIDAY,9,TRAIN,TE11,1994,1313
2026-06,WEEKDAY,10,TRAIN,CE1/DT16,10270,35200
2026-06,WEEKENDS/HOLIDAY,10,TRAIN,DT10,2232,948
2026-06,WEEKDAY,9,TRAIN,EW12/DT14,24827,113482
2026-06,WEEKENDS/HOLIDAY,22,TRAIN,CC19/DT9,1088,1096
2026-06,WEEKENDS/HOLIDAY,0,TRAIN,SW8,12,94
2026-06,WEEKENDS/HOLIDAY,8,TRAIN,EW2/DT32,19469,13672
2026-06,WEEKENDS/HOLIDAY,10,TRAIN,CC25,2529,1612
2026-06,WEEKDAY,18,TRAIN,CC4/DT15,92556,36726
2026-06,WEEKDAY,21,TRAIN,EW1,14658,40107
2026-06,WEEKDAY,18,TRAIN,CC2,14916,7387
2026-06,WEEKENDS/HOLIDAY,9,TRAIN,TE16,3466,2461
2026-06,WEEKDAY,19,TRAIN,CC5,8437,5873
2026-06,WEEKENDS/HOLIDAY,19,TRAIN,NE15,7187,14334
2026-06,WEEKDAY,20,TRAIN,EW29,28922,8950
2026-06,WEEKENDS/HOLIDAY,17,TRAIN,TE22,3610,7966
2026-06,WEEKDAY,15,TRAIN,BP12,2068,1815
2026-06,WEEKENDS/HOLIDAY,18,TRAIN,TE14/NS22,56680,35798
2026-06,WEEKENDS/HOLIDAY,23,TRAIN,TE6,555,4124
2026-06,WEEKENDS/HOLIDAY,0,TRAIN,NS19,256,1201
2026-06,WEEKENDS/HOLIDAY,14,TRAIN,TE14/NS22,42539,50215
2026-06,WEEKDAY,6,TRAIN,CC16,5084,3510
2026-06,WEEKDAY,21,TRAIN,SE4,1629,4590
2026-06,WEEKENDS/HOLIDAY,5,TRAIN,BP9,333,265
2026-06,WEEKDAY,17,TRAIN,TE15,16184,16220
2026-06,WEEKENDS/HOLIDAY,15,TRAIN,EW25,6036,6072
2026-06,WEEKDAY,9,TRAIN,TE16,11896,9870
2026-06,WEEKENDS/HOLIDAY,11,TRAIN,DT25,1711,910
2026-06,WEEKDAY,21,TRAIN,CG1/DT35,16655,3420
2026-06,WEEKENDS/HOLIDAY,11,TRAIN,PW3,460,274
2026-06,WEEKENDS/HOLIDAY,23,TRAIN,NS13,4098,14380
2026-06,WEEKDAY,8,TRAIN,NS2,73730,39299
2026-06,WEEKDAY,15,TRAIN,SW4,1614,2585
2026-06,WEEKENDS/HOLIDAY,5,TRAIN,DT27,167,34
2026-06,WEEKENDS/HOLIDAY,15,TRAIN,CC20,1905,2349
2026-06,WEEKENDS/HOLIDAY,20,TRAIN,PE7,638,2410
2026-06,WEEKENDS/HOLIDAY,15,TRAIN,NS14,12868,11768
2026-06,WEEKENDS/HOLIDAY,19,TRAIN,PE6,2637,3788
2026-06,WEEKDAY,8,TRAIN,PE2,14974,2521
2026-06,WEEKENDS/HOLIDAY,8,TRAIN,PE1,1926,556
2026-06,WEEKENDS/HOLIDAY,13,TRAIN,EW15,10515,10949
2026-06,WEEKENDS/HOLIDAY,17,TRAIN,EW10,7539,8540
2026-06,WEEKDAY,9,TRAIN,DT27,12016,18031
2026-06,WEEKDAY,11,TRAIN,EW2/DT32,43569,39020
2026-06,WEEKENDS/HOLIDAY,22,TRAIN,CG1/DT35,4601,1344
2026-06,WEEKDAY,19,TRAIN,EW4,17481,32731
2026-06,WEEKENDS/HOLIDAY,16,TRAIN,EW10,6442,7093
2026-06,WEEKDAY,17,TRAIN,CC3,16730,7468
2026-06,WEEKENDS/HOLIDAY,11,TRAIN,CG1/DT35,3500,7911
2026-06,WEEKENDS/HOLIDAY,17,TRAIN,NS14,14824,14956
2026-06,WEEKDAY,6,TRAIN,CC3,190,3489
2026-06,WEEKDAY,8,TRAIN,PE1,10647,1781
2026-06,WEEKENDS/HOLIDAY,16,TRAIN,PW5,1263,1571
2026-06,WEEKDAY,23,TRAIN,EW1,1522,15665
2026-06,WEEKDAY,15,TRAIN,NE10,12138,14301
2026-06,WEEKDAY,0,TRAIN,CG2,138,938
2026-06,WEEKENDS/HOLIDAY,5,TRAIN,NE4/DT19,471,43
2026-06,WEEKDAY,6,TRAIN,BP12,6822,800
2026-06,WEEKDAY,21,TRAIN,NS16,31389,58188
2026-06,WEEKENDS/HOLIDAY,11,TRAIN,DT30,4682,1900
2026-06,WEEKDAY,17,TRAIN,SE4,3952,6051
2026-06,WEEKDAY,18,TRAIN,PW6,1481,3761
2026-06,WEEKENDS/HOLIDAY,10,TRAIN,TE6,7066,2568
2026-06,WEEKENDS/HOLIDAY,0,TRAIN,NS24/NE6/CC1,142,147
2026-06,WEEKDAY,8,TRAIN,TE27,19350,4173
2026-06,WEEKDAY,11,TRAIN,PW5,2163,1470
2026-06,WEEKENDS/HOLIDAY,22,TRAIN,EW30,425,915
2026-06,WEEKDAY,5,TRAIN,TE16,408,63
2026-06,WEEKENDS/HOLIDAY,14,TRAIN,CC17/TE9,2390,2426
2026-06,WEEKDAY,5,TRAIN,NS5,16486,2370
2026-06,WEEKENDS/HOLIDAY,20,TRAIN,PE3,1371,3144
2026-06,WEEKENDS/HOLIDAY,7,TRAIN,CC6,581,5511
2026-06,WEEKDAY,19,TRAIN,DT21,15150,11150
2026-06,WEEKDAY,9,TRAIN,CC2,2155,11546
2026-06,WEEKENDS/HOLIDAY,15,TRAIN,DT3,2703,2608
2026-06,WEEKENDS/HOLIDAY,6,TRAIN,TE13,151,316
2026-06,WEEKDAY,6,TRAIN,EW20,13453,11933
2026-06,WEEKDAY,19,TRAIN,TE16,10632,11780
2026-06,WEEKENDS/HOLIDAY,14,TRAIN,SW2,2088,1676
2026-06,WEEKDAY,6,TRAIN,TE27,5011,976
2026-06,WEEKENDS/HOLIDAY,18,TRAIN,EW6,5560,7126
2026-06,WEEKENDS/HOLIDAY,13,TRAIN,TE22,1638,4053
2026-06,WEEKENDS/HOLIDAY,13,TRAIN,SW8,388,635
2026-06,WEEKDAY,23,TRAIN,TE5,618,3355
2026-06,WEEKDAY,10,TRAIN,TE16,7705,5427
2026-06,WEEKDAY,8,TRAIN,TE16,15298,16788
2026-06,WEEKDAY,17,TRAIN,DT24,11437,8752
2026-06,WEEKENDS/HOLIDAY,22,TRAIN,EW14/NS26,12959,2944
2026-06,WEEKENDS/HOLIDAY,22,TRAIN,DT29,793,4157
2026-06,WEEKENDS/HOLIDAY,23,TRAIN,EW26,1396,8897
2026-06,WEEKENDS/HOLIDAY,18,TRAIN,BP8,912,996
2026-06,WEEKDAY,17,TRAIN,CC26,27550,5410
2026-06,WEEKENDS/HOLIDAY,17,TRAIN,CC8,3773,3473
2026-06,WEEKENDS/HOLIDAY,9,TRAIN,TE7,3087,2179
2026-06,WEEKDAY,19,TRAIN,NS27/CE2/TE20,18686,4109
2026-06,WEEKENDS/HOLIDAY,23,TRAIN,TE5,335,1419
2026-06,WEEKENDS/HOLIDAY,13,TRAIN,CC28,1749,1517
2026-06,WEEKDAY,7,TRAIN,EW17,46506,21961
2026-06,WEEKDAY,19,TRAIN,DT13,17055,14294
2026-06,WEEKENDS/HOLIDAY,21,TRAIN,EW1,6744,14681
2026-06,WEEKDAY,23,TRAIN,BP8,217,476
2026-06,WEEKDAY,17,TRAIN,DT33,19171,31066
2026-06,WEEKENDS/HOLIDAY,9,TRAIN,DT34,1778,1022
2026-06,WEEKDAY,22,TRAIN,PW6,223,1343
2026-06,WEEKENDS/HOLIDAY,6,TRAIN,NS23,950,2778
2026-06,WEEKDAY,18,TRAIN,TE25,4373,9268
2026-06,WEEKENDS/HOLIDAY,20,TRAIN,DT18,3103,2180
2026-06,WEEKENDS/HOLIDAY,15,TRAIN,SW7,511,731
2026-06,WEEKENDS/HOLIDAY,19,TRAIN,NE11,6387,7666
2026-06,WEEKENDS/HOLIDAY,13,TRAIN,CC2,1788,2218
2026-06,WEEKDAY,18,TRAIN,NS21/DT11,144245,141887
2026-06,WEEKENDS/HOLIDAY,19,TRAIN,CC14,2034,2756
2026-06,WEEKDAY,18,TRAIN,PE3,6301,15227
2026-06,WEEKDAY,7,TRAIN,NE17/PTC,99411,22937
2026-06,WEEKDAY,5,TRAIN,TE19,33,2
2026-06,WEEKDAY,11,TRAIN,CC10/DT26,15501,9470
2026-06,WEEKENDS/HOLIDAY,18,TRAIN,EW30,2618,1433
2026-06,WEEKENDS/HOLIDAY,10,TRAIN,NE10,7719,4938
2026-06,WEEKENDS/HOLIDAY,11,TRAIN,EW12/DT14,17734,38574
2026-06,WEEKENDS/HOLIDAY,7,TRAIN,NE8,9178,6169
2026-06,WEEKENDS/HOLIDAY,20,TRAIN,DT31,2005,4710
2026-06,WEEKENDS/HOLIDAY,19,TRAIN,NS21/DT11,25400,27185
2026-06,WEEKENDS/HOLIDAY,20,TRAIN,EW1,7527,15138
2026-06,WEEKDAY,16,TRAIN,EW2/DT32,50031,64510
2026-06,WEEKENDS/HOLIDAY,5,TRAIN,NS12,1593,257
2026-06,WEEKENDS/HOLIDAY,21,TRAIN,DT31,1800,4615
2026-06,WEEKENDS/HOLIDAY,14,TRAIN,NE8,17508,19057
2026-06,WEEKENDS/HOLIDAY,15,TRAIN,TE4,2766,1820
2026-06,WEEKENDS/HOLIDAY,20,TRAIN,DT13,5384,4326
2026-06,WEEKENDS/HOLIDAY,20,TRAIN,NS2,8133,15434
2026-06,WEEKENDS/HOLIDAY,10,TRAIN,EW18,8223,5936
2026-06,WEEKDAY,7,TRAIN,EW5,65571,33055
2026-06,WEEKDAY,17,TRAIN,CC4/DT15,57150,22064
2026-06,WEEKDAY,8,TRAIN,CC19/DT9,11423,13363
2026-06,WEEKENDS/HOLIDAY,20,TRAIN,BP9,535,1007
2026-06,WEEKDAY,9,TRAIN,CC4/DT15,4323,76620
2026-06,WEEKDAY,11,TRAIN,SE5,2904,1371
2026-06,WEEKENDS/HOLIDAY,13,TRAIN,CC14,3187,2756
2026-06,WEEKENDS/HOLIDAY,23,TRAIN,CC2,346,515
2026-06,WEEKDAY,15,TRAIN,TE12,5661,4428
2026-06,WEEKDAY,12,TRAIN,CC23,16661,14311
2026-06,WEEKDAY,5,TRAIN,NS27/CE2/TE20,673,222
2026-06,WEEKDAY,19,TRAIN,TE28,2703,10623
2026-06,WEEKDAY,18,TRAIN,NS9/TE2,93069,203351
2026-06,WEEKENDS/HOLIDAY,7,TRAIN,CC16,1513,3323
2026-06,WEEKENDS/HOLIDAY,18,TRAIN,SW1,865,490
2026-06,WEEKDAY,9,TRAIN,NS21/DT11,77637,78166
2026-06,WEEKDAY,11,TRAIN,DT25,3050,1980
2026-06,WEEKENDS/HOLIDAY,20,TRAIN,PE2,867,3509
2026-06,WEEKENDS/HOLIDAY,5,TRAIN,EW5,1850,120
2026-06,WEEKENDS/HOLIDAY,15,TRAIN,NS23,23013,25073
2026-06,WEEKENDS/HOLIDAY,21,TRAIN,EW20,3054,5570
2026-06,WEEKDAY,19,TRAIN,TE5,7710,16050
2026-06,WEEKENDS/HOLIDAY,10,TRAIN,SW2,2762,1688
2026-06,WEEKENDS/HOLIDAY,5,TRAIN,CC27,19,9
2026-06,WEEKDAY,10,TRAIN,NS15,15133,16048
2026-06,WEEKENDS/HOLIDAY,14,TRAIN,BP7,359,470
2026-06,WEEKDAY,20,TRAIN,EW30,7515,1442
2026-06,WEEKDAY,14,TRAIN,BP9,1995,1828
2026-06,WEEKENDS/HOLIDAY,19,TRAIN,BP6/DT1,13106,21095
2026-06,WEEKDAY,13,TRAIN,SW4,2278,2708
2026-06,WEEKENDS/HOLIDAY,6,TRAIN,CC20,581,549
2026-06,WEEKDAY,5,TRAIN,BP6/DT1,12350,9510
2026-06,WEEKDAY,14,TRAIN,PE6,7523,8911
2026-06,WEEKDAY,9,TRAIN,EW18,29106,28215
2026-06,WEEKENDS/HOLIDAY,17,TRAIN,TE23,1998,1962
2026-06,WEEKENDS/HOLIDAY,8,TRAIN,CC17/TE9,3326,3181
2026-06,WEEKENDS/HOLIDAY,7,TRAIN,TE13,292,672
2026-06,WEEKENDS/HOLIDAY,11,TRAIN,NE8,11230,19275
2026-06,WEEKENDS/HOLIDAY,18,TRAIN,PE6,2935,3819
2026-06,WEEKDAY,13,TRAIN,SE2,4740,4506
2026-06,WEEKDAY,9,TRAIN,TE12,5992,11930
2026-06,WEEKENDS/HOLIDAY,23,TRAIN,EW25,823,3228
2026-06,WEEKDAY,23,TRAIN,DT29,797,5324
2026-06,WEEKDAY,5,TRAIN,CG1/DT35,462,299
2026-06,WEEKDAY,21,TRAIN,CC6,16141,1811
2026-06,WEEKDAY,5,TRAIN,BP2,2176,346
2026-06,WEEKENDS/HOLIDAY,21,TRAIN,CC3,8129,1003
2026-06,WEEKENDS/HOLIDAY,13,TRAIN,PE7,1980,1597
2026-06,WEEKDAY,22,TRAIN,SW8,328,1610
2026-06,WEEKENDS/HOLIDAY,12,TRAIN,NE4/DT19,23990,34806
2026-06,WEEKENDS/HOLIDAY,17,TRAIN,PE6,3196,3557
2026-06,WEEKENDS/HOLIDAY,21,TRAIN,CG1/DT35,9961,2052
2026-06,WEEKENDS/HOLIDAY,5,TRAIN,TE25,3,1
2026-06,WEEKENDS/HOLIDAY,22,TRAIN,NS24/NE6/CC1,13459,4020
2026-06,WEEKDAY,14,TRAIN,TE6,8364,7318
2026-06,WEEKENDS/HOLIDAY,12,TRAIN,BP9,1439,908
2026-06,WEEKDAY,10,TRAIN,PE3,6698,3619
2026-06,WEEKENDS/HOLIDAY,9,TRAIN,CC3,864,5589
2026-06,WEEKENDS/HOLIDAY,0,TRAIN,NS18,95,804
2026-06,WEEKDAY,23,TRAIN,NS2,3758,13330
2026-06,WEEKDAY,20,TRAIN,SE1,1737,7058
2026-06,WEEKENDS/HOLIDAY,8,TRAIN,BP8,649,710
2026-06,WEEKDAY,9,TRAIN,DT28,16551,14362
2026-06,WEEKENDS/HOLIDAY,21,TRAIN,BP6/DT1,9673,18660
2026-06,WEEKENDS/HOLIDAY,21,TRAIN,CC7,1368,3141
2026-06,WEEKDAY,8,TRAIN,DT23,7569,22791
2026-06,WEEKENDS/HOLIDAY,14,TRAIN,CC14,2537,2556
2026-06,WEEKDAY,15,TRAIN,CC7,3982,4789
2026-06,WEEKDAY,19,TRAIN,SE5,2253,6050
2026-06,WEEKDAY,18,TRAIN,NS7,38629,59102
2026-06,WEEKENDS/HOLIDAY,22,TRAIN,NS3,2639,7713
2026-06,WEEKDAY,7,TRAIN,NS17/CC15,82274,24362
2026-06,WEEKENDS/HOLIDAY,17,TRAIN,DT7,1891,2173
2026-06,WEEKDAY,17,TRAIN,CC17/TE9,15504,13166
2026-06,WEEKENDS/HOLIDAY,12,TRAIN,BP7,470,380
2026-06,WEEKDAY,6,TRAIN,EW25,28957,6124
2026-06,WEEKENDS/HOLIDAY,23,TRAIN,NS21/DT11,9219,8776
2026-06,WEEKDAY,22,TRAIN,EW5,12177,33530
2026-06,WEEKENDS/HOLIDAY,20,TRAIN,CE1/DT16,52503,19358
2026-06,WEEKDAY,6,TRAIN,EW9,49529,7759
2026-06,WEEKENDS/HOLIDAY,21,TRAIN,TE4,1825,2290
2026-06,WEEKDAY,14,TRAIN,TE24,2535,2849
2026-06,WEEKDAY,10,TRAIN,TE3,10575,6109
2026-06,WEEKDAY,19,TRAIN,SW4,2200,5685
2026-06,WEEKDAY,23,TRAIN,NS23,19287,3434
2026-06,WEEKDAY,6,TRAIN,EW2/DT32,48022,24170
2026-06,WEEKDAY,20,TRAIN,DT5,13748,19054
2026-06,WEEKDAY,23,TRAIN,TE3,877,6583
2026-06,WEEKENDS/HOLIDAY,12,TRAIN,BP12,1389,791
2026-06,WEEKDAY,6,TRAIN,TE25,1250,435
2026-06,WEEKENDS/HOLIDAY,21,TRAIN,NE15,3656,14155
2026-06,WEEKDAY,0,TRAIN,NS25/EW13,462,133
2026-06,WEEKENDS/HOLIDAY,14,TRAIN,EW10,5472,6598
2026-06,WEEKDAY,21,TRAIN,CC14,3550,6618
2026-06,WEEKENDS/HOLIDAY,14,TRAIN,NS16,17566,18147
2026-06,WEEKENDS/HOLIDAY,13,TRAIN,EW11,8217,9773
2026-06,WEEKENDS/HOLIDAY,6,TRAIN,PE5,1320,193
2026-06,WEEKENDS/HOLIDAY,22,TRAIN,PW6,110,551
2026-06,WEEKENDS/HOLIDAY,18,TRAIN,DT31,3551,4354
2026-06,WEEKENDS/HOLIDAY,21,TRAIN,CC14,1045,2420
2026-06,WEEKENDS/HOLIDAY,16,TRAIN,BP3,1727,1640
2026-06,WEEKENDS/HOLIDAY,5,TRAIN,CC10/DT26,653,72
2026-06,WEEKENDS/HOLIDAY,5,TRAIN,EW28,3543,226
2026-06,WEEKENDS/HOLIDAY,22,TRAIN,EW10,2776,6176
2026-06,WEEKDAY,14,TRAIN,EW11,14405,16636
2026-06,WEEKDAY,16,TRAIN,TE13,5970,5163
2026-06,WEEKENDS/HOLIDAY,18,TRAIN,EW11,10230,9382
2026-06,WEEKENDS/HOLIDAY,11,TRAIN,TE26,6473,8392
2026-06,WEEKENDS/HOLIDAY,13,TRAIN,NS23,15351,26816
2026-06,WEEKENDS/HOLIDAY,10,TRAIN,DT17,1453,2191
2026-06,WEEKENDS/HOLIDAY,5,TRAIN,NS27/CE2/TE20,144,19
2026-06,WEEKENDS/HOLIDAY,8,TRAIN,DT27,3326,3406
2026-06,WEEKDAY,22,TRAIN,DT2,682,1878
2026-06,WEEKENDS/HOLIDAY,13,TRAIN,EW8/CC9,30715,30287
2026-06,WEEKDAY,20,TRAIN,CC3,13774,3052
2026-06,WEEKDAY,7,TRAIN,CC21,9419,8344
2026-06,WEEKENDS/HOLIDAY,6,TRAIN,EW14/NS26,1264,3897
2026-06,WEEKDAY,21,TRAIN,SE2,1833,8375
2026-06,WEEKDAY,16,TRAIN,NS5,22407,29239
2026-06,WEEKENDS/HOLIDAY,15,TRAIN,DT22,5295,5798
2026-06,WEEKDAY,20,TRAIN,NE18,15068,12333
2026-06,WEEKENDS/HOLIDAY,23,TRAIN,NS18,832,4166
2026-06,WEEKENDS/HOLIDAY,22,TRAIN,NS27/CE2/TE20,1025,869
2026-06,WEEKDAY,10,TRAIN,NE9,25332,17340
2026-06,WEEKENDS/HOLIDAY,6,TRAIN,CC3,130,790
2026-06,WEEKDAY,14,TRAIN,EW26,19837,17204
2026-06,WEEKENDS/HOLIDAY,19,TRAIN,NE17/PTC,21224,25768
2026-06,WEEKDAY,7,TRAIN,NS2,91074,38756
2026-06,WEEKDAY,7,TRAIN,EW11,21056,22959
2026-06,WEEKENDS/HOLIDAY,7,TRAIN,NE9,8656,4313
2026-06,WEEKDAY,13,TRAIN,BP13,1039,1047
2026-06,WEEKDAY,21,TRAIN,NE7/DT12,29309,18027
2026-06,WEEKENDS/HOLIDAY,11,TRAIN,NS7,11714,10542
2026-06,WEEKDAY,9,TRAIN,EW26,50856,15033
2026-06,WEEKENDS/HOLIDAY,13,TRAIN,DT27,4015,2966
2026-06,WEEKDAY,14,TRAIN,TE18,12641,10029
2026-06,WEEKENDS/HOLIDAY,15,TRAIN,CC16,2719,2345
2026-06,WEEKENDS/HOLIDAY,19,TRAIN,EW2/DT32,25170,30828
2026-06,WEEKENDS/HOLIDAY,14,TRAIN,DT13,5771,6292
2026-06,WEEKENDS/HOLIDAY,13,TRAIN,BP11,1482,1280
2026-06,WEEKDAY,16,TRAIN,TE15,10977,11869
2026-06,WEEKDAY,7,TRAIN,BP5,5246,1891
2026-06,WEEKDAY,20,TRAIN,EW18,13993,20471
2026-06,WEEKENDS/HOLIDAY,9,TRAIN,TE24,1804,802
2026-06,WEEKENDS/HOLIDAY,19,TRAIN,TE16,3544,3477
2026-06,WEEKDAY,12,TRAIN,DT2,4643,2158
2026-06,WEEKDAY,15,TRAIN,NS11,24816,31490
2026-06,WEEKENDS/HOLIDAY,11,TRAIN,DT20,2350,3084
2026-06,WEEKDAY,22,TRAIN,CC19/DT9,2740,2598
2026-06,WEEKENDS/HOLIDAY,13,TRAIN,NS27/CE2/TE20,1610,2414
2026-06,WEEKDAY,6,TRAIN,DT33,26692,7609
2026-06,WEEKDAY,13,TRAIN,NE5,11517,14053
2026-06,WEEKDAY,18,TRAIN,SE3,2683,7871
2026-06,WEEKDAY,21,TRAIN,CC21,14670,6745
2026-06,WEEKENDS/HOLIDAY,10,TRAIN,NE13,13111,10439
2026-06,WEEKENDS/HOLIDAY,21,TRAIN,BP7,118,404
2026-06,WEEKENDS/HOLIDAY,11,TRAIN,SW2,2969,1626
2026-06,WEEKDAY,11,TRAIN,DT21,6654,8386
2026-06,WEEKENDS/HOLIDAY,12,TRAIN,EW27,22236,18722
2026-06,WEEKDAY,16,TRAIN,NE10,15490,15645
2026-06,WEEKDAY,14,TRAIN,NS11,25712,25948
2026-06,WEEKENDS/HOLIDAY,8,TRAIN,TE27,2242,709
2026-06,WEEKDAY,11,TRAIN,EW17,21343,19877
2026-06,WEEKDAY,11,TRAIN,PE1,3818,2028
2026-06,WEEKDAY,14,TRAIN,DT17,10445,17237
2026-06,WEEKDAY,13,TRAIN,TE6,10554,7445
2026-06,WEEKENDS/HOLIDAY,10,TRAIN,NS14,18282,9021
2026-06,WEEKDAY,23,TRAIN,SW7,65,1147
2026-06,WEEKENDS/HOLIDAY,0,TRAIN,BP6/DT1,0,2294
2026-06,WEEKDAY,21,TRAIN,CC16,3905,6121
2026-06,WEEKDAY,18,TRAIN,TE18,32958,20540
2026-06,WEEKENDS/HOLIDAY,11,TRAIN,NS18,7729,3768
2026-06,WEEKDAY,10,TRAIN,TE8,7796,8215
2026-06,WEEKDAY,8,TRAIN,NE7/DT12,24725,62736
2026-06,WEEKDAY,11,TRAIN,BP3,3744,1660
2026-06,WEEKENDS/HOLIDAY,17,TRAIN,NS19,18127,18968
2026-06,WEEKENDS/HOLIDAY,16,TRAIN,EW26,12554,13288
2026-06,WEEKENDS/HOLIDAY,5,TRAIN,EW24/NS1,2538,426
2026-06,WEEKDAY,17,TRAIN,EW12/DT14,115594,73516
2026-06,WEEKENDS/HOLIDAY,16,TRAIN,EW15,12054,7679
2026-06,WEEKDAY,11,TRAIN,TE28,3989,2325
2026-06,WEEKENDS/HOLIDAY,9,TRAIN,NS10,22031,10175
2026-06,WEEKENDS/HOLIDAY,8,TRAIN,NS17/CC15,14962,5836
2026-06,WEEKDAY,17,TRAIN,NS17/CC15,45390,35244
2026-06,WEEKDAY,20,TRAIN,EW32,11252,4513
2026-06,WEEKDAY,5,TRAIN,PW4,1839,92
2026-06,WEEKENDS/HOLIDAY,18,TRAIN,SW3,674,667
2026-06,WEEKDAY,21,TRAIN,EW29,11467,5996
2026-06,WEEKDAY,0,TRAIN,PW4,75,408
2026-06,WEEKDAY,5,TRAIN,NS18,4042,678
2026-06,WEEKENDS/HOLIDAY,15,TRAIN,NE13,10958,10074
2026-06,WEEKENDS/HOLIDAY,17,TRAIN,CC3,7625,5503
2026-06,WEEKDAY,5,TRAIN,DT2,237,68
2026-06,WEEKDAY,23,TRAIN,CC21,2659,2122
2026-06,WEEKDAY,15,TRAIN,TE24,2554,3216
2026-06,WEEKDAY,17,TRAIN,NE13,28375,38112
2026-06,WEEKENDS/HOLIDAY,11,TRAIN,EW23,21575,15752
2026-06,WEEKENDS/HOLIDAY,10,TRAIN,PW6,1109,346
2026-06,WEEKDAY,6,TRAIN,SE4,5147,718
2026-06,WEEKDAY,21,TRAIN,DT33,5689,25971
2026-06,WEEKENDS/HOLIDAY,5,TRAIN,SW2,190,57
2026-06,WEEKENDS/HOLIDAY,15,TRAIN,SW5,3002,2820
2026-06,WEEKDAY,8,TRAIN,PW2,99,380
2026-06,WEEKENDS/HOLIDAY,5,TRAIN,DT31,437,15
2026-06,WEEKENDS/HOLIDAY,8,TRAIN,TE11,1292,877
2026-06,WEEKDAY,10,TRAIN,SE3,3404,1046
2026-06,WEEKDAY,8,TRAIN,PE5,17058,2813
2026-06,WEEKENDS/HOLIDAY,20,TRAIN,TE4,2269,2480
2026-06,WEEKENDS/HOLIDAY,0,TRAIN,NS21/DT11,701,842
2026-06,WEEKDAY,14,TRAIN,EW8/CC9,42819,39738
2026-06,WEEKENDS/HOLIDAY,15,TRAIN,EW14/NS26,11630,9920
2026-06,WEEKENDS/HOLIDAY,20,TRAIN,NS5,6884,16804
2026-06,WEEKDAY,11,TRAIN,DT17,28597,15831
2026-06,WEEKDAY,15,TRAIN,CC11,17043,9471
2026-06,WEEKDAY,0,TRAIN,EW24/NS1,1105,2772
2026-06,WEEKDAY,11,TRAIN,BP6/DT1,30616,23411
2026-06,WEEKENDS/HOLIDAY,10,TRAIN,EW2/DT32,24689,18320
2026-06,WEEKENDS/HOLIDAY,15,TRAIN,EW3,7288,7798
2026-06,WEEKENDS/HOLIDAY,0,TRAIN,NS7,1824,1603
2026-06,WEEKENDS/HOLIDAY,20,TRAIN,DT3,1229,3088
2026-06,WEEKDAY,6,TRAIN,NS23,2882,9773
2026-06,WEEKENDS/HOLIDAY,9,TRAIN,EW3,9166,4062
2026-06,WEEKDAY,12,TRAIN,NE13,23393,17914
2026-06,WEEKENDS/HOLIDAY,21,TRAIN,NS10,6098,20435
2026-06,WEEKDAY,12,TRAIN,DT6,7432,5831
2026-06,WEEKENDS/HOLIDAY,14,TRAIN,NS17/CC15,12040,7914
2026-06,WEEKDAY,23,TRAIN,EW31,148,661
2026-06,WEEKENDS/HOLIDAY,20,TRAIN,NE13,7088,10595
2026-06,WEEKDAY,11,TRAIN,DT4,2793,964
2026-06,WEEKDAY,22,TRAIN,DT10,1583,2444
2026-06,WEEKDAY,18,TRAIN,TE3,22162,34910
2026-06,WEEKENDS/HOLIDAY,18,TRAIN,BP7,480,510
2026-06,WEEKDAY,10,TRAIN,EW15,13772,69703
2026-06,WEEKDAY,5,TRAIN,CC5,479,32
2026-06,WEEKDAY,9,TRAIN,EW14/NS26,12951,316858
2026-06,WEEKDAY,17,TRAIN,CC27,41929,2873
2026-06,WEEKENDS/HOLIDAY,7,TRAIN,EW27,17557,15049
2026-06,WEEKDAY,22,TRAIN,EW9,10739,23899
2026-06,WEEKENDS/HOLIDAY,7,TRAIN,TE5,844,764
2026-06,WEEKENDS/HOLIDAY,11,TRAIN,TE16,4138,3346
2026-06,WEEKENDS/HOLIDAY,15,TRAIN,NE16/STC,20515,21712
2026-06,WEEKENDS/HOLIDAY,7,TRAIN,NS15,5998,5560
2026-06,WEEKDAY,8,TRAIN,CC3,1885,18316
2026-06,WEEKDAY,12,TRAIN,TE28,3990,3603
2026-06,WEEKDAY,15,TRAIN,DT13,9437,8971
2026-06,WEEKDAY,11,TRAIN,SW6,2584,1345
2026-06,WEEKENDS/HOLIDAY,21,TRAIN,TE7,883,2476
2026-06,WEEKDAY,8,TRAIN,DT18,4699,98313
2026-06,WEEKDAY,19,TRAIN,EW25,11828,32240
2026-06,WEEKDAY,21,TRAIN,EW3,10011,22733
2026-06,WEEKENDS/HOLIDAY,15,TRAIN,BP8,674,789
2026-06,WEEKENDS/HOLIDAY,21,TRAIN,CC6,7423,1074
2026-06,WEEKENDS/HOLIDAY,20,TRAIN,PE4,592,1109
2026-06,WEEKENDS/HOLIDAY,8,TRAIN,BP4,867,352
2026-06,WEEKENDS/HOLIDAY,11,TRAIN,NE11,7440,6587
2026-06,WEEKDAY,8,TRAIN,EW7,44666,22194
2026-06,WEEKDAY,12,TRAIN,EW14/NS26,70288,52047
2026-06,WEEKDAY,15,TRAIN,CC10/DT26,12655,12601
2026-06,WEEKDAY,12,TRAIN,SW1,3388,1958
2026-06,WEEKDAY,12,TRAIN,CC14,7471,4727
2026-06,WEEKDAY,22,TRAIN,TE13,2451,1986
2026-06,WEEKENDS/HOLIDAY,8,TRAIN,EW8/CC9,8691,18720
2026-06,WEEKENDS/HOLIDAY,9,TRAIN,EW22,2395,2585
2026-06,WEEKENDS/HOLIDAY,10,TRAIN,EW15,4896,12440
2026-06,WEEKENDS/HOLIDAY,11,TRAIN,PW6,1016,416
2026-06,WEEKENDS/HOLIDAY,10,TRAIN,TE4,2128,2484
2026-06,WEEKDAY,10,TRAIN,TE6,13468,4359
2026-06,WEEKDAY,18,TRAIN,NS17/CC15,54540,66270
2026-06,WEEKENDS/HOLIDAY,18,TRAIN,NS11,16767,22996
2026-06,WEEKENDS/HOLIDAY,20,TRAIN,PW6,191,804
2026-06,WEEKDAY,14,TRAIN,DT5,12020,12145
2026-06,WEEKDAY,16,TRAIN,SW3,1515,1408
2026-06,WEEKENDS/HOLIDAY,6,TRAIN,CC14,671,622
2026-06,WEEKENDS/HOLIDAY,14,TRAIN,TE7,2501,2495
2026-06,WEEKDAY,17,TRAIN,EW17,37848,45223
2026-06,WEEKENDS/HOLIDAY,22,TRAIN,DT25,568,2072
2026-06,WEEKDAY,19,TRAIN,NE16/STC,47558,122688
2026-06,WEEKDAY,10,TRAIN,TE7,6095,4363
2026-06,WEEKENDS/HOLIDAY,12,TRAIN,NS11,19678,12735
2026-06,WEEKENDS/HOLIDAY,6,TRAIN,PE6,822,482
2026-06,WEEKDAY,19,TRAIN,EW27,56059,119679
2026-06,WEEKENDS/HOLIDAY,13,TRAIN,SW3,758,588
2026-06,WEEKENDS/HOLIDAY,13,TRAIN,PW5,1295,1214
2026-06,WEEKDAY,14,TRAIN,TE8,9426,8643
2026-06,WEEKENDS/HOLIDAY,13,TRAIN,NE11,7996,8091
2026-06,WEEKDAY,18,TRAIN,DT10,7123,7956
2026-06,WEEKDAY,11,TRAIN,EW6,11194,6277
2026-06,WEEKENDS/HOLIDAY,12,TRAIN,NS28,1010,2913
2026-06,WEEKDAY,6,TRAIN,DT10,2721,2100
2026-06,WEEKDAY,23,TRAIN,NE15,1632,13413
2026-06,WEEKDAY,18,TRAIN,EW2/DT32,101429,196997
2026-06,WEEKDAY,13,TRAIN,BP7,910,957
2026-06,WEEKDAY,0,TRAIN,EW21/CC22,345,753
2026-06,WEEKDAY,8,TRAIN,NS3,57992,15943
2026-06,WEEKDAY,22,TRAIN,BP8,1148,1249
2026-06,WEEKENDS/HOLIDAY,13,TRAIN,NS21/DT11,27892,27727
2026-06,WEEKENDS/HOLIDAY,23,TRAIN,TE14/NS22,7460,2272
2026-06,WEEKENDS/HOLIDAY,18,TRAIN,NE1/CC29,41681,27423
2026-06,WEEKENDS/HOLIDAY,13,TRAIN,NS28,1105,2801
2026-06,WEEKDAY,17,TRAIN,BP2,2642,3991
2026-06,WEEKDAY,22,TRAIN,TE26,6398,4909
2026-06,WEEKDAY,6,TRAIN,NS5,60039,14340
2026-06,WEEKDAY,6,TRAIN,NE9,22086,15499
2026-06,WEEKENDS/HOLIDAY,5,TRAIN,CC11,376,131
2026-06,WEEKDAY,15,TRAIN,SW1,2917,1419
2026-06,WEEKDAY,18,TRAIN,BP9,2290,5316
2026-06,WEEKDAY,5,TRAIN,DT31,2503,109
2026-06,WEEKENDS/HOLIDAY,15,TRAIN,EW32,2135,1201
2026-06,WEEKENDS/HOLIDAY,14,TRAIN,BP2,1224,1036
2026-06,WEEKDAY,15,TRAIN,TE11,3600,3833
2026-06,WEEKDAY,8,TRAIN,CC16,18681,20867
2026-06,WEEKDAY,23,TRAIN,DT13,2683,3407
2026-06,WEEKDAY,18,TRAIN,TE13,11369,6346
2026-06,WEEKENDS/HOLIDAY,14,TRAIN,DT24,1947,1632
2026-06,WEEKDAY,10,TRAIN,DT7,3077,2972
2026-06,WEEKENDS/HOLIDAY,20,TRAIN,EW21/CC22,9737,6829
2026-06,WEEKDAY,19,TRAIN,DT17,67015,7042
2026-06,WEEKDAY,15,TRAIN,PE4,1375,1644
2026-06,WEEKDAY,5,TRAIN,NS4/BP1,15138,6623
2026-06,WEEKDAY,9,TRAIN,NE1/CC29,19569,105472
2026-06,WEEKENDS/HOLIDAY,23,TRAIN,CC12,345,1109
2026-06,WEEKENDS/HOLIDAY,14,TRAIN,PE6,3428,3319
2026-06,WEEKDAY,6,TRAIN,SE1,6036,2116
2026-06,WEEKENDS/HOLIDAY,17,TRAIN,NS24/NE6/CC1,25915,19367
2026-06,WEEKENDS/HOLIDAY,6,TRAIN,EW22,984,716
2026-06,WEEKENDS/HOLIDAY,22,TRAIN,EW32,731,2840
2026-06,WEEKENDS/HOLIDAY,16,TRAIN,PW1,1518,1479
2026-06,WEEKENDS/HOLIDAY,22,TRAIN,DT3,786,2378
2026-06,WEEKDAY,20,TRAIN,PW2,282,73
2026-06,WEEKENDS/HOLIDAY,16,TRAIN,EW7,6044,7185
2026-06,WEEKDAY,9,TRAIN,EW17,41919,27049
2026-06,WEEKENDS/HOLIDAY,17,TRAIN,EW18,8628,7750
2026-06,WEEKENDS/HOLIDAY,23,TRAIN,DT8,156,405
2026-06,WEEKDAY,10,TRAIN,DT24,5750,2962
2026-06,WEEKDAY,17,TRAIN,EW18,33478,27675
2026-06,WEEKENDS/HOLIDAY,9,TRAIN,PE6,3483,2507
2026-06,WEEKENDS/HOLIDAY,20,TRAIN,NS13,17794,26649
2026-06,WEEKDAY,23,TRAIN,DT2,150,1020
2026-06,WEEKENDS/HOLIDAY,16,TRAIN,TE14/NS22,54929,45547
2026-06,WEEKDAY,5,TRAIN,NS3,10659,1087
2026-06,WEEKENDS/HOLIDAY,8,TRAIN,CC11,2485,7457
2026-06,WEEKENDS/HOLIDAY,7,TRAIN,NS25/EW13,1726,10306
2026-06,WEEKENDS/HOLIDAY,15,TRAIN,TE22,2414,5630
2026-06,WEEKENDS/HOLIDAY,14,TRAIN,EW20,4910,5028
2026-06,WEEKDAY,14,TRAIN,SW6,1754,2518
2026-06,WEEKDAY,14,TRAIN,DT22,7362,7197
2026-06,WEEKENDS/HOLIDAY,18,TRAIN,TE18,6411,7289
2026-06,WEEKDAY,10,TRAIN,PW2,141,158
2026-06,WEEKENDS/HOLIDAY,22,TRAIN,PE4,364,748
2026-06,WEEKENDS/HOLIDAY,11,TRAIN,EW26,16815,6366
2026-06,WEEKENDS/HOLIDAY,19,TRAIN,DT25,1587,2470
2026-06,WEEKENDS/HOLIDAY,15,TRAIN,NS12,7664,8335
2026-06,WEEKENDS/HOLIDAY,17,TRAIN,NE12/CC13,30360,37580
2026-06,WEEKENDS/HOLIDAY,7,TRAIN,DT8,644,1057
2026-06,WEEKDAY,18,TRAIN,TE6,14710,40203
2026-06,WEEKDAY,21,TRAIN,NS17/CC15,16034,28204
2026-06,WEEKENDS/HOLIDAY,22,TRAIN,EW1,4573,12584
2026-06,WEEKENDS/HOLIDAY,5,TRAIN,NE15,898,31
2026-06,WEEKENDS/HOLIDAY,12,TRAIN,CC4/DT15,4795,14833
2026-06,WEEKENDS/HOLIDAY,0,TRAIN,TE28,7,199
2026-06,WEEKENDS/HOLIDAY,14,TRAIN,SW8,351,613
2026-06,WEEKDAY,13,TRAIN,CC26,3796,5828
2026-06,WEEKDAY,23,TRAIN,TE18,5155,1063
2026-06,WEEKENDS/HOLIDAY,13,TRAIN,NE13,14812,10987
2026-06,WEEKDAY,0,TRAIN,NS18,206,1505
2026-06,WEEKDAY,7,TRAIN,EW24/NS1,63668,173368
2026-06,WEEKDAY,17,TRAIN,PE4,2281,2454
2026-06,WEEKENDS/HOLIDAY,22,TRAIN,EW23,8156,15551
2026-06,WEEKDAY,0,TRAIN,NE15,83,2070
2026-06,WEEKDAY,7,TRAIN,DT30,30393,5796
2026-06,WEEKDAY,0,TRAIN,TE8,217,428
2026-06,WEEKENDS/HOLIDAY,14,TRAIN,NS13,22809,22867
2026-06,WEEKDAY,14,TRAIN,NE16/STC,39862,41122
2026-06,WEEKDAY,0,TRAIN,DT7,18,203
2026-06,WEEKENDS/HOLIDAY,10,TRAIN,NE18,5260,5874
2026-06,WEEKENDS/HOLIDAY,23,TRAIN,NS20,1285,1275
2026-06,WEEKENDS/HOLIDAY,5,TRAIN,NE1/CC29,503,19
2026-06,WEEKDAY,23,TRAIN,TE16,2237,3102
2026-06,WEEKENDS/HOLIDAY,19,TRAIN,TE5,2696,3442
2026-06,WEEKDAY,17,TRAIN,NE9,49208,31402
2026-06,WEEKDAY,12,TRAIN,PW5,2411,1760
2026-06,WEEKDAY,5,TRAIN,EW11,2898,537
2026-06,WEEKDAY,17,TRAIN,DT3,8885,10233
2026-06,WEEKENDS/HOLIDAY,15,TRAIN,DT5,7621,6476
2026-06,WEEKENDS/HOLIDAY,11,TRAIN,EW16/NE3/TE17,10240,11383
2026-06,WEEKENDS/HOLIDAY,22,TRAIN,CC8,1462,2261
2026-06,WEEKENDS/HOLIDAY,14,TRAIN,BP10,1212,1427
2026-06,WEEKENDS/HOLIDAY,10,TRAIN,EW22,2762,2436
2026-06,WEEKENDS/HOLIDAY,9,TRAIN,DT6,2808,1918
2026-06,WEEKENDS/HOLIDAY,9,TRAIN,TE6,7769,2747
2026-06,WEEKDAY,17,TRAIN,DT21,17067,10368
2026-06,WEEKENDS/HOLIDAY,14,TRAIN,DT30,3610,3438
2026-06,WEEKENDS/HOLIDAY,19,TRAIN,SE2,1587,3153
2026-06,WEEKENDS/HOLIDAY,12,TRAIN,SW3,924,534
2026-06,WEEKDAY,7,TRAIN,EW4,32808,36619
2026-06,WEEKENDS/HOLIDAY,16,TRAIN,NS9/TE2,25973,29068
2026-06,WEEKDAY,16,TRAIN,DT20,6265,5702
2026-06,WEEKDAY,18,TRAIN,TE27,6100,15580
2026-06,WEEKDAY,0,TRAIN,EW1,0,4206
2026-06,WEEKDAY,19,TRAIN,NE4/DT19,92580,57791
2026-06,WEEKDAY,18,TRAIN,SW3,1894,1446
2026-06,WEEKDAY,17,TRAIN,CG1/DT35,52941,9909
2026-06,WEEKENDS/HOLIDAY,11,TRAIN,CC3,1593,6705
2026-06,WEEKENDS/HOLIDAY,9,TRAIN,BP13,740,361
2026-06,WEEKDAY,10,TRAIN,SE2,6452,2670
2026-06,WEEKENDS/HOLIDAY,11,TRAIN,CC17/TE9,3001,2006
2026-06,WEEKENDS/HOLIDAY,17,TRAIN,DT3,3164,3326
2026-06,WEEKENDS/HOLIDAY,20,TRAIN,CG2,13028,7495
2026-06,WEEKENDS/HOLIDAY,23,TRAIN,CC5,507,768
2026-06,WEEKENDS/HOLIDAY,23,TRAIN,CC23,289,207
2026-06,WEEKENDS/HOLIDAY,18,TRAIN,CC11,8404,6204
2026-06,WEEKDAY,5,TRAIN,CC19/DT9,264,430
2026-06,WEEKENDS/HOLIDAY,21,TRAIN,NS3,3914,9540
2026-06,WEEKENDS/HOLIDAY,20,TRAIN,DT29,1540,4243
2026-06,WEEKDAY,20,TRAIN,PE6,4742,9133
2026-06,WEEKDAY,12,TRAIN,BP10,3431,2382
2026-06,WEEKENDS/HOLIDAY,15,TRAIN,CC25,2373,1844
2026-06,WEEKDAY,20,TRAIN,NS8,12685,24628
2026-06,WEEKENDS/HOLIDAY,11,TRAIN,EW24/NS1,18199,38447
2026-06,WEEKDAY,21,TRAIN,CC17/TE9,3315,7171
2026-06,WEEKENDS/HOLIDAY,14,TRAIN,TE24,1279,1572
2026-06,WEEKDAY,21,TRAIN,DT7,1543,3804
2026-06,WEEKENDS/HOLIDAY,23,TRAIN,CC3,1646,463
2026-06,WEEKDAY,11,TRAIN,CC27,5319,5057
2026-06,WEEKDAY,6,TRAIN,NS9/TE2,76254,40076
2026-06,WEEKDAY,11,TRAIN,NE15,22598,10681
2026-06,WEEKDAY,11,TRAIN,BP10,3326,2106
2026-06,WEEKENDS/HOLIDAY,13,TRAIN,DT2,1421,821
2026-06,WEEKENDS/HOLIDAY,16,TRAIN,NS12,8573,8805
2026-06,WEEKENDS/HOLIDAY,22,TRAIN,DT6,603,1658
2026-06,WEEKDAY,21,TRAIN,CC25,3507,5417
2026-06,WEEKDAY,6,TRAIN,TE24,1594,796
2026-06,WEEKDAY,18,TRAIN,CC8,10418,18918
2026-06,WEEKDAY,8,TRAIN,BP6/DT1,142345,53601
2026-06,WEEKDAY,14,TRAIN,EW20,9532,9690
2026-06,WEEKDAY,19,TRAIN,EW28,27273,58804
2026-06,WEEKENDS/HOLIDAY,15,TRAIN,EW16/NE3/TE17,11591,8624
2026-06,WEEKDAY,5,TRAIN,SW2,915,298
2026-06,WEEKDAY,5,TRAIN,TE12,109,248
2026-06,WEEKENDS/HOLIDAY,9,TRAIN,DT7,1993,1288
2026-06,WEEKENDS/HOLIDAY,13,TRAIN,DT30,3961,3266
2026-06,WEEKENDS/HOLIDAY,5,TRAIN,CC16,229,22
2026-06,WEEKENDS/HOLIDAY,14,TRAIN,EW7,5991,6429
2026-06,WEEKDAY,22,TRAIN,NS27/CE2/TE20,2991,1386
2026-06,WEEKENDS/HOLIDAY,11,TRAIN,SE4,2557,1444
2026-06,WEEKENDS/HOLIDAY,17,TRAIN,CC6,6730,7494
2026-06,WEEKENDS/HOLIDAY,13,TRAIN,CC27,982,970
2026-06,WEEKDAY,10,TRAIN,CC27,1493,11476
2026-06,WEEKDAY,12,TRAIN,TE6,10734,6243
2026-06,WEEKDAY,22,TRAIN,BP12,436,2278
2026-06,WEEKENDS/HOLIDAY,23,TRAIN,NE4/DT19,7104,3638
2026-06,WEEKENDS/HOLIDAY,6,TRAIN,TE6,1485,282
2026-06,WEEKDAY,16,TRAIN,DT27,9460,7232
2026-06,WEEKENDS/HOLIDAY,13,TRAIN,NS3,9866,7782
2026-06,WEEKDAY,19,TRAIN,NS21/DT11,79787,86681
2026-06,WEEKDAY,10,TRAIN,TE22,709,4017
2026-06,WEEKENDS/HOLIDAY,16,TRAIN,EW19,7517,7815
2026-06,WEEKENDS/HOLIDAY,5,TRAIN,PW7,255,102
2026-06,WEEKENDS/HOLIDAY,14,TRAIN,PE1,1586,1722
2026-06,WEEKENDS/HOLIDAY,7,TRAIN,SW8,251,209
2026-06,WEEKENDS/HOLIDAY,15,TRAIN,CC26,1430,1074
2026-06,WEEKENDS/HOLIDAY,10,TRAIN,BP7,462,321
2026-06,WEEKDAY,20,TRAIN,EW3,11385,27016
2026-06,WEEKDAY,8,TRAIN,NE17/PTC,113524,23323
2026-06,WEEKDAY,10,TRAIN,EW32,1624,2164
2026-06,WEEKDAY,8,TRAIN,NE9,53984,52878
2026-06,WEEKENDS/HOLIDAY,9,TRAIN,CC27,372,1434
2026-06,WEEKENDS/HOLIDAY,20,TRAIN,NS20,14495,6893
2026-06,WEEKDAY,6,TRAIN,SW2,4157,1269
2026-06,WEEKENDS/HOLIDAY,17,TRAIN,DT29,3518,3478
2026-06,WEEKENDS/HOLIDAY,20,TRAIN,EW22,1157,2976
2026-06,WEEKDAY,5,TRAIN,NS11,21064,3104
2026-06,WEEKENDS/HOLIDAY,18,TRAIN,EW14/NS26,10951,13549
2026-06,WEEKDAY,20,TRAIN,NE4/DT19,81596,32542
2026-06,WEEKDAY,17,TRAIN,CC28,6133,6644
2026-06,WEEKDAY,16,TRAIN,EW31,7221,1088
2026-06,WEEKDAY,9,TRAIN,BP10,4328,2042
2026-06,WEEKDAY,9,TRAIN,NS19,54476,40302
2026-06,WEEKENDS/HOLIDAY,8,TRAIN,EW18,6121,6108
2026-06,WEEKDAY,20,TRAIN,BP4,1173,2726
2026-06,WEEKDAY,19,TRAIN,EW14/NS26,172715,28685
2026-06,WEEKDAY,8,TRAIN,SE4,8771,2952
2026-06,WEEKENDS/HOLIDAY,7,TRAIN,NS12,8499,3949
2026-06,WEEKDAY,19,TRAIN,CC7,5615,12923
2026-06,WEEKDAY,19,TRAIN,DT30,5762,26548
2026-06,WEEKENDS/HOLIDAY,0,TRAIN,DT5,62,671
2026-06,WEEKDAY,18,TRAIN,DT20,18261,15117
2026-06,WEEKENDS/HOLIDAY,19,TRAIN,DT17,2971,2572
2026-06,WEEKDAY,21,TRAIN,NS21/DT11,49785,56848
2026-06,WEEKDAY,15,TRAIN,CC17/TE9,10601,5098
2026-06,WEEKDAY,16,TRAIN,NS19,36483,40190
2026-06,WEEKENDS/HOLIDAY,23,TRAIN,EW11,2225,3223
2026-06,WEEKENDS/HOLIDAY,12,TRAIN,NE5,4586,7260
2026-06,WEEKDAY,10,TRAIN,DT5,13606,10969
2026-06,WEEKDAY,18,TRAIN,CC28,8265,10995
2026-06,WEEKDAY,16,TRAIN,NS27/CE2/TE20,7456,3666
2026-06,WEEKDAY,20,TRAIN,NS24/NE6/CC1,55983,22966
2026-06,WEEKDAY,17,TRAIN,NS27/CE2/TE20,17929,4077
2026-06,WEEKENDS/HOLIDAY,13,TRAIN,DT18,3046,2852
2026-06,WEEKDAY,8,TRAIN,TE29,16608,2226
2026-06,WEEKENDS/HOLIDAY,9,TRAIN,DT3,4317,1811
2026-06,WEEKDAY,15,TRAIN,TE8,8993,8470
2026-06,WEEKDAY,17,TRAIN,EW10,15376,18346
2026-06,WEEKENDS/HOLIDAY,12,TRAIN,SE3,1578,991
2026-06,WEEKDAY,22,TRAIN,EW28,8249,27382
2026-06,WEEKDAY,11,TRAIN,NE1/CC29,21046,71534
2026-06,WEEKENDS/HOLIDAY,18,TRAIN,BP4,721,843
2026-06,WEEKDAY,10,TRAIN,CC23,3653,29457
2026-06,WEEKENDS/HOLIDAY,5,TRAIN,EW3,875,54
2026-06,WEEKENDS/HOLIDAY,17,TRAIN,CC20,2756,2760
2026-06,WEEKDAY,12,TRAIN,NS8,17517,10044
2026-06,WEEKDAY,7,TRAIN,NS20,17865,97118
2026-06,WEEKDAY,22,TRAIN,SW7,222,2580
2026-06,WEEKENDS/HOLIDAY,23,TRAIN,BP5,90,154
2026-06,WEEKENDS/HOLIDAY,11,TRAIN,CE1/DT16,9229,24370
2026-06,WEEKENDS/HOLIDAY,13,TRAIN,TE13,2137,1743
2026-06,WEEKDAY,0,TRAIN,CC11,142,344
2026-06,WEEKENDS/HOLIDAY,6,TRAIN,EW30,648,1582
2026-06,WEEKDAY,6,TRAIN,CC5,2390,1922
2026-06,WEEKDAY,11,TRAIN,NS24/NE6/CC1,22197,36279
2026-06,WEEKENDS/HOLIDAY,19,TRAIN,SW2,1748,1389
2026-06,WEEKENDS/HOLIDAY,6,TRAIN,PW3,796,50
2026-06,WEEKDAY,20,TRAIN,TE23,2309,3998
2026-06,WEEKENDS/HOLIDAY,15,TRAIN,TE5,2724,2626
2026-06,WEEKENDS/HOLIDAY,17,TRAIN,NE14,13590,15565
2026-06,WEEKDAY,14,TRAIN,EW3,15038,15576
2026-06,WEEKENDS/HOLIDAY,7,TRAIN,EW29,3865,16999
2026-06,WEEKDAY,23,TRAIN,CC3,3270,381
2026-06,WEEKDAY,5,TRAIN,EW28,18262,1344
2026-06,WEEKENDS/HOLIDAY,0,TRAIN,CC10/DT26,72,581
2026-06,WEEKDAY,10,TRAIN,EW5,31370,21170
2026-06,WEEKDAY,10,TRAIN,TE25,3436,1741
2026-06,WEEKDAY,22,TRAIN,NE4/DT19,41277,15795
2026-06,WEEKENDS/HOLIDAY,18,TRAIN,EW8/CC9,38322,30100
2026-06,WEEKENDS/HOLIDAY,23,TRAIN,EW24/NS1,6445,5684
2026-06,WEEKENDS/HOLIDAY,13,TRAIN,BP13,588,518
2026-06,WEEKENDS/HOLIDAY,20,TRAIN,TE1,1837,2627
2026-06,WEEKDAY,21,TRAIN,PW6,419,1795
2026-06,WEEKDAY,9,TRAIN,PW6,3321,936
2026-06,WEEKENDS/HOLIDAY,21,TRAIN,NE5,9014,4713
2026-06,WEEKDAY,10,TRAIN,NS14,38174,14874
2026-06,WEEKENDS/HOLIDAY,22,TRAIN,EW7,1950,6947
2026-06,WEEKDAY,10,TRAIN,PE7,4278,1704
2026-06,WEEKDAY,8,TRAIN,CC26,7181,29584
2026-06,WEEKDAY,22,TRAIN,NE15,5409,29822
2026-06,WEEKENDS/HOLIDAY,23,TRAIN,DT23,413,526
2026-06,WEEKDAY,18,TRAIN,BP13,1078,3295
2026-06,WEEKDAY,16,TRAIN,CC27,11756,2000
2026-06,WEEKDAY,13,TRAIN,PE7,3784,3773
2026-06,WEEKENDS/HOLIDAY,18,TRAIN,NS9/TE2,28217,35094
2026-06,WEEKENDS/HOLIDAY,8,TRAIN,PE4,715,373
2026-06,WEEKENDS/HOLIDAY,23,TRAIN,SW1,100,82
2026-06,WEEKENDS/HOLIDAY,10,TRAIN,CC3,1181,6607
2026-06,WEEKDAY,12,TRAIN,CC28,3883,2630
2026-06,WEEKENDS/HOLIDAY,22,TRAIN,CC7,1320,2703
2026-06,WEEKENDS/HOLIDAY,18,TRAIN,CC25,2982,2720
2026-06,WEEKDAY,9,TRAIN,DT8,5367,4148
2026-06,WEEKENDS/HOLIDAY,21,TRAIN,DT17,3062,1642
2026-06,WEEKENDS/HOLIDAY,14,TRAIN,NS14,12509,11005
2026-06,WEEKDAY,5,TRAIN,SW8,506,162
2026-06,WEEKENDS/HOLIDAY,15,TRAIN,PW1,1289,1394
2026-06,WEEKDAY,7,TRAIN,PW2,22,176
2026-06,WEEKENDS/HOLIDAY,11,TRAIN,NE1/CC29,10906,39681
2026-06,WEEKENDS/HOLIDAY,11,TRAIN,EW33,2262,1252
2026-06,WEEKENDS/HOLIDAY,0,TRAIN,TE25,20,97
2026-06,WEEKENDS/HOLIDAY,11,TRAIN,DT22,4162,6624
2026-06,WEEKENDS/HOLIDAY,6,TRAIN,NE17/PTC,5882,2210
2026-06,WEEKENDS/HOLIDAY,23,TRAIN,EW5,1688,6889
2026-06,WEEKENDS/HOLIDAY,7,TRAIN,EW17,6449,4086
2026-06,WEEKDAY,9,TRAIN,EW8/CC9,32528,81706
2026-06,WEEKDAY,8,TRAIN,TE19,2611,101219
2026-06,WEEKENDS/HOLIDAY,5,TRAIN,PE3,273,70
2026-06,WEEKDAY,14,TRAIN,DT27,6289,6163
2026-06,WEEKDAY,20,TRAIN,CC25,4836,6270
2026-06,WEEKENDS/HOLIDAY,17,TRAIN,TE4,3618,3008
2026-06,WEEKDAY,13,TRAIN,TE16,6224,5962
2026-06,WEEKENDS/HOLIDAY,8,TRAIN,CC5,655,879
2026-06,WEEKENDS/HOLIDAY,12,TRAIN,BP4,757,602
2026-06,WEEKENDS/HOLIDAY,16,TRAIN,SE2,2338,2563
2026-06,WEEKENDS/HOLIDAY,15,TRAIN,EW21/CC22,9864,8196
2026-06,WEEKDAY,17,TRAIN,DT8,7781,5663
2026-06,WEEKENDS/HOLIDAY,15,TRAIN,SE4,1459,1781
2026-06,WEEKENDS/HOLIDAY,19,TRAIN,CC24,4919,2518
2026-06,WEEKDAY,22,TRAIN,NS25/EW13,65267,7354
2026-06,WEEKENDS/HOLIDAY,19,TRAIN,EW3,6305,10507
2026-06,WEEKENDS/HOLIDAY,20,TRAIN,DT5,4695,7202
2026-06,WEEKENDS/HOLIDAY,20,TRAIN,CC19/DT9,2609,1729
2026-06,WEEKDAY,18,TRAIN,TE26,19257,28046
2026-06,WEEKENDS/HOLIDAY,9,TRAIN,PW7,1786,739
2026-06,WEEKDAY,8,TRAIN,SW4,8891,1981
2026-06,WEEKDAY,12,TRAIN,EW33,3371,1783
2026-06,WEEKENDS/HOLIDAY,23,TRAIN,EW27,2354,10604
2026-06,WEEKDAY,11,TRAIN,TE18,8175,16202
2026-06,WEEKDAY,7,TRAIN,NE16/STC,122026,34272
2026-06,WEEKDAY,14,TRAIN,SW3,1373,1117
2026-06,WEEKENDS/HOLIDAY,9,TRAIN,PW1,304,1414
2026-06,WEEKENDS/HOLIDAY,0,TRAIN,CC23,5,64
2026-06,WEEKENDS/HOLIDAY,8,TRAIN,TE23,1043,572
2026-06,WEEKENDS/HOLIDAY,11,TRAIN,TE27,3222,2141
2026-06,WEEKDAY,16,TRAIN,NS4/BP1,36422,46014
2026-06,WEEKDAY,9,TRAIN,BP6/DT1,62152,27614
2026-06,WEEKDAY,15,TRAIN,CG1/DT35,12365,8136
2026-06,WEEKDAY,15,TRAIN,EW10,6775,8236
2026-06,WEEKENDS/HOLIDAY,15,TRAIN,EW6,4454,4940
2026-06,WEEKDAY,6,TRAIN,DT28,15137,9853
2026-06,WEEKENDS/HOLIDAY,10,TRAIN,EW9,9492,10542
2026-06,WEEKENDS/HOLIDAY,22,TRAIN,CC17/TE9,904,2457
2026-06,WEEKENDS/HOLIDAY,11,TRAIN,EW7,7694,4893
2026-06,WEEKDAY,15,TRAIN,NE13,17969,21170
2026-06,WEEKDAY,0,TRAIN,TE1,20,298
2026-06,WEEKDAY,11,TRAIN,EW26,26822,10450
2026-06,WEEKENDS/HOLIDAY,20,TRAIN,CC10/DT26,4504,7726
2026-06,WEEKDAY,14,TRAIN,CC14,5309,6117
2026-06,WEEKENDS/HOLIDAY,16,TRAIN,CC20,2018,2343
2026-06,WEEKDAY,7,TRAIN,DT34,10481,10818
2026-06,WEEKDAY,12,TRAIN,DT7,3254,3301
2026-06,WEEKDAY,18,TRAIN,PW4,4826,11478
2026-06,WEEKDAY,7,TRAIN,TE19,1088,25235
2026-06,WEEKENDS/HOLIDAY,10,TRAIN,SE5,1572,656
2026-06,WEEKDAY,13,TRAIN,SW2,5065,2941
2026-06,WEEKENDS/HOLIDAY,17,TRAIN,BP6/DT1,16693,20212
2026-06,WEEKENDS/HOLIDAY,9,TRAIN,SW3,1138,283
2026-06,WEEKDAY,12,TRAIN,NS28,1931,2556
2026-06,WEEKDAY,13,TRAIN,EW32,2455,2289
2026-06,WEEKDAY,6,TRAIN,NS3,40308,7524
2026-06,WEEKENDS/HOLIDAY,16,TRAIN,SW5,2998,2994
2026-06,WEEKDAY,11,TRAIN,DT27,7172,5693
2026-06,WEEKDAY,7,TRAIN,EW22,12484,19545
2026-06,WEEKENDS/HOLIDAY,8,TRAIN,TE26,1802,2877
2026-06,WEEKENDS/HOLIDAY,8,TRAIN,BP11,1963,589
2026-06,WEEKENDS/HOLIDAY,5,TRAIN,DT6,62,31
2026-06,WEEKDAY,12,TRAIN,NS18,14787,10046
2026-06,WEEKENDS/HOLIDAY,5,TRAIN,NE18,622,72
2026-06,WEEKENDS/HOLIDAY,23,TRAIN,NS8,2625,3938
2026-06,WEEKDAY,5,TRAIN,CC26,208,342
2026-06,WEEKDAY,20,TRAIN,DT29,4135,13024
2026-06,WEEKENDS/HOLIDAY,13,TRAIN,DT4,1120,965
2026-06,WEEKDAY,6,TRAIN,CC17/TE9,8592,3783
2026-06,WEEKDAY,21,TRAIN,DT23,3866,2903
2026-06,WEEKENDS/HOLIDAY,5,TRAIN,BP7,189,66
2026-06,WEEKDAY,18,TRAIN,TE11,8733,10706
2026-06,WEEKENDS/HOLIDAY,23,TRAIN,NS14,3131,10282
2026-06,WEEKDAY,7,TRAIN,EW3,37082,17279
2026-06,WEEKDAY,15,TRAIN,TE5,4071,4967
2026-06,WEEKENDS/HOLIDAY,7,TRAIN,SW4,995,544
2026-06,WEEKDAY,15,TRAIN,CC23,11816,5203
2026-06,WEEKDAY,16,TRAIN,CG1/DT35,19821,7634
2026-06,WEEKDAY,16,TRAIN,DT7,5807,4582
2026-06,WEEKDAY,13,TRAIN,CC28,3653,2927
2026-06,WEEKENDS/HOLIDAY,14,TRAIN,SE4,1533,1728
2026-06,WEEKDAY,12,TRAIN,TE4,4680,3773
2026-06,WEEKDAY,18,TRAIN,DT5,25764,49535
2026-06,WEEKENDS/HOLIDAY,11,TRAIN,TE15,4319,5448
2026-06,WEEKDAY,7,TRAIN,TE29,8628,3140
2026-06,WEEKENDS/HOLIDAY,20,TRAIN,BP3,729,2253
2026-06,WEEKENDS/HOLIDAY,18,TRAIN,BP10,1118,1712
2026-06,WEEKENDS/HOLIDAY,5,TRAIN,CC20,101,50
2026-06,WEEKENDS/HOLIDAY,23,TRAIN,EW31,84,758
2026-06,WEEKDAY,13,TRAIN,NE7/DT12,27361,41613
2026-06,WEEKDAY,20,TRAIN,CC8,4719,9015
2026-06,WEEKENDS/HOLIDAY,12,TRAIN,EW33,2619,1254
2026-06,WEEKDAY,15,TRAIN,PE7,2696,3860
2026-06,WEEKENDS/HOLIDAY,18,TRAIN,CC6,6279,9938
2026-06,WEEKENDS/HOLIDAY,17,TRAIN,BP13,513,431
2026-06,WEEKDAY,16,TRAIN,PW4,4622,5071
2026-06,WEEKDAY,19,TRAIN,BP7,703,2294
2026-06,WEEKDAY,21,TRAIN,SW3,508,1271
2026-06,WEEKDAY,6,TRAIN,CC8,5211,3165
2026-06,WEEKDAY,5,TRAIN,CC4/DT15,177,359
2026-06,WEEKDAY,14,TRAIN,BP3,2699,2966
2026-06,WEEKDAY,0,TRAIN,PW6,6,136
2026-06,WEEKENDS/HOLIDAY,20,TRAIN,EW26,7756,17479
2026-06,WEEKENDS/HOLIDAY,22,TRAIN,EW25,2215,5808
2026-06,WEEKDAY,19,TRAIN,EW6,9138,28527
2026-06,WEEKENDS/HOLIDAY,16,TRAIN,EW21/CC22,12248,8396
2026-06,WEEKDAY,12,TRAIN,SW6,2435,1950
2026-06,WEEKENDS/HOLIDAY,8,TRAIN,BP9,1156,1134
2026-06,WEEKENDS/HOLIDAY,7,TRAIN,TE14/NS22,3323,14880
2026-06,WEEKDAY,0,TRAIN,CC27,4,7
2026-06,WEEKENDS/HOLIDAY,19,TRAIN,NS18,4642,7926
2026-06,WEEKENDS/HOLIDAY,12,TRAIN,TE28,1872,1754
2026-06,WEEKENDS/HOLIDAY,17,TRAIN,DT27,5000,4222
2026-06,WEEKDAY,16,TRAIN,NE4/DT19,64374,50235
2026-06,WEEKENDS/HOLIDAY,8,TRAIN,NE12/CC13,20113,12478
2026-06,WEEKDAY,11,TRAIN,NE13,23285,14812
2026-06,WEEKDAY,18,TRAIN,NS24/NE6/CC1,88095,77138
2026-06,WEEKENDS/HOLIDAY,22,TRAIN,SW2,669,665
2026-06,WEEKENDS/HOLIDAY,0,TRAIN,NS27/CE2/TE20,26,94
2026-06,WEEKDAY,16,TRAIN,CC2,5361,3130
2026-06,WEEKDAY,22,TRAIN,BP3,1023,3729
2026-06,WEEKDAY,10,TRAIN,EW22,8058,10891
2026-06,WEEKENDS/HOLIDAY,18,TRAIN,NE16/STC,21159,27731
2026-06,WEEKENDS/HOLIDAY,16,TRAIN,DT18,2591,2115
2026-06,WEEKENDS/HOLIDAY,15,TRAIN,PW6,609,605
2026-06,WEEKDAY,7,TRAIN,TE13,2015,7219
2026-06,WEEKDAY,16,TRAIN,TE6,8298,11322
2026-06,WEEKENDS/HOLIDAY,23,TRAIN,EW17,1336,4945
2026-06,WEEKENDS/HOLIDAY,8,TRAIN,DT28,5105,3184
2026-06,WEEKDAY,6,TRAIN,DT5,11895,5502
2026-06,WEEKENDS/HOLIDAY,7,TRAIN,EW5,10533,6313
2026-06,WEEKDAY,6,TRAIN,NS24/NE6/CC1,2974,8550
2026-06,WEEKDAY,17,TRAIN,EW23,90193,77927
2026-06,WEEKDAY,13,TRAIN,NE11,15626,13994
2026-06,WEEKDAY,7,TRAIN,NS4/BP1,109210,58749
2026-06,WEEKDAY,22,TRAIN,TE15,7740,3817
2026-06,WEEKDAY,10,TRAIN,BP8,1390,1252
2026-06,WEEKDAY,18,TRAIN,BP11,3104,10592
2026-06,WEEKDAY,5,TRAIN,EW31,2925,1661
2026-06,WEEKDAY,21,TRAIN,DT2,1556,2246
2026-06,WEEKENDS/HOLIDAY,5,TRAIN,TE6,283,0
2026-06,WEEKDAY,8,TRAIN,CC6,4353,12600
2026-06,WEEKDAY,22,TRAIN,EW16/NE3/TE17,18596,11626
2026-06,WEEKDAY,18,TRAIN,EW21/CC22,126659,55247
2026-06,WEEKENDS/HOLIDAY,21,TRAIN,EW30,539,1251
2026-06,WEEKENDS/HOLIDAY,0,TRAIN,TE4,103,183
2026-06,WEEKENDS/HOLIDAY,6,TRAIN,NE13,3783,2433
2026-06,WEEKENDS/HOLIDAY,7,TRAIN,EW26,16366,8543
2026-06,WEEKENDS/HOLIDAY,11,TRAIN,NS19,18657,13034
2026-06,WEEKDAY,9,TRAIN,NE15,51885,10025
2026-06,WEEKENDS/HOLIDAY,9,TRAIN,BP7,513,313
2026-06,WEEKENDS/HOLIDAY,15,TRAIN,TE29,1502,1711
2026-06,WEEKENDS/HOLIDAY,12,TRAIN,TE3,5976,3918
2026-06,WEEKENDS/HOLIDAY,11,TRAIN,SW4,1643,900
2026-06,WEEKDAY,5,TRAIN,EW24/NS1,12236,6527
2026-06,WEEKDAY,22,TRAIN,SW1,884,416
2026-06,WEEKDAY,18,TRAIN,EW20,42299,30884
2026-06,WEEKDAY,16,TRAIN,EW10,8530,10904
2026-06,WEEKDAY,19,TRAIN,DT33,14483,48485
2026-06,WEEKDAY,20,TRAIN,TE16,6316,8375
2026-06,WEEKENDS/HOLIDAY,22,TRAIN,DT24,707,2736
2026-06,WEEKDAY,16,TRAIN,SE3,2239,3206
2026-06,WEEKDAY,6,TRAIN,DT21,1479,2800
2026-06,WEEKDAY,8,TRAIN,CC14,20528,19570
2026-06,WEEKENDS/HOLIDAY,23,TRAIN,TE24,167,441
2026-06,WEEKDAY,21,TRAIN,EW28,12208,36111
2026-06,WEEKDAY,19,TRAIN,EW29,37977,15028
2026-06,WEEKDAY,5,TRAIN,PE1,1437,243
2026-06,WEEKENDS/HOLIDAY,7,TRAIN,PW2,10,51
2026-06,WEEKDAY,5,TRAIN,DT34,883,17
2026-06,WEEKENDS/HOLIDAY,23,TRAIN,BP6/DT1,1841,9259
2026-06,WEEKENDS/HOLIDAY,16,TRAIN,NS24/NE6/CC1,24507,20443
2026-06,WEEKENDS/HOLIDAY,7,TRAIN,BP11,1385,276
2026-06,WEEKENDS/HOLIDAY,13,TRAIN,NE4/DT19,29869,32690
2026-06,WEEKDAY,5,TRAIN,CC7,1410,123
2026-06,WEEKENDS/HOLIDAY,12,TRAIN,CC20,3099,1867
2026-06,WEEKENDS/HOLIDAY,12,TRAIN,NS7,11640,10162
2026-06,WEEKENDS/HOLIDAY,12,TRAIN,NE17/PTC,25129,20855
2026-06,WEEKDAY,0,TRAIN,DT18,327,161
2026-06,WEEKDAY,6,TRAIN,BP13,3236,331
2026-06,WEEKDAY,11,TRAIN,CC6,5158,6196
2026-06,WEEKDAY,16,TRAIN,NE14,22117,32217
2026-06,WEEKENDS/HOLIDAY,16,TRAIN,NS15,5837,4828
2026-06,WEEKDAY,12,TRAIN,NS3,19445,13070
2026-06,WEEKENDS/HOLIDAY,23,TRAIN,EW18,1055,3115
2026-06,WEEKDAY,12,TRAIN,PE3,7275,5105
2026-06,WEEKENDS/HOLIDAY,23,TRAIN,EW14/NS26,6842,1296
2026-06,WEEKENDS/HOLIDAY,20,TRAIN,DT2,735,889
2026-06,WEEKENDS/HOLIDAY,18,TRAIN,CC14,3151,3068
2026-06,WEEKENDS/HOLIDAY,18,TRAIN,NS27/CE2/TE20,2167,2986
2026-06,WEEKDAY,23,TRAIN,DT6,691,1864
2026-06,WEEKDAY,14,TRAIN,TE29,2466,2951
2026-06,WEEKENDS/HOLIDAY,18,TRAIN,TE19,2205,1687
2026-06,WEEKENDS/HOLIDAY,10,TRAIN,CC16,2706,2894
2026-06,WEEKDAY,5,TRAIN,EW3,4344,299
2026-06,WEEKDAY,16,TRAIN,TE11,4677,4493
2026-06,WEEKDAY,11,TRAIN,NS12,18485,8569
2026-06,WEEKENDS/HOLIDAY,12,TRAIN,TE19,2002,2043
2026-06,WEEKENDS/HOLIDAY,14,TRAIN,NE4/DT19,33113,29732
2026-06,WEEKENDS/HOLIDAY,18,TRAIN,SE1,1758,2216
2026-06,WEEKENDS/HOLIDAY,9,TRAIN,NS15,7516,4615
2026-06,WEEKENDS/HOLIDAY,8,TRAIN,NS12,10557,4744
2026-06,WEEKDAY,14,TRAIN,TE3,10770,8438
2026-06,WEEKDAY,0,TRAIN,DT27,67,558
2026-06,WEEKENDS/HOLIDAY,11,TRAIN,TE18,4351,8060
2026-06,WEEKENDS/HOLIDAY,20,TRAIN,EW5,10741,16021
2026-06,WEEKENDS/HOLIDAY,13,TRAIN,TE7,2836,2644
2026-06,WEEKENDS/HOLIDAY,15,TRAIN,PW2,167,97
2026-06,WEEKDAY,21,TRAIN,TE6,4282,18957
2026-06,WEEKENDS/HOLIDAY,17,TRAIN,EW32,5614,2764
2026-06,WEEKDAY,8,TRAIN,SW5,12048,3535
2026-06,WEEKENDS/HOLIDAY,23,TRAIN,PW6,39,321
2026-06,WEEKENDS/HOLIDAY,7,TRAIN,NS28,287,933
2026-06,WEEKENDS/HOLIDAY,11,TRAIN,EW32,2326,828
2026-06,WEEKDAY,13,TRAIN,BP9,2544,2284
2026-06,WEEKENDS/HOLIDAY,12,TRAIN,PW2,157,171
2026-06,WEEKENDS/HOLIDAY,17,TRAIN,EW6,5453,7024
2026-06,WEEKDAY,22,TRAIN,EW6,2899,13237
2026-06,WEEKENDS/HOLIDAY,5,TRAIN,DT20,6,0
2026-06,WEEKDAY,7,TRAIN,TE8,13343,8768
2026-06,WEEKENDS/HOLIDAY,6,TRAIN,TE23,226,160
2026-06,WEEKENDS/HOLIDAY,17,TRAIN,PW3,416,410
2026-06,WEEKDAY,12,TRAIN,CC12,7488,4766
2026-06,WEEKENDS/HOLIDAY,12,TRAIN,EW31,1896,535
2026-06,WEEKDAY,21,TRAIN,PE2,1267,8257
2026-06,WEEKDAY,6,TRAIN,DT8,1250,2443
2026-06,WEEKDAY,22,TRAIN,TE23,1102,2195
2026-06,WEEKENDS/HOLIDAY,16,TRAIN,CC26,1412,1049
2026-06,WEEKENDS/HOLIDAY,17,TRAIN,TE18,6360,6203
2026-06,WEEKENDS/HOLIDAY,6,TRAIN,TE16,432,443
2026-06,WEEKENDS/HOLIDAY,18,TRAIN,CC24,4795,3320
2026-06,WEEKENDS/HOLIDAY,14,TRAIN,EW8/CC9,29718,27821
2026-06,WEEKDAY,16,TRAIN,TE23,2730,3963
2026-06,WEEKDAY,23,TRAIN,CC12,733,2466
2026-06,WEEKENDS/HOLIDAY,17,TRAIN,NE11,7982,8112
2026-06,WEEKENDS/HOLIDAY,19,TRAIN,NS7,16037,15460
2026-06,WEEKENDS/HOLIDAY,18,TRAIN,CC2,2642,1379
2026-06,WEEKDAY,9,TRAIN,NE7/DT12,18480,40761
2026-06,WEEKDAY,13,TRAIN,BP4,2223,2727
2026-06,WEEKDAY,20,TRAIN,TE28,1778,6302
2026-06,WEEKENDS/HOLIDAY,7,TRAIN,NS17/CC15,10660,4222
2026-06,WEEKDAY,0,TRAIN,NE12/CC13,580,3279
2026-06,WEEKENDS/HOLIDAY,11,TRAIN,NS8,8799,4929
2026-06,WEEKENDS/HOLIDAY,19,TRAIN,CC19/DT9,4924,2477
2026-06,WEEKENDS/HOLIDAY,19,TRAIN,CC5,3152,2198
2026-06,WEEKDAY,13,TRAIN,EW15,33947,38949
2026-06,WEEKDAY,23,TRAIN,CC2,1320,548
2026-06,WEEKDAY,15,TRAIN,DT25,2839,3092
2026-06,WEEKDAY,17,TRAIN,NE16/STC,52284,88040
2026-06,WEEKDAY,7,TRAIN,PW1,784,2439
2026-06,WEEKENDS/HOLIDAY,9,TRAIN,CC21,3030,5343
2026-06,WEEKENDS/HOLIDAY,5,TRAIN,DT28,442,26
2026-06,WEEKDAY,10,TRAIN,NE14,32811,13643
2026-06,WEEKDAY,0,TRAIN,EW9,255,1123
2026-06,WEEKDAY,20,TRAIN,DT27,8365,11083
2026-06,WEEKENDS/HOLIDAY,22,TRAIN,NE1/CC29,36598,5579
2026-06,WEEKENDS/HOLIDAY,14,TRAIN,CC27,1033,825
2026-06,WEEKDAY,9,TRAIN,EW21/CC22,19098,93416
2026-06,WEEKDAY,6,TRAIN,CC12,6812,3261
2026-06,WEEKDAY,8,TRAIN,EW9,51739,36842
2026-06,WEEKENDS/HOLIDAY,17,TRAIN,EW20,5962,5429
2026-06,WEEKDAY,5,TRAIN,DT13,743,92
2026-06,WEEKDAY,14,TRAIN,NS2,20888,22628
2026-06,WEEKDAY,19,TRAIN,CC27,24633,2505
2026-06,WEEKENDS/HOLIDAY,19,TRAIN,BP8,689,760
2026-06,WEEKDAY,16,TRAIN,EW1,23937,31243
2026-06,WEEKDAY,16,TRAIN,NS24/NE6/CC1,42811,32108
2026-06,WEEKENDS/HOLIDAY,0,TRAIN,EW15,67,116
2026-06,WEEKDAY,8,TRAIN,TE15,18250,17342
2026-06,WEEKENDS/HOLIDAY,14,TRAIN,TE26,7549,6696
2026-06,WEEKDAY,7,TRAIN,EW31,4725,34208
2026-06,WEEKENDS/HOLIDAY,9,TRAIN,DT17,925,2517
2026-06,WEEKDAY,11,TRAIN,EW1,27801,13930
2026-06,WEEKENDS/HOLIDAY,6,TRAIN,CC5,713,389
2026-06,WEEKDAY,8,TRAIN,TE25,10213,2544
2026-06,WEEKENDS/HOLIDAY,0,TRAIN,SW6,6,219
2026-06,WEEKDAY,12,TRAIN,NS24/NE6/CC1,33900,48021
2026-06,WEEKENDS/HOLIDAY,7,TRAIN,EW23,14525,14906
2026-06,WEEKENDS/HOLIDAY,0,TRAIN,DT20,83,114
2026-06,WEEKDAY,8,TRAIN,NS19,88115,72824
2026-06,WEEKDAY,12,TRAIN,NS17/CC15,29512,13998
2026-06,WEEKDAY,10,TRAIN,DT18,4622,28158
2026-06,WEEKENDS/HOLIDAY,7,TRAIN,NE1/CC29,4193,15837
2026-06,WEEKDAY,10,TRAIN,NS19,38163,27892
2026-06,WEEKENDS/HOLIDAY,0,TRAIN,TE1,5,338
2026-06,WEEKDAY,17,TRAIN,NE1/CC29,107498,62604
2026-06,WEEKENDS/HOLIDAY,20,TRAIN,DT21,3877,2997
2026-06,WEEKDAY,9,TRAIN,TE27,11821,3273
2026-06,WEEKENDS/HOLIDAY,15,TRAIN,NS21/DT11,26094,26767
2026-06,WEEKENDS/HOLIDAY,21,TRAIN,DT13,3968,4150
2026-06,WEEKENDS/HOLIDAY,16,TRAIN,BP11,1373,1350
2026-06,WEEKENDS/HOLIDAY,5,TRAIN,SW8,114,11
2026-06,WEEKDAY,23,TRAIN,DT17,4094,731
2026-06,WEEKENDS/HOLIDAY,22,TRAIN,TE26,3621,2122
2026-06,WEEKDAY,18,TRAIN,DT3,8567,18981
2026-06,WEEKDAY,6,TRAIN,DT23,2521,3429
2026-06,WEEKENDS/HOLIDAY,14,TRAIN,SW5,3079,2749
2026-06,WEEKDAY,20,TRAIN,EW2/DT32,53076,70126
2026-06,WEEKDAY,7,TRAIN,EW8/CC9,42009,46315
2026-06,WEEKENDS/HOLIDAY,0,TRAIN,NS23,289,129
2026-06,WEEKDAY,11,TRAIN,DT5,13453,10320
2026-06,WEEKENDS/HOLIDAY,21,TRAIN,CC12,1034,3712
2026-06,WEEKDAY,21,TRAIN,DT10,2115,3112
2026-06,WEEKENDS/HOLIDAY,23,TRAIN,NS24/NE6/CC1,4524,2041
2026-06,WEEKDAY,17,TRAIN,NS28,3850,2376
2026-06,WEEKDAY,14,TRAIN,SE5,2589,2185
2026-06,WEEKDAY,9,TRAIN,DT4,4527,876
2026-06,WEEKDAY,22,TRAIN,NS18,4519,19091
2026-06,WEEKENDS/HOLIDAY,0,TRAIN,SW1,23,14
2026-06,WEEKENDS/HOLIDAY,22,TRAIN,EW33,1048,1999
2026-06,WEEKENDS/HOLIDAY,10,TRAIN,PW7,1793,927
2026-06,WEEKENDS/HOLIDAY,22,TRAIN,SW7,104,1037
2026-06,WEEKENDS/HOLIDAY,11,TRAIN,NE7/DT12,13494,23278
2026-06,WEEKDAY,15,TRAIN,DT20,4045,4725
2026-06,WEEKDAY,23,TRAIN,EW16/NE3/TE17,6742,5649
2026-06,WEEKENDS/HOLIDAY,13,TRAIN,EW24/NS1,32452,40130
2026-06,WEEKENDS/HOLIDAY,0,TRAIN,PE7,12,247
2026-06,WEEKENDS/HOLIDAY,10,TRAIN,SW5,3367,2373
2026-06,WEEKDAY,12,TRAIN,NS11,31681,21766
2026-06,WEEKENDS/HOLIDAY,21,TRAIN,TE19,1873,969
2026-06,WEEKDAY,13,TRAIN,TE27,6076,5079
2026-06,WEEKDAY,12,TRAIN,NE5,11292,13935
2026-06,WEEKDAY,21,TRAIN,NS19,21415,45572
2026-06,WEEKENDS/HOLIDAY,22,TRAIN,TE18,4474,1444
2026-06,WEEKENDS/HOLIDAY,0,TRAIN,CC27,3,12
2026-06,WEEKDAY,5,TRAIN,NS8,13337,2244
2026-06,WEEKDAY,10,TRAIN,PW6,1693,613
2026-06,WEEKENDS/HOLIDAY,21,TRAIN,EW32,1013,4092
2026-06,WEEKENDS/HOLIDAY,7,TRAIN,DT5,4120,4903
2026-06,WEEKENDS/HOLIDAY,21,TRAIN,EW7,2670,8204
2026-06,WEEKENDS/HOLIDAY,21,TRAIN,EW33,1922,2758
2026-06,WEEKDAY,22,TRAIN,TE25,724,2176
2026-06,WEEKENDS/HOLIDAY,15,TRAIN,NS13,21561,24182
2026-06,WEEKDAY,6,TRAIN,TE6,17501,2913
2026-06,WEEKDAY,21,TRAIN,BP3,1641,5445
2026-06,WEEKDAY,14,TRAIN,TE25,2308,2976
2026-06,WEEKDAY,7,TRAIN,CC7,10800,5939
2026-06,WEEKDAY,15,TRAIN,EW19,11933,12827
2026-06,WEEKDAY,23,TRAIN,NS15,3429,5108
2026-06,WEEKENDS/HOLIDAY,8,TRAIN,EW4,7493,4253
2026-06,WEEKDAY,8,TRAIN,EW23,103392,90677
2026-06,WEEKENDS/HOLIDAY,23,TRAIN,NS10,1792,11231
2026-06,WEEKDAY,12,TRAIN,PW3,680,497
2026-06,WEEKDAY,0,TRAIN,TE16,73,331
2026-06,WEEKENDS/HOLIDAY,20,TRAIN,EW30,1365,1500
2026-06,WEEKENDS/HOLIDAY,12,TRAIN,CC28,1858,1228
2026-06,WEEKDAY,15,TRAIN,TE7,4784,4981
2026-06,WEEKENDS/HOLIDAY,21,TRAIN,CC8,1879,3203
2026-06,WEEKENDS/HOLIDAY,21,TRAIN,SW6,269,1558
2026-06,WEEKDAY,17,TRAIN,PE2,5878,8145
2026-06,WEEKENDS/HOLIDAY,19,TRAIN,EW32,3312,4857
2026-06,WEEKDAY,18,TRAIN,SE2,4819,14081
2026-06,WEEKENDS/HOLIDAY,20,TRAIN,NE16/STC,13501,23730
2026-06,WEEKENDS/HOLIDAY,19,TRAIN,TE6,3264,6761
2026-06,WEEKDAY,11,TRAIN,TE8,8336,8740
2026-06,WEEKDAY,14,TRAIN,EW19,10905,12331
2026-06,WEEKDAY,15,TRAIN,NS28,5190,1943
2026-06,WEEKDAY,21,TRAIN,EW17,17758,28676
2026-06,WEEKDAY,10,TRAIN,NS2,24658,16603
2026-06,WEEKENDS/HOLIDAY,12,TRAIN,PW1,1205,1612
2026-06,WEEKDAY,6,TRAIN,EW27,60722,42190
2026-06,WEEKDAY,13,TRAIN,NS12,15763,13136
2026-06,WEEKENDS/HOLIDAY,0,TRAIN,TE3,33,756
2026-06,WEEKENDS/HOLIDAY,18,TRAIN,TE15,5524,5663
2026-06,WEEKDAY,19,TRAIN,PE2,3647,13867
2026-06,WEEKDAY,6,TRAIN,SE2,9378,613
2026-06,WEEKDAY,8,TRAIN,EW32,4005,25916
2026-06,WEEKENDS/HOLIDAY,18,TRAIN,NE8,22131,30395
2026-06,WEEKDAY,0,TRAIN,NS19,552,2521
2026-06,WEEKDAY,13,TRAIN,DT13,15603,10181
2026-06,WEEKDAY,22,TRAIN,DT24,1645,6748
2026-06,WEEKENDS/HOLIDAY,15,TRAIN,PE4,881,787
2026-06,WEEKDAY,22,TRAIN,SW2,1530,1549
2026-06,WEEKDAY,21,TRAIN,NE16/STC,26413,58720
2026-06,WEEKENDS/HOLIDAY,0,TRAIN,NS16,404,3941
2026-06,WEEKENDS/HOLIDAY,19,TRAIN,NS11,13376,23267
2026-06,WEEKDAY,17,TRAIN,TE19,56711,5184
2026-06,WEEKENDS/HOLIDAY,5,TRAIN,BP10,671,100
2026-06,WEEKDAY,0,TRAIN,SE5,50,354
2026-06,WEEKDAY,5,TRAIN,EW21/CC22,2172,1560
2026-06,WEEKDAY,5,TRAIN,EW10,3775,475
2026-06,WEEKENDS/HOLIDAY,15,TRAIN,CC10/DT26,7424,6988
2026-06,WEEKENDS/HOLIDAY,9,TRAIN,EW6,6367,3382
2026-06,WEEKDAY,14,TRAIN,DT20,3741,5393
2026-06,WEEKDAY,13,TRAIN,SW6,2250,2288
2026-06,WEEKENDS/HOLIDAY,6,TRAIN,DT22,3065,1767
2026-06,WEEKDAY,7,TRAIN,TE18,2389,9369
2026-06,WEEKENDS/HOLIDAY,21,TRAIN,NS20,14150,4567
2026-06,WEEKENDS/HOLIDAY,20,TRAIN,CC16,1720,2389
2026-06,WEEKENDS/HOLIDAY,0,TRAIN,EW10,50,287
2026-06,WEEKDAY,21,TRAIN,EW31,3190,2128
2026-06,WEEKENDS/HOLIDAY,8,TRAIN,NS4/BP1,15540,10721
2026-06,WEEKDAY,18,TRAIN,TE5,13697,20398
2026-06,WEEKDAY,20,TRAIN,DT31,5003,15225
2026-06,WEEKDAY,8,TRAIN,PW6,4690,845
2026-06,WEEKENDS/HOLIDAY,15,TRAIN,CC24,4595,2916
2026-06,WEEKDAY,9,TRAIN,BP7,1352,863
2026-06,WEEKENDS/HOLIDAY,10,TRAIN,CC8,3257,2522
2026-06,WEEKDAY,7,TRAIN,CC5,2612,5705
2026-06,WEEKDAY,16,TRAIN,DT13,11285,9019
2026-06,WEEKDAY,15,TRAIN,BP11,2160,2666
2026-06,WEEKENDS/HOLIDAY,5,TRAIN,EW16/NE3/TE17,291,54
2026-06,WEEKENDS/HOLIDAY,21,TRAIN,PE4,463,925
2026-06,WEEKDAY,13,TRAIN,TE19,7563,13635
2026-06,WEEKDAY,23,TRAIN,TE28,330,1710
2026-06,WEEKENDS/HOLIDAY,11,TRAIN,NE4/DT19,18269,35499
2026-06,WEEKDAY,0,TRAIN,CC8,18,382
2026-06,WEEKDAY,12,TRAIN,TE14/NS22,53050,104790
2026-06,WEEKENDS/HOLIDAY,21,TRAIN,TE23,990,1673
2026-06,WEEKENDS/HOLIDAY,0,TRAIN,PW5,11,345
2026-06,WEEKENDS/HOLIDAY,7,TRAIN,EW16/NE3/TE17,5512,12475
2026-06,WEEKENDS/HOLIDAY,19,TRAIN,DT7,1300,2188
2026-06,WEEKENDS/HOLIDAY,17,TRAIN,PE2,2571,2568
2026-06,WEEKDAY,22,TRAIN,BP4,745,1840
2026-06,WEEKDAY,14,TRAIN,SE2,3920,4759
2026-06,WEEKDAY,16,TRAIN,NE1/CC29,67665,47254
2026-06,WEEKENDS/HOLIDAY,7,TRAIN,DT33,6718,3097
2026-06,WEEKDAY,8,TRAIN,NS11,116257,40175
2026-06,WEEKENDS/HOLIDAY,5,TRAIN,SW1,64,52
2026-06,WEEKENDS/HOLIDAY,0,TRAIN,EW22,22,108
2026-06,WEEKDAY,13,TRAIN,EW5,29293,25181
2026-06,WEEKDAY,7,TRAIN,BP13,3784,792
2026-06,WEEKENDS/HOLIDAY,22,TRAIN,EW19,2485,5816
2026-06,WEEKENDS/HOLIDAY,21,TRAIN,EW15,9502,3515
2026-06,WEEKDAY,21,TRAIN,DT8,1987,3056
2026-06,WEEKENDS/HOLIDAY,20,TRAIN,DT25,973,2241
2026-06,WEEKDAY,9,TRAIN,CC25,8419,12359
2026-06,WEEKDAY,8,TRAIN,DT10,12599,4607
2026-06,WEEKENDS/HOLIDAY,23,TRAIN,TE15,839,753
2026-06,WEEKENDS/HOLIDAY,5,TRAIN,CC3,13,6
2026-06,WEEKENDS/HOLIDAY,14,TRAIN,DT31,3367,3230
2026-06,WEEKENDS/HOLIDAY,5,TRAIN,DT2,36,18
2026-06,WEEKDAY,13,TRAIN,DT10,3676,2481
2026-06,WEEKENDS/HOLIDAY,15,TRAIN,TE28,1429,1905
2026-06,WEEKENDS/HOLIDAY,19,TRAIN,TE7,1661,2864
2026-06,WEEKENDS/HOLIDAY,8,TRAIN,NS20,7172,15293
2026-06,WEEKDAY,12,TRAIN,EW30,2517,1399
2026-06,WEEKDAY,23,TRAIN,CC19/DT9,913,1043
2026-06,WEEKDAY,18,TRAIN,BP5,2984,4107
2026-06,WEEKENDS/HOLIDAY,11,TRAIN,NS13,22496,19110
2026-06,WEEKENDS/HOLIDAY,20,TRAIN,DT28,2531,7200
2026-06,WEEKENDS/HOLIDAY,14,TRAIN,NS25/EW13,32327,35828
2026-06,WEEKENDS/HOLIDAY,8,TRAIN,CC20,1948,1818
2026-06,WEEKENDS/HOLIDAY,14,TRAIN,CC24,4285,3279
2026-06,WEEKENDS/HOLIDAY,8,TRAIN,DT3,3334,2044
2026-06,WEEKDAY,20,TRAIN,NE15,10233,42545
2026-06,WEEKDAY,23,TRAIN,EW26,2676,18836
2026-06,WEEKDAY,5,TRAIN,NS25/EW13,533,893
2026-06,WEEKDAY,17,TRAIN,DT27,26410,12660
2026-06,WEEKDAY,21,TRAIN,EW22,8820,6982
2026-06,WEEKENDS/HOLIDAY,7,TRAIN,EW14/NS26,1655,6882
2026-06,WEEKDAY,22,TRAIN,PW5,490,3747
2026-06,WEEKDAY,18,TRAIN,DT2,9841,6489
2026-06,WEEKENDS/HOLIDAY,13,TRAIN,SW2,2725,1580
2026-06,WEEKDAY,11,TRAIN,DT18,11669,18094
2026-06,WEEKENDS/HOLIDAY,5,TRAIN,NS21/DT11,612,433
2026-06,WEEKENDS/HOLIDAY,16,TRAIN,EW23,21136,22937
2026-06,WEEKDAY,23,TRAIN,CC17/TE9,792,2461
2026-06,WEEKENDS/HOLIDAY,14,TRAIN,CC2,1718,2089
2026-06,WEEKENDS/HOLIDAY,11,TRAIN,SW3,955,503
2026-06,WEEKENDS/HOLIDAY,23,TRAIN,PW4,314,787
2026-06,WEEKENDS/HOLIDAY,18,TRAIN,PW5,1442,2333
2026-06,WEEKENDS/HOLIDAY,20,TRAIN,NE7/DT12,21477,13792
2026-06,WEEKDAY,10,TRAIN,NE13,23456,15564
2026-06,WEEKENDS/HOLIDAY,15,TRAIN,PE6,3320,2961
2026-06,WEEKDAY,15,TRAIN,EW30,3123,778
2026-06,WEEKDAY,21,TRAIN,BP13,410,1215
2026-06,WEEKENDS/HOLIDAY,5,TRAIN,BP8,371,126
2026-06,WEEKDAY,13,TRAIN,NE8,30335,27287
2026-06,WEEKENDS/HOLIDAY,0,TRAIN,TE23,14,111
2026-06,WEEKDAY,22,TRAIN,EW22,4413,5319
2026-06,WEEKENDS/HOLIDAY,22,TRAIN,SW3,101,543
2026-06,WEEKENDS/HOLIDAY,14,TRAIN,NE13,11751,10224
2026-06,WEEKDAY,13,TRAIN,CC11,13584,16276
2026-06,WEEKENDS/HOLIDAY,19,TRAIN,CC2,2112,1203
2026-06,WEEKENDS/HOLIDAY,19,TRAIN,NS3,7309,10015
2026-06,WEEKENDS/HOLIDAY,13,TRAIN,DT17,2072,2486
2026-06,WEEKENDS/HOLIDAY,10,TRAIN,NE11,6464,5084
2026-06,WEEKENDS/HOLIDAY,14,TRAIN,CC19/DT9,4177,4323
2026-06,WEEKENDS/HOLIDAY,17,TRAIN,CC12,3966,3385
2026-06,WEEKENDS/HOLIDAY,18,TRAIN,DT34,2673,2136
2026-06,WEEKENDS/HOLIDAY,19,TRAIN,DT4,628,1278
2026-06,WEEKENDS/HOLIDAY,12,TRAIN,NE13,14785,9675
2026-06,WEEKENDS/HOLIDAY,20,TRAIN,NS9/TE2,21985,29949
2026-06,WEEKENDS/HOLIDAY,7,TRAIN,DT30,3280,1698
2026-06,WEEKENDS/HOLIDAY,9,TRAIN,NE10,6902,4980
2026-06,WEEKDAY,11,TRAIN,NE17/PTC,37940,32636
2026-06,WEEKENDS/HOLIDAY,23,TRAIN,NS15,846,2421
2026-06,WEEKDAY,12,TRAIN,NE14,27473,18816
2026-06,WEEKDAY,16,TRAIN,BP12,2236,2229
2026-06,WEEKENDS/HOLIDAY,6,TRAIN,CG2,5026,2756
2026-06,WEEKDAY,14,TRAIN,EW31,1808,1138
2026-06,WEEKDAY,5,TRAIN,EW6,1263,225
2026-06,WEEKENDS/HOLIDAY,11,TRAIN,SE2,3383,1723
2026-06,WEEKDAY,11,TRAIN,PW3,742,418
2026-06,WEEKDAY,13,TRAIN,EW33,2187,2657
2026-06,WEEKDAY,14,TRAIN,NE5,10466,11894
2026-06,WEEKDAY,14,TRAIN,BP13,783,1050
2026-06,WEEKENDS/HOLIDAY,5,TRAIN,PE6,449,49
2026-06,WEEKDAY,11,TRAIN,BP13,1212,681
2026-06,WEEKENDS/HOLIDAY,20,TRAIN,CC14,1383,2583
2026-06,WEEKENDS/HOLIDAY,6,TRAIN,EW27,12484,7014
2026-06,WEEKENDS/HOLIDAY,7,TRAIN,TE18,328,784
2026-06,WEEKDAY,7,TRAIN,NS9/TE2,144815,76431
2026-06,WEEKDAY,5,TRAIN,TE1,2102,329
2026-06,WEEKDAY,23,TRAIN,NS16,7549,25141
2026-06,WEEKENDS/HOLIDAY,15,TRAIN,SW1,1004,408
2026-06,WEEKDAY,6,TRAIN,PE6,6892,2029
2026-06,WEEKDAY,7,TRAIN,CG2,13946,22171
2026-06,WEEKENDS/HOLIDAY,19,TRAIN,EW10,6991,8841
2026-06,WEEKENDS/HOLIDAY,9,TRAIN,NE7/DT12,7669,17098
2026-06,WEEKDAY,17,TRAIN,SE3,2662,4415
2026-06,WEEKENDS/HOLIDAY,9,TRAIN,SE1,2500,968
2026-06,WEEKENDS/HOLIDAY,18,TRAIN,NS17/CC15,12472,10564
2026-06,WEEKENDS/HOLIDAY,11,TRAIN,EW27,20190,16273
2026-06,WEEKENDS/HOLIDAY,23,TRAIN,NS25/EW13,10318,1286
2026-06,WEEKENDS/HOLIDAY,22,TRAIN,DT4,223,877
2026-06,WEEKDAY,7,TRAIN,NS19,57938,48924
2026-06,WEEKENDS/HOLIDAY,12,TRAIN,NE12/CC13,28589,29045
2026-06,WEEKDAY,22,TRAIN,TE4,3138,3578
2026-06,WEEKENDS/HOLIDAY,17,TRAIN,PW5,1370,2046
2026-06,WEEKENDS/HOLIDAY,17,TRAIN,NE9,10958,10234
2026-06,WEEKDAY,22,TRAIN,TE18,12857,2915
2026-06,WEEKDAY,21,TRAIN,TE14/NS22,118618,20944
2026-06,WEEKENDS/HOLIDAY,14,TRAIN,EW4,5996,5217
2026-06,WEEKENDS/HOLIDAY,14,TRAIN,TE16,3611,3305
2026-06,WEEKDAY,19,TRAIN,DT4,1461,5919
2026-06,WEEKENDS/HOLIDAY,10,TRAIN,EW26,17284,5843
2026-06,WEEKDAY,6,TRAIN,EW4,15972,10261
2026-06,WEEKDAY,5,TRAIN,NS2,12142,3770
2026-06,WEEKENDS/HOLIDAY,22,TRAIN,CC23,1070,533
2026-06,WEEKDAY,17,TRAIN,BP9,2432,3344
2026-06,WEEKDAY,19,TRAIN,TE12,5974,4325
2026-06,WEEKDAY,9,TRAIN,NE14,63223,16219
2026-06,WEEKDAY,5,TRAIN,NE8,1501,67
2026-06,WEEKDAY,17,TRAIN,NS20,133848,33210
2026-06,WEEKENDS/HOLIDAY,5,TRAIN,BP11,781,44
2026-06,WEEKDAY,19,TRAIN,SW6,1506,7141
2026-06,WEEKDAY,6,TRAIN,DT18,766,10039
2026-06,WEEKENDS/HOLIDAY,0,TRAIN,SW5,83,488
2026-06,WEEKDAY,8,TRAIN,EW14/NS26,10584,360134
2026-06,WEEKENDS/HOLIDAY,11,TRAIN,PE3,4285,2591
2026-06,WEEKDAY,14,TRAIN,TE12,4194,6675
2026-06,WEEKDAY,20,TRAIN,CC4/DT15,35323,8127
2026-06,WEEKDAY,18,TRAIN,CC20,9144,13600
2026-06,WEEKDAY,0,TRAIN,DT17,242,150
2026-06,WEEKDAY,8,TRAIN,TE4,10574,14795
2026-06,WEEKDAY,14,TRAIN,EW17,20386,20625
2026-06,WEEKENDS/HOLIDAY,11,TRAIN,BP7,449,397
2026-06,WEEKDAY,20,TRAIN,CC16,5271,7411
2026-06,WEEKDAY,18,TRAIN,TE4,15843,12541
2026-06,WEEKDAY,7,TRAIN,NS8,75775,23559
2026-06,WEEKENDS/HOLIDAY,5,TRAIN,CC14,194,18
2026-06,WEEKDAY,14,TRAIN,EW28,15719,12869
2026-06,WEEKENDS/HOLIDAY,16,TRAIN,SE1,1679,1793
2026-06,WEEKENDS/HOLIDAY,17,TRAIN,PW4,2286,2653
2026-06,WEEKDAY,15,TRAIN,EW17,18938,21957
2026-06,WEEKDAY,16,TRAIN,PE5,4953,6179
2026-06,WEEKDAY,7,TRAIN,NE11,21387,18072
2026-06,WEEKENDS/HOLIDAY,19,TRAIN,PW2,159,96
2026-06,WEEKDAY,19,TRAIN,TE4,8076,9781
2026-06,WEEKDAY,17,TRAIN,TE13,11182,4652
2026-06,WEEKDAY,22,TRAIN,TE27,1051,5801
2026-06,WEEKENDS/HOLIDAY,13,TRAIN,TE18,7388,7613
2026-06,WEEKENDS/HOLIDAY,18,TRAIN,CC19/DT9,5209,3692
2026-06,WEEKENDS/HOLIDAY,12,TRAIN,DT20,2511,2658
2026-06,WEEKENDS/HOLIDAY,5,TRAIN,EW19,383,56
2026-06,WEEKDAY,8,TRAIN,EW29,11143,76993
2026-06,WEEKDAY,23,TRAIN,EW33,418,825
2026-06,WEEKDAY,13,TRAIN,CC3,7158,7422
2026-06,WEEKENDS/HOLIDAY,20,TRAIN,CC21,5006,3655
2026-06,WEEKDAY,17,TRAIN,NS8,30063,31923
2026-06,WEEKDAY,12,TRAIN,NE18,14006,13833
2026-06,WEEKENDS/HOLIDAY,18,TRAIN,TE22,4106,7017
2026-06,WEEKENDS/HOLIDAY,13,TRAIN,NE10,7919,6656
2026-06,WEEKENDS/HOLIDAY,19,TRAIN,TE1,2770,3240
2026-06,WEEKDAY,22,TRAIN,EW26,7754,35237
2026-06,WEEKENDS/HOLIDAY,7,TRAIN,NE10,4058,3039
2026-06,WEEKDAY,8,TRAIN,CG2,13466,33737
2026-06,WEEKENDS/HOLIDAY,5,TRAIN,TE24,3,0
2026-06,WEEKENDS/HOLIDAY,22,TRAIN,EW21/CC22,5584,4404
2026-06,WEEKENDS/HOLIDAY,18,TRAIN,EW9,12661,18746
2026-06,WEEKDAY,18,TRAIN,DT27,40743,21897
2026-06,WEEKENDS/HOLIDAY,9,TRAIN,PW6,1063,294
2026-06,WEEKDAY,14,TRAIN,NE7/DT12,22528,27479
2026-06,WEEKENDS/HOLIDAY,7,TRAIN,CC27,271,871
2026-06,WEEKDAY,6,TRAIN,SW7,791,452
2026-06,WEEKENDS/HOLIDAY,14,TRAIN,CE1/DT16,17637,27870
2026-06,WEEKDAY,6,TRAIN,PW4,5653,911
2026-06,WEEKDAY,14,TRAIN,DT8,3878,3444
2026-06,WEEKENDS/HOLIDAY,18,TRAIN,DT29,3165,3661
2026-06,WEEKENDS/HOLIDAY,23,TRAIN,NE9,1439,4365
2026-06,WEEKENDS/HOLIDAY,14,TRAIN,EW12/DT14,35405,39280
2026-06,WEEKDAY,6,TRAIN,PW6,2360,519
2026-06,WEEKDAY,6,TRAIN,CC20,3516,2678
2026-06,WEEKENDS/HOLIDAY,0,TRAIN,CC3,19,5
2026-06,WEEKENDS/HOLIDAY,0,TRAIN,TE26,67,244
2026-06,WEEKENDS/HOLIDAY,0,TRAIN,EW20,38,238
2026-06,WEEKENDS/HOLIDAY,12,TRAIN,NS27/CE2/TE20,1577,2021
2026-06,WEEKDAY,7,TRAIN,CC4/DT15,1915,23140
2026-06,WEEKENDS/HOLIDAY,5,TRAIN,SW5,820,47
2026-06,WEEKDAY,6,TRAIN,CC19/DT9,2293,3338
2026-06,WEEKDAY,19,TRAIN,NS9/TE2,61055,147295
2026-06,WEEKENDS/HOLIDAY,23,TRAIN,EW6,542,2650
2026-06,WEEKENDS/HOLIDAY,5,TRAIN,EW7,608,149
2026-06,WEEKENDS/HOLIDAY,22,TRAIN,NE11,2953,4366
2026-06,WEEKENDS/HOLIDAY,10,TRAIN,CG1/DT35,1928,6817
2026-06,WEEKDAY,0,TRAIN,CC4/DT15,250,134
2026-06,WEEKENDS/HOLIDAY,23,TRAIN,TE23,1221,450
2026-06,WEEKENDS/HOLIDAY,17,TRAIN,EW23,25280,26128
2026-06,WEEKENDS/HOLIDAY,17,TRAIN,EW21/CC22,11917,9237
2026-06,WEEKENDS/HOLIDAY,16,TRAIN,DT34,2041,1650
2026-06,WEEKENDS/HOLIDAY,23,TRAIN,CC7,662,1546
2026-06,WEEKDAY,15,TRAIN,DT2,3864,2195
2026-06,WEEKDAY,5,TRAIN,NS13,27532,4361
2026-06,WEEKENDS/HOLIDAY,13,TRAIN,TE26,7981,7379
2026-06,WEEKENDS/HOLIDAY,23,TRAIN,CC8,432,1245
2026-06,WEEKENDS/HOLIDAY,23,TRAIN,NE13,1560,4747
2026-06,WEEKDAY,11,TRAIN,SW8,1290,760
2026-06,WEEKENDS/HOLIDAY,23,TRAIN,DT10,236,612
2026-06,WEEKENDS/HOLIDAY,20,TRAIN,SW2,1337,1202
2026-06,WEEKENDS/HOLIDAY,0,TRAIN,DT7,5,85
2026-06,WEEKDAY,12,TRAIN,NS14,28239,17234
2026-06,WEEKDAY,16,TRAIN,TE5,5285,6043
2026-06,WEEKENDS/HOLIDAY,10,TRAIN,TE13,1965,2241
2026-06,WEEKENDS/HOLIDAY,7,TRAIN,CC3,251,1688
2026-06,WEEKENDS/HOLIDAY,11,TRAIN,NS9/TE2,24703,23577
2026-06,WEEKDAY,6,TRAIN,NE1/CC29,6361,28457
2026-06,WEEKDAY,5,TRAIN,PW6,584,21
2026-06,WEEKENDS/HOLIDAY,21,TRAIN,SW4,461,1715
2026-06,WEEKDAY,15,TRAIN,NE18,12660,10371
2026-06,WEEKDAY,22,TRAIN,SW4,1015,3451
2026-06,WEEKDAY,23,TRAIN,TE1,505,1160
2026-06,WEEKENDS/HOLIDAY,16,TRAIN,SE4,1551,1803
2026-06,WEEKENDS/HOLIDAY,20,TRAIN,NS24/NE6/CC1,20889,9481
2026-06,WEEKENDS/HOLIDAY,9,TRAIN,NS19,18182,12528
2026-06,WEEKDAY,18,TRAIN,CC25,23661,12104
2026-06,WEEKDAY,6,TRAIN,EW5,33813,14999
2026-06,WEEKENDS/HOLIDAY,10,TRAIN,EW28,13991,4914
2026-06,WEEKDAY,10,TRAIN,SW4,2971,1248
2026-06,WEEKENDS/HOLIDAY,6,TRAIN,EW23,8929,7897
2026-06,WEEKENDS/HOLIDAY,13,TRAIN,PW4,2518,2365
2026-06,WEEKDAY,0,TRAIN,PE4,105,246
2026-06,WEEKDAY,10,TRAIN,DT27,7939,7351
2026-06,WEEKENDS/HOLIDAY,13,TRAIN,TE16,3844,3051
2026-06,WEEKDAY,5,TRAIN,PW3,694,75
2026-06,WEEKENDS/HOLIDAY,21,TRAIN,PW5,437,2610
2026-06,WEEKENDS/HOLIDAY,6,TRAIN,DT34,637,346
2026-06,WEEKDAY,22,TRAIN,NE17/PTC,16442,34959
2026-06,WEEKDAY,5,TRAIN,SE1,1782,673
2026-06,WEEKENDS/HOLIDAY,20,TRAIN,EW17,7107,10925
2026-06,WEEKDAY,10,TRAIN,CC20,4716,3055
2026-06,WEEKENDS/HOLIDAY,17,TRAIN,TE16,4531,3519
2026-06,WEEKDAY,5,TRAIN,TE8,533,339
2026-06,WEEKDAY,17,TRAIN,TE5,9667,10818
2026-06,WEEKDAY,21,TRAIN,PW1,2108,358
2026-06,WEEKENDS/HOLIDAY,6,TRAIN,CC2,98,297
2026-06,WEEKENDS/HOLIDAY,22,TRAIN,NS28,380,250
2026-06,WEEKENDS/HOLIDAY,14,TRAIN,PE3,2894,2790
2026-06,WEEKDAY,17,TRAIN,NS11,52768,68157
2026-06,WEEKDAY,6,TRAIN,SW6,2389,939
2026-06,WEEKENDS/HOLIDAY,22,TRAIN,TE27,623,2438
2026-06,WEEKENDS/HOLIDAY,17,TRAIN,DT10,1917,1370
2026-06,WEEKENDS/HOLIDAY,19,TRAIN,TE12,2087,1066
2026-06,WEEKDAY,14,TRAIN,NS9/TE2,44163,52072
2026-06,WEEKDAY,9,TRAIN,EW24/NS1,34417,95349
2026-06,WEEKENDS/HOLIDAY,16,TRAIN,BP5,896,872
2026-06,WEEKDAY,5,TRAIN,NE9,3453,78
2026-06,WEEKENDS/HOLIDAY,22,TRAIN,BP7,82,300
2026-06,WEEKDAY,19,TRAIN,PW2,356,167
2026-06,WEEKDAY,17,TRAIN,CC16,15466,9637
2026-06,WEEKENDS/HOLIDAY,12,TRAIN,DT29,3542,1953
2026-06,WEEKDAY,14,TRAIN,CG2,24816,22722
2026-06,WEEKENDS/HOLIDAY,6,TRAIN,BP3,1281,227
2026-06,WEEKENDS/HOLIDAY,13,TRAIN,CC10/DT26,8154,7163
2026-06,WEEKENDS/HOLIDAY,18,TRAIN,DT17,2911,2869
2026-06,WEEKENDS/HOLIDAY,7,TRAIN,DT20,674,3894
2026-06,WEEKDAY,17,TRAIN,EW24/NS1,193874,102733
2026-06,WEEKDAY,7,TRAIN,CC25,10227,16158
2026-06,WEEKDAY,15,TRAIN,NS19,31310,34646
2026-06,WEEKDAY,0,TRAIN,DT4,4,393
2026-06,WEEKENDS/HOLIDAY,6,TRAIN,TE11,288,205
2026-06,WEEKENDS/HOLIDAY,10,TRAIN,DT34,1933,1177
2026-06,WEEKDAY,16,TRAIN,EW21/CC22,38206,20098
2026-06,WEEKENDS/HOLIDAY,5,TRAIN,NE17/PTC,1768,462
2026-06,WEEKDAY,17,TRAIN,TE23,3707,5308
2026-06,WEEKENDS/HOLIDAY,16,TRAIN,TE8,5715,5901
2026-06,WEEKENDS/HOLIDAY,13,TRAIN,EW9,12473,11357
2026-06,WEEKENDS/HOLIDAY,19,TRAIN,DT10,1367,1163
2026-06,WEEKENDS/HOLIDAY,18,TRAIN,NE4/DT19,33165,29656
2026-06,WEEKDAY,9,TRAIN,CC5,2987,11242
2026-06,WEEKDAY,23,TRAIN,NS18,1911,9162
2026-06,WEEKDAY,14,TRAIN,DT25,3227,2488
2026-06,WEEKENDS/HOLIDAY,15,TRAIN,CC12,3281,3155
2026-06,WEEKENDS/HOLIDAY,5,TRAIN,SE3,296,9
2026-06,WEEKDAY,19,TRAIN,NS2,28343,71159
2026-06,WEEKDAY,12,TRAIN,EW2/DT32,49019,47688
2026-06,WEEKENDS/HOLIDAY,16,TRAIN,EW8/CC9,35069,29725
2026-06,WEEKENDS/HOLIDAY,21,TRAIN,CC21,5169,2703
2026-06,WEEKENDS/HOLIDAY,8,TRAIN,DT34,1564,1384
2026-06,WEEKDAY,22,TRAIN,CC17/TE9,2038,5938
2026-06,WEEKDAY,23,TRAIN,NS20,3393,2875
2026-06,WEEKENDS/HOLIDAY,7,TRAIN,NS27/CE2/TE20,621,1152
2026-06,WEEKDAY,10,TRAIN,TE29,4039,1224
2026-06,WEEKDAY,0,TRAIN,CC5,18,73
2026-06,WEEKENDS/HOLIDAY,8,TRAIN,TE14/NS22,5530,28111
2026-06,WEEKENDS/HOLIDAY,23,TRAIN,EW30,98,610
2026-06,WEEKDAY,11,TRAIN,EW5,28375,20958
2026-06,WEEKDAY,18,TRAIN,SW6,2665,7510
2026-06,WEEKENDS/HOLIDAY,7,TRAIN,TE7,719,580
2026-06,WEEKDAY,23,TRAIN,NS11,4597,26340
2026-06,WEEKENDS/HOLIDAY,16,TRAIN,BP8,768,857
2026-06,WEEKDAY,8,TRAIN,NS23,16102,50186
2026-06,WEEKENDS/HOLIDAY,11,TRAIN,CC14,3258,2117
2026-06,WEEKDAY,14,TRAIN,CC16,4411,4856
2026-06,WEEKENDS/HOLIDAY,11,TRAIN,TE4,2548,2323
2026-06,WEEKENDS/HOLIDAY,0,TRAIN,EW31,6,168
2026-06,WEEKENDS/HOLIDAY,19,TRAIN,NE13,9424,12002
2026-06,WEEKDAY,10,TRAIN,CC2,2077,5327
2026-06,WEEKENDS/HOLIDAY,17,TRAIN,NS15,6803,6323
2026-06,WEEKDAY,21,TRAIN,DT6,3848,5171
2026-06,WEEKENDS/HOLIDAY,9,TRAIN,TE29,2115,837
2026-06,WEEKENDS/HOLIDAY,21,TRAIN,DT20,2497,2101
2026-06,WEEKDAY,7,TRAIN,NS15,35266,52611
2026-06,WEEKDAY,19,TRAIN,CC4/DT15,46604,19458
2026-06,WEEKENDS/HOLIDAY,21,TRAIN,PW6,172,712
2026-06,WEEKDAY,9,TRAIN,TE11,7412,3388
2026-06,WEEKDAY,11,TRAIN,CC21,7228,11334
2026-06,WEEKDAY,11,TRAIN,DT8,4180,2181
2026-06,WEEKDAY,10,TRAIN,NS3,20848,11318
2026-06,WEEKENDS/HOLIDAY,15,TRAIN,CC2,2009,2062
2026-06,WEEKENDS/HOLIDAY,14,TRAIN,CC8,2963,3052
2026-06,WEEKDAY,16,TRAIN,EW14/NS26,72960,29881
2026-06,WEEKDAY,13,TRAIN,PW3,799,613
2026-06,WEEKDAY,12,TRAIN,EW20,12365,9353
2026-06,WEEKENDS/HOLIDAY,9,TRAIN,TE1,2133,1343
2026-06,WEEKDAY,5,TRAIN,TE3,4364,556
2026-06,WEEKENDS/HOLIDAY,9,TRAIN,PE5,3535,975
2026-06,WEEKENDS/HOLIDAY,15,TRAIN,SE1,1583,1734
2026-06,WEEKENDS/HOLIDAY,9,TRAIN,NS5,14486,6753
2026-06,WEEKENDS/HOLIDAY,17,TRAIN,SE1,1904,1865
2026-06,WEEKDAY,7,TRAIN,NE1/CC29,17138,63365
2026-06,WEEKDAY,5,TRAIN,SW1,244,145
2026-06,WEEKENDS/HOLIDAY,13,TRAIN,BP12,1118,905
2026-06,WEEKENDS/HOLIDAY,8,TRAIN,EW10,6020,3775
2026-06,WEEKENDS/HOLIDAY,21,TRAIN,BP11,419,1723
2026-06,WEEKDAY,13,TRAIN,PE5,5518,5029
2026-06,WEEKENDS/HOLIDAY,15,TRAIN,TE27,2147,2614
2026-06,WEEKENDS/HOLIDAY,23,TRAIN,CC16,328,956
2026-06,WEEKDAY,17,TRAIN,BP4,4333,3028
2026-06,WEEKDAY,11,TRAIN,TE12,6382,5402
2026-06,WEEKDAY,0,TRAIN,TE7,49,434
2026-06,WEEKDAY,19,TRAIN,NS23,58163,53588
2026-06,WEEKENDS/HOLIDAY,9,TRAIN,DT4,1514,331
2026-06,WEEKDAY,9,TRAIN,NS12,32314,11138
2026-06,WEEKDAY,0,TRAIN,PW3,14,76
2026-06,WEEKDAY,16,TRAIN,EW27,41053,50428
2026-06,WEEKENDS/HOLIDAY,21,TRAIN,EW17,6614,11208
2026-06,WEEKDAY,19,TRAIN,PE3,4853,15101
2026-06,WEEKENDS/HOLIDAY,21,TRAIN,DT30,1236,5212
2026-06,WEEKENDS/HOLIDAY,5,TRAIN,TE22,6,0
2026-06,WEEKDAY,5,TRAIN,EW30,936,1952
2026-06,WEEKENDS/HOLIDAY,19,TRAIN,NE8,24843,27087
2026-06,WEEKDAY,13,TRAIN,TE3,11877,10605
2026-06,WEEKENDS/HOLIDAY,10,TRAIN,BP4,921,417
2026-06,WEEKENDS/HOLIDAY,20,TRAIN,BP10,584,1521
2026-06,WEEKENDS/HOLIDAY,12,TRAIN,NS13,23680,21255
2026-06,WEEKDAY,18,TRAIN,SW1,4930,1234
2026-06,WEEKDAY,15,TRAIN,DT34,3872,3357
2026-06,WEEKDAY,22,TRAIN,TE19,6637,1073
2026-06,WEEKENDS/HOLIDAY,16,TRAIN,TE19,2216,1574
2026-06,WEEKDAY,15,TRAIN,DT22,6805,8075
2026-06,WEEKDAY,0,TRAIN,PE7,19,512
2026-06,WEEKENDS/HOLIDAY,15,TRAIN,DT29,2654,2713
2026-06,WEEKENDS/HOLIDAY,12,TRAIN,TE1,2480,888
2026-06,WEEKDAY,6,TRAIN,DT30,11446,2351
2026-06,WEEKDAY,9,TRAIN,SE5,4875,1522
2026-06,WEEKDAY,19,TRAIN,BP6/DT1,45990,101271
2026-06,WEEKENDS/HOLIDAY,10,TRAIN,NE14,16627,7778
2026-06,WEEKDAY,15,TRAIN,EW9,16638,15595
2026-06,WEEKDAY,7,TRAIN,DT13,9316,8474
2026-06,WEEKDAY,11,TRAIN,PE5,6742,2890
2026-06,WEEKENDS/HOLIDAY,21,TRAIN,NE10,3029,7216
2026-06,WEEKDAY,14,TRAIN,BP5,1801,1852
2026-06,WEEKENDS/HOLIDAY,23,TRAIN,NE5,4877,1631
2026-06,WEEKDAY,15,TRAIN,CC20,4179,5200
2026-06,WEEKDAY,11,TRAIN,EW18,15916,10986
2026-06,WEEKDAY,9,TRAIN,DT25,6738,5644
2026-06,WEEKDAY,0,TRAIN,SW1,26,28
2026-06,WEEKENDS/HOLIDAY,21,TRAIN,TE27,1031,2774
2026-06,WEEKDAY,14,TRAIN,CC10/DT26,11931,12764
2026-06,WEEKDAY,14,TRAIN,SE4,3413,3505
2026-06,WEEKENDS/HOLIDAY,22,TRAIN,NS5,3986,12975
2026-06,WEEKDAY,20,TRAIN,BP7,523,1396
2026-06,WEEKENDS/HOLIDAY,11,TRAIN,DT8,1990,1165
2026-06,WEEKDAY,9,TRAIN,NE4/DT19,24634,82993
2026-06,WEEKENDS/HOLIDAY,6,TRAIN,SW4,648,196
2026-06,WEEKDAY,19,TRAIN,EW2/DT32,70656,130244
2026-06,WEEKENDS/HOLIDAY,16,TRAIN,CC11,8218,5178
2026-06,WEEKDAY,14,TRAIN,SW2,3682,2751
2026-06,WEEKDAY,10,TRAIN,DT34,4326,3360
2026-06,WEEKDAY,12,TRAIN,NE4/DT19,58067,83852
2026-06,WEEKENDS/HOLIDAY,5,TRAIN,TE3,350,8
2026-06,WEEKDAY,20,TRAIN,TE1,10248,4363
2026-06,WEEKDAY,7,TRAIN,CC28,8872,5702
2026-06,WEEKENDS/HOLIDAY,20,TRAIN,CC8,2113,3415
2026-06,WEEKENDS/HOLIDAY,19,TRAIN,NS25/EW13,44023,18929
2026-06,WEEKENDS/HOLIDAY,13,TRAIN,EW2/DT32,28433,25663
2026-06,WEEKENDS/HOLIDAY,5,TRAIN,EW10,508,81
2026-06,WEEKENDS/HOLIDAY,23,TRAIN,BP12,57,407
2026-06,WEEKENDS/HOLIDAY,8,TRAIN,NS27/CE2/TE20,657,1018
2026-06,WEEKDAY,14,TRAIN,DT34,3378,3769
2026-06,WEEKENDS/HOLIDAY,18,TRAIN,EW29,9851,8044
2026-06,WEEKDAY,18,TRAIN,DT18,95475,19431
2026-06,WEEKENDS/HOLIDAY,11,TRAIN,DT18,2100,3806
2026-06,WEEKENDS/HOLIDAY,12,TRAIN,EW23,22955,17301
2026-06,WEEKENDS/HOLIDAY,17,TRAIN,SW6,978,1276
2026-06,WEEKENDS/HOLIDAY,17,TRAIN,SE5,1319,1417
2026-06,WEEKENDS/HOLIDAY,6,TRAIN,BP4,679,104
2026-06,WEEKENDS/HOLIDAY,17,TRAIN,EW9,13780,16196
2026-06,WEEKENDS/HOLIDAY,9,TRAIN,NE4/DT19,9394,22895
2026-06,WEEKDAY,17,TRAIN,NS16,56124,81119
2026-06,WEEKDAY,10,TRAIN,EW6,11500,6530
2026-06,WEEKENDS/HOLIDAY,7,TRAIN,EW25,6751,3932
2026-06,WEEKENDS/HOLIDAY,5,TRAIN,NE13,597,127
2026-06,WEEKDAY,9,TRAIN,TE14/NS22,22395,121728
2026-06,WEEKENDS/HOLIDAY,21,TRAIN,EW23,13072,19162
2026-06,WEEKENDS/HOLIDAY,23,TRAIN,DT34,385,999
2026-06,WEEKENDS/HOLIDAY,14,TRAIN,TE29,1473,1609
2026-06,WEEKDAY,0,TRAIN,PW7,99,357
2026-06,WEEKENDS/HOLIDAY,7,TRAIN,DT18,376,1813
2026-06,WEEKENDS/HOLIDAY,13,TRAIN,PW2,141,145
2026-06,WEEKDAY,5,TRAIN,DT29,2103,99
2026-06,WEEKENDS/HOLIDAY,8,TRAIN,DT30,4437,1863
2026-06,WEEKDAY,0,TRAIN,SE1,71,517
2026-06,WEEKENDS/HOLIDAY,18,TRAIN,NS14,14108,16721
2026-06,WEEKENDS/HOLIDAY,21,TRAIN,SW7,169,1251
2026-06,WEEKENDS/HOLIDAY,18,TRAIN,CC5,3173,2350
2026-06,WEEKENDS/HOLIDAY,13,TRAIN,DT24,2039,1667
2026-06,WEEKENDS/HOLIDAY,20,TRAIN,TE19,1839,1332
2026-06,WEEKENDS/HOLIDAY,18,TRAIN,DT8,1575,2232
2026-06,WEEKENDS/HOLIDAY,20,TRAIN,NE11,5268,6771
2026-06,WEEKENDS/HOLIDAY,0,TRAIN,NS8,568,1216
2026-06,WEEKENDS/HOLIDAY,14,TRAIN,EW26,12392,10815
2026-06,WEEKDAY,10,TRAIN,CC24,13879,34175
2026-06,WEEKDAY,16,TRAIN,EW28,24854,19753
2026-06,WEEKENDS/HOLIDAY,19,TRAIN,TE4,3366,3005
2026-06,WEEKDAY,16,TRAIN,BP10,2569,3722
2026-06,WEEKENDS/HOLIDAY,22,TRAIN,NS25/EW13,27043,3393
2026-06,WEEKENDS/HOLIDAY,23,TRAIN,EW1,883,7005
2026-06,WEEKENDS/HOLIDAY,17,TRAIN,EW25,7999,9147
2026-06,WEEKENDS/HOLIDAY,15,TRAIN,EW22,2528,2463
2026-06,WEEKDAY,15,TRAIN,TE13,4971,4720
2026-06,WEEKENDS/HOLIDAY,15,TRAIN,NE7/DT12,16582,16414
2026-06,WEEKENDS/HOLIDAY,15,TRAIN,PE3,2564,2928
2026-06,WEEKENDS/HOLIDAY,14,TRAIN,EW25,5625,5654
2026-06,WEEKENDS/HOLIDAY,0,TRAIN,TE29,11,182
2026-06,WEEKENDS/HOLIDAY,22,TRAIN,EW20,1595,4691
2026-06,WEEKENDS/HOLIDAY,13,TRAIN,PW1,1387,1728
2026-06,WEEKENDS/HOLIDAY,8,TRAIN,SW5,3188,1447
2026-06,WEEKENDS/HOLIDAY,6,TRAIN,NE16/STC,7369,3292
2026-06,WEEKENDS/HOLIDAY,14,TRAIN,SE5,1168,1312
2026-06,WEEKENDS/HOLIDAY,18,TRAIN,DT3,2945,3633
2026-06,WEEKDAY,19,TRAIN,CC20,5455,10342
2026-06,WEEKENDS/HOLIDAY,7,TRAIN,SE5,845,235
2026-06,WEEKDAY,21,TRAIN,SW6,643,4193
2026-06,WEEKENDS/HOLIDAY,10,TRAIN,NE15,14092,5036
2026-06,WEEKDAY,14,TRAIN,DT2,2794,2279
2026-06,WEEKDAY,23,TRAIN,NE18,2180,2754
2026-06,WEEKDAY,7,TRAIN,SW7,1681,1518
2026-06,WEEKENDS/HOLIDAY,12,TRAIN,DT10,2128,1040
2026-06,WEEKDAY,17,TRAIN,NE12/CC13,69162,111827
2026-06,WEEKENDS/HOLIDAY,16,TRAIN,TE27,2491,2705
2026-06,WEEKDAY,6,TRAIN,TE12,836,5353
2026-06,WEEKDAY,10,TRAIN,NS18,16913,8512
2026-06,WEEKDAY,20,TRAIN,DT20,9517,5850
2026-06,WEEKENDS/HOLIDAY,5,TRAIN,PW1,31,45
2026-06,WEEKDAY,20,TRAIN,DT3,2790,9983
2026-06,WEEKENDS/HOLIDAY,22,TRAIN,SW4,454,1431
2026-06,WEEKENDS/HOLIDAY,15,TRAIN,TE26,7754,6566
2026-06,WEEKENDS/HOLIDAY,21,TRAIN,CC5,2110,1379
2026-06,WEEKENDS/HOLIDAY,5,TRAIN,BP2,487,57
2026-06,WEEKENDS/HOLIDAY,10,TRAIN,CC14,3288,1929
2026-06,WEEKDAY,22,TRAIN,DT4,388,2520
2026-06,WEEKENDS/HOLIDAY,21,TRAIN,TE5,1824,2843
2026-06,WEEKENDS/HOLIDAY,13,TRAIN,PE5,2666,2431
2026-06,WEEKDAY,11,TRAIN,CC7,4577,2849
2026-06,WEEKDAY,6,TRAIN,NS27/CE2/TE20,988,3757
2026-06,WEEKDAY,7,TRAIN,TE27,13369,4109
2026-06,WEEKDAY,10,TRAIN,TE26,8958,12575
2026-06,WEEKDAY,6,TRAIN,NS10,80402,19501
2026-06,WEEKDAY,6,TRAIN,DT27,7600,6599
2026-06,WEEKDAY,15,TRAIN,SW6,1627,2445
2026-06,WEEKDAY,13,TRAIN,CG1/DT35,9927,15916
2026-06,WEEKDAY,22,TRAIN,CC10/DT26,8741,16011
2026-06,WEEKDAY,19,TRAIN,TE8,15949,20367
2026-06,WEEKDAY,16,TRAIN,NS11,28321,39339
2026-06,WEEKDAY,19,TRAIN,BP2,1826,7298
2026-06,WEEKDAY,20,TRAIN,EW33,4994,8704
2026-06,WEEKENDS/HOLIDAY,15,TRAIN,EW23,19248,20631
2026-06,WEEKDAY,14,TRAIN,EW21/CC22,21311,19246
2026-06,WEEKENDS/HOLIDAY,12,TRAIN,EW25,6369,5522
2026-06,WEEKDAY,13,TRAIN,BP6/DT1,32309,27934
2026-06,WEEKDAY,17,TRAIN,DT4,2479,4223
2026-06,WEEKDAY,18,TRAIN,EW5,54345,97626
2026-06,WEEKENDS/HOLIDAY,10,TRAIN,SE1,2467,1141
2026-06,WEEKENDS/HOLIDAY,22,TRAIN,DT28,1275,5996
2026-06,WEEKDAY,11,TRAIN,TE7,6407,3492
2026-06,WEEKENDS/HOLIDAY,15,TRAIN,TE1,1830,1080
2026-06,WEEKENDS/HOLIDAY,22,TRAIN,TE29,404,1318
2026-06,WEEKDAY,14,TRAIN,EW1,22034,22567
2026-06,WEEKENDS/HOLIDAY,10,TRAIN,NS21/DT11,24685,24726
2026-06,WEEKDAY,10,TRAIN,EW19,17787,7640
2026-06,WEEKENDS/HOLIDAY,15,TRAIN,TE12,2158,1737
2026-06,WEEKDAY,0,TRAIN,NE11,99,297
2026-06,WEEKENDS/HOLIDAY,16,TRAIN,NE7/DT12,17603,18361
2026-06,WEEKDAY,17,TRAIN,NS7,38548,44403
2026-06,WEEKDAY,15,TRAIN,CC6,6406,6918
2026-06,WEEKENDS/HOLIDAY,0,TRAIN,EW7,77,538
2026-06,WEEKDAY,22,TRAIN,BP10,644,2859
2026-06,WEEKDAY,11,TRAIN,BP7,941,741
2026-06,WEEKDAY,11,TRAIN,EW15,24556,40966
2026-06,WEEKDAY,16,TRAIN,CC26,7273,3102
2026-06,WEEKENDS/HOLIDAY,18,TRAIN,DT25,2427,2094
2026-06,WEEKENDS/HOLIDAY,13,TRAIN,PE4,986,855
2026-06,WEEKDAY,10,TRAIN,DT21,6183,8242
2026-06,WEEKDAY,8,TRAIN,EW33,9851,14466
2026-06,WEEKENDS/HOLIDAY,9,TRAIN,DT24,2599,1314
2026-06,WEEKENDS/HOLIDAY,18,TRAIN,TE25,1661,1856
2026-06,WEEKENDS/HOLIDAY,13,TRAIN,TE29,1691,1556
2026-06,WEEKENDS/HOLIDAY,8,TRAIN,NS9/TE2,22212,19171
2026-06,WEEKDAY,0,TRAIN,SW5,142,996
2026-06,WEEKENDS/HOLIDAY,9,TRAIN,CC5,826,1732
2026-06,WEEKDAY,23,TRAIN,PE3,409,2800
2026-06,WEEKENDS/HOLIDAY,12,TRAIN,NS18,7048,4687
2026-06,WEEKENDS/HOLIDAY,20,TRAIN,TE25,873,1513
2026-06,WEEKENDS/HOLIDAY,9,TRAIN,CC19/DT9,2880,5264
2026-06,WEEKENDS/HOLIDAY,13,TRAIN,SE2,2662,2412
2026-06,WEEKENDS/HOLIDAY,19,TRAIN,EW8/CC9,32185,24023
2026-06,WEEKENDS/HOLIDAY,18,TRAIN,DT20,3372,2827
2026-06,WEEKDAY,0,TRAIN,NE4/DT19,383,974
2026-06,WEEKENDS/HOLIDAY,11,TRAIN,DT5,10759,6269
2026-06,WEEKDAY,6,TRAIN,NE11,7610,5565
2026-06,WEEKDAY,20,TRAIN,BP6/DT1,27402,58054
2026-06,WEEKDAY,17,TRAIN,BP11,3440,5712
2026-06,WEEKENDS/HOLIDAY,5,TRAIN,CC8,164,15
2026-06,WEEKDAY,19,TRAIN,NS18,16395,26820
2026-06,WEEKENDS/HOLIDAY,0,TRAIN,NS4/BP1,476,2222
2026-06,WEEKENDS/HOLIDAY,17,TRAIN,CC16,3417,2556
2026-06,WEEKDAY,10,TRAIN,EW12/DT14,25085,68168
2026-06,WEEKENDS/HOLIDAY,6,TRAIN,EW1,5331,1832
2026-06,WEEKDAY,22,TRAIN,NS2,10555,27515
2026-06,WEEKENDS/HOLIDAY,0,TRAIN,NE10,44,214
2026-06,WEEKDAY,15,TRAIN,NS24/NE6/CC1,36370,33033
2026-06,WEEKDAY,5,TRAIN,NE16/STC,11205,2619
2026-06,WEEKDAY,20,TRAIN,PE1,1567,7020
2026-06,WEEKENDS/HOLIDAY,15,TRAIN,NS2,11203,13208
2026-06,WEEKENDS/HOLIDAY,10,TRAIN,NS10,20554,8868
2026-06,WEEKDAY,15,TRAIN,CC21,8535,9346
2026-06,WEEKENDS/HOLIDAY,20,TRAIN,EW4,4064,7866
2026-06,WEEKENDS/HOLIDAY,5,TRAIN,BP4,323,51
2026-06,WEEKENDS/HOLIDAY,14,TRAIN,SE3,1201,1181
2026-06,WEEKDAY,11,TRAIN,EW27,31072,29341
2026-06,WEEKENDS/HOLIDAY,10,TRAIN,BP5,1084,695
2026-06,WEEKENDS/HOLIDAY,8,TRAIN,SW4,1345,557
2026-06,WEEKENDS/HOLIDAY,15,TRAIN,EW10,5740,6586
2026-06,WEEKENDS/HOLIDAY,17,TRAIN,PE1,1858,1789
2026-06,WEEKDAY,20,TRAIN,TE5,5069,9351
2026-06,WEEKDAY,18,TRAIN,EW3,30069,52493
2026-06,WEEKDAY,15,TRAIN,CC28,2727,3080
2026-06,WEEKENDS/HOLIDAY,22,TRAIN,BP2,210,1278
2026-06,WEEKDAY,5,TRAIN,NS23,486,536
2026-06,WEEKENDS/HOLIDAY,10,TRAIN,DT2,1764,591
2026-06,WEEKDAY,8,TRAIN,EW27,97801,74708
2026-06,WEEKENDS/HOLIDAY,19,TRAIN,DT27,3706,4832
2026-06,WEEKENDS/HOLIDAY,0,TRAIN,TE7,30,202
2026-06,WEEKDAY,15,TRAIN,CC16,5347,4950
2026-06,WEEKDAY,18,TRAIN,CC24,104118,18045
2026-06,WEEKENDS/HOLIDAY,14,TRAIN,TE18,8051,5714
2026-06,WEEKENDS/HOLIDAY,0,TRAIN,PE2,28,466
2026-06,WEEKDAY,12,TRAIN,BP9,2455,2419
2026-06,WEEKENDS/HOLIDAY,7,TRAIN,EW2/DT32,13594,10182
2026-06,WEEKENDS/HOLIDAY,15,TRAIN,DT24,1749,1766
2026-06,WEEKDAY,9,TRAIN,CC21,10052,12269
2026-06,WEEKDAY,17,TRAIN,TE25,3695,5577
2026-06,WEEKDAY,20,TRAIN,CC23,17481,2197
2026-06,WEEKDAY,21,TRAIN,NS12,9470,27924
2026-06,WEEKDAY,18,TRAIN,PE6,7982,17416
2026-06,WEEKENDS/HOLIDAY,16,TRAIN,SW4,1287,1379
2026-06,WEEKENDS/HOLIDAY,10,TRAIN,SW7,743,422
2026-06,WEEKENDS/HOLIDAY,7,TRAIN,CC4/DT15,565,3575
2026-06,WEEKENDS/HOLIDAY,23,TRAIN,DT2,73,355
2026-06,WEEKENDS/HOLIDAY,14,TRAIN,PW5,1268,1271
2026-06,WEEKENDS/HOLIDAY,14,TRAIN,DT7,1293,1513
2026-06,WEEKDAY,15,TRAIN,BP4,2594,1728
2026-06,WEEKDAY,22,TRAIN,NE18,9295,6247
2026-06,WEEKDAY,21,TRAIN,NE5,25426,8426
2026-06,WEEKDAY,20,TRAIN,SW5,4320,9185
2026-06,WEEKENDS/HOLIDAY,20,TRAIN,TE29,1056,2322
2026-06,WEEKDAY,12,TRAIN,NE10,16296,12068
2026-06,WEEKENDS/HOLIDAY,8,TRAIN,EW26,17155,7511
2026-06,WEEKENDS/HOLIDAY,19,TRAIN,PE5,1541,3252
2026-06,WEEKDAY,13,TRAIN,CC27,4512,8522
2026-06,WEEKENDS/HOLIDAY,17,TRAIN,CC4/DT15,14573,13029
2026-06,WEEKDAY,15,TRAIN,NE14,20506,23655
2026-06,WEEKDAY,10,TRAIN,TE15,6902,10310
2026-06,WEEKENDS/HOLIDAY,15,TRAIN,NS16,17364,19782
2026-06,WEEKDAY,21,TRAIN,CC28,1839,4865
2026-06,WEEKDAY,8,TRAIN,NS28,4016,4176
2026-06,WEEKDAY,12,TRAIN,BP6/DT1,32504,28026
2026-06,WEEKDAY,11,TRAIN,DT3,6302,2592
2026-06,WEEKDAY,6,TRAIN,BP10,7526,1016
2026-06,WEEKDAY,22,TRAIN,NS5,8032,30984
2026-06,WEEKENDS/HOLIDAY,17,TRAIN,BP8,786,881
2026-06,WEEKENDS/HOLIDAY,18,TRAIN,PW2,134,180
2026-06,WEEKENDS/HOLIDAY,9,TRAIN,CG1/DT35,1397,7157
2026-06,WEEKENDS/HOLIDAY,10,TRAIN,BP2,1544,580
2026-06,WEEKDAY,0,TRAIN,NS23,572,296
2026-06,WEEKDAY,18,TRAIN,NE14,39882,94709
2026-06,WEEKENDS/HOLIDAY,20,TRAIN,EW27,17111,29089
2026-06,WEEKENDS/HOLIDAY,16,TRAIN,DT17,2668,2201
2026-06,WEEKDAY,20,TRAIN,CG2,25767,16108
2026-06,WEEKENDS/HOLIDAY,15,TRAIN,TE7,2821,2383
2026-06,WEEKDAY,6,TRAIN,DT2,1636,2120
2026-06,WEEKDAY,13,TRAIN,PW2,208,273
2026-06,WEEKENDS/HOLIDAY,13,TRAIN,EW20,6129,5048
2026-06,WEEKENDS/HOLIDAY,15,TRAIN,EW20,4650,4954
2026-06,WEEKDAY,9,TRAIN,TE8,11904,12405
2026-06,WEEKENDS/HOLIDAY,12,TRAIN,DT2,1844,663
2026-06,WEEKDAY,19,TRAIN,PE4,1756,4012
2026-06,WEEKDAY,8,TRAIN,TE5,22241,8950
2026-06,WEEKENDS/HOLIDAY,20,TRAIN,CC6,7441,2034
2026-06,WEEKENDS/HOLIDAY,13,TRAIN,EW18,7889,7383
2026-06,WEEKDAY,18,TRAIN,EW32,23973,6230
2026-06,WEEKDAY,9,TRAIN,CC6,3812,12478
2026-06,WEEKDAY,10,TRAIN,EW11,16470,17880
2026-06,WEEKDAY,9,TRAIN,NS25/EW13,11916,97568
2026-06,WEEKDAY,16,TRAIN,NS23,46694,43664
2026-06,WEEKENDS/HOLIDAY,19,TRAIN,NE1/CC29,42144,19033
2026-06,WEEKDAY,0,TRAIN,CC24,59,145
2026-06,WEEKDAY,8,TRAIN,NS27/CE2/TE20,1893,29790
2026-06,WEEKENDS/HOLIDAY,9,TRAIN,CC25,2302,1892
2026-06,WEEKENDS/HOLIDAY,8,TRAIN,CC24,1683,5035
2026-06,WEEKDAY,12,TRAIN,PE6,9744,6960
2026-06,WEEKENDS/HOLIDAY,21,TRAIN,SE4,617,1756
2026-06,WEEKENDS/HOLIDAY,17,TRAIN,EW19,8006,7865
2026-06,WEEKDAY,23,TRAIN,CC20,333,1401
2026-06,WEEKENDS/HOLIDAY,20,TRAIN,NE15,4606,14352
2026-06,WEEKDAY,14,TRAIN,PW1,1965,3522
2026-06,WEEKENDS/HOLIDAY,20,TRAIN,SW3,346,717
2026-06,WEEKENDS/HOLIDAY,17,TRAIN,NS5,12706,14868
2026-06,WEEKDAY,21,TRAIN,EW33,2296,5280
2026-06,WEEKENDS/HOLIDAY,5,TRAIN,SE2,604,12
2026-06,WEEKENDS/HOLIDAY,20,TRAIN,SW4,715,1776
2026-06,WEEKDAY,21,TRAIN,EW11,15410,19427
2026-06,WEEKENDS/HOLIDAY,15,TRAIN,NE9,9337,8494
2026-06,WEEKDAY,19,TRAIN,TE22,4811,8067
2026-06,WEEKDAY,10,TRAIN,EW24/NS1,28642,62831
2026-06,WEEKENDS/HOLIDAY,20,TRAIN,BP2,467,1340
2026-06,WEEKENDS/HOLIDAY,13,TRAIN,EW23,21774,19528
2026-06,WEEKENDS/HOLIDAY,19,TRAIN,NE10,6048,7456
2026-06,WEEKDAY,7,TRAIN,TE22,277,1985
2026-06,WEEKDAY,6,TRAIN,TE15,2137,3938
2026-06,WEEKENDS/HOLIDAY,13,TRAIN,NS10,17748,12730
2026-06,WEEKENDS/HOLIDAY,22,TRAIN,NE18,2813,2754
2026-06,WEEKDAY,20,TRAIN,NS28,1011,674
2026-06,WEEKDAY,15,TRAIN,CC8,5841,5844
2026-06,WEEKENDS/HOLIDAY,22,TRAIN,PW3,88,458
2026-06,WEEKENDS/HOLIDAY,10,TRAIN,NS4/BP1,15970,12464
2026-06,WEEKDAY,14,TRAIN,NE15,16870,18340
2026-06,WEEKDAY,6,TRAIN,NE5,1289,6713
2026-06,WEEKDAY,17,TRAIN,EW8/CC9,98936,66492
2026-06,WEEKDAY,21,TRAIN,TE22,8054,1053
2026-06,WEEKDAY,9,TRAIN,TE25,6319,2261
2026-06,WEEKENDS/HOLIDAY,13,TRAIN,NE12/CC13,30097,30291
2026-06,WEEKENDS/HOLIDAY,5,TRAIN,NS7,8916,1446
2026-06,WEEKENDS/HOLIDAY,10,TRAIN,NE7/DT12,10135,24038
2026-06,WEEKDAY,19,TRAIN,DT7,5626,7825
2026-06,WEEKDAY,20,TRAIN,NE11,13289,17658
2026-06,WEEKDAY,18,TRAIN,CC19/DT9,13230,13385
2026-06,WEEKDAY,11,TRAIN,NS2,23031,17202
2026-06,WEEKDAY,12,TRAIN,NS2,24060,20470
2026-06,WEEKDAY,7,TRAIN,SW4,10275,2527
2026-06,WEEKENDS/HOLIDAY,16,TRAIN,PE2,2447,2430
2026-06,WEEKENDS/HOLIDAY,10,TRAIN,DT13,3638,5957
2026-06,WEEKENDS/HOLIDAY,16,TRAIN,TE23,1541,1831
2026-06,WEEKDAY,19,TRAIN,SW7,845,4593
2026-06,WEEKENDS/HOLIDAY,17,TRAIN,DT28,6530,5039
2026-06,WEEKDAY,0,TRAIN,CC23,39,131
2026-06,WEEKDAY,5,TRAIN,CC8,1028,105
2026-06,WEEKENDS/HOLIDAY,11,TRAIN,TE22,1607,3763
2026-06,WEEKENDS/HOLIDAY,9,TRAIN,EW23,20678,15174
2026-06,WEEKENDS/HOLIDAY,9,TRAIN,PE4,898,437
2026-06,WEEKENDS/HOLIDAY,8,TRAIN,PW5,1903,634
2026-06,WEEKENDS/HOLIDAY,7,TRAIN,SW6,887,400
2026-06,WEEKENDS/HOLIDAY,12,TRAIN,NS4/BP1,17626,15825
2026-06,WEEKDAY,0,TRAIN,NE1/CC29,83,188
2026-06,WEEKDAY,16,TRAIN,TE16,7286,6733
2026-06,WEEKDAY,17,TRAIN,CC7,7612,8902
2026-06,WEEKDAY,12,TRAIN,EW28,21280,11996
2026-06,WEEKDAY,13,TRAIN,EW24/NS1,53310,62812
2026-06,WEEKDAY,16,TRAIN,TE8,10583,10206
2026-06,WEEKDAY,17,TRAIN,NS23,64882,52836
2026-06,WEEKDAY,21,TRAIN,TE8,12002,8151
2026-06,WEEKENDS/HOLIDAY,12,TRAIN,SW2,2947,1549
2026-06,WEEKENDS/HOLIDAY,13,TRAIN,NS16,19170,18124
2026-06,WEEKDAY,21,TRAIN,NE1/CC29,91278,16261
2026-06,WEEKDAY,18,TRAIN,EW31,21894,3822
2026-06,WEEKDAY,12,TRAIN,CC17/TE9,8866,4091
2026-06,WEEKENDS/HOLIDAY,23,TRAIN,DT27,562,2010
2026-06,WEEKDAY,6,TRAIN,NS11,67098,22297
2026-06,WEEKENDS/HOLIDAY,19,TRAIN,BP2,744,1415
2026-06,WEEKENDS/HOLIDAY,16,TRAIN,PE3,2661,2842
2026-06,WEEKENDS/HOLIDAY,10,TRAIN,NE9,12983,7728
2026-06,WEEKDAY,8,TRAIN,DT33,82438,14274
2026-06,WEEKDAY,6,TRAIN,NS13,76231,18755
2026-06,WEEKENDS/HOLIDAY,6,TRAIN,EW15,1069,3536
2026-06,WEEKDAY,20,TRAIN,BP2,1159,4291
2026-06,WEEKENDS/HOLIDAY,9,TRAIN,CC10/DT26,7568,6023
2026-06,WEEKENDS/HOLIDAY,13,TRAIN,NS14,13981,11033
2026-06,WEEKDAY,8,TRAIN,NS4/BP1,82781,37712
2026-06,WEEKENDS/HOLIDAY,5,TRAIN,EW20,298,95
2026-06,WEEKDAY,16,TRAIN,DT10,3728,3439
2026-06,WEEKDAY,17,TRAIN,EW5,49578,56236
2026-06,WEEKENDS/HOLIDAY,22,TRAIN,BP10,352,1134
2026-06,WEEKDAY,23,TRAIN,DT30,751,6392
2026-06,WEEKDAY,13,TRAIN,EW31,1678,1134
2026-06,WEEKDAY,12,TRAIN,DT23,3590,3722
2026-06,WEEKENDS/HOLIDAY,15,TRAIN,CC14,2607,2558
2026-06,WEEKENDS/HOLIDAY,17,TRAIN,CC19/DT9,5036,4746
2026-06,WEEKENDS/HOLIDAY,20,TRAIN,DT22,9732,6536
2026-06,WEEKDAY,0,TRAIN,CC21,62,229
2026-06,WEEKDAY,7,TRAIN,EW27,122304,93030
2026-06,WEEKENDS/HOLIDAY,21,TRAIN,NS9/TE2,19608,28221
2026-06,WEEKENDS/HOLIDAY,8,TRAIN,CG2,5590,8143
2026-06,WEEKDAY,13,TRAIN,NE12/CC13,55376,50903
2026-06,WEEKDAY,6,TRAIN,NE14,36635,11512
2026-06,WEEKENDS/HOLIDAY,22,TRAIN,NE10,2368,5593
2026-06,WEEKENDS/HOLIDAY,9,TRAIN,NE17/PTC,18523,11640
2026-06,WEEKENDS/HOLIDAY,20,TRAIN,CC17/TE9,1342,2694
2026-06,WEEKDAY,10,TRAIN,NE10,15861,10726
2026-06,WEEKENDS/HOLIDAY,14,TRAIN,CC6,5344,6623
2026-06,WEEKDAY,8,TRAIN,DT21,10816,21086
2026-06,WEEKDAY,16,TRAIN,EW30,9011,741
2026-06,WEEKENDS/HOLIDAY,11,TRAIN,NS23,7842,22427
2026-06,WEEKDAY,17,TRAIN,DT6,17068,9357
2026-06,WEEKENDS/HOLIDAY,15,TRAIN,NS4/BP1,15507,17571
2026-06,WEEKENDS/HOLIDAY,8,TRAIN,DT7,1584,1560
2026-06,WEEKDAY,19,TRAIN,DT22,13608,22239
2026-06,WEEKENDS/HOLIDAY,22,TRAIN,NS12,2686,8958
2026-06,WEEKENDS/HOLIDAY,22,TRAIN,NE15,2489,11656
2026-06,WEEKDAY,6,TRAIN,EW7,16084,7583
2026-06,WEEKENDS/HOLIDAY,14,TRAIN,TE5,2648,2543
2026-06,WEEKENDS/HOLIDAY,11,TRAIN,TE6,6612,2836
2026-06,WEEKENDS/HOLIDAY,21,TRAIN,CC26,677,1284
2026-06,WEEKENDS/HOLIDAY,15,TRAIN,PE2,2173,2443
2026-06,WEEKDAY,14,TRAIN,BP2,1761,1740
2026-06,WEEKENDS/HOLIDAY,19,TRAIN,TE25,1273,1852
2026-06,WEEKDAY,8,TRAIN,EW17,66648,38889
2026-06,WEEKENDS/HOLIDAY,12,TRAIN,TE22,1524,3757
2026-06,WEEKENDS/HOLIDAY,6,TRAIN,DT4,273,109
2026-06,WEEKDAY,8,TRAIN,BP4,4822,4911
2026-06,WEEKDAY,5,TRAIN,SW3,1516,41
2026-06,WEEKDAY,19,TRAIN,CC12,6578,18544
2026-06,WEEKENDS/HOLIDAY,15,TRAIN,CC17/TE9,2452,2450
2026-06,WEEKDAY,18,TRAIN,NS16,74124,136795
2026-06,WEEKENDS/HOLIDAY,17,TRAIN,DT6,3393,2573
2026-06,WEEKENDS/HOLIDAY,9,TRAIN,CC8,3300,2357
2026-06,WEEKDAY,21,TRAIN,TE12,2910,1832
2026-06,WEEKENDS/HOLIDAY,7,TRAIN,BP3,1665,528
2026-06,WEEKDAY,7,TRAIN,CC8,13493,7478
2026-06,WEEKDAY,10,TRAIN,CC17/TE9,6112,3802
2026-06,WEEKENDS/HOLIDAY,17,TRAIN,CG1/DT35,18235,8073
2026-06,WEEKENDS/HOLIDAY,18,TRAIN,DT24,2114,2624
2026-06,WEEKENDS/HOLIDAY,16,TRAIN,PE1,1682,1635
2026-06,WEEKDAY,18,TRAIN,SW2,4424,2988
2026-06,WEEKENDS/HOLIDAY,19,TRAIN,BP9,700,1155
2026-06,WEEKENDS/HOLIDAY,21,TRAIN,CC11,5192,3616
2026-06,WEEKENDS/HOLIDAY,7,TRAIN,CG2,5770,7519
2026-06,WEEKENDS/HOLIDAY,14,TRAIN,TE22,1727,4815
2026-06,WEEKENDS/HOLIDAY,15,TRAIN,CC8,3049,2879
2026-06,WEEKDAY,23,TRAIN,DT25,661,2678
2026-06,WEEKDAY,16,TRAIN,NE17/PTC,42392,51320
2026-06,WEEKENDS/HOLIDAY,16,TRAIN,TE29,1855,2114
2026-06,WEEKDAY,8,TRAIN,EW12/DT14,26860,127230
2026-06,WEEKDAY,18,TRAIN,DT34,15818,12019
2026-06,WEEKENDS/HOLIDAY,5,TRAIN,EW33,1576,133
2026-06,WEEKDAY,20,TRAIN,EW21/CC22,33554,17202
2026-06,WEEKDAY,23,TRAIN,EW20,1780,5580
2026-06,WEEKDAY,14,TRAIN,BP10,2367,2816
2026-06,WEEKENDS/HOLIDAY,14,TRAIN,TE23,1253,1523
2026-06,WEEKDAY,21,TRAIN,DT21,11771,7204
2026-06,WEEKDAY,16,TRAIN,NS7,19935,25867
2026-06,WEEKENDS/HOLIDAY,16,TRAIN,NE18,6913,6220
2026-06,WEEKENDS/HOLIDAY,17,TRAIN,NE8,20131,28355
2026-06,WEEKDAY,5,TRAIN,DT17,101,1
2026-06,WEEKDAY,14,TRAIN,NS4/BP1,29733,33213
2026-06,WEEKDAY,20,TRAIN,EW23,43607,53920
2026-06,WEEKENDS/HOLIDAY,0,TRAIN,CG1/DT35,9,185
2026-06,WEEKDAY,0,TRAIN,CC2,12,34
2026-06,WEEKENDS/HOLIDAY,18,TRAIN,NE11,7898,8451
2026-06,WEEKDAY,15,TRAIN,NS25/EW13,46966,41027
2026-06,WEEKENDS/HOLIDAY,13,TRAIN,NS25/EW13,28639,39615
2026-06,WEEKENDS/HOLIDAY,18,TRAIN,TE7,2609,2831
2026-06,WEEKENDS/HOLIDAY,22,TRAIN,NS14,6729,17184
2026-06,WEEKENDS/HOLIDAY,15,TRAIN,NE14,12093,12699
2026-06,WEEKDAY,9,TRAIN,EW32,1916,5326
2026-06,WEEKENDS/HOLIDAY,6,TRAIN,NS4/BP1,10832,5677
2026-06,WEEKENDS/HOLIDAY,15,TRAIN,SE2,2151,2337
2026-06,WEEKENDS/HOLIDAY,0,TRAIN,EW25,37,764
2026-06,WEEKDAY,8,TRAIN,TE23,8407,2673
2026-06,WEEKENDS/HOLIDAY,5,TRAIN,NS16,3917,445
2026-06,WEEKENDS/HOLIDAY,10,TRAIN,NS9/TE2,23105,20867
2026-06,WEEKDAY,21,TRAIN,CC11,17552,8479
2026-06,WEEKDAY,22,TRAIN,NS14,14278,42208
2026-06,WEEKENDS/HOLIDAY,0,TRAIN,DT3,27,242
2026-06,WEEKDAY,7,TRAIN,EW2/DT32,115424,52590
2026-06,WEEKENDS/HOLIDAY,15,TRAIN,PE7,1482,1948
2026-06,WEEKENDS/HOLIDAY,23,TRAIN,NS7,11049,9280
2026-06,WEEKENDS/HOLIDAY,13,TRAIN,EW27,20922,20851
2026-06,WEEKENDS/HOLIDAY,5,TRAIN,EW23,1192,462
2026-06,WEEKENDS/HOLIDAY,10,TRAIN,NS17/CC15,17866,5212
2026-06,WEEKENDS/HOLIDAY,11,TRAIN,EW19,8644,5003
2026-06,WEEKENDS/HOLIDAY,11,TRAIN,CC6,4331,5633
2026-06,WEEKDAY,10,TRAIN,NS7,27972,22975
2026-06,WEEKENDS/HOLIDAY,23,TRAIN,EW15,3468,1324
2026-06,WEEKDAY,16,TRAIN,EW12/DT14,70487,57279
2026-06,WEEKDAY,23,TRAIN,TE6,1083,9003
2026-06,WEEKENDS/HOLIDAY,8,TRAIN,NE5,1115,3759
2026-06,WEEKENDS/HOLIDAY,0,TRAIN,NE13,111,732
2026-06,WEEKDAY,5,TRAIN,TE27,939,5
2026-06,WEEKENDS/HOLIDAY,10,TRAIN,CC12,3802,1550
2026-06,WEEKENDS/HOLIDAY,0,TRAIN,NS13,752,4761
2026-06,WEEKENDS/HOLIDAY,9,TRAIN,CC28,2080,993
2026-06,WEEKDAY,19,TRAIN,NS14,28682,78090
2026-06,WEEKENDS/HOLIDAY,17,TRAIN,PW2,94,188
2026-06,WEEKDAY,10,TRAIN,NE18,8545,15405
2026-06,WEEKDAY,22,TRAIN,SE3,462,4365
2026-06,WEEKENDS/HOLIDAY,14,TRAIN,BP11,1341,1291
2026-06,WEEKDAY,12,TRAIN,CC2,4192,4552
2026-06,WEEKDAY,17,TRAIN,EW33,19100,12438
2026-06,WEEKENDS/HOLIDAY,5,TRAIN,EW11,435,71
2026-06,WEEKDAY,21,TRAIN,CC24,19400,3180
2026-06,WEEKENDS/HOLIDAY,23,TRAIN,TE3,394,2830
2026-06,WEEKDAY,6,TRAIN,PW7,4054,2413
2026-06,WEEKENDS/HOLIDAY,12,TRAIN,EW16/NE3/TE17,12822,11817
2026-06,WEEKENDS/HOLIDAY,21,TRAIN,CC10/DT26,3944,8241
2026-06,WEEKENDS/HOLIDAY,7,TRAIN,PE7,1273,232
2026-06,WEEKENDS/HOLIDAY,16,TRAIN,NE16/STC,19912,22633
2026-06,WEEKENDS/HOLIDAY,5,TRAIN,CC21,186,25
2026-06,WEEKDAY,6,TRAIN,EW6,11050,3643
2026-06,WEEKENDS/HOLIDAY,21,TRAIN,NS14,7987,16818
2026-06,WEEKENDS/HOLIDAY,12,TRAIN,BP10,1584,1220
2026-06,WEEKDAY,5,TRAIN,EW1,9691,425
2026-06,WEEKDAY,17,TRAIN,CE1/DT16,52803,41506
2026-06,WEEKDAY,12,TRAIN,EW7,14170,11862
2026-06,WEEKDAY,19,TRAIN,CC11,47070,21347
2026-06,WEEKDAY,23,TRAIN,EW3,1462,8649
2026-06,WEEKDAY,21,TRAIN,TE13,3167,2867
2026-06,WEEKENDS/HOLIDAY,7,TRAIN,NS2,9909,6336
2026-06,WEEKDAY,16,TRAIN,BP9,1818,2355
2026-06,WEEKENDS/HOLIDAY,13,TRAIN,DT10,1759,1233
2026-06,WEEKENDS/HOLIDAY,22,TRAIN,NE8,17062,8386
2026-06,WEEKDAY,12,TRAIN,CC10/DT26,16477,12446
2026-06,WEEKENDS/HOLIDAY,12,TRAIN,CE1/DT16,10257,22878
2026-06,WEEKDAY,6,TRAIN,CC21,3646,3453
2026-06,WEEKENDS/HOLIDAY,14,TRAIN,DT28,3886,3295
2026-06,WEEKENDS/HOLIDAY,8,TRAIN,DT31,3782,2125
2026-06,WEEKDAY,12,TRAIN,NE1/CC29,33239,75133
2026-06,WEEKDAY,7,TRAIN,PW6,5765,922
2026-06,WEEKDAY,13,TRAIN,PE6,8291,8756
2026-06,WEEKENDS/HOLIDAY,23,TRAIN,SW3,41,350
2026-06,WEEKENDS/HOLIDAY,19,TRAIN,NS5,8902,16501
2026-06,WEEKDAY,9,TRAIN,PW5,3738,1541
2026-06,WEEKDAY,20,TRAIN,TE27,2323,8679
2026-06,WEEKENDS/HOLIDAY,11,TRAIN,DT34,2202,1053
2026-06,WEEKDAY,21,TRAIN,DT34,3065,5554
2026-06,WEEKDAY,17,TRAIN,TE28,4509,7620
2026-06,WEEKENDS/HOLIDAY,10,TRAIN,DT21,2933,3847
2026-06,WEEKDAY,20,TRAIN,EW5,25364,43395
2026-06,WEEKDAY,23,TRAIN,DT18,6831,1089
2026-06,WEEKDAY,7,TRAIN,NS23,8481,23222
2026-06,WEEKDAY,23,TRAIN,EW28,2624,14759
2026-06,WEEKENDS/HOLIDAY,13,TRAIN,EW16/NE3/TE17,11913,10387
2026-06,WEEKENDS/HOLIDAY,21,TRAIN,PE6,1537,2550
2026-06,WEEKDAY,11,TRAIN,PE2,6253,3050
2026-06,WEEKDAY,12,TRAIN,CC5,4612,5619
2026-06,WEEKDAY,18,TRAIN,NS2,50087,106949
2026-06,WEEKENDS/HOLIDAY,6,TRAIN,SE5,587,131
2026-06,WEEKENDS/HOLIDAY,7,TRAIN,DT7,763,1632
2026-06,WEEKENDS/HOLIDAY,23,TRAIN,TE22,909,184
2026-06,WEEKDAY,5,TRAIN,SW7,957,90
2026-06,WEEKENDS/HOLIDAY,10,TRAIN,PW3,460,228
2026-06,WEEKENDS/HOLIDAY,19,TRAIN,NE12/CC13,26526,33175
2026-06,WEEKDAY,6,TRAIN,NS15,16803,19888
2026-06,WEEKDAY,18,TRAIN,EW11,49842,41603
2026-06,WEEKDAY,22,TRAIN,NS7,16964,40631
2026-06,WEEKDAY,23,TRAIN,EW15,11744,2747
2026-06,WEEKENDS/HOLIDAY,18,TRAIN,TE29,1932,2257
2026-06,WEEKENDS/HOLIDAY,19,TRAIN,BP3,1110,2179
2026-06,WEEKDAY,11,TRAIN,TE24,3681,1977
2026-06,WEEKENDS/HOLIDAY,23,TRAIN,CC26,272,364
2026-06,WEEKENDS/HOLIDAY,10,TRAIN,DT18,1544,3929
2026-06,WEEKENDS/HOLIDAY,7,TRAIN,CG1/DT35,1111,8354
2026-06,WEEKDAY,20,TRAIN,DT33,7396,32477
2026-06,WEEKENDS/HOLIDAY,12,TRAIN,BP8,878,806
2026-06,WEEKENDS/HOLIDAY,14,TRAIN,SW7,547,823
2026-06,WEEKENDS/HOLIDAY,21,TRAIN,EW5,8167,15198
2026-06,WEEKENDS/HOLIDAY,23,TRAIN,DT3,235,1273
2026-06,WEEKENDS/HOLIDAY,6,TRAIN,EW31,2180,2421
2026-06,WEEKDAY,17,TRAIN,NE7/DT12,48206,33141
2026-06,WEEKDAY,17,TRAIN,TE22,3376,7486
2026-06,WEEKENDS/HOLIDAY,16,TRAIN,CC3,6900,6081
2026-06,WEEKDAY,18,TRAIN,EW33,13435,14211
2026-06,WEEKENDS/HOLIDAY,7,TRAIN,DT3,1714,1821
2026-06,WEEKENDS/HOLIDAY,23,TRAIN,PE1,142,1090
2026-06,WEEKDAY,18,TRAIN,CC16,21376,16190
2026-06,WEEKENDS/HOLIDAY,5,TRAIN,EW8/CC9,625,130
2026-06,WEEKENDS/HOLIDAY,11,TRAIN,PE6,4293,2967
2026-06,WEEKDAY,18,TRAIN,NE15,27263,85272
2026-06,WEEKDAY,18,TRAIN,CC11,114977,25095
2026-06,WEEKENDS/HOLIDAY,7,TRAIN,CE1/DT16,6008,10481
2026-06,WEEKDAY,17,TRAIN,SW2,4516,3663
2026-06,WEEKENDS/HOLIDAY,21,TRAIN,DT25,749,2477
2026-06,WEEKDAY,10,TRAIN,SW1,2403,1711
2026-06,WEEKENDS/HOLIDAY,16,TRAIN,NE9,9600,8792
2026-06,WEEKDAY,21,TRAIN,CC5,4613,3189
2026-06,WEEKENDS/HOLIDAY,7,TRAIN,PE6,1475,1060
2026-06,WEEKDAY,0,TRAIN,EW12/DT14,747,1055
2026-06,WEEKDAY,17,TRAIN,EW6,13912,18462
2026-06,WEEKENDS/HOLIDAY,15,TRAIN,TE3,4827,3668
2026-06,WEEKDAY,17,TRAIN,BP7,1157,1787
2026-06,WEEKENDS/HOLIDAY,5,TRAIN,TE13,3,0
2026-06,WEEKDAY,14,TRAIN,NS21/DT11,44232,50188
2026-06,WEEKDAY,12,TRAIN,SE2,5362,4109
2026-06,WEEKDAY,18,TRAIN,CC23,93956,9960
2026-06,WEEKENDS/HOLIDAY,20,TRAIN,CC7,1786,3207
2026-06,WEEKDAY,16,TRAIN,CC4/DT15,25802,17194
2026-06,WEEKENDS/HOLIDAY,18,TRAIN,NS5,11529,16428
2026-06,WEEKENDS/HOLIDAY,17,TRAIN,NS28,3034,1987
2026-06,WEEKDAY,10,TRAIN,DT23,2502,5710
2026-06,WEEKDAY,22,TRAIN,BP5,772,1241
2026-06,WEEKENDS/HOLIDAY,16,TRAIN,NE13,11083,11664
2026-06,WEEKDAY,9,TRAIN,NS16,62568,35522
2026-06,WEEKENDS/HOLIDAY,8,TRAIN,TE18,910,1988
2026-06,WEEKENDS/HOLIDAY,23,TRAIN,DT6,230,791
2026-06,WEEKENDS/HOLIDAY,11,TRAIN,CC10/DT26,7961,5031
2026-06,WEEKENDS/HOLIDAY,23,TRAIN,DT31,507,2384
2026-06,WEEKENDS/HOLIDAY,18,TRAIN,NS21/DT11,30122,31645
2026-06,WEEKENDS/HOLIDAY,13,TRAIN,SE5,1287,1242
2026-06,WEEKENDS/HOLIDAY,20,TRAIN,PE1,766,2323
2026-06,WEEKENDS/HOLIDAY,13,TRAIN,DT20,2099,2502
2026-06,WEEKENDS/HOLIDAY,23,TRAIN,EW4,777,4239
2026-06,WEEKENDS/HOLIDAY,20,TRAIN,DT27,2444,4748
2026-06,WEEKENDS/HOLIDAY,7,TRAIN,TE25,335,191
2026-06,WEEKENDS/HOLIDAY,17,TRAIN,CG2,14626,12877
2026-06,WEEKDAY,19,TRAIN,NS16,47850,98001
2026-06,WEEKDAY,16,TRAIN,NS18,12617,13739
2026-06,WEEKDAY,0,TRAIN,PE5,43,796
2026-06,WEEKENDS/HOLIDAY,16,TRAIN,CC23,2101,1343
2026-06,WEEKDAY,13,TRAIN,SE4,3983,3471
2026-06,WEEKENDS/HOLIDAY,17,TRAIN,EW28,15626,14035
2026-06,WEEKDAY,12,TRAIN,NS4/BP1,32873,31367
2026-06,WEEKENDS/HOLIDAY,14,TRAIN,DT22,5224,5535
2026-06,WEEKENDS/HOLIDAY,23,TRAIN,PW7,281,783
2026-06,WEEKENDS/HOLIDAY,17,TRAIN,EW3,8512,9611
2026-06,WEEKDAY,12,TRAIN,EW29,10772,7422
2026-06,WEEKDAY,16,TRAIN,BP6/DT1,28655,40656
2026-06,WEEKENDS/HOLIDAY,12,TRAIN,CC2,2081,1844
2026-06,WEEKDAY,0,TRAIN,CG1/DT35,25,314
2026-06,WEEKENDS/HOLIDAY,7,TRAIN,CC26,2090,2823
2026-06,WEEKDAY,6,TRAIN,SW4,4603,946
2026-06,WEEKDAY,12,TRAIN,TE26,12479,13691
2026-06,WEEKENDS/HOLIDAY,10,TRAIN,BP13,690,403
2026-06,WEEKDAY,10,TRAIN,DT3,7636,2478
2026-06,WEEKDAY,23,TRAIN,NE12/CC13,9624,23812
2026-06,WEEKENDS/HOLIDAY,11,TRAIN,SW5,3637,2579
2026-06,WEEKENDS/HOLIDAY,8,TRAIN,CC21,1945,3230
2026-06,WEEKENDS/HOLIDAY,6,TRAIN,DT3,838,487
2026-06,WEEKENDS/HOLIDAY,5,TRAIN,TE18,1,0
2026-06,WEEKENDS/HOLIDAY,10,TRAIN,SE4,2677,1407
2026-06,WEEKENDS/HOLIDAY,21,TRAIN,NS28,635,275
2026-06,WEEKDAY,20,TRAIN,NS15,18094,15296
2026-06,WEEKENDS/HOLIDAY,19,TRAIN,CC10/DT26,6379,7890
2026-06,WEEKENDS/HOLIDAY,20,TRAIN,EW10,5038,7909
2026-06,WEEKDAY,18,TRAIN,NS13,66705,195297
2026-06,WEEKENDS/HOLIDAY,17,TRAIN,TE24,1893,1902
2026-06,WEEKENDS/HOLIDAY,15,TRAIN,EW11,8393,9660
2026-06,WEEKENDS/HOLIDAY,11,TRAIN,DT31,3870,2207
2026-06,WEEKDAY,6,TRAIN,CC24,1043,21381
2026-06,WEEKENDS/HOLIDAY,0,TRAIN,EW24/NS1,481,2032
2026-06,WEEKENDS/HOLIDAY,7,TRAIN,EW32,2944,6534
2026-06,WEEKDAY,18,TRAIN,TE22,4349,8739
2026-06,WEEKDAY,22,TRAIN,NE9,8458,19887
2026-06,WEEKENDS/HOLIDAY,13,TRAIN,BP10,1300,1390
2026-06,WEEKENDS/HOLIDAY,16,TRAIN,SW1,1066,472
2026-06,WEEKDAY,11,TRAIN,NS7,21971,18017
2026-06,WEEKENDS/HOLIDAY,11,TRAIN,NS25/EW13,21263,42544
2026-06,WEEKENDS/HOLIDAY,7,TRAIN,NE16/STC,12059,5473
2026-06,WEEKENDS/HOLIDAY,13,TRAIN,BP6/DT1,18470,15578
2026-06,WEEKDAY,12,TRAIN,NE16/STC,45522,40469
2026-06,WEEKENDS/HOLIDAY,13,TRAIN,PW3,338,348
2026-06,WEEKDAY,12,TRAIN,EW6,10294,8724
2026-06,WEEKDAY,13,TRAIN,DT34,4287,4996
2026-06,WEEKDAY,15,TRAIN,DT23,3262,2777
2026-06,WEEKDAY,22,TRAIN,DT29,2028,10008
2026-06,WEEKENDS/HOLIDAY,23,TRAIN,TE28,278,724
2026-06,WEEKENDS/HOLIDAY,16,TRAIN,NS23,25636,23882
2026-06,WEEKDAY,12,TRAIN,NS20,50117,51826
2026-06,WEEKDAY,11,TRAIN,BP12,2753,1208
2026-06,WEEKDAY,5,TRAIN,EW4,4379,559
2026-06,WEEKDAY,19,TRAIN,EW33,6924,12897
2026-06,WEEKDAY,13,TRAIN,NS19,38082,36562
2026-06,WEEKENDS/HOLIDAY,12,TRAIN,DT23,1614,1383
2026-06,WEEKENDS/HOLIDAY,14,TRAIN,CC16,2902,2476
2026-06,WEEKENDS/HOLIDAY,10,TRAIN,CC20,2934,2128
2026-06,WEEKENDS/HOLIDAY,8,TRAIN,NE11,4574,4139
2026-06,WEEKDAY,23,TRAIN,NS5,2856,15319
2026-06,WEEKDAY,0,TRAIN,NS10,788,7341
2026-06,WEEKDAY,23,TRAIN,DT4,113,1298
2026-06,WEEKENDS/HOLIDAY,6,TRAIN,EW19,2833,1337
2026-06,WEEKENDS/HOLIDAY,10,TRAIN,NS24/NE6/CC1,7497,16296
2026-06,WEEKDAY,9,TRAIN,EW6,20465,10898
2026-06,WEEKENDS/HOLIDAY,12,TRAIN,TE8,6803,5218
2026-06,WEEKDAY,18,TRAIN,SW7,1164,4877
2026-06,WEEKDAY,8,TRAIN,BP9,3734,2696
2026-06,WEEKDAY,19,TRAIN,SE2,3458,14139
2026-06,WEEKDAY,0,TRAIN,PW2,11,1
2026-06,WEEKENDS/HOLIDAY,15,TRAIN,NS9/TE2,25286,27792
2026-06,WEEKDAY,23,TRAIN,BP10,244,1152
2026-06,WEEKENDS/HOLIDAY,15,TRAIN,CC23,1989,1347
2026-06,WEEKENDS/HOLIDAY,5,TRAIN,SW7,233,2
2026-06,WEEKDAY,19,TRAIN,DT8,4576,6570
2026-06,WEEKENDS/HOLIDAY,0,TRAIN,PW4,25,233
2026-06,WEEKDAY,17,TRAIN,TE26,17824,17075
2026-06,WEEKDAY,22,TRAIN,PE4,656,1767
2026-06,WEEKENDS/HOLIDAY,8,TRAIN,NS18,7494,3118
2026-06,WEEKDAY,8,TRAIN,EW5,84574,34765
2026-06,WEEKDAY,13,TRAIN,CC25,4354,3900
2026-06,WEEKDAY,17,TRAIN,EW1,38001,51829
2026-06,WEEKENDS/HOLIDAY,22,TRAIN,NS15,2242,5043
2026-06,WEEKENDS/HOLIDAY,9,TRAIN,NS25/EW13,7483,49516
2026-06,WEEKENDS/HOLIDAY,6,TRAIN,NE14,6978,2169
2026-06,WEEKENDS/HOLIDAY,14,TRAIN,DT17,2383,2405
2026-06,WEEKENDS/HOLIDAY,6,TRAIN,DT27,1797,876
2026-06,WEEKENDS/HOLIDAY,19,TRAIN,BP11,878,1835
2026-06,WEEKDAY,0,TRAIN,TE25,7,193
2026-06,WEEKENDS/HOLIDAY,20,TRAIN,TE22,8081,2588
2026-06,WEEKENDS/HOLIDAY,22,TRAIN,NS4/BP1,7280,14280
2026-06,WEEKENDS/HOLIDAY,14,TRAIN,PE4,851,849
2026-06,WEEKENDS/HOLIDAY,12,TRAIN,BP5,1134,853
2026-06,WEEKENDS/HOLIDAY,11,TRAIN,DT33,8394,2761
2026-06,WEEKDAY,9,TRAIN,TE18,4809,26004
2026-06,WEEKENDS/HOLIDAY,12,TRAIN,SE5,1534,993
2026-06,WEEKENDS/HOLIDAY,10,TRAIN,TE11,1963,1350
2026-06,WEEKDAY,17,TRAIN,SW3,1785,1639
2026-06,WEEKENDS/HOLIDAY,18,TRAIN,NS2,12420,17516
2026-06,WEEKDAY,5,TRAIN,PW5,1829,51
2026-06,WEEKENDS/HOLIDAY,0,TRAIN,PE5,11,386
2026-06,WEEKDAY,9,TRAIN,DT22,11571,11371
2026-06,WEEKENDS/HOLIDAY,23,TRAIN,TE16,1199,1658
2026-06,WEEKDAY,8,TRAIN,CC7,12779,7809
2026-06,WEEKENDS/HOLIDAY,23,TRAIN,BP7,15,161
2026-06,WEEKENDS/HOLIDAY,14,TRAIN,NE1/CC29,24874,33464
2026-06,WEEKDAY,16,TRAIN,SW6,1907,3105
2026-06,WEEKENDS/HOLIDAY,14,TRAIN,CC26,1171,1133
2026-06,WEEKENDS/HOLIDAY,7,TRAIN,NS5,12995,4886
2026-06,WEEKDAY,22,TRAIN,EW8/CC9,31345,21272
2026-06,WEEKENDS/HOLIDAY,16,TRAIN,EW25,6955,6644
2026-06,WEEKENDS/HOLIDAY,5,TRAIN,DT10,19,14
2026-06,WEEKDAY,22,TRAIN,NS3,6424,18704
2026-06,WEEKDAY,0,TRAIN,DT6,48,364
2026-06,WEEKENDS/HOLIDAY,10,TRAIN,SW1,903,453
2026-06,WEEKDAY,23,TRAIN,NS21/DT11,19185,18950
2026-06,WEEKENDS/HOLIDAY,19,TRAIN,PE3,2096,3695
2026-06,WEEKDAY,10,TRAIN,NS16,40572,29717
2026-06,WEEKENDS/HOLIDAY,22,TRAIN,TE1,856,1971
2026-06,WEEKDAY,14,TRAIN,PE5,4651,5286
2026-06,WEEKDAY,22,TRAIN,DT18,13954,2482
2026-06,WEEKENDS/HOLIDAY,11,TRAIN,NS12,11634,5279
2026-06,WEEKDAY,17,TRAIN,CC19/DT9,11146,8876
2026-06,WEEKDAY,20,TRAIN,PW3,346,1553
2026-06,WEEKENDS/HOLIDAY,21,TRAIN,EW11,6059,7948
2026-06,WEEKENDS/HOLIDAY,10,TRAIN,DT24,2536,1205
2026-06,WEEKDAY,23,TRAIN,CC24,2562,818
2026-06,WEEKDAY,20,TRAIN,EW22,8235,8058
2026-06,WEEKENDS/HOLIDAY,18,TRAIN,TE28,1856,2503
2026-06,WEEKENDS/HOLIDAY,21,TRAIN,NS13,17699,25420
2026-06,WEEKDAY,19,TRAIN,DT23,9745,6598
2026-06,WEEKDAY,23,TRAIN,NE13,3263,10307
2026-06,WEEKDAY,11,TRAIN,PW7,3135,1908
2026-06,WEEKENDS/HOLIDAY,21,TRAIN,NS8,5781,7322
2026-06,WEEKENDS/HOLIDAY,16,TRAIN,DT10,1789,1223
2026-06,WEEKENDS/HOLIDAY,8,TRAIN,NS3,9361,6689
2026-06,WEEKENDS/HOLIDAY,8,TRAIN,CE1/DT16,5131,13307
2026-06,WEEKENDS/HOLIDAY,19,TRAIN,NE14,10117,16628
2026-06,WEEKENDS/HOLIDAY,14,TRAIN,NS12,8148,7708
2026-06,WEEKDAY,0,TRAIN,DT30,22,1003
2026-06,WEEKENDS/HOLIDAY,13,TRAIN,EW29,5204,3691
2026-06,WEEKENDS/HOLIDAY,12,TRAIN,DT18,2652,3276
2026-06,WEEKENDS/HOLIDAY,11,TRAIN,TE8,5644,5353
2026-06,WEEKDAY,17,TRAIN,NS21/DT11,98532,95606
2026-06,WEEKDAY,23,TRAIN,TE13,1282,761
2026-06,WEEKENDS/HOLIDAY,18,TRAIN,CC16,3178,2850
2026-06,WEEKDAY,5,TRAIN,TE11,160,39
2026-06,WEEKDAY,22,TRAIN,TE28,1014,3529
2026-06,WEEKENDS/HOLIDAY,20,TRAIN,NS15,4270,5716
2026-06,WEEKDAY,6,TRAIN,NE18,11982,4049
2026-06,WEEKENDS/HOLIDAY,15,TRAIN,DT18,3043,2119
2026-06,WEEKDAY,14,TRAIN,NS23,35986,41907
2026-06,WEEKENDS/HOLIDAY,14,TRAIN,TE3,4787,3526
2026-06,WEEKDAY,12,TRAIN,NE15,22250,15271
2026-06,WEEKDAY,8,TRAIN,TE8,20843,15357
2026-06,WEEKENDS/HOLIDAY,0,TRAIN,EW1,0,2056
2026-06,WEEKENDS/HOLIDAY,21,TRAIN,EW31,855,1843
2026-06,WEEKDAY,9,TRAIN,EW20,19346,25171
2026-06,WEEKDAY,13,TRAIN,CC21,15301,9213
2026-06,WEEKENDS/HOLIDAY,18,TRAIN,SW6,853,1572
2026-06,WEEKENDS/HOLIDAY,5,TRAIN,NE16/STC,2045,489
2026-06,WEEKDAY,14,TRAIN,PE1,2994,3124
2026-06,WEEKDAY,14,TRAIN,NS7,16387,14361
2026-06,WEEKENDS/HOLIDAY,10,TRAIN,DT8,1921,1220
2026-06,WEEKENDS/HOLIDAY,12,TRAIN,CC8,3599,2898
2026-06,WEEKENDS/HOLIDAY,18,TRAIN,EW7,6907,9002
2026-06,WEEKDAY,10,TRAIN,DT6,5895,4951
2026-06,WEEKENDS/HOLIDAY,0,TRAIN,NS11,446,4176
2026-06,WEEKENDS/HOLIDAY,13,TRAIN,TE23,1535,1529
2026-06,WEEKDAY,15,TRAIN,PW1,2584,3376
2026-06,WEEKDAY,19,TRAIN,BP5,2202,3587
2026-06,WEEKDAY,7,TRAIN,DT7,5376,11579
2026-06,WEEKENDS/HOLIDAY,12,TRAIN,CC14,3278,2075
2026-06,WEEKDAY,22,TRAIN,PW2,83,17
2026-06,WEEKENDS/HOLIDAY,23,TRAIN,TE25,113,352
2026-06,WEEKENDS/HOLIDAY,16,TRAIN,DT3,2931,2834
2026-06,WEEKDAY,7,TRAIN,SE2,18754,1676
2026-06,WEEKENDS/HOLIDAY,11,TRAIN,DT23,1118,1422
2026-06,WEEKDAY,19,TRAIN,TE19,43262,4408
2026-06,WEEKDAY,18,TRAIN,NE13,34755,64932
2026-06,WEEKENDS/HOLIDAY,16,TRAIN,PW7,1453,1671
2026-06,WEEKENDS/HOLIDAY,21,TRAIN,NE17/PTC,15967,17891
2026-06,WEEKDAY,13,TRAIN,EW1,24982,21326
2026-06,WEEKDAY,13,TRAIN,CE1/DT16,26216,38509
2026-06,WEEKENDS/HOLIDAY,22,TRAIN,NS23,20086,4201
2026-06,WEEKDAY,10,TRAIN,BP5,2030,1361
2026-06,WEEKENDS/HOLIDAY,17,TRAIN,TE15,5718,5947
2026-06,WEEKENDS/HOLIDAY,10,TRAIN,TE29,2165,907
2026-06,WEEKENDS/HOLIDAY,17,TRAIN,NS10,18333,17412
2026-06,WEEKDAY,17,TRAIN,EW2/DT32,73643,110919
2026-06,WEEKENDS/HOLIDAY,17,TRAIN,NS18,6317,6838
2026-06,WEEKENDS/HOLIDAY,14,TRAIN,DT21,3682,4187
2026-06,WEEKDAY,7,TRAIN,DT18,1880,27965
2026-06,WEEKENDS/HOLIDAY,21,TRAIN,NS12,4202,10652
2026-06,WEEKENDS/HOLIDAY,14,TRAIN,DT25,1618,1538
2026-06,WEEKDAY,14,TRAIN,DT3,4621,4650
2026-06,WEEKENDS/HOLIDAY,17,TRAIN,CC5,3445,2281
2026-06,WEEKENDS/HOLIDAY,8,TRAIN,SE5,1340,427
2026-06,WEEKDAY,9,TRAIN,EW31,1925,4910
2026-06,WEEKENDS/HOLIDAY,9,TRAIN,TE14/NS22,9751,50258
2026-06,WEEKDAY,8,TRAIN,NE12/CC13,158475,47211
2026-06,WEEKDAY,15,TRAIN,DT27,6543,6228
2026-06,WEEKDAY,23,TRAIN,DT28,1528,6453
2026-06,WEEKDAY,22,TRAIN,EW25,3761,13464
2026-06,WEEKDAY,22,TRAIN,DT33,3679,23878
2026-06,WEEKENDS/HOLIDAY,8,TRAIN,CC7,2109,1809
2026-06,WEEKENDS/HOLIDAY,13,TRAIN,EW10,5686,6347
2026-06,WEEKDAY,16,TRAIN,DT33,11894,15474
2026-06,WEEKENDS/HOLIDAY,5,TRAIN,NE10,238,59
2026-06,WEEKDAY,12,TRAIN,NE11,14153,14327
2026-06,WEEKENDS/HOLIDAY,0,TRAIN,NE4/DT19,183,423
2026-06,WEEKENDS/HOLIDAY,10,TRAIN,EW11,7328,7852
2026-06,WEEKDAY,18,TRAIN,EW15,221216,55434
2026-06,WEEKENDS/HOLIDAY,18,TRAIN,NS25/EW13,51804,29674
2026-06,WEEKENDS/HOLIDAY,5,TRAIN,EW1,1795,130
2026-06,WEEKENDS/HOLIDAY,5,TRAIN,TE27,1,0
2026-06,WEEKDAY,9,TRAIN,NS5,38584,14433
2026-06,WEEKDAY,16,TRAIN,PE7,3416,4510
2026-06,WEEKENDS/HOLIDAY,13,TRAIN,TE15,5135,5743
2026-06,WEEKENDS/HOLIDAY,19,TRAIN,TE23,2224,2412
2026-06,WEEKDAY,14,TRAIN,EW14/NS26,41380,48822
2026-06,WEEKENDS/HOLIDAY,21,TRAIN,NS17/CC15,6034,9930
2026-06,WEEKDAY,16,TRAIN,NE7/DT12,28064,22925
2026-06,WEEKDAY,17,TRAIN,NS4/BP1,62551,78755
2026-06,WEEKDAY,18,TRAIN,DT4,2294,7348
2026-06,WEEKDAY,19,TRAIN,TE27,3719,13361
2026-06,WEEKENDS/HOLIDAY,10,TRAIN,TE12,2046,2924
2026-06,WEEKENDS/HOLIDAY,18,TRAIN,PE1,1682,2152
2026-06,WEEKENDS/HOLIDAY,17,TRAIN,NS16,18826,23665
2026-06,WEEKDAY,14,TRAIN,SW8,1081,1680
2026-06,WEEKDAY,11,TRAIN,EW30,2085,1180
2026-06,WEEKDAY,5,TRAIN,TE14/NS22,826,1377
2026-06,WEEKENDS/HOLIDAY,20,TRAIN,TE5,2030,3192
2026-06,WEEKDAY,14,TRAIN,CC12,5956,5694
2026-06,WEEKENDS/HOLIDAY,9,TRAIN,EW32,1877,848
2026-06,WEEKDAY,16,TRAIN,DT17,24906,6775
2026-06,WEEKENDS/HOLIDAY,14,TRAIN,EW3,7549,7697
2026-06,WEEKDAY,0,TRAIN,NE17/PTC,502,3802
2026-06,WEEKDAY,11,TRAIN,EW14/NS26,57824,51476
2026-06,WEEKDAY,15,TRAIN,PE3,6646,6932
2026-06,WEEKDAY,7,TRAIN,CC17/TE9,19515,14658
2026-06,WEEKDAY,13,TRAIN,EW8/CC9,50420,47205
2026-06,WEEKENDS/HOLIDAY,23,TRAIN,EW22,271,1098
2026-06,WEEKDAY,22,TRAIN,PE5,918,6402
2026-06,WEEKDAY,20,TRAIN,NE17/PTC,38524,61798
2026-06,WEEKDAY,17,TRAIN,PW5,2217,4186
2026-06,WEEKDAY,16,TRAIN,SE4,3277,4169
2026-06,WEEKDAY,7,TRAIN,PW7,7842,3972
2026-06,WEEKENDS/HOLIDAY,5,TRAIN,TE29,4,0
2026-06,WEEKDAY,22,TRAIN,CC3,11746,1211
2026-06,WEEKDAY,16,TRAIN,EW8/CC9,52271,42303
2026-06,WEEKENDS/HOLIDAY,12,TRAIN,DT33,7666,3947
2026-06,WEEKENDS/HOLIDAY,11,TRAIN,NS4/BP1,17000,13723
2026-06,WEEKDAY,11,TRAIN,NE16/STC,42203,32277
2026-06,WEEKENDS/HOLIDAY,23,TRAIN,SE4,91,766
2026-06,WEEKENDS/HOLIDAY,13,TRAIN,DT13,5822,7104
2026-06,WEEKDAY,6,TRAIN,NS8,43120,10225
2026-06,WEEKENDS/HOLIDAY,20,TRAIN,CC5,2121,1703
2026-06,WEEKENDS/HOLIDAY,16,TRAIN,PW2,123,115
2026-06,WEEKENDS/HOLIDAY,11,TRAIN,NS15,6270,3204
2026-06,WEEKDAY,21,TRAIN,NS20,43769,11809
2026-06,WEEKDAY,12,TRAIN,PE2,6186,4186
2026-06,WEEKENDS/HOLIDAY,19,TRAIN,EW19,6028,7782
2026-06,WEEKENDS/HOLIDAY,8,TRAIN,DT22,4413,4361
2026-06,WEEKENDS/HOLIDAY,14,TRAIN,EW2/DT32,27243,25237
2026-06,WEEKENDS/HOLIDAY,7,TRAIN,NS9/TE2,17801,18142
2026-06,WEEKENDS/HOLIDAY,23,TRAIN,DT29,360,2419
2026-06,WEEKENDS/HOLIDAY,22,TRAIN,NS8,4123,6122
2026-06,WEEKDAY,10,TRAIN,DT29,8588,2523
2026-06,WEEKENDS/HOLIDAY,16,TRAIN,TE26,8422,7500
2026-06,WEEKDAY,14,TRAIN,NS14,20997,19824
2026-06,WEEKDAY,8,TRAIN,NE4/DT19,25160,82803
2026-06,WEEKDAY,20,TRAIN,DT8,2114,3223
2026-06,WEEKENDS/HOLIDAY,19,TRAIN,EW12/DT14,36758,24358
2026-06,WEEKDAY,11,TRAIN,SW1,3137,1787
2026-06,WEEKENDS/HOLIDAY,8,TRAIN,NE14,14499,5830
2026-06,WEEKDAY,17,TRAIN,TE7,13087,9079
2026-06,WEEKENDS/HOLIDAY,21,TRAIN,SW2,1133,893
2026-06,WEEKDAY,6,TRAIN,PE2,7701,1271
2026-06,WEEKDAY,15,TRAIN,SW7,1033,1687
2026-06,WEEKDAY,12,TRAIN,CG2,17101,25743
2026-06,WEEKENDS/HOLIDAY,12,TRAIN,PW7,1626,1373
2026-06,WEEKENDS/HOLIDAY,0,TRAIN,CC14,18,142
2026-06,WEEKENDS/HOLIDAY,15,TRAIN,NS25/EW13,36757,34809
2026-06,WEEKDAY,22,TRAIN,PW1,898,123
2026-06,WEEKENDS/HOLIDAY,23,TRAIN,EW8/CC9,5293,4749
2026-06,WEEKENDS/HOLIDAY,9,TRAIN,BP9,1403,1367
2026-06,WEEKENDS/HOLIDAY,12,TRAIN,CC17/TE9,3301,2202
2026-06,WEEKENDS/HOLIDAY,11,TRAIN,DT21,3361,3925
2026-06,WEEKENDS/HOLIDAY,6,TRAIN,EW9,13514,2239
2026-06,WEEKDAY,13,TRAIN,NS17/CC15,26170,14914
2026-06,WEEKDAY,13,TRAIN,EW3,16442,15425
2026-06,WEEKENDS/HOLIDAY,5,TRAIN,TE26,6,0
2026-06,WEEKENDS/HOLIDAY,9,TRAIN,DT27,3759,2663
2026-06,WEEKDAY,9,TRAIN,SW2,6405,2943
2026-06,WEEKDAY,20,TRAIN,DT34,4249,7628
2026-06,WEEKDAY,11,TRAIN,BP2,2489,1085
2026-06,WEEKDAY,0,TRAIN,TE6,98,1473
2026-06,WEEKDAY,14,TRAIN,PE7,3124,4063
2026-06,WEEKENDS/HOLIDAY,10,TRAIN,NS25/EW13,15550,50296
2026-06,WEEKENDS/HOLIDAY,21,TRAIN,CC19/DT9,1576,1517
2026-06,WEEKENDS/HOLIDAY,6,TRAIN,NE1/CC29,2358,9056
2026-06,WEEKENDS/HOLIDAY,22,TRAIN,TE3,1137,4823
2026-06,WEEKDAY,5,TRAIN,NS9/TE2,23102,9586
2026-06,WEEKDAY,13,TRAIN,CC24,19733,25907
2026-06,WEEKENDS/HOLIDAY,18,TRAIN,CC4/DT15,14767,11683
2026-06,WEEKENDS/HOLIDAY,8,TRAIN,NS15,6709,5076
2026-06,WEEKDAY,5,TRAIN,PW7,980,398
2026-06,WEEKENDS/HOLIDAY,6,TRAIN,SW7,310,90
2026-06,WEEKDAY,13,TRAIN,NS18,13010,11567
2026-06,WEEKENDS/HOLIDAY,23,TRAIN,SW2,165,406
2026-06,WEEKENDS/HOLIDAY,9,TRAIN,DT18,814,3413
2026-06,WEEKENDS/HOLIDAY,23,TRAIN,DT25,353,1289
2026-06,WEEKENDS/HOLIDAY,18,TRAIN,EW24/NS1,45038,44186
2026-06,WEEKDAY,11,TRAIN,SE2,5680,3383
2026-06,WEEKENDS/HOLIDAY,17,TRAIN,BP11,1393,1494
2026-06,WEEKENDS/HOLIDAY,16,TRAIN,TE5,2844,2886
2026-06,WEEKENDS/HOLIDAY,13,TRAIN,TE11,1860,1706
2026-06,WEEKENDS/HOLIDAY,15,TRAIN,DT17,2490,2162
2026-06,WEEKENDS/HOLIDAY,19,TRAIN,PE1,1230,2331
2026-06,WEEKENDS/HOLIDAY,8,TRAIN,EW25,6444,3568
2026-06,WEEKENDS/HOLIDAY,7,TRAIN,EW33,3903,3545
2026-06,WEEKENDS/HOLIDAY,7,TRAIN,EW28,17224,7979
2026-06,WEEKENDS/HOLIDAY,22,TRAIN,CC24,1782,1004
2026-06,WEEKENDS/HOLIDAY,5,TRAIN,CC19/DT9,42,66
2026-06,WEEKENDS/HOLIDAY,7,TRAIN,EW31,2279,4720
2026-06,WEEKENDS/HOLIDAY,9,TRAIN,NS7,17822,14272
2026-06,WEEKENDS/HOLIDAY,0,TRAIN,SE4,13,206
2026-06,WEEKDAY,5,TRAIN,TE15,185,24
2026-06,WEEKENDS/HOLIDAY,17,TRAIN,NS20,14658,14654
2026-06,WEEKDAY,8,TRAIN,DT24,18121,12725
2026-06,WEEKENDS/HOLIDAY,17,TRAIN,TE1,3246,2159
2026-06,WEEKENDS/HOLIDAY,11,TRAIN,EW11,7623,8356
2026-06,WEEKENDS/HOLIDAY,7,TRAIN,PE1,1178,312
2026-06,WEEKDAY,17,TRAIN,NS18,21724,21777
2026-06,WEEKENDS/HOLIDAY,18,TRAIN,EW25,7506,8987
2026-06,WEEKENDS/HOLIDAY,7,TRAIN,EW10,6446,2609
2026-06,WEEKDAY,20,TRAIN,EW12/DT14,85019,39135
2026-06,WEEKENDS/HOLIDAY,8,TRAIN,TE1,1967,1759
2026-06,WEEKDAY,22,TRAIN,EW21/CC22,21618,10280
2026-06,WEEKENDS/HOLIDAY,7,TRAIN,SE2,2131,456
2026-06,WEEKENDS/HOLIDAY,20,TRAIN,SW8,169,861
2026-06,WEEKDAY,13,TRAIN,SW8,1084,3132
2026-06,WEEKDAY,21,TRAIN,SW7,362,3247
2026-06,WEEKENDS/HOLIDAY,19,TRAIN,EW29,7819,8743
2026-06,WEEKDAY,13,TRAIN,PE2,6141,4756
2026-06,WEEKENDS/HOLIDAY,21,TRAIN,EW27,14842,24402
2026-06,WEEKENDS/HOLIDAY,17,TRAIN,NE13,11944,12400
2026-06,WEEKENDS/HOLIDAY,22,TRAIN,NS21/DT11,16141,17487
2026-06,WEEKENDS/HOLIDAY,14,TRAIN,BP13,477,472
2026-06,WEEKDAY,9,TRAIN,CC8,11397,5540
2026-06,WEEKDAY,0,TRAIN,EW30,0,208
2026-06,WEEKENDS/HOLIDAY,21,TRAIN,CC20,853,1821
2026-06,WEEKDAY,18,TRAIN,NS18,33606,35159
2026-06,WEEKENDS/HOLIDAY,7,TRAIN,TE8,845,950
2026-06,WEEKDAY,20,TRAIN,SW2,2757,1928
2026-06,WEEKENDS/HOLIDAY,19,TRAIN,EW22,1744,2678
2026-06,WEEKDAY,18,TRAIN,NS15,72671,36540
2026-06,WEEKENDS/HOLIDAY,0,TRAIN,CC7,10,213
2026-06,WEEKDAY,0,TRAIN,CC19/DT9,60,272
2026-06,WEEKDAY,5,TRAIN,SW6,1310,106
2026-06,WEEKDAY,9,TRAIN,SW5,9753,4370
2026-06,WEEKENDS/HOLIDAY,12,TRAIN,NS20,16834,17798
2026-06,WEEKENDS/HOLIDAY,15,TRAIN,DT23,1478,1391
2026-06,WEEKDAY,9,TRAIN,DT3,13805,3145
2026-06,WEEKDAY,8,TRAIN,CC20,14449,7779
2026-06,WEEKDAY,15,TRAIN,TE3,10203,8094
2026-06,WEEKDAY,18,TRAIN,NE12/CC13,90662,194302
2026-06,WEEKENDS/HOLIDAY,0,TRAIN,NE1/CC29,97,164
2026-06,WEEKDAY,20,TRAIN,CC28,2149,5787
2026-06,WEEKDAY,9,TRAIN,NE11,21591,13788
2026-06,WEEKENDS/HOLIDAY,15,TRAIN,BP7,322,448
2026-06,WEEKDAY,11,TRAIN,NS27/CE2/TE20,4703,4331
2026-06,WEEKDAY,13,TRAIN,NS23,41549,44521
2026-06,WEEKENDS/HOLIDAY,7,TRAIN,CC20,1107,1246
2026-06,WEEKDAY,15,TRAIN,BP7,832,996
2026-06,WEEKENDS/HOLIDAY,22,TRAIN,BP9,208,605
2026-06,WEEKDAY,5,TRAIN,CC12,873,159
2026-06,WEEKDAY,10,TRAIN,NE17/PTC,37246,26365
2026-06,WEEKENDS/HOLIDAY,22,TRAIN,PE6,811,1916
2026-06,WEEKDAY,19,TRAIN,NS12,18230,54864
2026-06,WEEKDAY,9,TRAIN,NS11,55895,20354
2026-06,WEEKENDS/HOLIDAY,18,TRAIN,TE8,6981,6185
2026-06,WEEKENDS/HOLIDAY,22,TRAIN,SW5,1322,2394
2026-06,WEEKDAY,11,TRAIN,EW4,14179,6228
2026-06,WEEKENDS/HOLIDAY,14,TRAIN,CC25,2198,2018
2026-06,WEEKDAY,11,TRAIN,TE1,5303,4514
2026-06,WEEKENDS/HOLIDAY,16,TRAIN,EW11,9201,8866
2026-06,WEEKDAY,17,TRAIN,EW31,30298,2034
2026-06,WEEKDAY,0,TRAIN,EW11,200,518
2026-06,WEEKDAY,23,TRAIN,DT20,3139,1420
2026-06,WEEKDAY,18,TRAIN,NS4/BP1,70092,126750
2026-06,WEEKENDS/HOLIDAY,23,TRAIN,EW10,1322,3097
2026-06,WEEKDAY,21,TRAIN,NS2,17392,36467
2026-06,WEEKENDS/HOLIDAY,8,TRAIN,CC14,2433,1555
2026-06,WEEKENDS/HOLIDAY,15,TRAIN,NE11,7150,7090
2026-06,WEEKDAY,14,TRAIN,NS27/CE2/TE20,3534,4797
2026-06,WEEKENDS/HOLIDAY,23,TRAIN,NE1/CC29,12402,2082
2026-06,WEEKDAY,20,TRAIN,NS2,19401,45263
2026-06,WEEKENDS/HOLIDAY,14,TRAIN,EW9,11254,10695
2026-06,WEEKENDS/HOLIDAY,10,TRAIN,CE1/DT16,7245,19805
2026-06,WEEKENDS/HOLIDAY,9,TRAIN,NE16/STC,21688,9984
2026-06,WEEKDAY,8,TRAIN,EW1,108791,23419
2026-06,WEEKDAY,23,TRAIN,BP11,121,1166
2026-06,WEEKDAY,18,TRAIN,EW1,41787,99780
2026-06,WEEKENDS/HOLIDAY,5,TRAIN,NE8,199,18
2026-06,WEEKENDS/HOLIDAY,0,TRAIN,EW16/NE3/TE17,30,482
2026-06,WEEKENDS/HOLIDAY,22,TRAIN,SE1,470,2288
2026-06,WEEKENDS/HOLIDAY,6,TRAIN,NS18,3908,1157
2026-06,WEEKDAY,7,TRAIN,TE11,7457,6503
2026-06,WEEKDAY,9,TRAIN,DT29,16539,4763
2026-06,WEEKENDS/HOLIDAY,15,TRAIN,NS3,8617,8591
2026-06,WEEKENDS/HOLIDAY,12,TRAIN,TE27,2867,2274
2026-06,WEEKENDS/HOLIDAY,19,TRAIN,DT3,2021,3361
2026-06,WEEKENDS/HOLIDAY,22,TRAIN,NS7,15416,16820
2026-06,WEEKDAY,8,TRAIN,DT6,15779,13964
2026-06,WEEKDAY,14,TRAIN,EW27,29883,33935
2026-06,WEEKENDS/HOLIDAY,16,TRAIN,DT22,5331,6833
2026-06,WEEKDAY,9,TRAIN,NS14,61800,19559
2026-06,WEEKDAY,22,TRAIN,CC28,1104,4017
2026-06,WEEKDAY,17,TRAIN,EW21/CC22,93758,32281
2026-06,WEEKDAY,13,TRAIN,BP10,2780,2688
2026-06,WEEKDAY,6,TRAIN,CG2,10709,10991
2026-06,WEEKENDS/HOLIDAY,5,TRAIN,EW4,1010,78
2026-06,WEEKENDS/HOLIDAY,10,TRAIN,NS7,13970,11604
2026-06,WEEKENDS/HOLIDAY,6,TRAIN,EW8/CC9,6763,3451
2026-06,WEEKDAY,13,TRAIN,CC12,7303,5916
2026-06,WEEKDAY,17,TRAIN,NE4/DT19,87574,64068
2026-06,WEEKDAY,22,TRAIN,NE5,18688,5667
2026-06,WEEKDAY,9,TRAIN,NS23,12012,52182
2026-06,WEEKENDS/HOLIDAY,7,TRAIN,EW21/CC22,3227,7187
2026-06,WEEKDAY,12,TRAIN,SW8,2102,1563
2026-06,WEEKENDS/HOLIDAY,19,TRAIN,PW5,1018,2742
2026-06,WEEKDAY,16,TRAIN,EW16/NE3/TE17,57785,19717
2026-06,WEEKENDS/HOLIDAY,12,TRAIN,NE7/DT12,16736,23649
2026-06,WEEKENDS/HOLIDAY,14,TRAIN,DT34,1486,1645
2026-06,WEEKENDS/HOLIDAY,8,TRAIN,BP5,840,603
2026-06,WEEKDAY,19,TRAIN,CC8,7259,13623
2026-06,WEEKDAY,16,TRAIN,SW5,6008,7693
2026-06,WEEKENDS/HOLIDAY,6,TRAIN,EW10,5731,1403
2026-06,WEEKENDS/HOLIDAY,12,TRAIN,DT21,3604,4236
2026-06,WEEKDAY,9,TRAIN,EW29,4345,17458
2026-06,WEEKENDS/HOLIDAY,21,TRAIN,SE2,774,3226
2026-06,WEEKENDS/HOLIDAY,7,TRAIN,TE6,2178,781
2026-06,WEEKENDS/HOLIDAY,16,TRAIN,DT2,1054,1147
2026-06,WEEKDAY,13,TRAIN,DT28,7191,6425
2026-06,WEEKDAY,15,TRAIN,SE4,2878,3560
2026-06,WEEKDAY,13,TRAIN,EW25,8208,6724
2026-06,WEEKDAY,23,TRAIN,PW2,27,3
2026-06,WEEKDAY,18,TRAIN,EW30,20164,3466
2026-06,WEEKDAY,12,TRAIN,DT20,7585,5734
2026-06,WEEKDAY,6,TRAIN,SE5,4020,1300
2026-06,WEEKENDS/HOLIDAY,13,TRAIN,DT34,1855,1579
2026-06,WEEKENDS/HOLIDAY,0,TRAIN,EW11,80,325
2026-06,WEEKENDS/HOLIDAY,16,TRAIN,CC19/DT9,4635,4940
2026-06,WEEKENDS/HOLIDAY,22,TRAIN,BP8,469,546
2026-06,WEEKENDS/HOLIDAY,13,TRAIN,EW31,1433,513
2026-06,WEEKENDS/HOLIDAY,6,TRAIN,PE1,758,151
2026-06,WEEKENDS/HOLIDAY,10,TRAIN,DT28,4905,1954
2026-06,WEEKENDS/HOLIDAY,7,TRAIN,DT24,2412,902
2026-06,WEEKDAY,7,TRAIN,DT20,5051,12111
2026-06,WEEKDAY,6,TRAIN,SE3,5539,439
2026-06,WEEKDAY,16,TRAIN,CC7,5013,5872
2026-06,WEEKENDS/HOLIDAY,10,TRAIN,DT5,8831,6437
2026-06,WEEKENDS/HOLIDAY,0,TRAIN,NS17/CC15,246,924
2026-06,WEEKENDS/HOLIDAY,6,TRAIN,NS3,6443,2276
2026-06,WEEKENDS/HOLIDAY,12,TRAIN,BP6/DT1,19061,14746
2026-06,WEEKDAY,5,TRAIN,CC2,130,11
2026-06,WEEKENDS/HOLIDAY,12,TRAIN,PW6,899,631
2026-06,WEEKENDS/HOLIDAY,11,TRAIN,NS21/DT11,26394,25613
2026-06,WEEKDAY,19,TRAIN,EW17,28195,53371
2026-06,WEEKDAY,0,TRAIN,DT13,169,509
2026-06,WEEKDAY,13,TRAIN,TE8,11736,9341
2026-06,WEEKENDS/HOLIDAY,19,TRAIN,EW9,11210,19533
2026-06,WEEKENDS/HOLIDAY,14,TRAIN,NE9,10485,8915
2026-06,WEEKDAY,5,TRAIN,EW9,6893,1002
2026-06,WEEKENDS/HOLIDAY,0,TRAIN,NE7/DT12,114,320
2026-06,WEEKENDS/HOLIDAY,15,TRAIN,DT8,1346,1477
2026-06,WEEKENDS/HOLIDAY,12,TRAIN,EW22,3428,2265
2026-06,WEEKENDS/HOLIDAY,14,TRAIN,PW6,721,646
2026-06,WEEKDAY,21,TRAIN,NS24/NE6/CC1,60061,14756
2026-06,WEEKENDS/HOLIDAY,12,TRAIN,NS5,13954,9238
2026-06,WEEKDAY,6,TRAIN,TE13,518,3172
2026-06,WEEKDAY,7,TRAIN,BP10,10803,2217
2026-06,WEEKENDS/HOLIDAY,23,TRAIN,CE1/DT16,23103,3466
2026-06,WEEKDAY,8,TRAIN,EW25,50804,11502
2026-06,WEEKDAY,18,TRAIN,CE1/DT16,63102,57392
2026-06,WEEKDAY,10,TRAIN,CG1/DT35,3458,24666
2026-06,WEEKDAY,20,TRAIN,BP9,1280,2692
2026-06,WEEKENDS/HOLIDAY,22,TRAIN,CC2,738,749
2026-06,WEEKENDS/HOLIDAY,21,TRAIN,NS5,5854,16063
2026-06,WEEKDAY,5,TRAIN,BP3,2464,200
2026-06,WEEKENDS/HOLIDAY,5,TRAIN,CG2,4017,358
2026-06,WEEKDAY,18,TRAIN,BP12,2912,7261
2026-06,WEEKENDS/HOLIDAY,8,TRAIN,NE18,3424,4204
2026-06,WEEKDAY,7,TRAIN,SW8,971,2516
2026-06,WEEKENDS/HOLIDAY,0,TRAIN,NS14,472,2404
2026-06,WEEKDAY,16,TRAIN,SW4,2273,3200
2026-06,WEEKENDS/HOLIDAY,20,TRAIN,NE5,8663,5776
2026-06,WEEKDAY,10,TRAIN,PE1,3721,1654
2026-06,WEEKENDS/HOLIDAY,21,TRAIN,PW1,703,127
2026-06,WEEKENDS/HOLIDAY,21,TRAIN,SW5,1808,2960
2026-06,WEEKDAY,13,TRAIN,TE18,15395,12383
2026-06,WEEKENDS/HOLIDAY,15,TRAIN,DT34,1604,1438
2026-06,WEEKENDS/HOLIDAY,8,TRAIN,NS11,21272,9270
2026-06,WEEKENDS/HOLIDAY,10,TRAIN,EW24/NS1,14021,30218
2026-06,WEEKENDS/HOLIDAY,20,TRAIN,TE3,2908,5508
2026-06,WEEKENDS/HOLIDAY,19,TRAIN,TE29,1478,2222
2026-06,WEEKENDS/HOLIDAY,5,TRAIN,SE4,315,50
2026-06,WEEKDAY,7,TRAIN,CC14,13782,15947
2026-06,WEEKENDS/HOLIDAY,10,TRAIN,CC5,1011,2023
2026-06,WEEKDAY,0,TRAIN,NS12,540,3071
2026-06,WEEKENDS/HOLIDAY,14,TRAIN,TE15,5414,5339
2026-06,WEEKDAY,17,TRAIN,BP6/DT1,42573,72089
2026-06,WEEKENDS/HOLIDAY,10,TRAIN,EW17,10867,9557
2026-06,WEEKDAY,7,TRAIN,CE1/DT16,11808,31377
2026-06,WEEKENDS/HOLIDAY,16,TRAIN,TE24,1477,1861
2026-06,WEEKDAY,0,TRAIN,PW5,31,469
2026-06,WEEKENDS/HOLIDAY,20,TRAIN,CC11,6011,4466
2026-06,WEEKDAY,0,TRAIN,NS14,967,5366
2026-06,WEEKENDS/HOLIDAY,12,TRAIN,PE1,1940,1419
2026-06,WEEKENDS/HOLIDAY,13,TRAIN,CC26,1413,1370
2026-06,WEEKDAY,18,TRAIN,EW7,24855,45809
2026-06,WEEKDAY,8,TRAIN,DT4,9487,1233
2026-06,WEEKENDS/HOLIDAY,6,TRAIN,CC12,1043,465
2026-06,WEEKDAY,7,TRAIN,NS25/EW13,5558,39938
2026-06,WEEKENDS/HOLIDAY,23,TRAIN,BP13,24,142
2026-06,WEEKENDS/HOLIDAY,16,TRAIN,EW22,2897,2711
2026-06,WEEKENDS/HOLIDAY,19,TRAIN,DT22,8799,9273
2026-06,WEEKDAY,20,TRAIN,NE12/CC13,53952,78518
2026-06,WEEKDAY,5,TRAIN,CC21,973,283
2026-06,WEEKDAY,10,TRAIN,DT25,3548,2326
2026-06,WEEKENDS/HOLIDAY,6,TRAIN,SE3,837,59
2026-06,WEEKENDS/HOLIDAY,8,TRAIN,EW30,1098,2766
2026-06,WEEKDAY,11,TRAIN,SE1,4240,2495
2026-06,WEEKDAY,0,TRAIN,EW25,81,1376
2026-06,WEEKDAY,23,TRAIN,NE10,2168,5868
2026-06,WEEKDAY,21,TRAIN,DT24,2431,6914
2026-06,WEEKENDS/HOLIDAY,0,TRAIN,TE14/NS22,262,352
2026-06,WEEKDAY,11,TRAIN,CE1/DT16,16812,35773
2026-06,WEEKENDS/HOLIDAY,21,TRAIN,EW18,3788,6907
2026-06,WEEKDAY,23,TRAIN,TE29,273,1644
2026-06,WEEKENDS/HOLIDAY,12,TRAIN,TE16,4135,3167
2026-06,WEEKENDS/HOLIDAY,22,TRAIN,NE14,3322,15597
2026-06,WEEKDAY,20,TRAIN,BP3,1940,7227
2026-06,WEEKDAY,8,TRAIN,EW6,36518,18494
2026-06,WEEKDAY,0,TRAIN,NS4/BP1,955,4138
2026-06,WEEKENDS/HOLIDAY,17,TRAIN,EW27,25489,31925
2026-06,WEEKDAY,23,TRAIN,PW6,97,694
2026-06,WEEKENDS/HOLIDAY,23,TRAIN,PE6,253,1044
2026-06,WEEKENDS/HOLIDAY,18,TRAIN,NS4/BP1,17683,23707
2026-06,WEEKDAY,9,TRAIN,TE22,466,3303
2026-06,WEEKENDS/HOLIDAY,8,TRAIN,BP10,1565,750
2026-06,WEEKDAY,9,TRAIN,NS17/CC15,66610,15296
2026-06,WEEKENDS/HOLIDAY,11,TRAIN,DT2,1420,659
2026-06,WEEKENDS/HOLIDAY,12,TRAIN,SW4,1621,1127
2026-06,WEEKDAY,5,TRAIN,DT30,1902,88
2026-06,WEEKDAY,0,TRAIN,NE5,150,63
2026-06,WEEKDAY,17,TRAIN,DT7,8992,7149
2026-06,WEEKDAY,13,TRAIN,TE14/NS22,79283,81007
2026-06,WEEKDAY,18,TRAIN,EW24/NS1,238093,166012
2026-06,WEEKENDS/HOLIDAY,18,TRAIN,CC12,3563,3733
2026-06,WEEKDAY,9,TRAIN,TE3,15570,8679
